-0.0008086154703050852,-0.1060881614685059,0.7510567903518677,0.01638101385174752,0.006433058417496086,-0.1531820419441767,0.9880412644067041,-0.3815059661865234,0.3142666220664978,0.3862615525722504,0.09900932759046555,-0.2900182902812958,0.2190903425216675,0.4127942323684692,-0.2222714275121689,-0.01757238805294037,0.3150852620601654,0.5533614754676819,0.198666974902153,-0.3834210932254791,-0.1619160622358322,0.2899999916553497,0.4247353374958038,-0.3818559944629669,0.09200152009725571,0.01083040330559015,-0.1444839090108871,0.4053606688976288,-0.4361084997653961,-0.3592424690723419,0.2640525102615356,-0.7770773768424988,-0.3292735815048218,0.08235098421573639,0.1332874894142151,-0.711850106716156
-0.0001658554829191417,-0.09719429910182953,0.7492220997810364,0.007098027567724272,-0.01417955768721597,-0.1285259735024509,0.9915793625745193,-0.3075490593910217,0.2363926321268082,0.2620184719562531,0.08141006529331207,-0.2670395374298096,0.3005909323692322,0.380336582660675,-0.1422567069530487,-0.02023869007825851,0.422942191362381,0.6794866919517517,0.06187301874160767,-0.2965876758098602,-0.2634419202804565,0.2896967530250549,0.4585337936878204,-0.3710156381130219,0.1378447264432907,-0.02742390707135201,-0.1457948088645935,0.4622232019901276,-0.5,-0.3582426607608795,0.5154635906219482,-0.865487277507782,-0.256162017583847,0.08321291208267212,0.381505161523819,-0.7660674452781677
-0.003438427345827222,-0.09034544229507446,0.7462295293807983,0.01079604527091089,-0.02483785225536747,-0.07690985727169528,0.9966701562484434,-0.2067730724811554,0.1094889491796494,0.0932893231511116,0.02638926357030869,-0.2041658759117126,0.3466064929962158,0.3243953585624695,-0.08706197887659073,-0.0422925092279911,0.4432264566421509,0.7959809899330139,-0.1024415865540504,-0.1462057083845139,-0.3592477440834045,0.2885690331459045,0.4680358469486237,-0.4007411301136017,0.147573322057724,-0.01999393105506897,-0.2191679775714874,0.4291947782039642,-0.4998154938220978,-0.3788385093212128,0.6261683702468872,-0.9056930541992188,-0.2254085391759872,-0.032561045140028,0.4302771687507629,-0.6877895593643188
-0.008698707446455956,-0.08652413636445999,0.7489148378372192,0.006786219374061144,-0.0327663909010963,-0.02710069182759751,0.9990725015515087,-0.0941876694560051,-0.02922536619007587,-0.09105095267295837,0.003950730431824923,-0.1644954830408096,0.3723235726356506,0.261702686548233,-0.1083972156047821,-0.04698978736996651,0.4309812188148499,0.820787250995636,-0.247808575630188,-0.04037971794605255,-0.4051378667354584,0.2550171911716461,0.4676427841186523,-0.4457131028175354,0.1190348044037819,-0.02636080794036388,-0.2453074902296066,0.3887537717819214,-0.4750917851924896,-0.3896482586860657,0.637969434261322,-0.8858664035797119,-0.2333022356033325,-0.03417094424366951,0.4162194132804871,-0.6083678603172302
-0.01309648342430592,-0.08372654765844345,0.7531285285949707,0.009358876166740304,-0.02679232631784622,0.03608615612352319,0.9989456301639256,0.01776008121669292,-0.1633777618408203,-0.3098137378692627,-0.02284005470573902,-0.1732231676578522,0.3528115153312683,0.1672489941120148,-0.1918108314275742,-0.05423792451620102,0.370759516954422,0.7473740577697754,-0.3451300859451294,0.0499655120074749,-0.4098258316516876,0.1994889378547668,0.4513973891735077,-0.505622386932373,0.100299209356308,-0.02217211946845055,-0.2500392496585846,0.3388449549674988,-0.4421361684799194,-0.3988339602947235,0.6329905390739441,-0.8817063570022583,-0.1960288882255554,-0.04876236617565155,0.4650504291057587,-0.5650091171264648
-0.0143057918176055,-0.08372607082128525,0.7627832293510437,0.02832316419607073,-0.02218978850963991,0.09024061258257664,0.9952698345155152,0.1436920166015625,-0.2559950649738312,-0.4947028458118439,-0.05225469544529915,-0.1956177055835724,0.3226547539234161,0.08445336669683456,-0.2382841557264328,-0.07698100060224533,0.3151744306087494,0.562028169631958,-0.4172368347644806,0.1258600950241089,-0.3949645161628723,0.1718732714653015,0.4382524490356445,-0.5437551140785217,0.1264521926641464,0.01513400115072727,-0.2572318911552429,0.2858607769012451,-0.4042608439922333,-0.3867339491844177,0.6461315155029297,-0.8386406302452087,-0.1814213842153549,-0.09599674493074417,0.4926848709583282,-0.5369452834129333
-0.01081858202815056,-0.08853930234909058,0.7630032896995544,0.01201514255542488,-0.01877119590509541,0.1412104377303621,0.9897286955674595,0.2556195855140686,-0.3525895178318024,-0.6368793249130249,0.003195191733539104,-0.1450357735157013,0.3074891269207001,-0.04673325270414352,-0.2883166074752808,-0.04206500574946404,0.2327485531568527,0.3782180845737457,-0.4470337331295013,0.196368396282196,-0.2036106735467911,0.1081150099635124,0.4405441582202911,-0.5623348951339722,-0.06294083595275879,0.06408913433551788,-0.2499571144580841,0.2191625386476517,-0.3905836343765259,-0.3692694008350372,0.6299773454666138,-0.8588299751281738,-0.2090814709663391,-0.08528361469507217,0.4683029651641846,-0.518990159034729
-0.006298761814832687,-0.09286580234766006,0.7688192129135132,-0.002916726033204438,-0.01268095515426212,0.1992337393595316,0.9798656046552717,0.3412802815437317,-0.4443399906158447,-0.7657402753829956,0.1085940301418304,-0.1062395796179771,0.2927148342132568,-0.1034009754657745,-0.2909159064292908,0.003817535471171141,0.1920483708381653,0.2315504550933838,-0.4583548009395599,0.2744998633861542,0.01588928699493408,-0.002296186052262783,0.4416081011295319,-0.5558948516845703,-0.1249927952885628,0.109915979206562,-0.2295330464839935,0.1604038774967194,-0.386190801858902,-0.3583223521709442,0.6291757225990295,-0.8538543581962585,-0.2096526622772217,-0.08410362899303436,0.4604690968990326,-0.5159489512443542
-0.003641556715592742,-0.09511841088533401,0.773285448551178,-0.01120478221436412,-0.002752457579431841,0.2263214792176728,0.9739843247596578,0.387384831905365,-0.5116894841194153,-0.8224818706512451,0.1720778495073318,-0.09420529007911682,0.2695882618427277,-0.1607017517089844,-0.279536247253418,0.04198092594742775,0.1834499537944794,0.1684812754392624,-0.4373374879360199,0.3299203813076019,0.1831051260232925,-0.07120523601770401,0.4412394762039185,-0.5398102402687073,-0.1531383246183395,0.1142500415444374,-0.195685401558876,0.1116588339209557,-0.3993127346038818,-0.3504718542098999,0.6202435493469238,-0.8609607219696045,-0.2180018126964569,-0.1010400056838989,0.4597983360290527,-0.4822174310684204
-0.0004545665578916669,-0.09675111621618271,0.7723408341407776,0.0148985110685928,0.007447516755000718,0.2282231514233688,0.9734663640909783,0.3997434973716736,-0.5200746059417725,-0.8058329820632935,0.189430758357048,-0.1379936784505844,0.2141398340463638,-0.08347299695014954,-0.2814899086952209,0.02667506225407124,0.2383773922920227,0.1816755086183548,-0.4122470319271088,0.3441444039344788,0.2399674952030182,-0.08568628877401352,0.4310948252677917,-0.5313083529472351,-0.09357870370149612,0.09674874693155289,-0.1796979010105133,0.08719930052757263,-0.4240947961807251,-0.356626957654953,0.5597326755523682,-0.8140669465065002,-0.2600639462471008,-0.1046883314847946,0.4144372642040253,-0.4586821794509888
0.006871629972010851,-0.09687225520610809,0.7586885094642639,0.07723633757892943,-0.000207287137963299,0.2162435300420003,0.9732796314032317,0.4108405113220215,-0.4329987168312073,-0.7542814612388611,0.1554671674966812,-0.2322331964969635,0.1603227555751801,0.05394129827618599,-0.2725383639335632,-0.07162589579820633,0.358690619468689,0.2175384759902954,-0.3865297436714172,0.3156391084194183,0.1992007344961166,0.04486927017569542,0.4110499024391174,-0.5461139678955078,-0.002823196584358811,0.102656401693821,-0.1700913608074188,0.08010733127593994,-0.4539503455162048,-0.3922741413116455,0.5238710045814514,-0.7540122270584106,-0.2513490617275238,-0.08260919153690338,0.3775632381439209,-0.4792433083057404
0.008214390836656094,-0.09747215360403061,0.7470871806144714,0.1082587170740418,-0.007250721587273931,0.1829504972008039,0.9771164683843605,0.3645370602607727,-0.3925500810146332,-0.6559027433395386,0.1437708735466003,-0.249734953045845,0.1653185188770294,0.134069636464119,-0.1755900233983994,-0.133607804775238,0.515051007270813,0.32012540102005,-0.3492321074008942,0.2187836468219757,0.1780528128147125,0.06492037326097488,0.4039562344551086,-0.5493108630180359,0.09931755065917969,0.01848305016756058,-0.1598156690597534,0.131481721997261,-0.4937203228473663,-0.4357795417308807,0.5371538996696472,-0.7497605085372925,-0.2009332776069641,-0.06441480666399002,0.4042801558971405,-0.492523580789566
0.00701752258464694,-0.09970729798078537,0.7428771257400513,0.09699398136726073,-0.02196451989337503,0.1303904186409043,0.9864623997755975,0.2806970775127411,-0.3113736510276794,-0.5111564993858337,0.12253737449646,-0.175025075674057,0.2502302229404449,0.1091347113251686,-0.1344150602817535,-0.1236051619052887,0.6711841225624084,0.3785156011581421,-0.2927001714706421,0.03904657438397408,0.1330832988023758,-0.03623261302709579,0.3789763748645782,-0.5515434741973877,0.1161097884178162,-0.04273222759366035,-0.1499206274747849,0.2137842625379562,-0.4999999701976776,-0.4452645778656006,0.6330054402351379,-0.7749192118644714,-0.167732298374176,-0.07025770097970963,0.4260244965553284,-0.5257856249809265
0.003932828549295664,-0.1003768816590309,0.7454976439476013,0.09974459377589362,-0.03351754634309276,0.07358110562454197,0.9917224465518013,0.1484919637441635,-0.1897781789302826,-0.3562272787094116,0.04811267554759979,-0.1407485157251358,0.2937126755714417,0.07597056776285172,-0.08024968951940536,-0.1314823478460312,0.7990860342979431,0.3793495297431946,-0.1842150241136551,-0.1879468858242035,0.05742635950446129,-0.112073615193367,0.3382883369922638,-0.5489798188209534,0.1300895065069199,-0.05286333337426186,-0.1550435721874237,0.2945191860198975,-0.492014080286026,-0.4090932011604309,0.6839458346366882,-0.8535917997360229,-0.1240634843707085,0.01198212616145611,0.4385272860527039,-0.5446156859397888
-0.002319131279364228,-0.09898138791322708,0.7520319819450378,0.1040890896519288,-0.0384121540581373,0.01634820565034859,0.9936914531221754,0.01100610569119453,-0.08361821621656418,-0.1754457354545593,-0.002836176427081227,-0.1329557299613953,0.3292094469070435,0.1163113340735435,-0.01767350547015667,-0.140471950173378,0.8174371719360352,0.3549619019031525,-0.09732751548290253,-0.3552743196487427,0.006070801056921482,-0.1454712301492691,0.3079483211040497,-0.5031884908676147,0.1414553076028824,-0.02641440182924271,-0.1980542838573456,0.3391182124614716,-0.4558511674404144,-0.3971432447433472,0.4601479470729828,-0.8089504837989807,-0.2534675300121307,-0.04147789627313614,0.5277166962623596,-0.5727718472480774
-0.008245152421295643,-0.09972071647644043,0.7589803338050842,0.1131341876330149,-0.02493798112086194,-0.03307138301329535,0.9927159897532734,-0.1483588367700577,0.003293388755992055,-0.001539325225166976,-0.01578251831233501,-0.1503652632236481,0.3198244273662567,0.195398360490799,0.04537010192871094,-0.1556183099746704,0.7589073181152344,0.3014456033706665,0.004486622754484415,-0.4784483313560486,-0.04922889918088913,-0.1041297689080238,0.3231398165225983,-0.4574205577373505,0.162977933883667,0.01918695122003555,-0.1836490333080292,0.3622470498085022,-0.4500252604484558,-0.3918721377849579,0.4445882439613342,-0.8182466626167297,-0.2764288783073425,-0.03992828354239464,0.4606242477893829,-0.5858399271965027
-0.01238517835736275,-0.09849504381418228,0.7687097191810608,0.1174702037511232,-0.01632904246351257,-0.07785499769459513,0.9898852018981136,-0.2498336434364319,0.09177055954933167,0.1495852768421173,-0.02316103503108025,-0.1766390055418015,0.3138157725334167,0.2999067306518555,0.09990368038415909,-0.1696285456418991,0.6001332998275757,0.2536076605319977,0.1100104600191116,-0.5670759677886963,-0.08398452401161194,-0.006289767567068338,0.3548423051834106,-0.4100688099861145,0.1634047031402588,0.07466868311166763,-0.1639920473098755,0.38133704662323,-0.4577711224555969,-0.3778508603572845,0.4909513890743256,-0.9002326726913452,-0.2691457569599152,0.003620366333052516,0.3692150115966797,-0.5769103169441223
-0.01385576277971268,-0.0997123196721077,0.774540901184082,0.1147445355985765,-0.005422315513967122,-0.1161512573573245,0.9865663563385113,-0.3442362546920776,0.1723237037658691,0.2667510509490967,-0.03160462155938148,-0.1991962790489197,0.3001661002635956,0.3768172860145569,0.1267596930265427,-0.1772314310073853,0.4112501740455627,0.2231689095497131,0.187394991517067,-0.620972752571106,-0.102086141705513,0.1208977997303009,0.3799636960029602,-0.3645144999027252,0.1103165075182915,0.1441915780305862,-0.1630478501319885,0.4043748080730438,-0.4596654176712036,-0.3746786415576935,0.457229882478714,-0.9439446330070496,-0.2831667959690094,0.02570982277393341,0.3407533764839172,-0.5714784860610962
-0.01357383374124765,-0.1016072556376457,0.7804527878761292,0.1196275329208979,0.004257968540699142,-0.1533075838040994,0.9809015790686214,-0.4343900978565216,0.2454724013805389,0.3657400012016296,-0.05166297405958176,-0.248428001999855,0.2850410640239716,0.4337417185306549,0.1312495470046997,-0.1952393651008606,0.2627785801887512,0.2018154561519623,0.2549725770950317,-0.6328997015953064,-0.1846197843551636,0.2780228555202484,0.4123677015304565,-0.3159601986408234,0.04359907284379005,0.2154252082109451,-0.1531838625669479,0.4291877150535583,-0.4660149216651917,-0.3689527809619904,0.4536931216716766,-0.9214619994163513,-0.3018793165683746,0.01302711293101311,0.3217242062091827,-0.6010767221450806
-0.00672585517168045,-0.103799857199192,0.7783957123756409,0.1360158326785397,0.003907527316218917,-0.1797942373538815,0.9742476362328896,-0.4604889452457428,0.265714168548584,0.433390349149704,-0.07876033335924149,-0.325444757938385,0.259464293718338,0.5210338234901428,0.09169218689203262,-0.2338830083608627,0.1938492059707642,0.3643016517162323,0.3396125137805939,-0.5900070071220398,-0.2594834566116333,0.2899999916553497,0.4202819764614105,-0.2780479490756989,0.01652583107352257,0.250852108001709,-0.1687848120927811,0.4294974505901337,-0.4810883104801178,-0.358761191368103,0.3747304677963257,-0.8880138993263245,-0.3432938754558563,-0.01074780616909266,0.3040829002857208,-0.6212267875671387
-0.004167040344327688,-0.1030049994587898,0.7759979963302612,0.09635134010595602,0.01207208629574653,-0.1687952721698733,0.9808561770643812,-0.4786042273044586,0.3012717664241791,0.4252302646636963,-0.02651607058942318,-0.3062556385993958,0.2169448286294937,0.4928185939788818,-0.07688960433006287,-0.1731229871511459,0.2204026728868484,0.4197167456150055,0.3432140946388245,-0.5325485467910767,-0.2876704633235931,0.2899999916553497,0.4473035037517548,-0.2895357608795166,0.04342425987124443,0.1641622334718704,-0.1650360971689224,0.4237518906593323,-0.4987622499465942,-0.3781909644603729,0.3541260659694672,-0.8761685490608215,-0.309680849313736,-0.0202777162194252,0.3095386624336243,-0.6438673734664917
0.003392602084204555,-0.1011268272995949,0.7645137310028076,0.03631467849096057,0.001280400240346538,-0.1762381097670771,0.9836766406533453,-0.399554044008255,0.3286796510219574,0.4204331040382385,0.05536025390028954,-0.2694911658763885,0.2012528479099274,0.4405345022678375,-0.1565219312906265,-0.06845849752426147,0.2454983592033386,0.4872507452964783,0.3039127588272095,-0.4581757783889771,-0.1755418628454208,0.2899999916553497,0.4538383483886719,-0.2957313060760498,0.04840099811553955,0.05454084649682045,-0.1660501658916473,0.4335759580135345,-0.5,-0.3957596719264984,0.3378525674343109,-0.8729261755943298,-0.3091562688350677,-0.03909779712557793,0.317554771900177,-0.6504533886909485
0.004956869408488274,-0.09712999314069748,0.7539209127426147,0.00345622075981835,-0.01257264904612152,-0.1631986215230958,0.9865070668611472,-0.3530817031860352,0.2940601110458374,0.3607507348060608,0.0976109653711319,-0.248385027050972,0.2277249991893768,0.3623256683349609,-0.1701063513755798,-0.006049336865544319,0.3569629192352295,0.5960583686828613,0.1855707168579102,-0.372427761554718,-0.1766272336244583,0.2899999916553497,0.4563823640346527,-0.3264460861682892,0.126911073923111,-0.02709698118269444,-0.1790516227483749,0.4342719316482544,-0.5,-0.4062927663326263,0.3247312009334564,-0.8981755375862122,-0.3261622488498688,-0.02073153294622898,0.3579832017421722,-0.6472609639167786
0.003140200162306428,-0.08991097658872604,0.7499105334281921,0.001724954450691592,-0.02902844529735444,-0.1184681571924687,0.9925319489201253,-0.2743924558162689,0.1929787993431091,0.2285660058259964,0.05075113847851753,-0.2177516371011734,0.3087128102779388,0.3010671734809875,-0.1150293126702309,-0.009590286761522293,0.4051865637302399,0.7246065139770508,0.00274813617579639,-0.252578467130661,-0.2610442936420441,0.2882476449012756,0.4395532608032227,-0.3566844761371613,0.146550178527832,-0.04930178076028824,-0.2221026569604874,0.4174231588840485,-0.5,-0.4024311602115631,0.4328248798847198,-0.9140939712524414,-0.2806491255760193,-0.02848370932042599,0.384769082069397,-0.591841459274292
-0.0008057578816078603,-0.08946538716554642,0.7518871426582336,0.0003435168979368963,-0.04110487831818062,-0.07112421682611074,0.996620096503909,-0.1574716120958328,0.05721881240606308,0.07422588020563126,0.0130406841635704,-0.1618888378143311,0.3535992205142975,0.2526827752590179,-0.08447325974702835,-0.0147232124581933,0.401668906211853,0.8023532629013062,-0.1477814316749573,-0.1084057167172432,-0.3424221873283386,0.2630780339241028,0.4158251881599426,-0.373641163110733,0.1392665207386017,-0.03793831542134285,-0.2670112550258636,0.3956981003284454,-0.4820370078086853,-0.3844718933105469,0.5682013034820557,-0.9009062051773071,-0.2083882540464401,-0.0151073494926095,0.416126161813736,-0.5507987141609192
-0.006082279607653618,-0.08774972707033157,0.7581881880760193,0.001289918788204365,-0.04472099625061511,-0.003727303358822851,0.9989917296021743,-0.05011372268199921,-0.07435529679059982,-0.1579317897558212,-0.02314207144081593,-0.1490015983581543,0.3824566900730133,0.1626703441143036,-0.1510652899742126,-0.03226648271083832,0.370514452457428,0.7713091373443604,-0.2631815671920776,-0.04146469384431839,-0.3715761005878448,0.1994381994009018,0.3895409107208252,-0.4169211685657501,0.116476446390152,-0.0183824747800827,-0.2674471139907837,0.3495095670223236,-0.4654441177845001,-0.3959172964096069,0.6439582109451294,-0.8503782749176025,-0.1925838440656662,-0.06267666816711426,0.4330803155899048,-0.490883082151413
-0.007585794664919376,-0.09073110669851303,0.7635065913200378,0.004735580165486643,-0.03415948887246333,0.04820350542955065,0.9982420175812937,0.0562748908996582,-0.1980335861444473,-0.3454743623733521,-0.03017856739461422,-0.1517183929681778,0.3509633243083954,0.08486054837703705,-0.2108373939990997,-0.0387948602437973,0.3080697655677795,0.6261430978775024,-0.3584850132465363,0.056381706148386,-0.3443677425384521,0.1689121872186661,0.3884958326816559,-0.4836090505123138,0.07912606000900269,-0.01143267750740051,-0.2707432508468628,0.3072659075260162,-0.4278886318206787,-0.3906028568744659,0.7025238275527954,-0.8656891584396362,-0.1628019362688065,-0.09104205667972565,0.4608025550842285,-0.4780678153038025
-0.007869169116020203,-0.09243839234113693,0.7710509300231934,0.00941779352752631,-0.03076617358962284,0.1053856217911121,0.9939107698618758,0.169605553150177,-0.289365142583847,-0.5159286856651306,-0.02395852468907833,-0.1501113474369049,0.332139641046524,0.008504780940711498,-0.2529759407043457,-0.04123616218566895,0.2514439523220062,0.4342223405838013,-0.4186477065086365,0.1402357369661331,-0.2666993737220764,0.1144269853830338,0.3836262226104736,-0.5195067524909973,0.0244062002748251,0.04745647311210632,-0.2654715180397034,0.2599475681781769,-0.400878369808197,-0.3809987902641296,0.7333241701126099,-0.8653526306152344,-0.1709374636411667,-0.096600741147995,0.4400789439678192,-0.4680806696414948
-0.005182022694498301,-0.09514366835355759,0.7760745882987976,0.003059156317857456,-0.02634336122203552,0.1666366649887719,0.9856616512594817,0.2603975236415863,-0.3792785704135895,-0.6681098937988281,0.03766931965947151,-0.1391361951828003,0.3163823783397675,-0.06739690154790878,-0.2806769907474518,-0.02140193060040474,0.2100851684808731,0.2717937529087067,-0.4637638330459595,0.2190817892551422,-0.1196015179157257,0.0244210809469223,0.3901794254779816,-0.5560802221298218,-0.05225792899727821,0.1009022146463394,-0.2579018473625183,0.1970053166151047,-0.3876441717147827,-0.3786498010158539,0.7046051025390625,-0.8397104740142822,-0.2084027081727982,-0.1287708729505539,0.4011371433734894,-0.4322637021541595
-0.001949412049725652,-0.09644977748394012,0.7804551124572754,-0.007189523133019871,-0.0203025289955294,0.2070197064952392,0.9780996673121459,0.3231772482395172,-0.4403249323368073,-0.7601501941680908,0.1094959676265717,-0.1197219416499138,0.3002392947673798,-0.1005361303687096,-0.2774465680122375,0.007602250669151545,0.2000630795955658,0.1674413979053497,-0.4827404618263245,0.2930728793144226,0.04195287451148033,-0.05530627444386482,0.4104157090187073,-0.5439566373825073,-0.1120703592896461,0.1462956666946411,-0.2341027110815048,0.1546705365180969,-0.3947430551052094,-0.3665893375873566,0.6799450516700745,-0.8025716543197632,-0.2235362082719803,-0.1405754387378693,0.4093505144119263,-0.4148598909378052
-0.001500166836194694,-0.09701868891716003,0.7785622477531433,-0.01015161645393851,-0.01066665088414547,0.2215416018496776,0.9750397355452581,0.36384516954422,-0.4725377559661865,-0.7805284857749939,0.1504278481006622,-0.1230785995721817,0.2719526886940002,-0.1301167011260986,-0.2904592156410217,0.02946853265166283,0.2098478972911835,0.1562992781400681,-0.4909715056419373,0.3378091156482697,0.1999022513628006,-0.08553800731897354,0.4442859590053558,-0.5360710024833679,-0.1351164281368256,0.1198825016617775,-0.2212215960025787,0.1289544701576233,-0.4051117599010468,-0.3665163815021515,0.6368541717529297,-0.7717257142066956,-0.244338646531105,-0.1488786935806274,0.4198116660118103,-0.3974912166595459
-0.0001740038569550961,-0.09711772203445435,0.7710018157958984,0.01719507541996232,-0.003915510065126232,0.2296168164003351,0.9731213263454903,0.3732347190380096,-0.445283442735672,-0.7678912281990051,0.1626890003681183,-0.1713989526033401,0.2150904387235641,-0.04334228113293648,-0.2856907844543457,0.001202029408887029,0.2727134823799133,0.1936715394258499,-0.4815515577793121,0.3454289734363556,0.2648256719112396,-0.08122053742408752,0.4587215185165405,-0.5522846579551697,-0.09158911556005478,0.1048321127891541,-0.2083114683628082,0.09721671789884567,-0.4155206382274628,-0.3808130025863647,0.6004207730293274,-0.7277669310569763,-0.2531728446483612,-0.1589421629905701,0.3973877429962158,-0.3921346068382263
0.004155009984970093,-0.09736205637454987,0.7547293901443481,0.078057216196281,-0.002546634809391917,0.2142734570920432,0.9736464816537155,0.353071004152298,-0.3869755566120148,-0.7076435685157776,0.1253944039344788,-0.2572623789310455,0.1524755358695984,0.1021194458007812,-0.2345794439315796,-0.09254112094640732,0.4073578715324402,0.2561421394348145,-0.4524218440055847,0.2946744859218597,0.2133820354938507,0.04402158781886101,0.4397041499614716,-0.5839962363243103,0.01991691999137402,0.074055515229702,-0.1984643936157227,0.08903235197067261,-0.4425235390663147,-0.4210447669029236,0.5592108368873596,-0.6988486647605896,-0.2389421910047531,-0.151117280125618,0.4065016806125641,-0.3944998979568481
0.00333369430154562,-0.0990789383649826,0.7444072961807251,0.08768289579707433,-0.01687520191988896,0.1778874555108401,0.979991321653759,0.3060862421989441,-0.3392378091812134,-0.5968349575996399,0.1313695162534714,-0.2311926931142807,0.2032690644264221,0.1525597423315048,-0.1558463722467422,-0.11898273229599,0.5557529926300049,0.3522728979587555,-0.4088582694530487,0.1718076765537262,0.1450072824954987,0.007751698140054941,0.4040366411209106,-0.5883060097694397,0.09993229806423187,0.06053584441542625,-0.1992233991622925,0.1605523526668549,-0.4790419340133667,-0.44594606757164,0.6026931405067444,-0.6971225738525391,-0.1833919286727905,-0.1032584235072136,0.4262491464614868,-0.4464162588119507
0.002796071115881205,-0.1027804389595985,0.7410764098167419,0.08217575281197538,-0.03129148065102293,0.1253335457639162,0.9882102464529985,0.2141933888196945,-0.2405561804771423,-0.4465338587760925,0.1052115336060524,-0.1644340753555298,0.2692846953868866,0.135432168841362,-0.08788443356752396,-0.1105974465608597,0.6912546753883362,0.3812498152256012,-0.3196979761123657,-0.01589213497936726,0.08136686682701111,-0.08404048532247543,0.3469773232936859,-0.5801115036010742,0.1327912956476212,0.01373464614152908,-0.1993025839328766,0.2505889534950256,-0.482555627822876,-0.4305362105369568,0.657002866268158,-0.6992767453193665,-0.1403777301311493,-0.0471121184527874,0.4480623602867126,-0.5353322625160217
0.0008419041405431926,-0.1055178493261337,0.7446938753128052,0.08577255053646342,-0.04605657177886044,0.07209616065359052,0.9926348801998951,0.1120395660400391,-0.1179938390851021,-0.2939440906047821,0.03837210685014725,-0.1374970227479935,0.3060274422168732,0.1294830590486526,-0.06227131932973862,-0.1261206865310669,0.7737855315208435,0.3657156527042389,-0.1887237280607224,-0.2219148725271225,0.02192073687911034,-0.1456855237483978,0.324781209230423,-0.5133581161499023,0.1416882276535034,-0.001994000747799873,-0.1807797402143478,0.3354014456272125,-0.4700836837291718,-0.3809133768081665,0.683014452457428,-0.6564733982086182,-0.1995731443166733,-0.07060889899730682,0.3754364550113678,-0.5129702091217041
-0.004162547178566456,-0.10628442466259,0.7495444416999817,0.08716553995432008,-0.04656373975526494,0.01646378784989151,0.994968808794582,-0.0234996173530817,-0.02641853503882885,-0.1086205318570137,0.01260278653353453,-0.1287965178489685,0.3224331438541412,0.1976792365312576,-0.008149949833750725,-0.1251444518566132,0.7769850492477417,0.3406959176063538,-0.05497588962316513,-0.3976601958274841,-0.05398780852556229,-0.1762740314006805,0.3023411333560944,-0.4504645764827728,0.1807127147912979,-0.01233871188014746,-0.1764094829559326,0.3631156086921692,-0.4608930945396423,-0.3616796135902405,0.6490862369537354,-0.7133139371871948,-0.1908926665782928,-0.08102717250585556,0.3951138556003571,-0.4700600802898407
-0.008687469176948071,-0.1097667962312698,0.7562008500099182,0.0902057067266986,-0.02896756681090655,-0.02915159801443999,0.9950748689823279,-0.1713128238916397,0.04924895614385605,0.06816277652978897,-0.005255731754004955,-0.1377486288547516,0.2828945517539978,0.2600814998149872,0.05111315473914146,-0.1162248179316521,0.6993393898010254,0.2830109894275665,0.08905107527971268,-0.4993616342544556,-0.1084818542003632,-0.1366188675165176,0.3097163736820221,-0.4065380096435547,0.1654467135667801,0.01918761804699898,-0.1978171020746231,0.3977614939212799,-0.4648931622505188,-0.3698179125785828,0.5945055484771729,-0.804405152797699,-0.2214430868625641,-0.07664526253938675,0.3673029243946075,-0.4906309247016907
-0.01162353716790676,-0.1104362979531288,0.7630511522293091,0.09139736132959576,-0.01778736550797635,-0.06951851501376675,0.9932257085076652,-0.2641965448856354,0.1361755728721619,0.2271281629800797,-0.01712619513273239,-0.1625159084796906,0.2545400857925415,0.3402599990367889,0.08907213062047958,-0.1121625378727913,0.5444384217262268,0.2363424301147461,0.2029658108949661,-0.5421603918075562,-0.1049675047397614,-0.04511791467666626,0.33795565366745,-0.3665891587734222,0.1313221454620361,0.09793359786272049,-0.1967495232820511,0.3804395198822021,-0.4559188187122345,-0.3795832395553589,0.5408021807670593,-0.8548287749290466,-0.2614508867263794,-0.05405213311314583,0.3364664614200592,-0.5046581029891968
-0.01459087431430817,-0.1124744564294815,0.7671332955360413,0.09031564233114434,-0.005392948306364685,-0.1057347161366719,0.9902697464137613,-0.3607132434844971,0.204991489648819,0.3549737632274628,-0.01504515297710896,-0.1890427321195602,0.2257400751113892,0.4113534986972809,0.1143880262970924,-0.1177696734666824,0.3767665922641754,0.2157593965530396,0.2948266565799713,-0.5646651983261108,-0.1163419783115387,0.08995569497346878,0.3890601396560669,-0.3413440883159637,0.08177382498979568,0.1611608564853668,-0.1982481479644775,0.3917253017425537,-0.4580289125442505,-0.3924977779388428,0.5071389675140381,-0.8834568858146667,-0.2921576201915741,-0.04338101297616959,0.2993998527526855,-0.5179396271705627
