-0.004163420759141445,-0.113659642636776,0.7795030474662781,0.01412587876283809,-0.04917235616846224,-0.1261792913706017,0.9906872994882049,-0.4293420612812042,0.2368654012680054,0.2713187038898468,0.1047805622220039,-0.02056755870580673,0.2025756537914276,0.3715544641017914,0.08635175973176956,-0.01245194394141436,0.1170181632041931,0.1094062551856041,0.2063024789094925,-0.4174782931804657,-0.09765895456075668,-0.2026715874671936,0.2188454419374466,-0.2935944497585297,-0.03705736622214317,0.04659629240632057,0.1135098561644554,0.4439775049686432,0.9683859944343567,0.7787116765975952,0.5424825549125671,-0.5685540437698364,0.002697905991226435,0.04401480406522751,-0.009315686300396919,-0.1003657057881355
-0.001713505946099758,-0.1132200583815575,0.7762888073921204,0.01905634437885039,-0.05196005098892197,-0.1441093383255936,0.9880129085429517,-0.4171557426452637,0.2821740210056305,0.2993010878562927,0.0986468642950058,-0.05115798488259315,0.2295341491699219,0.4134379923343658,0.1171882972121239,-0.01575741730630398,0.1203740462660789,0.1204187124967575,0.1662685722112656,-0.512241542339325,-0.1534042656421661,-0.1652427613735199,0.1708729714155197,-0.2705349326133728,-0.04689071699976921,0.06603620946407318,0.1135459467768669,0.4589228928089142,1.082724571228027,0.8740733861923218,0.5583927035331726,-0.5754398107528687,-0.07678530365228653,-0.008764184080064297,0.02991592697799206,-0.1731745153665543
-0.005761267151683569,-0.1050486788153648,0.7712053060531616,0.02587344073153947,-0.04280904967380929,-0.1732366348420093,0.983609179847033,-0.4169875383377075,0.2837462425231934,0.3441402018070221,0.09005632996559143,-0.1013082265853882,0.2248004674911499,0.392705112695694,0.1809495240449905,-0.0310028363019228,0.1348136514425278,0.1575338393449783,0.1474141776561737,-0.5429370999336243,-0.1337544471025467,-0.1119648888707161,0.1404723674058914,-0.2702544927597046,0.03384017944335938,0.09613148123025894,0.1025091335177422,0.4813999235630035,1.132718086242676,0.8840675950050354,0.5204043388366699,-0.5646880269050598,-0.08735202997922897,-0.03346341848373413,0.02157357893884182,-0.1825245767831802
-0.001539805205538869,-0.1036620289087296,0.7684181928634644,0.03016066768424087,-0.03531544319273359,-0.182941945284421,0.9820261698409536,-0.4149552583694458,0.3033684194087982,0.3556664288043976,0.08415589481592178,-0.1283481270074844,0.2183296233415604,0.399208128452301,0.2067750543355942,-0.04556867107748985,0.1592219322919846,0.1862242668867111,0.1287337243556976,-0.5358423590660095,-0.1026364117860794,-0.01937298476696014,0.1285156756639481,-0.2562490999698639,0.1028049886226654,0.1249027475714684,0.09645401686429977,0.4740899205207825,1.152002334594727,0.8853815197944641,0.534166157245636,-0.5670010447502136,-0.09519330412149429,-0.04132858663797379,0.02787633799016476,-0.1879984438419342
5.256330405245535e-05,-0.1023036241531372,0.7634711861610413,0.03082635109828289,-0.02632121405467415,-0.1763652289344252,0.9834898249557853,-0.4068356454372406,0.3102347850799561,0.3498700857162476,0.07086998969316483,-0.137270450592041,0.208374410867691,0.4385711252689362,0.1789472699165344,-0.05881758034229279,0.2178036868572235,0.2305759191513062,0.1055404022336006,-0.4961241185665131,-0.02561837993562222,0.1616475284099579,0.1338793039321899,-0.2536259293556213,0.07029943913221359,0.1729981899261475,0.1002165302634239,0.4697552621364594,1.165915727615356,0.88386470079422,0.5325554013252258,-0.5832195281982422,-0.1042994633316994,-0.03496985509991646,0.04426233470439911,-0.1872717887163162
0.003536003408953547,-0.1004735231399536,0.7662426233291626,0.04582588247534974,-0.02974083378393107,-0.1633627816436077,0.9850523198667444,-0.3631105124950409,0.3011099398136139,0.3334370851516724,0.01141478773206472,-0.1719134002923965,0.2161622643470764,0.4244734644889832,0.1131554320454597,-0.09199866652488708,0.2328858971595764,0.392938643693924,0.07630723714828491,-0.4290876090526581,-0.06235179677605629,0.2899999916553497,0.1434440165758133,-0.2357015162706375,0.1017680242657661,0.1883978843688965,0.1047883257269859,0.4491282403469086,1.17474901676178,0.8903095126152039,0.5167528986930847,-0.5777506232261658,-0.1108679845929146,-0.03716530650854111,0.03776442632079124,-0.1747230738401413
0.007002366241067648,-0.09950008988380432,0.7636018991470337,0.07295370832516392,-0.04187937072553358,-0.1561501768114383,0.9841448049098247,-0.2760107815265656,0.2183924168348312,0.3047195672988892,-0.07599110901355743,-0.2519056797027588,0.2310647219419479,0.4468794465065002,0.04742772877216339,-0.138657882809639,0.2132667452096939,0.70259690284729,0.06657632440328598,-0.3587737679481506,-0.1103879362344742,0.2899999916553497,0.1367675513029099,-0.2052093297243118,0.1256285905838013,0.1785439997911453,0.1253565698862076,0.4472972452640533,1.170136213302612,0.9176624417304993,0.5084004402160645,-0.5977874994277954,-0.1230073347687721,-0.0378333255648613,0.0592871755361557,-0.1525669246912003
0.00767535250633955,-0.098021499812603,0.7773956656455994,0.0399108674429931,-0.03524430436246982,-0.1353928732334208,0.9893602637803645,-0.2243050932884216,0.1580150276422501,0.2529674768447876,-0.037721186876297,-0.2056289613246918,0.2192168384790421,0.3992671072483063,-0.03725644573569298,-0.08969104290008545,0.1974951773881912,0.7163332104682922,0.02574183791875839,-0.3152860999107361,-0.1437425315380096,0.2899999916553497,0.1528400331735611,-0.1866411715745926,0.1196131929755211,0.1008978188037872,0.1436951607465744,0.453570544719696,1.161390781402588,0.9519609212875366,0.4835929274559021,-0.5995510220527649,-0.1259859055280685,-0.04190730303525925,0.09552882611751556,-0.1371081918478012
0.008159948512911797,-0.0933455228805542,0.7902110815048218,0.009704975464714317,-0.03316925484317763,-0.1009046589921778,0.9942956621538938,-0.1788129657506943,0.1049686223268509,0.1753134578466415,-0.009019261226058006,-0.1416124999523163,0.2226265072822571,0.3251355886459351,-0.09817111492156982,-0.03671734407544136,0.1998878717422485,0.6790151000022888,-0.03210501000285149,-0.2792445421218872,-0.180079847574234,0.2899999916553497,0.174739882349968,-0.1947751641273499,0.1150728091597557,0.0768212229013443,0.1466161459684372,0.4647198617458344,1.157716631889343,0.9990764856338501,0.5042610764503479,-0.629853367805481,-0.1186444684863091,-0.03507085517048836,0.101411297917366,-0.1057118996977806
0.007204716093838215,-0.0903494730591774,0.7996506690979004,-0.002246105076843014,-0.03637317510911622,-0.06446377086677249,0.9972544155781422,-0.1135485917329788,0.03803722187876701,0.08584331721067429,-0.01640148274600506,-0.1136949211359024,0.2350623160600662,0.2684962749481201,-0.1576561480760574,-0.008325870148837566,0.1816153675317764,0.6441279649734497,-0.08719299733638763,-0.2324238568544388,-0.2082665711641312,0.2899999916553497,0.184760794043541,-0.2021997570991516,0.1116413176059723,0.05724021047353745,0.1325896233320236,0.4718146324157715,1.144954204559326,1.046764373779297,0.4923732578754425,-0.6519497632980347,-0.1178060844540596,-0.02751431986689568,0.1139829233288765,-0.09014320373535156
0.005164428148418665,-0.08905104547739029,0.8042383790016174,-0.002380131713530163,-0.03926911900090315,-0.02307829790222478,0.9989592901774603,-0.05323958396911621,-0.0297553762793541,-0.01241398509591818,-0.03855930268764496,-0.1038421541452408,0.241471067070961,0.2117626667022705,-0.2036298513412476,-0.005532758310437202,0.1614497750997543,0.5655131340026855,-0.1434981971979141,-0.1790168285369873,-0.2238634377717972,0.2899999916553497,0.1917169392108917,-0.2082245349884033,0.1007818207144737,0.06683499366044998,0.1217454299330711,0.4603480696678162,1.13927698135376,1.094959139823914,0.4818644821643829,-0.6463809013366699,-0.1060438379645348,-0.0148716764524579,0.1138151735067368,-0.07872346788644791
0.003240106161683798,-0.08794271200895309,0.8034818768501282,0.009221205491421304,-0.04113595561787418,0.02047771216232522,0.9989011291560773,0.001172307529486716,-0.1051746979355812,-0.1196724623441696,-0.07458531111478806,-0.1225782781839371,0.2483883649110794,0.1517287045717239,-0.232534646987915,-0.02991113252937794,0.1459580063819885,0.4672383666038513,-0.2124029546976089,-0.1326601803302765,-0.2365409880876541,0.2881817519664764,0.2089308053255081,-0.2142353355884552,0.09190494567155838,0.07519900798797607,0.1284837573766708,0.4504300653934479,1.13012433052063,1.135810136795044,0.4952795803546906,-0.6338258981704712,-0.1102350875735283,-0.01290209405124187,0.1186888217926025,-0.06752139329910278
0.003570828819647431,-0.08728073537349701,0.7983236908912659,0.03042567778902611,-0.04942464571791804,0.05883158881256859,0.9965793127917745,0.07218825817108154,-0.1776827871799469,-0.2121686190366745,-0.1188305839896202,-0.169188916683197,0.2629571855068207,0.1030000001192093,-0.2251614928245544,-0.07532424479722977,0.1370996534824371,0.3812817931175232,-0.270365297794342,-0.08581303805112839,-0.2581964433193207,0.2488650977611542,0.2206675857305527,-0.2157014757394791,0.08442011475563049,0.1070702970027924,0.1533926874399185,0.4307153224945068,1.113210797309875,1.168145179748535,0.491920530796051,-0.6260707974433899,-0.129362478852272,-0.007895676419138908,0.09115887433290482,-0.05166706815361977
0.006758977193385363,-0.08811533451080322,0.7921279668807983,0.04730092260781497,-0.05789020906717039,0.09788245499184244,0.9923862007401043,0.1433921158313751,-0.2424057573080063,-0.3025375604629517,-0.1422884166240692,-0.2181364744901657,0.2767237722873688,0.03827697038650513,-0.2369090765714645,-0.1135193705558777,0.1378577649593353,0.2898793518543243,-0.3180443644523621,-0.03723014146089554,-0.2806123793125153,0.1731852889060974,0.23873271048069,-0.2222103178501129,0.06223485618829727,0.1402496844530106,0.1841044723987579,0.4149132966995239,1.078156232833862,1.187545418739319,0.5164698958396912,-0.6352816820144653,-0.1528176665306091,-0.01208634953945875,0.1423599720001221,-0.06474652886390686
0.01021362189203501,-0.09123359620571136,0.7863713502883911,0.05631813545518671,-0.06127048434575354,0.1332136574383073,0.9875871186071624,0.1971382051706314,-0.3110099136829376,-0.3821564912796021,-0.1387230157852173,-0.2500756978988647,0.2711637616157532,-0.01805700547993183,-0.2251658290624619,-0.1324668079614639,0.1456461101770401,0.1893172562122345,-0.3534941673278809,0.00873260572552681,-0.2973535060882568,0.1226470544934273,0.2667770087718964,-0.2300981730222702,0.04753614589571953,0.1526094377040863,0.1737774163484573,0.4153740406036377,1.052200555801392,1.201780557632446,0.5255619883537292,-0.6151641011238098,-0.1615011692047119,-0.01344815082848072,0.1244536563754082,-0.05023558810353279
0.01284358650445938,-0.09248820692300797,0.7832611799240112,0.0546998422180661,-0.06102545596368323,0.1607851395808724,0.9835811912982592,0.2424135208129883,-0.3749964833259583,-0.442066490650177,-0.1104452088475227,-0.2604623436927795,0.2629126906394958,-0.06583276391029358,-0.2186606377363205,-0.1351762264966965,0.1502206772565842,0.1145027875900269,-0.37688148021698,0.05248163267970085,-0.3087485134601593,0.05882232263684273,0.2914300262928009,-0.2278140634298325,0.02931984327733517,0.1757131516933441,0.1803390681743622,0.4045347571372986,1.025832414627075,1.208048343658447,0.5187332034111023,-0.5821117758750916,-0.1625050604343414,-0.01503894571214914,0.1215520426630974,-0.02837967872619629
0.01342765334993601,-0.0930076465010643,0.7798190712928772,0.05288904235370492,-0.0562101088996248,0.1793047811222589,0.9807614227339384,0.273134708404541,-0.4243159592151642,-0.4811007380485535,-0.08213315159082413,-0.2654910981655121,0.2487095445394516,-0.1023051664233208,-0.2376768589019775,-0.1314699947834015,0.1591094881296158,0.08565887063741684,-0.3950713574886322,0.08739486336708069,-0.3109813034534454,0.03213607147336006,0.3143186867237091,-0.2297160625457764,0.009919061325490475,0.2040366232395172,0.1856263875961304,0.3913938701152802,1.002458810806274,1.209759593009949,0.5356419086456299,-0.5684419870376587,-0.165861964225769,-0.01610351353883743,0.1263243108987808,-0.02114657498896122
0.01283514499664307,-0.09357602149248123,0.7756027579307556,0.0519245057667275,-0.04951308058677673,0.1914134227191174,0.9788836509793393,0.2971426546573639,-0.4366104006767273,-0.506790816783905,-0.06015602871775627,-0.2709612250328064,0.2346147000789642,-0.1320077925920486,-0.2884502708911896,-0.1227502897381783,0.1749116182327271,0.1025938913226128,-0.4035961925983429,0.1096789985895157,-0.2986742258071899,0.008982379920780659,0.3337993025779724,-0.2392975091934204,-0.01423128880560398,0.2085546404123306,0.1811998784542084,0.3875060081481934,0.9839056134223938,1.204784154891968,0.5577759742736816,-0.5573318600654602,-0.173008918762207,-0.02375942282378674,0.1117479726672173,-0.01580752246081829
0.01252637803554535,-0.09613091498613358,0.7701639533042908,0.05655704217462601,-0.04064586122294109,0.1964715473761208,0.9780327939376755,0.3168510496616364,-0.428311675786972,-0.5188999176025391,-0.05279335007071495,-0.2672280073165894,0.2136218994855881,-0.1553755551576614,-0.2860747575759888,-0.1183287426829338,0.1972463130950928,0.1497184783220291,-0.3981096148490906,0.1141489967703819,-0.2642832100391388,0.03103968314826488,0.3400343656539917,-0.2542949318885803,-0.03611849620938301,0.1785357296466827,0.1866755783557892,0.3888483345508575,0.9699891209602356,1.206576466560364,0.5485069751739502,-0.5633731484413147,-0.1774759888648987,-0.02996409125626087,0.1006602495908737,-0.01254743337631226
0.0165462177246809,-0.09821991622447968,0.764138400554657,0.06930228173789157,-0.03489256202683891,0.1997018115512811,0.9767798571450282,0.3438819646835327,-0.4008836448192596,-0.5286042094230652,-0.05907063186168671,-0.2791406214237213,0.190496563911438,-0.1855128109455109,-0.2862601578235626,-0.1299554854631424,0.2294922024011612,0.1719214618206024,-0.3795709609985352,0.1117993369698524,-0.1945982128381729,0.1252808421850204,0.3358418941497803,-0.2642345130443573,-0.05723476409912109,0.1623826920986176,0.1869508922100067,0.3792882561683655,0.9726061820983887,1.211258053779602,0.5464967489242554,-0.5670121312141418,-0.1664474606513977,-0.02686336077749729,0.09492819756269455,-0.0135547136887908
0.01344314869493246,-0.1004160493612289,0.7633710503578186,0.05994492245206777,-0.02974573447626436,0.198937962391642,0.9777246466526989,0.3405324220657349,-0.3761282563209534,-0.5193021893501282,-0.02945343777537346,-0.2480447292327881,0.1860521584749222,-0.1854599714279175,-0.2858318388462067,-0.1042171642184258,0.2800133526325226,0.197613313794136,-0.3550711870193481,0.0946880504488945,-0.02979473583400249,0.1474543660879135,0.3206765353679657,-0.2619146406650543,-0.09490985423326492,0.1244170442223549,0.1886981129646301,0.3777449429035187,0.9860163331031799,1.220914006233215,0.5436080694198608,-0.5532490015029907,-0.1548981666564941,-0.02211438678205013,0.07516834884881973,-0.01438050623983145
0.01208592113107443,-0.1031377092003822,0.7692841291427612,0.05038408423482049,-0.03063105707266135,0.1962333267411386,0.9787827460036959,0.3410085737705231,-0.3236452341079712,-0.4959355294704437,0.005420502740889788,-0.2060825228691101,0.1939176172018051,-0.1376609206199646,-0.2969328761100769,-0.07627549767494202,0.3370998501777649,0.204034835100174,-0.3210928440093994,0.0703330934047699,0.19777911901474,0.1196731925010681,0.2878231108188629,-0.2625148892402649,-0.1056857258081436,0.08087288588285446,0.1961402595043182,0.3851288557052612,1.004937887191772,1.224558353424072,0.5350832939147949,-0.5234740972518921,-0.1333347856998444,-0.01457029394805431,0.08624804019927979,-0.02926250733435154
0.01404245942831039,-0.1054396331310272,0.7707152962684631,0.04146487264041521,-0.03437284006189833,0.1747474967681645,0.9831390972676521,0.2824326455593109,-0.276452898979187,-0.4369117021560669,0.02592459134757519,-0.1569310575723648,0.1998448222875595,-0.07184415310621262,-0.2875846028327942,-0.05616308003664017,0.5440598130226135,0.2188001871109009,-0.294516533613205,0.03783369064331055,0.2899999916553497,0.06572231650352478,0.2597478032112122,-0.2707473635673523,-0.09659301489591599,0.03269755840301514,0.1718799918889999,0.4193032085895538,1.034417867660522,1.219560623168945,0.4508500695228577,-0.5212879180908203,-0.09968055039644241,-0.001694367732852697,0.08988185226917267,-0.03796385228633881
0.01325075048953295,-0.1065998822450638,0.7802245616912842,0.06081007835880067,-0.03355985903261544,0.149698303191932,0.9862891504285972,0.1948211938142776,-0.2241288423538208,-0.3585931956768036,0.01030217483639717,-0.1659111082553864,0.2013359665870667,0.0311371423304081,-0.2497491389513016,-0.08118560165166855,0.6530961394309998,0.2059774547815323,-0.2744351923465729,-0.004327828530222178,0.2899999916553497,0.0301346443593502,0.2408260703086853,-0.2753300070762634,-0.03345295786857605,0.02694872207939625,0.1381627470254898,0.4310400187969208,1.048497796058655,1.205805897712708,0.453397810459137,-0.5059908032417297,-0.08757817000150681,0.002854449208825827,0.06914862245321274,-0.02983907423913479
0.009548046626150608,-0.1093196719884872,0.7930688858032227,0.0885502347604029,-0.03082850286806752,0.1160751463766087,0.9888048441064798,0.1053050234913826,-0.1774575114250183,-0.2626969516277313,-0.04768115654587746,-0.1933561116456985,0.2053200155496597,0.1065566167235374,-0.1947077214717865,-0.1280286610126495,0.6391722559928894,0.1800546795129776,-0.2415108382701874,-0.06248173490166664,0.2888508439064026,0.01346839684993029,0.22431580722332,-0.2783167362213135,0.02827447839081287,0.02625478804111481,0.1195895597338676,0.4570885896682739,1.045424938201904,1.179343819618225,0.4595988392829895,-0.538867712020874,-0.08480719476938248,-0.00115636398550123,0.07460642606019974,-0.05019659921526909
0.006377504207193851,-0.1115786656737328,0.7999613881111145,0.09639692838588843,-0.03522019382978745,0.0767319856021516,0.9917557020405325,0.02145275101065636,-0.1242685690522194,-0.1672083586454391,-0.06133308261632919,-0.1820860952138901,0.2268786728382111,0.1915638148784637,-0.1395969241857529,-0.1489813178777695,0.6412143111228943,0.1632554233074188,-0.195953905582428,-0.1454734951257706,0.2646610140800476,-0.009739131666719913,0.2075165063142776,-0.2656980454921722,0.04905162006616592,0.02537432871758938,0.1348211616277695,0.4754107892513275,1.044658422470093,1.174460887908936,0.4821648001670837,-0.5921090245246887,-0.09143192321062088,-0.01514520682394505,0.08760929107666016,-0.04489868879318237
0.004286608193069696,-0.1129176393151283,0.8029956817626953,0.09235625817607686,-0.04101267875518234,0.0326191637596799,0.9943461529631706,-0.06786899268627167,-0.06563185900449753,-0.07125799357891083,-0.06537638604640961,-0.153408408164978,0.2464392334222794,0.2350617945194244,-0.08425650745630264,-0.1485720574855804,0.6232408881187439,0.1425130367279053,-0.1403760313987732,-0.224654957652092,0.204912543296814,-0.02962962165474892,0.2015198767185211,-0.2539526522159576,0.04780006408691406,0.02782844379544258,0.1350550502538681,0.492749810218811,1.041472434997559,1.166605234146118,0.5099725723266602,-0.6112962365150452,-0.09570717066526413,0.004449993371963501,0.1148126721382141,-0.08173266798257828
0.002206896198913455,-0.1136044636368752,0.8026283383369446,0.08179209968956962,-0.04319796255524899,-0.009283657007030594,0.9956695245773181,-0.1596955358982086,-0.01337646692991257,0.01716019026935101,-0.05187152326107025,-0.1216706782579422,0.255092978477478,0.257351279258728,-0.03063376434147358,-0.13054059445858,0.5672267079353333,0.1239878013730049,-0.08542196452617645,-0.3110857307910919,0.1396412998437881,-0.04325584322214127,0.1874170899391174,-0.2461755573749542,0.04037440568208694,0.03496682271361351,0.1347383707761765,0.5086503624916077,1.051636576652527,1.156616926193237,0.473703533411026,-0.6090142130851746,-0.09137225896120071,-0.0001119062872021459,0.0942784771323204,-0.09415759146213531
0.0005806745612062514,-0.1141652464866638,0.7984703183174133,0.06330189208007289,-0.04424156690400349,-0.04697755052721195,0.9959059513645978,-0.2327327579259872,0.03556834906339645,0.09878844022750854,-0.003478060476481915,-0.08046730607748032,0.261219710111618,0.2938730120658875,0.01354684494435787,-0.0955921933054924,0.4729057252407074,0.1155128702521324,-0.03874416276812553,-0.3903870284557343,0.1043874621391296,-0.06312590092420578,0.1688764691352844,-0.2423291802406311,0.02632414735853672,0.04411276429891586,0.1271258443593979,0.51137775182724,1.07405161857605,1.134713172912598,0.43833988904953,-0.6020081043243408,-0.09960708767175674,-0.008294419385492802,0.08959705382585526,-0.1160154789686203
0.0006483332836069167,-0.1138908192515373,0.7921974658966064,0.04034801832327044,-0.04635022078556598,-0.07936378346607709,0.9949497898509572,-0.2872344553470612,0.08921879529953003,0.1650838404893875,0.0549023263156414,-0.03726088255643845,0.2647869288921356,0.3270435035228729,0.06088147312402725,-0.0541616752743721,0.3530130982398987,0.1116399988532066,0.001935897045768797,-0.4594732522964478,0.07726578414440155,-0.0863129124045372,0.1524399369955063,-0.238608792424202,-0.0001012581560644321,0.05130111426115036,0.1183576807379723,0.5018187165260315,1.101322412490845,1.097300052642822,0.4409159719944,-0.5835922956466675,-0.1067747548222542,-0.02086064219474792,0.08118955790996552,-0.1399534344673157
0.001863529556430876,-0.1132953092455864,0.7851561903953552,0.02409943567015185,-0.04818778487636955,-0.1063870564672114,0.992864013249212,-0.3315815329551697,0.1442170739173889,0.2145036309957504,0.0933903232216835,-0.01726823672652245,0.2605657577514648,0.3407526016235352,0.0996989831328392,-0.02794980257749557,0.2174385040998459,0.1106366142630577,0.04485451430082321,-0.5090075731277466,0.04850922524929047,-0.1001598015427589,0.1380589008331299,-0.2311246544122696,-0.02092801779508591,0.05172281339764595,0.1149627491831779,0.490702748298645,1.124006986618042,1.057104229927063,0.4499703645706177,-0.5807746052742004,-0.1089586690068245,-0.0287363026291132,0.07980473339557648,-0.1671566069126129
0.002170281717553735,-0.1126645132899284,0.7822092771530151,0.02195324764747418,-0.05045017264283375,-0.1322611132958648,0.9896867347336608,-0.3861216306686401,0.1926346123218536,0.2671534717082977,0.1131187751889229,-0.03416121378540993,0.2655651867389679,0.3396012485027313,0.1337853968143463,-0.01865674369037151,0.1421947479248047,0.1127861514687538,0.07462973892688751,-0.5526045560836792,-0.04695364832878113,-0.1071024015545845,0.1263451427221298,-0.2399171739816666,-0.02812016196548939,0.06880015879869461,0.09827475994825363,0.4796404242515564,1.144958257675171,1.017429232597351,0.4903176724910736,-0.5834720134735107,-0.1115468814969063,-0.03067776747047901,0.0726473331451416,-0.1937491744756699
-7.288366759894416e-05,-0.1116067469120026,0.7789902687072754,0.02858916749054881,-0.04738178607572335,-0.1485840570246282,0.9873501931172008,-0.4238975048065186,0.2238729447126389,0.2979753017425537,0.1046798750758171,-0.0684545487165451,0.2612001299858093,0.3533282876014709,0.1603084057569504,-0.02971873804926872,0.1025660037994385,0.1236638277769089,0.1020427942276001,-0.5801244378089905,-0.1117562875151634,-0.1011612340807915,0.1147734224796295,-0.2446299344301224,-0.02880715951323509,0.08409407734870911,0.08440067619085312,0.4724233448505402,1.157429814338684,0.9832608699798584,0.5153086185455322,-0.5703773498535156,-0.1089202836155891,-0.03667600080370903,0.07874081283807755,-0.2163543254137039
-0.00161188782658428,-0.1107317730784416,0.7744107842445374,0.03165308742846074,-0.04034616405531945,-0.1606964311938077,0.9856708000665543,-0.4312475025653839,0.2452920973300934,0.3202779293060303,0.09942157566547394,-0.09243189543485641,0.2464508414268494,0.4064752757549286,0.1942102313041687,-0.04179421439766884,0.1085196360945702,0.1436268538236618,0.1223296001553535,-0.5934580564498901,-0.1341250091791153,-0.07460357248783112,0.1047396510839462,-0.2458622604608536,-0.03698534891009331,0.1061575263738632,0.08885165303945541,0.4724991321563721,1.163407921791077,0.9631955623626709,0.5136662721633911,-0.5715060234069824,-0.1046502366662025,-0.03579047694802284,0.07305581122636795,-0.2216766178607941
-0.0007917273323982954,-0.1096048876643181,0.7687885165214539,0.0262152549725157,-0.03599661176600638,-0.1699406783987757,0.9844476472486778,-0.4167923927307129,0.2750882208347321,0.3391088247299194,0.1043849736452103,-0.09822613745927811,0.2333377450704575,0.4038076996803284,0.2199079543352127,-0.04071077704429626,0.1458986550569534,0.1683428287506104,0.1306716948747635,-0.5902824401855469,-0.09387017041444778,-0.02507163397967815,0.1091678813099861,-0.238791361451149,-0.004440798424184322,0.126565232872963,0.08301841467618942,0.4740661680698395,1.169976592063904,0.9542570114135742,0.5179725289344788,-0.5695157647132874,-0.1033835038542747,-0.02870762720704079,0.05984586849808693,-0.2184329628944397
0.0005859326920472085,-0.1066228300333023,0.7634729146957397,0.02257582721121517,-0.03169327587157369,-0.1736971578922925,0.9840300633773329,-0.4027424156665802,0.2967978715896606,0.3510958850383759,0.1020096316933632,-0.1047436222434044,0.2213737219572067,0.400298148393631,0.2345319539308548,-0.04136353731155396,0.172551766037941,0.2062813192605972,0.1267364025115967,-0.5656692385673523,-0.02257645688951015,0.08040256798267365,0.1164162456989288,-0.2410444468259811,0.02796979248523712,0.1511138379573822,0.08583452552556992,0.4723942279815674,1.172142624855042,0.9514011740684509,0.5227484107017517,-0.602255642414093,-0.1072309091687202,-0.02450410835444927,0.05467337742447853,-0.2078408300876617
-0.001364185940474272,-0.1031494438648224,0.7657108306884766,0.03211996338847314,-0.02733573882309621,-0.1688849482659717,0.9847329280490822,-0.3915266096591949,0.3171398043632507,0.3453085422515869,0.0668371319770813,-0.1349901556968689,0.2173419296741486,0.37686887383461,0.2021187394857407,-0.06631078571081161,0.2113382965326309,0.2519075572490692,0.10676209628582,-0.514443576335907,-0.02083942666649818,0.2796764671802521,0.1240562349557877,-0.2346564382314682,0.06322808563709259,0.2091876119375229,0.09124182909727097,0.4551444351673126,1.176973938941956,0.9542333483695984,0.5274757146835327,-0.6127529740333557,-0.1217490658164024,-0.0318533256649971,0.04958802089095116,-0.198517695069313
0.005763601511716843,-0.1005952730774879,0.7635279297828674,0.05922462744709266,-0.04400645534418934,-0.1582375901435733,0.9846404117531168,-0.3113184571266174,0.2726456820964813,0.3252032697200775,-0.01894600316882133,-0.1930271983146667,0.2376034259796143,0.389448493719101,0.1382603496313095,-0.1121811345219612,0.225183293223381,0.5715763568878174,0.09096524864435196,-0.4452002942562103,-0.06854696571826935,0.2899999916553497,0.1369037330150604,-0.2118989080190659,0.09779042750597,0.2288658767938614,0.09079479426145554,0.4482144415378571,1.177840352058411,0.9713863134384155,0.5467311143875122,-0.6181346774101257,-0.1322197020053864,-0.03067707270383835,0.03455810993909836,-0.1751518696546555
0.008013448677957058,-0.09947691857814789,0.7696214914321899,0.05931473009661244,-0.04733768737886065,-0.1478287840464317,0.9860971335292181,-0.2388249635696411,0.1995871216058731,0.2928695976734161,-0.0475924089550972,-0.2402226775884628,0.2382924556732178,0.3855327665805817,0.02399341762065887,-0.119296483695507,0.2069564908742905,0.7472044229507446,0.06401131302118301,-0.3846664726734161,-0.1195788159966469,0.2899999916553497,0.1478562504053116,-0.1847325712442398,0.1088680475950241,0.1796281784772873,0.1139243468642235,0.4509213864803314,1.175671219825745,0.9999493360519409,0.5367546081542969,-0.634381115436554,-0.1380356848239899,-0.03236167505383492,0.05172820016741753,-0.1423374116420746
0.008949979208409786,-0.09356371313333511,0.7865695357322693,0.01872093032780658,-0.03836768469609021,-0.1278147987660931,0.9908788143638485,-0.1955359578132629,0.1300770938396454,0.2395397275686264,0.004707060288637877,-0.1947959661483765,0.2199512869119644,0.3601677119731903,-0.07040663063526154,-0.06301940232515335,0.2018905282020569,0.7119664549827576,0.01163037586957216,-0.3413709402084351,-0.1535316407680511,0.2899999916553497,0.1925990283489227,-0.177052840590477,0.09327933192253113,0.08620066195726395,0.1019323691725731,0.472702294588089,1.167895078659058,1.031206965446472,0.5454657673835754,-0.6150416731834412,-0.1213929131627083,-0.02320108376443386,0.06184539943933487,-0.1118424832820892
0.007793247699737549,-0.09102080762386322,0.7986423969268799,-0.00763102934555934,-0.03539226892413879,-0.09464274194936315,0.9948527057247395,-0.1483810395002365,0.06782198697328568,0.1560362130403519,0.03027954138815403,-0.1491486579179764,0.2155825346708298,0.2947866022586823,-0.1729610562324524,-0.01216696482151747,0.1935257911682129,0.6715852618217468,-0.04490194842219353,-0.2964142262935638,-0.1827296763658524,0.2899999916553497,0.2043206989765167,-0.1790997534990311,0.0856587216258049,0.03885228186845779,0.1193571016192436,0.4899668991565704,1.167590856552124,1.065695881843567,0.5460141897201538,-0.6514099836349487,-0.1112039908766747,-0.02870355546474457,0.08113504201173782,-0.08936113864183426
0.006661694496870041,-0.08870719373226166,0.8065935373306274,-0.010498142612182,-0.03877838258651331,-0.05425159907996196,0.9977187930689365,-0.08642540127038956,0.007052246015518904,0.05265593528747559,0.005573856178671122,-0.1285419911146164,0.2247940897941589,0.2343648225069046,-0.2368379086256027,0.001956257969141006,0.1751466542482376,0.6116504073143005,-0.09897555410861969,-0.2397598028182983,-0.2101754546165466,0.2899999916553497,0.205107107758522,-0.1892095655202866,0.0893460288643837,0.04439985752105713,0.1370414346456528,0.4953733086585999,1.160019636154175,1.098526239395142,0.5393181443214417,-0.6820419430732727,-0.1044576391577721,-0.02406192198395729,0.1024264022707939,-0.07501456141471863
0.004430035594850779,-0.08760543912649155,0.8084331154823303,-0.002051508292506789,-0.04027887444642306,-0.009517638969786309,0.9991410401617461,-0.03067143447697163,-0.06779316067695618,-0.06243345513939857,-0.03332507237792015,-0.1278797388076782,0.2293895334005356,0.1759974360466003,-0.2708502411842346,-0.008795265108346939,0.1554023027420044,0.5257485508918762,-0.1572741270065308,-0.1838579624891281,-0.2289125174283981,0.2892096936702728,0.2137131243944168,-0.2023994773626328,0.08002793043851852,0.06764230877161026,0.148176982998848,0.4926535487174988,1.148543119430542,1.124596118927002,0.5285380482673645,-0.6847405433654785,-0.1073105111718178,-0.02161345444619656,0.1150507181882858,-0.07264185696840286
0.003782393643632531,-0.08764718472957611,0.8050617575645447,0.01818333036644963,-0.04395564716235823,0.03036240350867217,0.9984064262776453,0.0302254743874073,-0.1426863968372345,-0.1677570641040802,-0.08281665295362473,-0.1577282696962357,0.2359261959791183,0.1224724650382996,-0.2730641067028046,-0.04882711172103882,0.1416744589805603,0.4202320277690887,-0.2138699293136597,-0.1271506249904633,-0.2478602230548859,0.2825769484043121,0.2363605350255966,-0.2146241366863251,0.07314687222242355,0.09993895888328552,0.1566614657640457,0.4787549078464508,1.121271014213562,1.145189881324768,0.5200379490852356,-0.6748200654983521,-0.1204299703240395,-0.0235754307359457,0.1250934302806854,-0.06778621673583984
0.005394216626882553,-0.08910626173019409,0.7986690998077393,0.03484436193587209,-0.05064781483009351,0.0734219640136556,0.9954043823967202,0.09494701027870178,-0.2209173142910004,-0.2723366320133209,-0.1140777468681335,-0.1956493258476257,0.2442686259746552,0.05437681823968887,-0.2661981284618378,-0.08221984654664993,0.137924998998642,0.3328271806240082,-0.2664968073368073,-0.07302286475896835,-0.2617166340351105,0.2193421274423599,0.2686249315738678,-0.2239985018968582,0.05145679414272308,0.1275918483734131,0.1521571725606918,0.4580297470092773,1.0866539478302,1.160193085670471,0.5121893286705017,-0.6513131856918335,-0.1407051384449005,-0.01782667264342308,0.1297006607055664,-0.06629955768585205
0.01018097996711731,-0.09011595696210861,0.7939363718032837,0.05323085113821781,-0.06007945825397247,0.1047046914836779,0.9912587264505256,0.1725234687328339,-0.2852132618427277,-0.3496409058570862,-0.1382492333650589,-0.2422091662883759,0.2462484389543533,-0.01400723401457071,-0.2295013964176178,-0.1170051693916321,0.1354800313711166,0.2330286651849747,-0.3094648718833923,-0.019987553358078,-0.2926342785358429,0.1414855718612671,0.2936050891876221,-0.2291697412729263,0.05719169601798058,0.158017635345459,0.1514001339673996,0.4379380643367767,1.056683897972107,1.182810664176941,0.4963942468166351,-0.621817946434021,-0.1585804224014282,-0.01771300844848156,0.1430487781763077,-0.08234485238790512
0.0126635329797864,-0.09272447228431702,0.7895406484603882,0.05240361166069429,-0.06290125277172434,0.1377713569666159,0.9870746410906523,0.2199049144983292,-0.3534915149211884,-0.4196480512619019,-0.1114323958754539,-0.2581126689910889,0.2494948506355286,-0.05927873030304909,-0.2235817760229111,-0.1182266920804977,0.146840363740921,0.1454149931669235,-0.3477164804935455,0.02652518451213837,-0.3028100728988647,0.06800789386034012,0.3205029666423798,-0.2337827831506729,0.03028040006756783,0.1741311103105545,0.1633986979722977,0.4185419678688049,1.031163334846497,1.195396661758423,0.5112321376800537,-0.596738874912262,-0.1690293252468109,-0.01519882865250111,0.139291375875473,-0.07848326861858368
0.01426957361400127,-0.09347997605800629,0.7869632840156555,0.04628459291878316,-0.06036442051414764,0.1548364138259304,0.9850073898950501,0.2568228840827942,-0.4095159471035004,-0.4548542201519012,-0.07598043233156204,-0.2576544284820557,0.2438752800226212,-0.08931457251310349,-0.2414769381284714,-0.09900354593992233,0.1537795662879944,0.0965171605348587,-0.3724834322929382,0.0689779669046402,-0.3060932457447052,0.009588961489498615,0.3425588011741638,-0.2422933578491211,0.008517267182469368,0.1910620182752609,0.1737449616193771,0.391274094581604,1.005987048149109,1.206327438354492,0.501884937286377,-0.5832564234733582,-0.1729708313941956,-0.006735574919730425,0.1361888647079468,-0.07591087371110916
0.01451143901795149,-0.09370146691799164,0.7829723358154297,0.04643565003510764,-0.05520408925192396,0.1630455092347929,0.9839778457130272,0.28744837641716,-0.4308589398860931,-0.4705503582954407,-0.05864711105823517,-0.2621651589870453,0.2272249311208725,-0.108833409845829,-0.30300173163414,-0.09480372071266174,0.1673994958400726,0.09284505993127823,-0.3864308595657349,0.1044679284095764,-0.2957790791988373,-0.009592242538928986,0.3560307919979095,-0.2474082857370377,-0.01392387226223946,0.2133329659700394,0.1875784993171692,0.367605596780777,0.9880631566047668,1.213624000549316,0.5097677707672119,-0.5800855755805969,-0.1755030751228333,-0.002912895521149039,0.1304930448532104,-0.06441678106784821
0.01357137504965067,-0.09513328224420547,0.7767714262008667,0.04987215708056561,-0.0495720365131477,0.1695319293952488,0.9830128717669951,0.3129502236843109,-0.4215489327907562,-0.4833264350891113,-0.05005718767642975,-0.2594826519489288,0.209878221154213,-0.1420469731092453,-0.3202985823154449,-0.09290952235460281,0.1881064623594284,0.1364720314741135,-0.3898804783821106,0.1240630820393562,-0.2641288936138153,0.000126934697618708,0.3592544198036194,-0.2583641707897186,-0.03542306646704674,0.2020298391580582,0.2046796977519989,0.3612368106842041,0.9696434140205383,1.218566060066223,0.5050040483474731,-0.5911694169044495,-0.1739583909511566,-0.00191041745711118,0.1369183510541916,-0.05782440304756165
0.01661578379571438,-0.09758761525154114,0.7712405920028687,0.061602173210734,-0.0448387426592896,0.1760245014137647,0.9814326437990964,0.3443107306957245,-0.3935014307498932,-0.4999405443668365,-0.05621012672781944,-0.2543558776378632,0.1854235827922821,-0.1763664036989212,-0.2858032584190369,-0.106213703751564,0.2157450318336487,0.1637899279594421,-0.3707802593708038,0.1345183253288269,-0.210493728518486,0.05902515724301338,0.354135125875473,-0.2700154781341553,-0.05524455010890961,0.1757143139839172,0.2167957723140717,0.355177104473114,0.9597945809364319,1.217382073402405,0.4953784644603729,-0.5933841466903687,-0.1589319407939911,0.001600529416464269,0.1456059366464615,-0.06471840292215347
0.01755007542669773,-0.09991972148418427,0.7658246755599976,0.06437439517488606,-0.03973751916077651,0.1761650157643555,0.9814493130251603,0.3573833703994751,-0.3657861649990082,-0.501573920249939,-0.04790027812123299,-0.2411950826644897,0.1679446548223495,-0.1887876242399216,-0.2646619379520416,-0.1062557548284531,0.259361743927002,0.1798323094844818,-0.3421288728713989,0.1320930123329163,-0.07940760254859924,0.127697542309761,0.3445327281951904,-0.2717764973640442,-0.1062640696763992,0.140656977891922,0.2188709378242493,0.3512189090251923,0.9561015963554382,1.218558788299561,0.4694500267505646,-0.5689301490783691,-0.1630106270313263,-0.0007828990928828716,0.1363360732793808,-0.05892321839928627
0.01476403139531612,-0.1011945679783821,0.7679935693740845,0.05109491291209962,-0.03954825994021377,0.1768220247858315,0.9821197567307385,0.3580797016620636,-0.3210346698760986,-0.4947727620601654,-0.01542677357792854,-0.2032344043254852,0.1690011620521545,-0.1818674206733704,-0.2760387063026428,-0.08025966584682465,0.3139517307281494,0.1987033486366272,-0.3102125525474548,0.1192104369401932,0.1365631967782974,0.1279015243053436,0.3296973407268524,-0.2758754193782806,-0.1535534858703613,0.1022168546915054,0.2073948085308075,0.3743716478347778,0.9697686433792114,1.217947959899902,0.4650558233261108,-0.5534290671348572,-0.1503036320209503,-0.0002126738108927384,0.1093111261725426,-0.0389581061899662
0.01928164623677731,-0.1021018549799919,0.7726256251335144,0.04922188690546273,-0.04529084892596909,0.1599930781273318,0.9848493081707335,0.3443772792816162,-0.2577590346336365,-0.451560914516449,-0.002560323569923639,-0.1708650290966034,0.1725259721279144,-0.09458755701780319,-0.2677106857299805,-0.07603609561920166,0.4452565908432007,0.2043168693780899,-0.2806895673274994,0.09799370914697647,0.2899999916553497,0.07663814723491669,0.3083759248256683,-0.2887594699859619,-0.1124055609107018,0.05066301301121712,0.1906412243843079,0.4099008440971375,0.9940744638442993,1.203167796134949,0.4665804803371429,-0.5513390302658081,-0.1239977851510048,0.007309774402529001,0.1014934033155441,-0.05424898117780685
0.01916573755443096,-0.1067264825105667,0.7766236066818237,0.05279593415739461,-0.04449954894869627,0.1392778720868694,0.9878431321959799,0.2366525232791901,-0.2125045359134674,-0.3940773606300354,0.01277671381831169,-0.1467062830924988,0.1663953214883804,-0.0003348809550516307,-0.2457727789878845,-0.08352334797382355,0.6557377576828003,0.2051494270563126,-0.2481655776500702,0.06112126633524895,0.2899999916553497,0.04186606034636497,0.2811372876167297,-0.2884324193000793,-0.07343335449695587,0.02683135680854321,0.1647931784391403,0.4453387856483459,1.015624046325684,1.202962875366211,0.4610215425491333,-0.5296809077262878,-0.08484143763780594,0.007521554827690125,0.08916490525007248,-0.03490861877799034
0.01520426478236914,-0.1098249554634094,0.7911394834518433,0.08174717971933335,-0.03942234345465966,0.1145561309524686,0.9892624375289293,0.1378750950098038,-0.1629800647497177,-0.3200670778751373,-0.0383407324552536,-0.1798316240310669,0.1708694845438004,0.06775256246328354,-0.2057268619537354,-0.1250516474246979,0.6474040150642395,0.1719117909669876,-0.2217643857002258,0.002392280846834183,0.2899999916553497,0.02720609866082668,0.2512854337692261,-0.2884058058261871,0.0117869284003973,0.0253179594874382,0.151881143450737,0.4637525081634521,1.027234673500061,1.188223838806152,0.4789845943450928,-0.5615532994270325,-0.08553630858659744,-0.001289709936827421,0.08593153208494186,-0.06980465352535248
0.01133564952760935,-0.1126168593764305,0.8004939556121826,0.09714439409616986,-0.0418044734095786,0.07468651156928383,0.9915832177322522,0.04436810314655304,-0.1143180876970291,-0.2140634059906006,-0.08228129893541336,-0.1837638914585114,0.1752843707799911,0.1293211877346039,-0.1376109272241592,-0.1603918373584747,0.6443695425987244,0.1530684977769852,-0.1748514026403427,-0.05364274606108665,0.2701772749423981,0.007864582352340221,0.2315552681684494,-0.2678453624248505,0.0377810113132,0.01846086978912354,0.1144916638731956,0.5044354796409607,1.037476539611816,1.19105052947998,0.4794400036334991,-0.5477728843688965,-0.07926798611879349,0.00109473941847682,0.0950419008731842,-0.1030081585049629
0.00938296876847744,-0.113824188709259,0.8035914897918701,0.09616187171671575,-0.04588734337944211,0.03077727169879613,0.993830974407768,-0.04357307031750679,-0.05886470898985863,-0.1086766719818115,-0.07818770408630371,-0.1601836532354355,0.2025050073862076,0.2090037763118744,-0.08551167696714401,-0.1620745658874512,0.6343913078308105,0.134528249502182,-0.1315852999687195,-0.1383259296417236,0.219102144241333,-0.005872661247849464,0.2177893221378326,-0.2488045990467072,0.03854146972298622,0.02661381103098392,0.1043563410639763,0.5185785889625549,1.042799472808838,1.200011491775513,0.4841209650039673,-0.559800922870636,-0.08966699987649918,-0.001585840713232756,0.09178754687309265,-0.1092275977134705
0.006737148854881525,-0.1144837886095047,0.8037861585617065,0.08635349013171947,-0.04768807916532337,-0.01254586157479924,0.9950434780475368,-0.1353496611118317,-0.01521780248731375,-0.01077709905803204,-0.05417513474822044,-0.1296195387840271,0.2185985445976257,0.2655428051948547,-0.02736757323145866,-0.1461455076932907,0.5905255675315857,0.1248633116483688,-0.07985664904117584,-0.2247878909111023,0.1541313529014587,-0.02700485475361347,0.2079470157623291,-0.2427796125411987,0.04671888425946236,0.01733828149735928,0.09645058959722519,0.5310037136077881,1.042048573493958,1.181070327758789,0.4905733168125153,-0.6012524366378784,-0.08503290265798569,0.002357939025387168,0.08249884843826294,-0.07975225895643234
0.005034319590777159,-0.1139791235327721,0.7991554737091064,0.07374065546176607,-0.05076851444975338,-0.04800126071628638,0.9948269963376957,-0.2078171074390411,0.03809735924005508,0.06902121752500534,-0.01867590099573135,-0.09759350121021271,0.2337233126163483,0.3103539049625397,0.02171265706419945,-0.1227768808603287,0.5046579837799072,0.116025373339653,-0.02731367386877537,-0.3040492534637451,0.1063868254423141,-0.03379255533218384,0.1774329394102097,-0.2394245266914368,0.04374102503061295,0.05338969081640244,0.1144173666834831,0.5281186103820801,1.060891270637512,1.152345776557922,0.4857052862644196,-0.6088859438896179,-0.09103497117757797,-0.005048790015280247,0.07696041464805603,-0.09795011579990387
0.005255506373941898,-0.1146268099546432,0.7946058511734009,0.04536264144172206,-0.0528806202011172,-0.08046017067295595,0.9943198839930004,-0.2650499045848846,0.08998294919729233,0.1389971822500229,0.05598852783441544,-0.04515472427010536,0.242762491106987,0.3624729216098785,0.05452708154916763,-0.07054553180932999,0.3897376656532288,0.1130015850067139,0.0180688388645649,-0.3793047666549683,0.07264111191034317,-0.07875271886587143,0.1553004235029221,-0.2336511313915253,0.02770141139626503,0.02443569898605347,0.1159308776259422,0.5260247588157654,1.087772130966187,1.121589422225952,0.4672268331050873,-0.6130862236022949,-0.09410355240106583,-0.01102256588637829,0.06797733157873154,-0.1190145760774612
0.005918688140809536,-0.1143358573317528,0.7864585518836975,0.02811126605397663,-0.05409123764265301,-0.1050352084709849,0.9925983577019385,-0.3106190860271454,0.1423714011907578,0.1806846410036087,0.09109210968017578,-0.01946553960442543,0.2407709211111069,0.3919246792793274,0.09625178575515747,-0.04431083425879478,0.2477835863828659,0.117236502468586,0.06361886113882065,-0.4383153021335602,0.05848630145192146,-0.08367181569337845,0.1451072245836258,-0.2230101674795151,-0.006316461600363255,0.03204178065061569,0.1005214676260948,0.5223860740661621,1.115161538124084,1.084001302719116,0.4961084127426147,-0.6045549511909485,-0.09072452038526535,-0.01957150734961033,0.05214020982384682,-0.1389493644237518
0.007356307934969664,-0.1134338229894638,0.7822248935699463,0.01878322837061465,-0.05508514836536422,-0.1338114582238956,0.9892963713718645,-0.3691562414169312,0.1902562826871872,0.2381666600704193,0.1169973313808441,-0.02182607352733612,0.2436335235834122,0.3928859233856201,0.1359083503484726,-0.02165481261909008,0.1588951349258423,0.1237702444195747,0.09779511392116547,-0.4961492717266083,-0.01816488429903984,-0.09763322025537491,0.1331609487533569,-0.2265300452709198,-0.03551550954580307,0.0419807955622673,0.06287305057048798,0.514684796333313,1.133674740791321,1.047386288642883,0.5018478631973267,-0.5982946753501892,-0.09984447807073593,-0.02513585798442364,0.04060641676187515,-0.1660452783107758
0.005648802034556866,-0.1123376041650772,0.7807554006576538,0.02730765330032885,-0.05253746264474916,-0.1516596498176341,0.9866577206444357,-0.4183790385723114,0.2236292213201523,0.2769410014152527,0.0989956259727478,-0.05967928096652031,0.2350130975246429,0.3554203510284424,0.1631108075380325,-0.03341839462518692,0.1080402433872223,0.1293426603078842,0.1250732243061066,-0.5253669023513794,-0.107840821146965,-0.09905486553907394,0.1160293594002724,-0.229239359498024,-0.02123555168509483,0.05826191976666451,0.03688625991344452,0.497407466173172,1.156720876693726,1.013528108596802,0.5264189839363098,-0.5893320441246033,-0.09773827344179153,-0.03050518594682217,0.0397859551012516,-0.1884012520313263
0.004162239842116833,-0.1111396178603172,0.7761996388435364,0.02951292488547618,-0.04621130943659214,-0.1586211760667102,0.9858158167974753,-0.4350095987319946,0.2539899349212646,0.2920053601264954,0.09206408262252808,-0.08208227157592773,0.2224829792976379,0.416734904050827,0.1804025620222092,-0.04192864522337914,0.1038753837347031,0.138510137796402,0.150040790438652,-0.5434800982475281,-0.1442930549383163,-0.07998760789632797,0.1110014170408249,-0.2290198802947998,-0.03602191060781479,0.07812104374170303,0.02544604055583477,0.4872427880764008,1.159982323646545,0.9806700348854065,0.5389914512634277,-0.5763110518455505,-0.106650210916996,-0.03369338810443878,0.03833867236971855,-0.2033642083406448
0.004458905663341284,-0.1099158376455307,0.7710742950439453,0.02710623031472924,-0.04243323459865826,-0.168358753348057,0.9844389280451622,-0.418840080499649,0.281471848487854,0.3163668513298035,0.08602515608072281,-0.09333084523677826,0.2098572254180908,0.4063147008419037,0.2061988115310669,-0.04485040158033371,0.1386731863021851,0.163816437125206,0.1639866679906845,-0.5430771112442017,-0.1393894553184509,-0.03986109793186188,0.1117559224367142,-0.2236432433128357,-0.01246126182377338,0.09329468756914139,0.03011195175349712,0.4800519347190857,1.163918972015381,0.9585607051849365,0.537209153175354,-0.573214590549469,-0.1118845716118813,-0.03002956137061119,0.02795137278735638,-0.201182946562767
0.006778660230338573,-0.1088766828179359,0.7633024454116821,0.02115226376011922,-0.0384568390377317,-0.1789330265455515,0.9828817961892963,-0.4027409255504608,0.3117204010486603,0.3443721532821655,0.09646720439195633,-0.09913073480129242,0.1946546286344528,0.4202300310134888,0.2207691371440887,-0.04084530845284462,0.1674899011850357,0.200882151722908,0.1693798005580902,-0.5291538834571838,-0.05916021391749382,0.05630716681480408,0.1235478222370148,-0.2205410748720169,0.021700669080019,0.1242954358458519,0.0360017865896225,0.4799016714096069,1.155612707138062,0.9424214959144592,0.5268175601959229,-0.5760205984115601,-0.1133088693022728,-0.03041357360780239,0.0198670756071806,-0.1939710974693298
0.006007520947605371,-0.1053812950849533,0.760629415512085,0.02162822578549567,-0.03316298586070052,-0.1808131682278382,0.9827202218401666,-0.3898581266403198,0.3242841362953186,0.3575649261474609,0.08361003547906876,-0.1145224869251251,0.1825473010540009,0.4026360213756561,0.1996641755104065,-0.04814952239394188,0.1970335394144058,0.2521697282791138,0.1586101949214935,-0.4915559589862823,-0.01526941638439894,0.2153196334838867,0.1308277249336243,-0.2206898629665375,0.05532535538077354,0.1700265407562256,0.06487341225147247,0.4651066660881042,1.159593820571899,0.9378475546836853,0.5452559590339661,-0.604911744594574,-0.1153045818209648,-0.03572354838252068,0.02223294042050838,-0.1826953887939453
0.01195873692631721,-0.1039942651987076,0.7608657479286194,0.04845881468293529,-0.04282826935760891,-0.1740945579847583,0.9826029551672684,-0.3221584856510162,0.2892499566078186,0.3463488519191742,0.01429534982889891,-0.1801317483186722,0.1918374001979828,0.4613492488861084,0.1226693317294121,-0.09825149923563004,0.2084222286939621,0.5039978623390198,0.1476156711578369,-0.4272539019584656,-0.06937272101640701,0.2899999916553497,0.1393232941627502,-0.1966633647680283,0.06373997777700424,0.1866091936826706,0.0685877650976181,0.4586624503135681,1.162534356117249,0.9435291886329651,0.5426074266433716,-0.609730064868927,-0.124136708676815,-0.03022079542279243,0.01987343840301037,-0.1682489365339279
0.01508638728410006,-0.1034821569919586,0.7632055878639221,0.06293255722537618,-0.05127885100367133,-0.1629141539824586,0.9832949461443388,-0.2592176198959351,0.213349238038063,0.3139418363571167,-0.05141047015786171,-0.248048409819603,0.2040024846792221,0.4270229637622833,0.02453172020614147,-0.1303987205028534,0.2084537297487259,0.745242714881897,0.1237352266907692,-0.3708697855472565,-0.110306978225708,0.2899999916553497,0.1486129313707352,-0.1715729534626007,0.1100825145840645,0.1383832991123199,0.09390150755643845,0.4647992849349976,1.168383717536926,0.960820734500885,0.5332158207893372,-0.6210180521011353,-0.1208941861987114,-0.02893022820353508,0.0351829007267952,-0.1383076608181
0.019202571362257,-0.0993826761841774,0.7788621187210083,0.02054463511093884,-0.04261299218348617,-0.1398722826003705,0.9890388240233499,-0.2189644575119019,0.1530588865280151,0.2604264616966248,0.002477856120094657,-0.1910706609487534,0.1944062560796738,0.3685247898101807,-0.06889495998620987,-0.07136451452970505,0.2130081206560135,0.7299031615257263,0.06995111703872681,-0.3349959552288055,-0.164427861571312,0.2899999916553497,0.1924465447664261,-0.1697994917631149,0.1052636504173279,0.0688127875328064,0.1095952913165092,0.4749226868152618,1.150442123413086,0.9749972224235535,0.498338520526886,-0.6255431175231934,-0.1198768839240074,-0.03525476157665253,0.06863666325807571,-0.1144983768463135
0.01742238365113735,-0.0981910452246666,0.790700376033783,0.0001185558700977514,-0.0431452683987277,-0.1065427567748509,0.9933715884492179,-0.162578672170639,0.09124670177698135,0.1767058521509171,0.01298139151185751,-0.140584722161293,0.1915871798992157,0.3146708011627197,-0.1359000355005264,-0.02945991046726704,0.2002294808626175,0.7017287611961365,0.0122667858377099,-0.2834530770778656,-0.2009676545858383,0.2899999916553497,0.1969144195318222,-0.1727440655231476,0.09133771806955338,0.05909832194447517,0.1194421574473381,0.4911432266235352,1.167853832244873,1.002915620803833,0.5037453174591064,-0.6532309055328369,-0.109314002096653,-0.03955724090337753,0.07986889779567719,-0.09056710451841354
0.01520880963653326,-0.09647195786237717,0.7990818619728088,-0.007238154742762647,-0.0492759047410002,-0.06961397060016311,0.9963299601162035,-0.0941566601395607,0.0293666198849678,0.08498045802116394,-0.004661986138671637,-0.1100882738828659,0.2070839107036591,0.2580786645412445,-0.1871798038482666,-0.009622659534215927,0.1811482906341553,0.651888906955719,-0.05012138187885284,-0.2298591285943985,-0.2138509452342987,0.2899999916553497,0.1993196606636047,-0.1884967386722565,0.0901666060090065,0.05243067443370819,0.1359189301729202,0.5026564002037048,1.171818614006042,1.033175230026245,0.5092933773994446,-0.6795081496238708,-0.1063330844044685,-0.04018520191311836,0.09659270942211151,-0.07806070148944855
0.01060332264751196,-0.09609530121088028,0.803566575050354,-0.003872742380375687,-0.05471424715522488,-0.02371052447736998,0.9982129853161098,-0.03493791818618774,-0.03281769901514053,-0.02836656384170055,-0.03724733367562294,-0.1044780686497688,0.2220320403575897,0.1850379258394241,-0.2388789802789688,-0.01323019061237574,0.163747563958168,0.5583693981170654,-0.1178585961461067,-0.1783570498228073,-0.2298951745033264,0.2896994352340698,0.2068842649459839,-0.204796627163887,0.09424766898155212,0.05982479080557823,0.146621361374855,0.5068168044090271,1.165069460868835,1.065924048423767,0.5012176036834717,-0.6768361330032349,-0.1062582209706306,-0.04241025820374489,0.1096784099936485,-0.07093256711959839
0.006568667013198137,-0.09503480792045593,0.800501823425293,0.01130078068845264,-0.06099115246275062,0.01773854884732542,0.9979166876858447,0.0270037055015564,-0.1048312559723854,-0.1290308386087418,-0.0817783921957016,-0.134334072470665,0.2453961819410324,0.1283379942178726,-0.2615264058113098,-0.04044295102357864,0.1533800512552261,0.4631319344043732,-0.1908997595310211,-0.1305232048034668,-0.2428364008665085,0.2887259423732758,0.2232255041599274,-0.2239543050527573,0.09040679037570953,0.0701175332069397,0.146943673491478,0.4963653087615967,1.141769528388977,1.091947197914124,0.4798352420330048,-0.6791694164276123,-0.1180057898163795,-0.03212866187095642,0.1269674450159073,-0.07828183472156525
