0,0,0.834845813,-0.0318277459,0.0561182506,0.698101887,0.713085894,0.0491777319,0.217406376,-0.320426946,-0.405958522,-0.161784821,-0.0265151286,-0.102860961,0.0865012069,-0.211816434,0.346599368,-0.44213435,0.0486713924,-0.018175504,0.0582020346,0.0632237202,-0.183413179,-0.131661828,0.152351631,-0.0597287306,-0.0766152172,0.0734450759,-0.283595439,-0.0149066446,-0.101307668,0.12704483,-0.133223639,0.0473447013
0.00138730155,-2.35961474e-05,0.835297248,-0.0279603486,0.051992573,0.695222404,0.716366387,0.0594563173,0.214859007,-0.318578122,-0.408562453,-0.149805831,-0.00910583935,-0.106369391,0.0818919465,-0.222935258,0.34490982,-0.459139429,0.0362509586,-0.00481436821,0.0559856416,0.076186531,-0.179082627,-0.128535411,0.160675352,-0.0392552761,-0.0783629351,0.063284865,-0.273029096,-0.0130283098,-0.10543663,0.137370399,-0.13564917,0.0503069638
0.000159727783,-0.00153543446,0.835644485,-0.0265105849,0.0586292482,0.690537238,0.720429124,0.0407621782,0.219444222,-0.336014326,-0.39066435,-0.167507331,-0.0401750784,-0.127979886,0.0454029078,-0.245899825,0.33261422,-0.476040892,0.0174782385,-0.00930013468,0.0561358052,0.0480281437,-0.195722059,-0.132929124,0.118830858,-0.0144808031,-0.0885671376,0.123425484,-0.301533908,-0.0219802374,-0.0779341092,0.155014588,-0.134966208,0.0361870605
0.000391834553,-0.00254314305,0.836438913,-0.0239462081,0.0578230771,0.687820437,0.723177791,0.0189127876,0.197282092,-0.332176153,-0.354345044,-0.223383826,-0.109387471,-0.135923114,0.033766695,-0.257464506,0.312180096,-0.479617023,0.145479241,-0.130894401,0.0978462881,0.0527923098,-0.209218025,-0.135529619,0.114002122,0.0314655289,-0.0952264367,0.109428768,-0.306373407,-0.0250279335,-0.0685404083,0.174422546,-0.125809943,0.026862097
0.0002431267,-0.0016831876,0.836092234,-0.023653964,0.0578902117,0.684909065,0.725939932,0.0141064119,0.202019324,-0.329304837,-0.358087538,-0.22553965,-0.118491133,-0.136260742,0.0121188391,-0.267185627,0.325800083,-0.5019125,0.157695678,-0.146364008,0.0971375425,0.0614984146,-0.212766566,-0.136408769,0.113182641,0.0433334367,-0.104735978,0.112150953,-0.309845299,-0.0276860163,-0.0722906058,0.185635762,-0.134248151,0.0284766042
0.000361729561,-0.000807996903,0.835783559,-0.0242183819,0.0575765218,0.683628366,0.72715244,0.00786392003,0.205197617,-0.324646345,-0.369762213,-0.219408104,-0.119043591,-0.128612845,-0.00544013148,-0.267890138,0.327957877,-0.521165538,0.150738363,-0.152902563,0.0936788626,0.0666305797,-0.221158715,-0.133981351,0.114289727,0.0628296989,-0.114333524,0.111713728,-0.315019466,-0.0267379436,-0.0689679193,0.199246687,-0.141325033,0.0278025667
2.17721926e-05,0.000172387971,0.835819907,-0.0245474767,0.0575564765,0.684114539,0.726685607,-0.00117425856,0.205746337,-0.322965548,-0.379594701,-0.210193481,-0.119631978,-0.115420865,-0.0206804189,-0.265680148,0.322547324,-0.531228606,0.135933246,-0.156422904,0.0897657388,0.0669652922,-0.233620638,-0.133114472,0.111882247,0.0920110745,-0.129726626,0.115980162,-0.319472155,-0.0279091515,-0.0673212604,0.211747257,-0.147832096,0.0268763451
-4.73129388e-05,0.00113359801,0.835732855,-0.0249504638,0.0567797383,0.683943567,0.726893894,-0.00530947345,0.209741627,-0.32133573,-0.395884523,-0.205667846,-0.121151854,-0.111352993,-0.0357874248,-0.261238182,0.320719068,-0.542702737,0.131884656,-0.152240893,0.0836653296,0.0698498095,-0.247870917,-0.130131561,0.110491977,0.125257167,-0.14638089,0.115755235,-0.31928674,-0.0267124816,-0.0681141032,0.217673569,-0.154878737,0.0249508533
-0.000469623863,0.00254479104,0.835621883,-0.0263005437,0.0556776835,0.685390011,0.725567922,-0.0141959875,0.210371716,-0.315733996,-0.407484875,-0.202221376,-0.125747858,-0.110858392,-0.0453662613,-0.254398684,0.315606686,-0.545344272,0.135454206,-0.160499307,0.0725909561,0.068222457,-0.26728773,-0.124498329,0.113170495,0.171496209,-0.166522106,0.117496931,-0.314069537,-0.0240709504,-0.0706019599,0.211898778,-0.153052945,0.0221974425
-0.00131859747,0.00465739352,0.835409094,-0.0281849427,0.0545137992,0.687366673,0.72371328,-0.022764172,0.211100783,-0.312734026,-0.417941358,-0.199251159,-0.130582515,-0.108413799,-0.0583696601,-0.248356113,0.322606387,-0.54107481,0.138094783,-0.161486846,0.0849779584,0.0670013866,-0.276539485,-0.11933861,0.107039489,0.191707917,-0.180101032,0.119875807,-0.298269663,-0.0197594518,-0.0761769748,0.18426079,-0.147320171,0.0219170058
-0.00189199266,0.00695566637,0.835289805,-0.0292089875,0.0547926598,0.689445883,0.72167096,-0.0277761809,0.206937685,-0.305806605,-0.430714242,-0.20060797,-0.131877826,-0.104849467,-0.0657843108,-0.244452926,0.317826686,-0.537214878,0.14495,-0.161315652,0.0726008733,0.0628798197,-0.283912196,-0.118536942,0.106323166,0.211052857,-0.191678141,0.119663993,-0.293566305,-0.0192681255,-0.0779776504,0.178096237,-0.146315718,0.0213406877
-0.00291725318,0.00974878923,0.835089678,-0.0304818017,0.0549681452,0.692135422,0.719025674,-0.0284996693,0.202778045,-0.305733208,-0.447265355,-0.195221855,-0.13363988,-0.0995654547,-0.0659436496,-0.242445345,0.318486571,-0.542119929,0.14392218,-0.158942424,0.0689977622,0.0566221074,-0.293085412,-0.116929703,0.106614648,0.233638381,-0.205177625,0.119044596,-0.293063873,-0.0193831881,-0.0787843968,0.181627706,-0.152499824,0.0197647079
-0.00435284229,0.0133978542,0.83521718,-0.0318633283,0.0544904192,0.695037846,0.716196842,-0.03513312,0.197332978,-0.305487458,-0.44514412,-0.182730286,-0.145327366,-0.114735658,-0.0703151023,-0.241171475,0.317701304,-0.533163739,0.149282524,-0.17150413,0.0866395987,0.0611225316,-0.289175056,-0.12003936,0.0948420996,0.232721545,-0.206167213,0.11927899,-0.267847864,-0.0193751903,-0.0880122284,0.143302195,-0.143380112,0.0173478164
-0.00602422397,0.0162888817,0.834635377,-0.034640345,0.0558627602,0.69713981,0.7139156,-0.0313219761,0.196146599,-0.311483345,-0.462686925,-0.182979574,-0.14561656,-0.114140938,-0.0645741355,-0.242703754,0.321825048,-0.540563744,0.148566404,-0.168483322,0.0808349831,0.0600703806,-0.309645228,-0.11845086,0.0966563038,0.269709374,-0.233314757,0.122085324,-0.280153858,-0.0222507862,-0.091629902,0.165481594,-0.156435104,0.0150222143
-0.00813768485,0.0201023561,0.833929151,-0.0363386151,0.0567207448,0.699126207,0.71181796,-0.0288294748,0.192944062,-0.317470009,-0.468553946,-0.18300434,-0.143504302,-0.115337944,-0.058265026,-0.246717251,0.325749566,-0.541461677,0.148279637,-0.167452758,0.0844342739,0.0600035699,-0.325946223,-0.120674312,0.0932675183,0.3085268,-0.252786974,0.1249832,-0.294520722,-0.0260774872,-0.0927638121,0.201382912,-0.180666904,0.00945112242
-0.0103187921,0.0224428569,0.833268699,-0.040151966,0.0625471216,0.701321769,0.708959416,-0.0507418357,0.185055378,-0.326642883,-0.464391278,-0.190484784,-0.14069224,-0.11341532,-0.0641364182,-0.25691715,0.31928051,-0.543152755,0.139664203,-0.170743258,0.0817955332,0.0500597638,-0.339914071,-0.130610001,0.0889722535,0.311788096,-0.253006231,0.128846572,-0.329562514,-0.0331334533,-0.0832899954,0.247076913,-0.197347601,0.00848927198
-0.0125277866,0.0276844876,0.832262688,-0.0425789044,0.0649226564,0.701747289,0.708182764,-0.0545875372,0.181173893,-0.333525306,-0.458462242,-0.193651391,-0.135615558,-0.110456785,-0.0572964714,-0.260660246,0.322405686,-0.538521153,0.130228173,-0.171765115,0.0834066177,0.0572389095,-0.347772032,-0.137643779,0.0811781251,0.326152859,-0.259734446,0.134409222,-0.36153216,-0.0430181813,-0.0862013151,0.318213061,-0.234047306,0.00451202625
-0.0146322763,0.0326253581,0.830106674,-0.0439368661,0.0681192483,0.702622599,0.706930551,-0.0575068561,0.181531061,-0.342038918,-0.459048823,-0.192339434,-0.132321986,-0.111519043,-0.04848649,-0.265684001,0.313794863,-0.531847421,0.117165465,-0.167588525,0.084190892,0.0559568121,-0.357108565,-0.146560489,0.0688253275,0.340336277,-0.276342858,0.1424304,-0.416240743,-0.057660531,-0.0956201065,0.428664817,-0.279331496,0.00245018734
-0.0167780997,0.0370088698,0.826886511,-0.0447739608,0.0726295811,0.701330985,0.707711159,-0.0602932166,0.183941801,-0.340951834,-0.466993085,-0.182307547,-0.132007794,-0.108046014,-0.042808146,-0.272955856,0.315509545,-0.525768113,0.104399921,-0.165322759,0.084981874,0.0640154142,-0.369021516,-0.161239217,0.0600854489,0.362071866,-0.292710967,0.150318227,-0.493894828,-0.0829844269,-0.102118974,0.586403814,-0.309634372,0.0103634499
-0.0188406852,0.0428028491,0.823834568,-0.0466287256,0.0781754055,0.697709495,0.710574295,-0.0664592808,0.192624855,-0.349862318,-0.477877056,-0.182328762,-0.132287195,-0.108483587,-0.0359070469,-0.276876635,0.321327963,-0.517313991,0.0943218244,-0.164361001,0.087995303,0.0818347099,-0.380108586,-0.176939324,0.0493187933,0.379295139,-0.306629537,0.160324383,-0.576711863,-0.107303416,-0.0995957908,0.735023547,-0.324413765,0.018306407
-0.0206737347,0.0506717825,0.822055616,-0.048327092,0.0833834993,0.693422054,0.714057098,-0.0765238347,0.199376353,-0.352861513,-0.487688895,-0.181047966,-0.131955328,-0.112136951,-0.0276786179,-0.28306399,0.326945406,-0.510538962,0.0879037665,-0.161702685,0.0895074688,0.105584885,-0.382136314,-0.192522804,0.0411826444,0.388218266,-0.322543502,0.162853147,-0.649563638,-0.123935291,-0.0881989916,0.839025536,-0.341231783,0.0193528842
-0.0222717521,0.0608053133,0.821226213,-0.0483430603,0.0869380376,0.689111793,0.717795001,-0.087528736,0.202158332,-0.356598137,-0.492491293,-0.180287982,-0.129982363,-0.115695413,-0.0125896803,-0.290359415,0.322371585,-0.50578589,0.0870824364,-0.154330627,0.0837599007,0.134459367,-0.369539152,-0.20772847,0.0357399185,0.384503551,-0.331857844,0.156517836,-0.710877941,-0.135115969,-0.0814703315,0.883739965,-0.342345567,0.0353668605
-0.0237217555,0.0703338392,0.820582419,-0.0478244766,0.0911929292,0.684780291,0.721437886,-0.102001778,0.202206286,-0.356277917,-0.497182033,-0.177464099,-0.131781741,-0.115324807,0.00243960403,-0.299498186,0.318387196,-0.507231135,0.0929699299,-0.160243182,0.0743296608,0.155377657,-0.353321036,-0.221957072,0.0293393858,0.37348823,-0.333926989,0.154434683,-0.770356746,-0.149220247,-0.0729107161,0.870114463,-0.32396945,0.0428390451
-0.0252252273,0.0815019523,0.819117385,-0.0471034151,0.0963232949,0.680503925,0.724856882,-0.119118151,0.202625115,-0.359458246,-0.504055861,-0.176088957,-0.133951713,-0.110785801,0.0186183074,-0.306878191,0.31493119,-0.500480894,0.0936806345,-0.162401925,0.082609437,0.168441298,-0.33124614,-0.236952377,0.0258957944,0.354907308,-0.340655006,0.15698722,-0.828181878,-0.160201821,-0.0606344907,0.825088097,-0.290608768,0.0519770477
-0.0260751538,0.0927359643,0.818030512,-0.0478998415,0.102966203,0.676220541,0.727893774,-0.159923321,0.200361638,-0.358510819,-0.488197956,-0.15343493,-0.140136813,-0.119674247,0.0123953499,-0.314286151,0.314435286,-0.465499489,0.0648298057,-0.152984148,0.120724245,0.164059663,-0.26719205,-0.248109341,0.0223029729,0.239130554,-0.298265222,0.159389175,-0.87221936,-0.151302978,-0.0379524112,0.718621949,-0.206103821,0.0620265606
-0.0259166352,0.108269294,0.815185484,-0.0458422396,0.106696792,0.672432703,0.73099148,-0.16426605,0.207836222,-0.364233033,-0.50931937,-0.154245466,-0.144069512,-0.106536504,0.029835715,-0.320910205,0.313245643,-0.457445699,0.0625223342,-0.148682388,0.122733956,0.176375357,-0.243236698,-0.257000467,0.0223972339,0.242468287,-0.325603232,0.155479343,-0.921172533,-0.154508013,-0.0327512491,0.671900242,-0.17760067,0.0796716622
-0.0265469337,0.125129326,0.811663844,-0.0451246343,0.110813004,0.667310397,0.735106169,-0.175044782,0.21421925,-0.373104376,-0.522155432,-0.159252509,-0.145130991,-0.0907574551,0.036771843,-0.326493668,0.313403679,-0.440675516,0.0620985649,-0.140568973,0.121986306,0.185519189,-0.214638307,-0.266667167,0.0232727471,0.234867131,-0.34729078,0.149988836,-0.962024355,-0.151518867,-0.0229034527,0.60941216,-0.140818672,0.091475095
-0.0268318208,0.142923696,0.807718089,-0.0441335425,0.114960829,0.662088911,0.739239144,-0.185248134,0.215513869,-0.371652851,-0.527184601,-0.160989211,-0.143326369,-0.0809388083,0.0427063005,-0.327278057,0.300775709,-0.422937303,0.0631522217,-0.135613959,0.126166919,0.188338862,-0.181630113,-0.273526893,0.0315703532,0.222923129,-0.366518587,0.146386811,-0.993059007,-0.149648881,-0.0240046826,0.543484055,-0.108060792,0.100047407
-0.0265078006,0.162064765,0.803178832,-0.0424306472,0.118568549,0.657023618,0.743277273,-0.195611849,0.216190278,-0.371426764,-0.520121006,-0.164585316,-0.141421124,-0.0715274678,0.04822258,-0.33353055,0.304073177,-0.407874308,0.0693393305,-0.140933895,0.131421097,0.189584146,-0.145407335,-0.281173159,0.0346734446,0.213529071,-0.383716205,0.145174913,-1.01292831,-0.146142034,-0.0244117819,0.490927738,-0.076747124,0.106025474
-0.0257868393,0.182044908,0.79893001,-0.0412410476,0.121193525,0.65259124,0.746817232,-0.202658424,0.216779491,-0.374553853,-0.507376101,-0.163203866,-0.138257133,-0.0699093046,0.0472016875,-0.333410805,0.287964382,-0.398614544,0.0491082094,-0.139390932,0.139997354,0.196968627,-0.114748662,-0.284892268,0.0327954172,0.219753137,-0.39587714,0.144002394,-1.02179168,-0.144369653,-0.0225045502,0.463621766,-0.0622367033,0.102731771
-0.0269377722,0.207989395,0.795875408,-0.0271438137,0.11734541,0.648711035,0.751443452,-0.178981564,0.194213538,-0.379257111,-0.473633845,-0.160537438,-0.128929348,-0.0642764469,0.0649889574,-0.340694889,0.278683706,-0.371583354,0.0298007329,-0.118304994,0.14098404,0.17455507,-0.0178892663,-0.300309979,0.0389240657,0.176096008,-0.372341653,0.116029601,-1.00093207,-0.123729484,0.00788626542,0.491899148,-0.0675218874,0.0994348627
-0.0240948747,0.233469839,0.791104387,-0.0244789718,0.115251865,0.644917802,0.755115101,-0.160739316,0.192782425,-0.377697349,-0.459961578,-0.168388389,-0.122361075,-0.0641131529,0.0815877174,-0.344910307,0.290998673,-0.381567726,0.0692250448,-0.118194877,0.125649432,0.183004172,0.00141043821,-0.294047399,0.0290758652,0.243102586,-0.395092578,0.0999120692,-0.994399946,-0.109774302,0.0274882974,0.571106155,-0.0716061874,0.0823404466
-0.0220166853,0.260680916,0.789301316,-0.0325970706,0.116410181,0.642796782,0.756437967,-0.176529455,0.200031454,-0.373200085,-0.431204062,-0.16960133,-0.113879989,-0.0657048055,0.0580874656,-0.333146587,0.278397358,-0.378103434,0.0732730325,-0.118694799,0.132165774,0.204974536,-0.00927943903,-0.276891733,0.00817145084,0.319901168,-0.382777044,0.0701581877,-1.0032964,-0.120875025,0.0117549068,0.653047967,-0.1002696,0.0567927713
-0.0195497614,0.290069933,0.788139915,-0.0265278576,0.104118771,0.642492246,0.758722128,-0.1160897,0.195644938,-0.377609957,-0.41809093,-0.166088961,-0.106899497,-0.071819092,0.0921590814,-0.325896265,0.290649363,-0.385649733,0.0746488149,-0.113445076,0.128172634,0.200682479,-0.00176277773,-0.253264393,0.0308821376,0.455783009,-0.378052184,0.0195310142,-0.97490608,-0.0983785707,0.0112291146,0.749727169,-0.156173849,0.038160779
-0.0173818642,0.319354299,0.787986669,-0.0292751819,0.0908169813,0.645134752,0.758087325,-0.0721069806,0.208528698,-0.377432997,-0.41257444,-0.150440427,-0.091793779,-0.0751435358,0.102433982,-0.299824966,0.284933016,-0.385459811,0.0840695278,-0.104908032,0.130173437,0.19404501,-0.0181858679,-0.209493217,0.0492307234,0.60207871,-0.303713583,-0.0316073369,-0.938640606,-0.0716476832,-0.0101745541,0.813588701,-0.218865055,-0.00273144803
-0.0144112751,0.346008855,0.789100257,-0.0363029813,0.0815191311,0.651937287,0.753003651,-0.0540392304,0.227252029,-0.384412562,-0.397659968,-0.140478841,-0.0889109563,-0.0984062148,0.101383427,-0.272791674,0.27557423,-0.398456564,0.0994999046,-0.105343061,0.135174846,0.194161179,-0.0639624162,-0.167302582,0.0400113522,0.740356771,-0.15180125,-0.0798257125,-0.902602722,-0.0604383639,-0.047850327,0.848599933,-0.272904808,-0.0471477837
-0.0112943313,0.372474083,0.791395942,-0.042040093,0.0775959032,0.660103571,0.745972374,-0.0385803993,0.23593066,-0.385970452,-0.394939786,-0.126458278,-0.0804345375,-0.08979221,0.0940920799,-0.256448418,0.278530642,-0.42260643,0.0828738839,-0.111386648,0.126364583,0.175546824,-0.152519518,-0.120751363,0.0607807739,0.903548921,-0.0626132472,-0.0781392686,-0.871127614,-0.0435019226,-0.066528023,0.872082967,-0.329207416,-0.0811422411
-0.00882416066,0.398885393,0.795691347,-0.0488704626,0.0824854792,0.667079556,0.738791371,-0.046150747,0.227769592,-0.372387186,-0.371177263,-0.143906373,-0.0897708643,-0.0913978335,0.0528984166,-0.254997811,0.286735177,-0.430311032,0.0874095238,-0.138807786,0.121182132,0.133379389,-0.299748764,-0.064076713,0.125293914,1.06795267,-0.120235469,-0.0550497269,-0.839897616,-0.0216901105,-0.0670521213,0.851317168,-0.353504945,-0.0932773981
-0.00611441627,0.427291663,0.801745736,-0.0525635767,0.0801152635,0.676033283,0.730614546,-0.0291071211,0.232283296,-0.354930578,-0.368514675,-0.140699083,-0.0907531798,-0.102600353,0.0315112798,-0.256787489,0.305551659,-0.453358775,0.103020173,-0.14706921,0.130639543,0.0978842312,-0.43023829,-0.00799872756,0.147589279,1.15218844,-0.168433227,-0.0264228274,-0.778860117,0.00194595766,-0.0722399778,0.820156834,-0.390712385,-0.108075874
-0.00364653909,0.455361053,0.807956137,-0.0560822178,0.0781254019,0.684551468,0.722592896,-0.00833915788,0.23180135,-0.334963184,-0.376714263,-0.1282125,-0.0916751334,-0.0962813397,0.018874806,-0.251639174,0.310645456,-0.494446075,0.113761034,-0.152287535,0.101552853,0.052509077,-0.559318805,0.0262253061,0.151875552,1.16498627,-0.211463957,-0.00960339752,-0.707643519,0.0296329759,-0.0752339858,0.760500682,-0.400353077,-0.11386754
-0.00202359635,0.482227671,0.814138354,-0.0593752489,0.0745796161,0.693837546,0.713794032,0.00863907863,0.238545248,-0.332630056,-0.388487445,-0.131004685,-0.087979105,-0.0976557311,-0.00647900541,-0.253084028,0.325309201,-0.513804069,0.1018574,-0.151035809,0.0906511525,-0.00104707255,-0.666445457,0.0567895052,0.151132852,1.10037241,-0.229587897,-0.00135660188,-0.623595805,0.062447682,-0.0706052417,0.675753134,-0.393898605,-0.10500945
-0.000877692185,0.510908373,0.818994501,-0.0620418894,0.0716146496,0.701064596,0.706774772,0.0333958099,0.248419259,-0.331492626,-0.406719263,-0.134464679,-0.122494154,-0.117658569,-0.0243229423,-0.258509964,0.327827081,-0.547437382,0.0883041878,-0.169691476,0.075118211,-0.0278698922,-0.755221675,0.0576569854,0.12786649,0.977710036,-0.243315671,0.00650438232,-0.526625271,0.081152384,-0.0709226125,0.57462113,-0.371984826,-0.0818260563
-0.000638875516,0.53976262,0.821128798,-0.0668929716,0.0702143353,0.705933343,0.70160772,0.0534540478,0.256332822,-0.332591028,-0.419107363,-0.123191731,-0.121951326,-0.13427215,-0.0477671444,-0.266324291,0.336780162,-0.578920819,0.0631569285,-0.169581334,0.0735014517,-0.0348504491,-0.819541274,0.0524186378,0.113797979,0.79702408,-0.212677903,0.0139976081,-0.429918906,0.0914451923,-0.082597026,0.466969104,-0.356545584,-0.0678040759
-0.000889673295,0.569369953,0.820773175,-0.0721700548,0.0683303693,0.708572653,0.698603779,0.0709509581,0.261369038,-0.327935577,-0.422076406,-0.126131978,-0.133026246,-0.145991185,-0.0779609146,-0.278504138,0.347750069,-0.597451947,0.0433812824,-0.179008412,0.0804975229,-0.0299484808,-0.846388937,0.0273696136,0.0835281246,0.553961395,-0.144181306,0.00411627701,-0.324285467,0.103693656,-0.0948775793,0.343198306,-0.331026725,-0.0538196824
-0.00139525742,0.599873803,0.817130498,-0.0769702311,0.0670300032,0.711365871,0.695371238,0.082551169,0.258658378,-0.320095711,-0.421903205,-0.133645513,-0.139153103,-0.141610673,-0.0983432608,-0.288407991,0.355322919,-0.623029353,0.041831968,-0.186367352,0.0667991479,-0.026400684,-0.848961007,-0.000506928756,0.0481143227,0.294919649,-0.0614007796,-0.0131325388,-0.217939876,0.116446675,-0.10991732,0.219207313,-0.308508491,-0.0275450434
-0.00188352806,0.630898769,0.810714502,-0.08035339,0.0648519145,0.7121936,0.694347059,0.0964327051,0.263184637,-0.327584808,-0.417366614,-0.141661989,-0.137897731,-0.141428494,-0.122096352,-0.297975223,0.356421926,-0.635623337,0.0396023808,-0.184483084,0.0593712455,-0.0102324444,-0.85916652,-0.0255341821,0.0142902928,0.131467974,-0.0245242111,0.00721744445,-0.14690077,0.126157934,-0.124847935,0.181046257,-0.322227381,-0.0126986484
-0.00204100277,0.664226384,0.802848059,-0.0809515949,0.0591132807,0.713011007,0.693950836,0.119673064,0.263814281,-0.32070114,-0.423718815,-0.132329028,-0.140421361,-0.141904246,-0.120707315,-0.301102978,0.352602011,-0.655478071,0.0461949313,-0.186711407,0.0439353502,0.00340370933,-0.871181758,-0.0396251642,0.00840999471,0.111666156,-0.0321679467,0.00735755619,-0.109727721,0.133757949,-0.142747523,0.24186313,-0.371931541,-0.0101650114
-0.00357549055,0.697946895,0.795195117,-0.0774532143,0.0555809211,0.713472088,0.694168092,0.123769632,0.257103932,-0.317086955,-0.412036568,-0.126573183,-0.136628758,-0.154072222,-0.125588916,-0.306759851,0.340268051,-0.643314491,0.0485306278,-0.182214472,0.0304318983,-0.00252653914,-0.8832896,-0.0493046495,0.0118744309,0.213780177,-0.0347480049,0.0170571043,-0.0910896615,0.127967332,-0.137727122,0.349988615,-0.420904958,-0.000425218978
-0.00499607367,0.733179489,0.788074716,-0.0720978544,0.0497575849,0.713305883,0.695356598,0.130437987,0.249536732,-0.314335532,-0.397043947,-0.135002989,-0.133064317,-0.165552183,-0.110058948,-0.300942459,0.325242164,-0.625915299,0.0592750142,-0.180703387,0.0163345107,-0.0162604904,-0.900327854,-0.048056513,0.00754344191,0.372337768,0.00405369137,0.0346511949,-0.0734973809,0.122928882,-0.122174339,0.476130562,-0.428938821,0.0226393983
-0.00745178254,0.770284099,0.785836395,-0.0640628108,0.0503952115,0.713244306,0.696160067,0.124592182,0.231956781,-0.321470715,-0.379140426,-0.153312641,-0.127693427,-0.166899122,-0.0852803912,-0.299748123,0.312320579,-0.60577893,0.0630603604,-0.177190025,-0.000523771292,-0.0214252787,-0.903795656,-0.0579486199,0.0184313776,0.515074209,-0.00444730047,0.0511778822,-0.0624520371,0.0989337942,-0.100915513,0.599210193,-0.361522136,0.0465661327
-0.00954995176,0.807286837,0.786139069,-0.0513384712,0.0518903682,0.711262844,0.699125824,0.122975646,0.211476047,-0.336671408,-0.367076303,-0.166480235,-0.123022979,-0.168762078,-0.0521625209,-0.307616092,0.31552379,-0.580319829,0.0496940077,-0.170307312,0.0050389904,-0.0197525615,-0.881562735,-0.0844300699,0.0327224586,0.628444232,-0.0652722821,0.0908710983,-0.0324836173,0.0634357199,-0.0983415494,0.677291456,-0.14976958,0.0989292541
-0.0122351761,0.84197353,0.789458398,-0.048410587,0.0580923051,0.707523146,0.702632689,0.0817788267,0.194425044,-0.331910631,-0.35431556,-0.173312798,-0.122047398,-0.175479986,-0.0481643206,-0.309233484,0.318661509,-0.551493477,0.0404570128,-0.176825803,0.0401466102,-0.0178185898,-0.850574354,-0.101837086,0.0450040075,0.671493522,-0.112404889,0.136262379,-0.0756159952,0.0351743696,-0.0762767809,0.79973156,0.0459219332,0.120980475
-0.015183325,0.874801964,0.795047153,-0.0470359218,0.0622262093,0.700044879,0.709825816,0.0584305071,0.192074671,-0.32788416,-0.372298141,-0.170938667,-0.116845301,-0.174034191,-0.0426725784,-0.31068511,0.323976163,-0.535132348,0.04728104,-0.169332736,0.0716535316,0.00901121135,-0.804531092,-0.123481703,0.0494556341,0.680960453,-0.163129553,0.169140147,-0.190744518,-0.0250286098,-0.102349466,0.983273681,0.0287645478,0.106372735
-0.0170520846,0.907192388,0.802602288,-0.0441025975,0.0659270679,0.691580549,0.717931004,0.0276685299,0.192736865,-0.330961654,-0.385778381,-0.168565892,-0.122299307,-0.159505281,-0.0320615496,-0.314783124,0.349652111,-0.52625286,0.0642907276,-0.170889943,0.0877445015,0.0490476481,-0.735243496,-0.151459946,0.0477119103,0.651568408,-0.197108107,0.18121673,-0.323801937,-0.0996870592,-0.135904644,1.10733539,-0.0431248934,0.0727366409
-0.0185809619,0.939463992,0.809924372,-0.0404564949,0.0694271308,0.683160793,0.725833642,-0.00858883386,0.195997845,-0.336908288,-0.395943597,-0.167844968,-0.124230497,-0.135388933,-0.0171300429,-0.318013138,0.353046433,-0.518820276,0.0751047637,-0.175542399,0.0981004397,0.0891430097,-0.657499035,-0.179437423,0.0420449039,0.607202964,-0.222313944,0.184644545,-0.456247282,-0.168016605,-0.156261805,1.15615205,-0.102562882,0.0466479719
-0.0202594645,0.971960586,0.815838567,-0.0366452466,0.0719863986,0.676316589,0.732168666,-0.0379722213,0.209032307,-0.344836248,-0.427452239,-0.16439463,-0.124963074,-0.131375593,0.00388354751,-0.318967453,0.342982661,-0.51800461,0.069049127,-0.173826976,0.112263899,0.132370308,-0.57383229,-0.207629112,0.0287930739,0.558541699,-0.246884292,0.186800474,-0.582678581,-0.201772552,-0.147389338,1.1401609,-0.166710756,0.0392004224
-0.0205707489,1.00526221,0.820488199,-0.0321381159,0.0755809575,0.669571223,0.73819309,-0.0660412632,0.224881614,-0.347447945,-0.460996616,-0.15766393,-0.128666595,-0.110110036,0.0270214996,-0.31944677,0.322046735,-0.517311765,0.0408501413,-0.174980396,0.115632549,0.165182497,-0.470892953,-0.228551549,0.0193282718,0.4741316,-0.254417822,0.175618336,-0.68163886,-0.232762194,-0.147608672,1.05384334,-0.205958119,0.0419283874
-0.0211023595,1.0385815,0.822813884,-0.0270354652,0.0792979231,0.664550771,0.742531613,-0.096706996,0.240935847,-0.347017587,-0.492497116,-0.152642552,-0.132057892,-0.101143605,0.0503721092,-0.329770123,0.320599803,-0.530223022,0.0606528868,-0.155175561,0.109411298,0.166349445,-0.361973072,-0.239685506,0.0248497905,0.378768315,-0.256205391,0.161898517,-0.762244983,-0.235062027,-0.135067783,0.911077499,-0.195989406,0.0544077042
-0.0210179074,1.071396,0.822604216,-0.0236230964,0.0824022486,0.660471468,0.74594186,-0.129004149,0.260322871,-0.343699788,-0.517329367,-0.154062216,-0.150635006,-0.0930870345,0.0645261342,-0.333994895,0.321466505,-0.515642058,0.0889357865,-0.169721235,0.101820592,0.163731126,-0.259347242,-0.246118759,0.0283517454,0.286751977,-0.262527834,0.157967537,-0.81237206,-0.215061794,-0.118698695,0.71195871,-0.145421286,0.0776396272
-0.0205250674,1.10523902,0.819954189,-0.0199847227,0.0844718422,0.65668482,0.749152966,-0.157959543,0.277568853,-0.336224624,-0.536684472,-0.165403391,-0.157337447,-0.082619384,0.0744664188,-0.333928574,0.321933731,-0.502013323,0.139762458,-0.158878828,0.0895447414,0.155233647,-0.152489228,-0.250749821,0.0410975856,0.193993234,-0.265896811,0.149297844,-0.825507321,-0.171556985,-0.0828850832,0.457714704,-0.0533913821,0.110889536
-0.0203357757,1.14049854,0.814879142,-0.0159669204,0.0855941912,0.654642055,0.750907766,-0.179230996,0.290570524,-0.325194813,-0.554482683,-0.169397377,-0.16994925,-0.0766241074,0.0807632007,-0.331311042,0.293375678,-0.4794703,0.104266262,-0.153363038,0.122301722,0.136729585,-0.0685180028,-0.257164186,0.0526427602,0.155620033,-0.28350669,0.130901612,-0.821304825,-0.127818595,-0.0322707957,0.225481929,0.0228934316,0.147138718
-0.0191122528,1.17541458,0.80824233,-0.0129338092,0.0849790495,0.651859678,0.753452214,-0.183990261,0.297148519,-0.307374211,-0.57636736,-0.159160066,-0.166415419,-0.0518203913,0.0957578953,-0.327535045,0.274256421,-0.479574541,0.107060647,-0.148754635,0.125059773,0.121486021,-0.031430753,-0.257544018,0.0648084843,0.215336332,-0.335602272,0.11332344,-0.838970879,-0.091531644,0.00423981493,0.151341407,0.0259183053,0.153464762
-0.0184485232,1.21178799,0.801794875,-0.0095285868,0.0810350436,0.650365354,0.755226744,-0.182601728,0.301461843,-0.29067225,-0.582680253,-0.158052344,-0.163001779,-0.0472409607,0.101778654,-0.324270043,0.274656583,-0.461096781,0.109468118,-0.143892,0.13852179,0.111371992,-0.00920051719,-0.254743244,0.0664359657,0.322229654,-0.382871952,0.100782321,-0.845498124,-0.0691551271,0.00806594111,0.201875373,0.00399501299,0.129103169
-0.0163440235,1.25145989,0.795524824,-0.00676945372,0.0709033755,0.64879779,0.757620165,-0.162088711,0.296613475,-0.276229562,-0.575958695,-0.122095747,-0.153494736,-0.0237182404,0.106800936,-0.314876787,0.282912838,-0.436547721,0.106416376,-0.143120932,0.138956854,0.129226893,0.0114939737,-0.234246595,0.0572048149,0.463170854,-0.409722461,0.0648359595,-0.847408105,-0.050855446,0.0151433329,0.366569045,-0.0476231607,0.0959984766
-0.0139571924,1.29119419,0.790311503,-0.00537394029,0.0600711671,0.648786023,0.758577137,-0.133176586,0.290294266,-0.259078653,-0.567617624,-0.116919582,-0.1462959,-0.0207962963,0.119395832,-0.299263229,0.266029985,-0.427814227,0.115247466,-0.142148646,0.139119314,0.152843754,0.0298475495,-0.209486142,0.0366966608,0.595074486,-0.361263691,0.00644951855,-0.834185264,-0.0398503468,0.0223945546,0.499200567,-0.0263175031,0.06224887
-0.0117669013,1.33009222,0.788190125,-0.00783348084,0.0483781045,0.650709089,0.757743939,-0.0982468469,0.286079438,-0.249839947,-0.549980362,-0.110628055,-0.13577976,-0.0255638221,0.127818642,-0.278444141,0.255451281,-0.417149465,0.134059717,-0.132510569,0.136364943,0.184254196,0.0278188593,-0.168984656,0.0204610245,0.727164558,-0.198847512,-0.055683622,-0.822949908,-0.0304048908,0.00722828778,0.64228298,-0.0735893224,0.0138056225
-0.00981934482,1.36789683,0.789161771,-0.0105764708,0.0422821372,0.654977604,0.754390282,-0.0682134635,0.283232566,-0.260746298,-0.532794269,-0.09721012,-0.132031307,-0.0420738958,0.128171458,-0.262935515,0.251948664,-0.419459584,0.121193876,-0.1243159,0.127955098,0.183303786,-0.00704599098,-0.143276241,0.0206702202,0.84554393,-0.00688052346,-0.103630107,-0.79588498,-0.0157300921,-0.00700907015,0.725857639,-0.145730991,-0.0507346811
-0.00839433057,1.4018941,0.792751116,-0.0175765077,0.045440858,0.66295623,0.747071102,-0.0684771227,0.265846054,-0.268749618,-0.500994024,-0.095310288,-0.123966907,-0.0629969131,0.108131813,-0.253797488,0.244529858,-0.425887255,0.107239884,-0.132269811,0.113666007,0.156917751,-0.151165236,-0.0896773121,0.0832298733,1.03627341,-0.0292538454,-0.0724059219,-0.773328517,-0.00566646527,-0.0132872697,0.760164281,-0.216122971,-0.0859614365
-0.00789880985,1.43550554,0.800254117,-0.0235478382,0.0504749787,0.672230891,0.738243459,-0.0782392728,0.24459349,-0.282823808,-0.457377554,-0.116108747,-0.12237968,-0.079851256,0.0698716837,-0.258618332,0.255635135,-0.420066722,0.0997096896,-0.14250784,0.117231536,0.125408743,-0.308400878,-0.0195042267,0.158032975,1.14501107,-0.0925657137,-0.0324448632,-0.720047683,-0.00466898413,-0.0234726222,0.729366444,-0.25453971,-0.0982190928
-0.00734769144,1.46963725,0.807557837,-0.0268976112,0.0499178013,0.680284081,0.730751874,-0.0612876493,0.234598627,-0.299955315,-0.424088884,-0.131333715,-0.121472977,-0.0996093749,0.045928766,-0.259292912,0.276455894,-0.428197895,0.103099763,-0.14836454,0.117994362,0.0791615728,-0.444137486,0.0276630242,0.199573762,1.1634158,-0.167200494,-0.0052514515,-0.653040912,0.017731703,-0.0192413261,0.695132047,-0.284950038,-0.0983029242
-0.0072792151,1.50357989,0.814791259,-0.0307461201,0.0486460241,0.686810152,0.724555074,-0.0325361628,0.228155806,-0.30347389,-0.40001094,-0.129379332,-0.11255392,-0.110838378,0.0257494728,-0.271373683,0.317179763,-0.460045883,0.10329694,-0.149834841,0.120014838,0.0415840844,-0.558436303,0.0595057636,0.222024503,1.09132013,-0.214929583,0.00379219538,-0.56885428,0.0383789869,-0.0104556861,0.626271219,-0.298339416,-0.0951199335
-0.0084001827,1.53692981,0.820291275,-0.0361972591,0.0499392938,0.690692609,0.72051339,-0.00540882623,0.225209091,-0.298898521,-0.379581072,-0.138890628,-0.122905434,-0.129132382,-0.00314109768,-0.279204662,0.325408343,-0.491469449,0.0928500634,-0.160949226,0.114656992,0.0231981644,-0.652330147,0.0745690876,0.237090241,0.943082866,-0.231571487,0.0147703826,-0.483529488,0.0427859536,-0.0233282155,0.540133235,-0.298127135,-0.0722459357
-0.00936703824,1.57085214,0.823085719,-0.0421705786,0.0515871231,0.694189738,0.716701485,0.0131155068,0.226176043,-0.294714281,-0.361364765,-0.126210907,-0.128138868,-0.154196453,-0.0262158629,-0.293073922,0.325738791,-0.536510933,0.0760091436,-0.16836642,0.108271661,0.0312262928,-0.71418082,0.07811751,0.258297813,0.731308793,-0.22349798,0.0316406062,-0.395086461,0.0409511023,-0.0457582932,0.451332603,-0.294019179,-0.0530740708
-0.0115710434,1.6044165,0.822835322,-0.0495195339,0.0537477676,0.6979974,0.712361301,0.0323959483,0.234114093,-0.314081532,-0.35843034,-0.149152903,-0.125457453,-0.1575395,-0.0417097954,-0.314408318,0.33041032,-0.597689928,0.0634907265,-0.166439214,0.0933759638,0.0333446683,-0.73454124,0.0419026216,0.242595563,0.444230039,-0.125620333,0.0208954505,-0.320431583,0.0393165397,-0.0798806461,0.383225395,-0.299676059,-0.0369749252
-0.0148923941,1.63915415,0.819680641,-0.054151112,0.053299914,0.699570204,0.710512706,0.0518439785,0.237968081,-0.332018178,-0.345213066,-0.171501777,-0.129442785,-0.157770199,-0.0559729963,-0.32984043,0.325903212,-0.633085274,0.0503501067,-0.176818364,0.083963749,0.0387252129,-0.735500212,0.00412588334,0.201629967,0.218001177,-0.0449424634,0.0100500977,-0.255190683,0.0390493404,-0.109184605,0.35867263,-0.321345614,-0.0198260577
-0.0181563583,1.67523083,0.813734735,-0.054904528,0.0501643625,0.702087936,0.70819599,0.0791674654,0.242929091,-0.332673223,-0.354614953,-0.171398675,-0.122741885,-0.161933631,-0.0539191738,-0.343647771,0.313524792,-0.664435573,0.0471028629,-0.180218704,0.0642639868,0.0482921067,-0.757763127,-0.0221144527,0.1607586,0.187200693,-0.0437265546,0.0137660852,-0.223118752,0.0373406889,-0.120592472,0.431236557,-0.378318299,-0.012910273
-0.0207337635,1.71186033,0.807516199,-0.0509737671,0.043962993,0.705827563,0.705178262,0.10464382,0.24682494,-0.344349869,-0.360856526,-0.170553904,-0.110762603,-0.164222984,-0.0384083172,-0.3514477,0.293921635,-0.676795881,0.0448621895,-0.178237296,0.0485471618,0.0575326793,-0.766191312,-0.0493979856,0.124730798,0.274925221,-0.0562707155,0.020264153,-0.185017992,0.0352672864,-0.130094523,0.523854848,-0.415877921,0.00508785997
-0.0248780812,1.74994661,0.801203525,-0.0435222243,0.0392533277,0.706752168,0.705029337,0.125937088,0.242497907,-0.345209253,-0.360714641,-0.184532544,-0.103831296,-0.167152784,-0.0120387645,-0.358480592,0.274701254,-0.683284774,0.0497969776,-0.179722719,0.0375381187,0.0583277853,-0.763181046,-0.0849852956,0.0746673506,0.407683577,-0.068435842,0.0351050586,-0.15200365,0.0247210428,-0.118177808,0.635767044,-0.406441476,0.0258803415
-0.0306714981,1.7879107,0.797117874,-0.0359326567,0.041829373,0.705058095,0.707002284,0.131355323,0.224598097,-0.335823306,-0.35593728,-0.204191363,-0.106660094,-0.175218546,0.0049664208,-0.370217992,0.263891762,-0.668532216,0.0646038812,-0.17744436,0.0346115316,0.067161761,-0.757980506,-0.107636728,0.0818946203,0.520375784,-0.0878381202,0.0911434452,-0.138682296,-0.00561685872,-0.113513088,0.752731119,-0.273739399,0.0782119656
-0.0359164245,1.82508504,0.79546191,-0.0314188255,0.0444548749,0.703116429,0.708987947,0.115328532,0.207444703,-0.344333345,-0.334738538,-0.204478055,-0.113235645,-0.171223756,0.0146290261,-0.371773169,0.260808207,-0.62519016,0.0428250255,-0.186041863,0.033062768,0.0664216264,-0.744115344,-0.129255002,0.0812244574,0.620355781,-0.151127482,0.131887744,-0.157122114,-0.0255040113,-0.0882592711,0.868881347,-0.0688332963,0.11127926
-0.0404494839,1.85958974,0.796425001,-0.0325373403,0.0461113915,0.698659662,0.713224886,0.0974097263,0.204933192,-0.342069937,-0.337152325,-0.198830773,-0.110681644,-0.173208949,0.0169712102,-0.366171384,0.257950126,-0.588693221,0.0364556132,-0.175983635,0.056306368,0.0829376304,-0.715539837,-0.141539087,0.077091729,0.671205835,-0.216406277,0.158144592,-0.269618919,-0.056412112,-0.0824281979,1.03435712,-0.0840356261,0.102128405
-0.0453126334,1.89322618,0.800959251,-0.0340789092,0.049268181,0.691257533,0.72012103,0.0728596865,0.202506381,-0.343150135,-0.344689976,-0.203878575,-0.103752781,-0.156859,0.0157468517,-0.360198703,0.269947318,-0.552878346,0.0494026659,-0.171131207,0.0581408868,0.107284362,-0.664416359,-0.152789291,0.078800251,0.67208685,-0.270821822,0.178277884,-0.41895009,-0.105862666,-0.0848696028,1.1310917,-0.148958004,0.0730866064
-0.0502966828,1.92762301,0.806924658,-0.0330873261,0.0511137891,0.68157555,0.729210106,0.0448424076,0.200047653,-0.338075886,-0.334069645,-0.1935656,-0.117471885,-0.142364671,0.0193493468,-0.355672544,0.288151243,-0.511708778,0.0523907133,-0.17904131,0.0791421965,0.147786777,-0.587118041,-0.172720107,0.0768968866,0.634489532,-0.297476979,0.187086519,-0.551078296,-0.142631703,-0.0889578162,1.12279437,-0.219083086,0.0641631689
-0.0554325627,1.96244966,0.812129023,-0.0302818448,0.0526789325,0.677204507,0.733281662,0.0168166133,0.205478458,-0.343762234,-0.338930552,-0.18609683,-0.119110233,-0.12691929,0.0428482674,-0.357960373,0.288037884,-0.497965961,0.0573065312,-0.173012255,0.0969940062,0.168938826,-0.500536189,-0.198226955,0.0555633793,0.591616584,-0.316512451,0.186791847,-0.657293741,-0.170575844,-0.085051257,1.03688089,-0.266173433,0.0481000362
-0.0592223913,1.99716888,0.81542934,-0.0288789989,0.0577257747,0.673209388,0.73662939,-0.0100719959,0.21508363,-0.344975518,-0.367784173,-0.164589731,-0.115503771,-0.112064924,0.0668453503,-0.36016222,0.267214035,-0.499320472,0.0345624064,-0.160361413,0.111336547,0.179143598,-0.407417943,-0.211895936,0.0635424693,0.508228372,-0.3308163,0.176619141,-0.743848844,-0.187309328,-0.0798230654,0.885420909,-0.264475407,0.0630540605
-0.0631818717,2.03268848,0.816352497,-0.0276691066,0.0632400355,0.669718333,0.739400076,-0.034823436,0.223470345,-0.326592804,-0.397768853,-0.146403615,-0.128218677,-0.0940516268,0.0955967881,-0.366307502,0.256202268,-0.502747206,0.0519986773,-0.178524144,0.113934634,0.169591242,-0.315721048,-0.225851756,0.0730727541,0.435050397,-0.338855954,0.171301734,-0.803565753,-0.158915507,-0.0321791328,0.67286873,-0.218506279,0.0893731283
-0.0668624795,2.06770372,0.814383802,-0.028156302,0.0711309803,0.667040943,0.741082982,-0.0598385376,0.240348854,-0.318480816,-0.435345488,-0.133400535,-0.146996289,-0.0871499814,0.115034148,-0.369792972,0.23548312,-0.510455588,0.0477277764,-0.174024624,0.111867582,0.155538536,-0.234648297,-0.23963052,0.093435242,0.363274586,-0.354727019,0.168611328,-0.833593125,-0.104455167,0.0808036922,0.413759112,-0.13640612,0.14049782
-0.0704094438,2.1049992,0.809303624,-0.0277086285,0.0768330144,0.66519369,0.742190187,-0.0811179823,0.256266468,-0.310482678,-0.475672483,-0.1374139,-0.132738206,-0.0622685765,0.130682469,-0.367952643,0.204472343,-0.51104276,0.0399435419,-0.164136266,0.119467701,0.145997339,-0.163128298,-0.255306215,0.0996316391,0.329376385,-0.37926913,0.157689029,-0.861608865,-0.0604700206,0.214080163,0.269787957,-0.106842949,0.168883285
-0.0751833762,2.14219367,0.801174559,-0.0244551418,0.077993982,0.664611943,0.742704416,-0.0792938222,0.271865775,-0.299164755,-0.518495535,-0.129024034,-0.142027806,-0.0434968231,0.154699328,-0.371315178,0.198117871,-0.518969524,0.0455154253,-0.16080956,0.112187012,0.135273803,-0.129365965,-0.265280634,0.110803592,0.399852455,-0.439684647,0.148668657,-0.894068137,-0.0300345516,0.28425921,0.292588137,-0.126965462,0.183459827
-0.0800815565,2.18103202,0.792192612,-0.0192241895,0.0769445444,0.664144293,0.743385718,-0.0863682577,0.282999747,-0.28908103,-0.527766278,-0.0990985913,-0.150592813,-0.0406727916,0.15727099,-0.370922135,0.18732653,-0.49748003,0.050041122,-0.163269721,0.099975417,0.179772023,-0.0896231415,-0.280245637,0.0750629208,0.487635665,-0.474715288,0.134978435,-0.909793427,-0.0401943336,0.318762175,0.437745302,-0.162747543,0.190904041
-0.0840255109,2.21971885,0.782964452,-0.0156712824,0.0719585407,0.669400653,0.739242278,-0.0757906704,0.285257336,-0.283720808,-0.540739434,-0.0815315593,-0.142367272,-0.0275890183,0.177787527,-0.361464339,0.166955026,-0.499957928,0.04273403,-0.157255289,0.0938433611,0.201113658,-0.0768596135,-0.274062462,0.067277764,0.631295008,-0.481446417,0.117822957,-0.92430746,-0.0367052796,0.316461859,0.631083099,-0.183198997,0.175238711
-0.0891016019,2.25779776,0.77749364,-0.0138586825,0.0656556289,0.680252203,0.72990014,-0.0740327919,0.283754325,-0.302835088,-0.505265303,-0.054121458,-0.150350839,-0.0513559567,0.20019387,-0.336351442,0.11573672,-0.492291324,0.043969821,-0.14128967,0.0582953928,0.216275863,-0.0786190878,-0.245274138,0.0906848914,0.790040568,-0.416440693,0.0796701799,-0.91541682,-0.049055629,0.29014172,0.779820629,-0.242193417,0.162385907
-0.0950262631,2.2919836,0.775450496,-0.0192624637,0.0606385645,0.692564524,0.718544572,-0.0660481755,0.288549122,-0.316449074,-0.497417496,-0.0554911777,-0.143575505,-0.0621713252,0.190402266,-0.307550635,0.116804463,-0.469401653,0.0338662177,-0.120672039,0.0407774614,0.210758075,-0.11514475,-0.180398077,0.166943877,0.924700029,-0.26865189,0.0655351661,-0.900734852,-0.0515836582,0.257796699,0.874200203,-0.312223356,0.103391179
-0.102133248,2.32407528,0.778293837,-0.0233128082,0.0642003238,0.709308121,0.701581657,-0.0641123483,0.277731241,-0.338116244,-0.490529952,-0.0564093293,-0.145641745,-0.0676709933,0.179185538,-0.294941593,0.1170728,-0.468654979,0.027947134,-0.119385603,0.0266403593,0.181117363,-0.206763409,-0.104679138,0.285879182,1.0563985,-0.300075302,0.0883123563,-0.872345504,-0.068331337,0.242031298,0.908502154,-0.36007149,0.0832720507
-0.110791913,2.35516271,0.78513436,-0.0324383974,0.0721583531,0.729065001,0.67985671,-0.0962836001,0.248773527,-0.339812519,-0.43427934,-0.0931423496,-0.152933016,-0.0962003723,0.127785851,-0.286278519,0.115945951,-0.434204558,0.00274736183,-0.118661655,0.0290328016,0.170340971,-0.346319936,-0.0683460532,0.336188027,1.12001531,-0.308501127,0.0984802942,-0.82467937,-0.116092812,0.206388302,0.88230599,-0.369072244,0.0654291167
-0.122918715,2.38667111,0.793079055,-0.0380169665,0.0732266493,0.752242234,0.653700382,-0.0871623591,0.228019021,-0.351938856,-0.407769373,-0.12298076,-0.151464923,-0.101007192,0.115710449,-0.280665155,0.142347823,-0.444245329,0.013859715,-0.123291829,0.0269967346,0.132143196,-0.472215713,-0.050991256,0.370947954,1.09888772,-0.321427033,0.0838185669,-0.75034835,-0.146307944,0.16722926,0.837637035,-0.372081115,0.0498807634
-0.136133233,2.4176993,0.800512011,-0.0449289527,0.0719458033,0.775852806,0.625186064,-0.0669602883,0.219871981,-0.371425448,-0.392678414,-0.133860935,-0.147670762,-0.109856227,0.11267183,-0.282262868,0.181987643,-0.477571568,0.016096948,-0.127657689,0.0391317224,0.0927791952,-0.590001911,-0.0286479574,0.396964856,1.02306418,-0.319697508,0.0616120426,-0.667809021,-0.167392251,0.116664485,0.78275502,-0.392523116,0.036882377
-0.149972313,2.45069329,0.807185345,-0.057335968,0.0774841511,0.79751394,0.595550425,-0.0723233618,0.204899834,-0.36389529,-0.378814015,-0.133612684,-0.146984225,-0.113067067,0.0739213789,-0.299965706,0.190316893,-0.509445069,0.0174642769,-0.138424348,0.0528014276,0.0711599206,-0.704357808,-0.0246102386,0.403795124,0.891937656,-0.304894771,0.0557278241,-0.557457101,-0.200714757,0.0447082989,0.649545757,-0.380650616,0.0373919865
-0.164802818,2.48239349,0.809161091,-0.0663405139,0.0716164635,0.818810898,0.565701981,-0.0352876151,0.212612007,-0.358153088,-0.382423651,-0.156308183,-0.14920833,-0.12494168,0.072813281,-0.308044664,0.20243132,-0.556630484,0.0213329053,-0.148706877,0.0733864216,0.0342055814,-0.7817604,0.00642282258,0.409304662,0.7532605,-0.279978486,0.0456112731,-0.446239095,-0.195495706,-0.0223099333,0.550821385,-0.375806852,0.0463662451
-0.180691378,2.51311632,0.807173094,-0.0755812359,0.0665895509,0.835965843,0.539457522,0.0017048074,0.223453181,-0.348408366,-0.381026915,-0.177586854,-0.161640416,-0.137520877,0.069882346,-0.323633356,0.216242811,-0.604532915,0.0189527978,-0.165865446,0.0720724824,0.00400972035,-0.84721247,0.013359848,0.371808702,0.577800968,-0.219575423,0.036623284,-0.341567388,-0.185858187,-0.0894366367,0.45821252,-0.374671471,0.070075328
-0.197716879,2.54456077,0.801786699,-0.0860201344,0.0600542885,0.850268377,0.515788432,0.0370079977,0.23555408,-0.326343251,-0.371831316,-0.177430041,-0.169802705,-0.151453454,0.0533831134,-0.345077507,0.241273571,-0.634607875,0.0201508092,-0.178047833,0.0727945873,-0.0307996594,-0.893990655,0.0237975399,0.307941695,0.38688021,-0.151577991,0.0197556055,-0.245761345,-0.159446727,-0.139974702,0.378835371,-0.371663467,0.0928058813
-0.21499177,2.57585815,0.792703075,-0.0927717636,0.0414837137,0.860584535,0.499065888,0.106482129,0.264446095,-0.309445682,-0.361586201,-0.174651089,-0.160111825,-0.146876242,0.0564205245,-0.347206112,0.28327457,-0.653688627,0.0138657448,-0.176743106,0.0666232824,-0.0374077533,-0.930130271,0.0423948689,0.210206397,0.256461697,-0.0976337574,0.0111108744,-0.169170259,-0.117252834,-0.197151092,0.394912022,-0.41100378,0.112823396
-0.235378354,2.60926601,0.784381656,-0.10261558,0.0435363946,0.865998634,0.487463836,0.115232739,0.257981002,-0.289510116,-0.336341074,-0.158909905,-0.161571391,-0.150725996,-0.0022955697,-0.383724859,0.312915489,-0.640510104,0.0135877729,-0.179300003,0.0555305346,-0.0743675865,-0.961637235,0.0609453399,0.146219424,0.168123078,-0.069160953,0.00481313605,-0.107097372,-0.104417121,-0.188399224,0.354670672,-0.396053527,0.133141208
-0.257800525,2.64255167,0.775407566,-0.103909446,0.0345453523,0.871237746,0.478491626,0.152611596,0.26232697,-0.273344916,-0.308636863,-0.200891136,-0.149996101,-0.151629824,-0.0177435461,-0.390945715,0.320579307,-0.626353884,0.029482005,-0.180191268,0.060990996,-0.0746181682,-0.990408296,0.0783021203,0.122301422,0.244371106,-0.0766859179,0.0125285426,-0.0429888547,-0.0916875863,-0.190866186,0.393581993,-0.385224771,0.155673804
-0.284057533,2.67590908,0.767846242,-0.100392402,0.0258085512,0.877110347,0.468969853,0.182374073,0.262614204,-0.286572094,-0.271600223,-0.215218539,-0.138729293,-0.157245152,-0.00652064194,-0.388180047,0.300157965,-0.617930711,0.0438544943,-0.162333433,0.0592396956,-0.0848954966,-1.00815576,0.0898806361,0.11812411,0.419466795,0.00108805335,0.0255394585,0.0217402268,-0.0828439548,-0.152901315,0.439050598,-0.323123421,0.162178733
-0.311876586,2.70846429,0.764751599,-0.0985052005,0.0261267794,0.884067269,0.456113124,0.179319481,0.252467343,-0.322330531,-0.228029806,-0.214834329,-0.127890196,-0.159183236,0.0151766437,-0.385764649,0.273863396,-0.604128963,0.054611551,-0.14968426,0.0440936322,-0.0892981957,-1.02604197,0.0618853266,0.0923941627,0.573002696,0.00414199827,0.0234981642,0.0549387809,-0.0843065401,-0.122833877,0.507019829,-0.18189563,0.164148923
-0.33966775,2.74059955,0.765147931,-0.0874558552,0.0282959272,0.891433418,0.443731084,0.189836128,0.239487935,-0.355327986,-0.213145858,-0.213032043,-0.106999272,-0.182267075,0.0627993839,-0.386497984,0.264439601,-0.585095613,0.0492748671,-0.122736705,0.0444651741,-0.0777237077,-1.00749398,0.01467596,0.0980683118,0.699722243,-0.0630239692,0.0667733433,0.0938779381,-0.110294281,-0.141488971,0.592245007,0.0241268186,0.147311376
-0.36738163,2.77058019,0.769581635,-0.0850204967,0.0334199846,0.89374053,0.439183886,0.174235477,0.228535182,-0.345192831,-0.228135414,-0.213763253,-0.095577479,-0.218122037,0.057034219,-0.390398781,0.280716899,-0.547441476,0.0380566809,-0.114406787,0.0752402439,-0.0675409662,-0.974868345,-0.0193926462,0.105449093,0.76610527,-0.135805623,0.114505331,0.0545003686,-0.149440132,-0.147141974,0.728816162,0.181301055,0.100072803
-0.394275282,2.79952385,0.777037076,-0.083160936,0.0384524089,0.893728564,0.439152507,0.154971706,0.219279037,-0.334974238,-0.25943655,-0.192686452,-0.10276175,-0.230918019,0.0492153127,-0.391153331,0.30197688,-0.529172263,0.0459583751,-0.115897112,0.114370803,-0.0344262122,-0.918902349,-0.0667396646,0.100653779,0.779103092,-0.183218237,0.152549035,-0.0654836069,-0.172470611,-0.139753739,0.919922342,0.127409927,0.0764019599
-0.419133711,2.82754526,0.786526581,-0.0806252312,0.0423347968,0.895613215,0.4354128,0.12074371,0.218437302,-0.333915722,-0.294592637,-0.183099985,-0.120800352,-0.221598221,0.0575139531,-0.383697202,0.295827731,-0.518296148,0.052796721,-0.133262635,0.136662248,-0.00262448526,-0.84802144,-0.120424099,0.0770152226,0.760973055,-0.218148853,0.169536614,-0.224949484,-0.172832147,-0.114333651,1.07205896,0.0109117767,0.0426995506
-0.443341645,2.85548404,0.796726676,-0.0793789842,0.0461218137,0.89383588,0.438895402,0.0913007788,0.215943331,-0.322632306,-0.352443266,-0.149802564,-0.128535111,-0.171498935,0.0465595676,-0.370925117,0.345616434,-0.48783372,0.0508033056,-0.177229681,0.108137037,0.0433499982,-0.761013417,-0.158886924,0.0673258133,0.707654878,-0.234401807,0.176884311,-0.390005552,-0.183201375,-0.108242312,1.15373473,-0.095882532,0.0257240502
-0.466379138,2.88233439,0.805438112,-0.0772194561,0.0506631854,0.894244589,0.437946357,0.0533333472,0.217971113,-0.304431111,-0.416552352,-0.12654066,-0.123291678,-0.138247657,0.0576622807,-0.36282032,0.343053462,-0.488548874,0.0439752787,-0.177390395,0.11400296,0.0866366599,-0.670593042,-0.197893485,0.0466034507,0.64666445,-0.255944295,0.182121206,-0.551400553,-0.193520113,-0.0986335209,1.17389112,-0.186516772,0.0221148422
-0.491805983,2.91068435,0.813832673,-0.070970305,0.0558987492,0.894007086,0.438850631,0.0197791257,0.219591751,-0.298370543,-0.469126792,-0.12616949,-0.134463502,-0.110095028,0.0734836069,-0.362646982,0.340437776,-0.490486017,0.0530150441,-0.177874904,0.123693363,0.120988805,-0.550051688,-0.230867006,0.0318310105,0.554240717,-0.263800712,0.181074413,-0.670094848,-0.22163819,-0.0934511453,1.10590255,-0.223773433,0.0181599684
-0.515365714,2.93906048,0.817593489,-0.0681693266,0.0598757885,0.893738561,0.439316761,-0.0168828842,0.22837522,-0.29073776,-0.523851357,-0.097814659,-0.154247404,-0.0878084092,0.0872815889,-0.361156642,0.338029603,-0.496086507,0.0429048687,-0.176777563,0.143153745,0.154087178,-0.443996018,-0.247816739,0.028242593,0.476395542,-0.26945515,0.159025229,-0.764705969,-0.233885139,-0.0954568853,0.976104042,-0.214353774,0.0251029546
-0.54014919,2.9677788,0.819039991,-0.0655040657,0.0658254096,0.89422883,0.437871022,-0.0608697286,0.23939048,-0.28773622,-0.573813965,-0.0864388584,-0.165442829,-0.0913970055,0.102840534,-0.362022807,0.318054836,-0.504414947,0.0332531338,-0.171043065,0.161785017,0.166851861,-0.336046672,-0.26051808,0.0211140655,0.391106434,-0.286526673,0.169957066,-0.833131326,-0.245189396,-0.0989625408,0.790175516,-0.198539095,0.0475251946
-0.564142518,2.997261,0.816835527,-0.0723826593,0.0717672724,0.893718204,0.436895846,-0.13849774,0.26323606,-0.286911102,-0.607151785,-0.0712692794,-0.190045737,-0.0754121382,0.0855181957,-0.356749131,0.305992128,-0.502795624,0.032179751,-0.173742381,0.160746185,0.168796402,-0.23523155,-0.26082377,0.0134626139,0.277614818,-0.291399636,0.147179976,-0.87410432,-0.214072327,-0.0851676956,0.509313231,-0.117461448,0.0907737326
-0.588629696,3.026681,0.810371318,-0.072673038,0.0758306228,0.894574062,0.43440257,-0.178683737,0.281017163,-0.286376592,-0.651644339,-0.0726033827,-0.201666002,-0.0617689464,0.0975548554,-0.353937416,0.288654396,-0.513825699,0.051042501,-0.161296955,0.158570968,0.161745579,-0.14998076,-0.260511846,0.0116457674,0.23366956,-0.316152723,0.125224345,-0.892314552,-0.18124102,-0.0522183962,0.243996547,-0.0592295739,0.119589237
-0.613674554,3.05772775,0.801567711,-0.070865816,0.078161601,0.896014514,0.431308231,-0.206924179,0.290214531,-0.278257464,-0.688292682,-0.0763831973,-0.200297596,-0.0418742496,0.113115777,-0.353302363,0.279525536,-0.519422186,0.0598696354,-0.159845124,0.15646621,0.148905863,-0.0681752863,-0.255844506,0.00597452131,0.213090823,-0.345450822,0.10749717,-0.914503075,-0.153074536,-0.0178849493,0.103337968,-0.0383208944,0.136645939
-0.639769651,3.08990297,0.791870088,-0.0667955415,0.0788303365,0.896049013,0.431764172,-0.213517872,0.297624043,-0.259935713,-0.718250387,-0.0706934276,-0.21428377,-0.0404741447,0.123001712,-0.357756875,0.280205101,-0.521356501,0.0723334167,-0.16162522,0.16046867,0.146356351,-0.00770197026,-0.247367212,0.0041468423,0.255013346,-0.379221416,0.0846659007,-0.936794419,-0.138566872,-0.0126738804,0.120633863,-0.0512938294,0.134721737
-0.667052052,3.12307855,0.783760564,-0.0592711286,0.0756204521,0.896461029,0.432580749,-0.20735352,0.294064645,-0.242887117,-0.72402162,-0.0614201853,-0.205954971,-0.0257796815,0.12543991,-0.356634567,0.278115651,-0.501088792,0.0796623086,-0.153660191,0.162704007,0.156071025,0.0437289251,-0.239350313,-0.0179333166,0.338285246,-0.398179942,0.0613457439,-0.953081507,-0.134144413,-8.67934116e-06,0.278526016,-0.0850507441,0.10367116
-0.694416389,3.15733752,0.776005273,-0.0473197582,0.0708800229,0.897239043,0.433242384,-0.185633931,0.277830957,-0.234105322,-0.701164141,-0.0607813363,-0.204653208,-0.0210338172,0.133567888,-0.35361947,0.270551898,-0.469844746,0.0926212116,-0.150775296,0.164177855,0.183238138,0.0834096688,-0.226661045,-0.0496138183,0.466623504,-0.385869662,0.0409103034,-0.95680147,-0.147656302,0.00101285182,0.472437561,-0.0422003558,0.0776015492
-0.723399864,3.1918802,0.77196533,-0.0338693048,0.0568279952,0.89999776,0.430845078,-0.123040592,0.266614091,-0.242111693,-0.674360705,-0.0740999947,-0.184474632,-0.0143191557,0.16919414,-0.335572806,0.265699644,-0.449604413,0.103256311,-0.139466327,0.153563556,0.183673299,0.122790851,-0.194195888,-0.0424371177,0.598404992,-0.294611934,-0.000201308342,-0.93416092,-0.118928162,0.0150769773,0.647762391,-0.0541914374,0.0527132748
-0.751219971,3.22534982,0.77284209,-0.0264924724,0.0434178524,0.901194407,0.430420353,-0.0689952517,0.273638166,-0.25985376,-0.639538584,-0.0869175733,-0.17265041,-0.0231843799,0.174677742,-0.315402689,0.272365307,-0.422739974,0.101536566,-0.120650264,0.150200396,0.196754536,0.150367294,-0.144426919,-0.0165301908,0.68293032,-0.0979290768,-0.049760786,-0.891763225,-0.0989981237,-0.00812466866,0.773316131,-0.128721215,-0.00319867547
-0.77607649,3.25707784,0.77687714,-0.0286283908,0.0372243855,0.904167729,0.424588599,-0.062289045,0.269319231,-0.278608634,-0.575308828,-0.0820180933,-0.155111813,-0.0687100624,0.153273196,-0.295038152,0.261773811,-0.407467132,0.106603855,-0.115615058,0.148388824,0.20165708,0.0833582482,-0.0833393384,0.0355678528,0.843014828,0.0208375528,-0.0471199071,-0.849891937,-0.0906080796,-0.0387348863,0.836763592,-0.202362892,-0.0594440476
-0.800239816,3.28622582,0.785263978,-0.0348240217,0.0376820046,0.908289634,0.415183448,-0.0820892112,0.256688059,-0.297822308,-0.494702298,-0.108758502,-0.148911845,-0.108224534,0.112166134,-0.289985249,0.256830663,-0.400104013,0.0967600871,-0.130949537,0.143379875,0.183207514,-0.0669042244,-0.047433043,0.0810695203,1.03641558,-0.0636643152,-0.00461687331,-0.793021586,-0.084561459,-0.0604459191,0.827515938,-0.245063784,-0.0891778071
-0.824327283,3.31411972,0.794286232,-0.0366131185,0.0333446534,0.912768084,0.405465213,-0.062803234,0.252834619,-0.319103213,-0.446729533,-0.140673536,-0.139085685,-0.126484545,0.095290759,-0.282090868,0.262417618,-0.424906969,0.0910002633,-0.139289854,0.135627015,0.145903546,-0.205829056,-0.0181819783,0.119306034,1.15158937,-0.120055077,-0.00794433301,-0.71937976,-0.0574515414,-0.0733840726,0.803031136,-0.286994168,-0.106541161
-0.849022472,3.3415555,0.803286944,-0.0387794478,0.0283840303,0.916228428,0.397763709,-0.0301290799,0.250328146,-0.321143106,-0.409751195,-0.150940441,-0.132663742,-0.130307142,0.0735814657,-0.277087951,0.271079662,-0.453649125,0.0797149262,-0.156522269,0.125300332,0.103113673,-0.344983798,0.00210743085,0.147176704,1.19781921,-0.172273465,-0.00503345538,-0.635811105,-0.0206160172,-0.0751326711,0.750125524,-0.308648266,-0.10718418
-0.875045005,3.36916871,0.812402727,-0.0386578216,0.0239365245,0.918813337,0.392064622,0.0129930734,0.250783397,-0.318952969,-0.380554007,-0.149710035,-0.125880363,-0.147759111,0.058616206,-0.283152906,0.289922503,-0.50508533,0.0893651902,-0.166978318,0.114424351,0.0589155888,-0.461044456,0.0255734309,0.176201283,1.16560679,-0.212087865,0.0022448848,-0.533114176,0.00973067235,-0.0734641484,0.671167841,-0.314486422,-0.101338604
-0.900088584,3.3952689,0.817732242,-0.0411120937,0.0209833758,0.920091968,0.388973346,0.0534227548,0.251688563,-0.315485304,-0.359502665,-0.135977132,-0.125540629,-0.15880332,0.0319157402,-0.288888649,0.305692275,-0.550938525,0.07410517,-0.175400013,0.103696798,0.0325401189,-0.572039908,0.0479698191,0.193071928,1.07391504,-0.224447585,0.00588979651,-0.44464285,0.0307138324,-0.0738654522,0.600605639,-0.31296507,-0.0881560744
-0.925039198,3.42046257,0.820660323,-0.0450465843,0.019264022,0.920891833,0.38672721,0.0909431178,0.255508809,-0.31915942,-0.347256406,-0.127186679,-0.123293425,-0.168073966,0.00367827862,-0.298010194,0.313502466,-0.596959259,0.0540382967,-0.18278301,0.0972314419,0.0170717389,-0.665210088,0.0628885018,0.1980127,0.921195098,-0.216134642,0.0160602017,-0.357245292,0.0437533529,-0.0782711126,0.522782619,-0.306822509,-0.0660085675
-0.950455653,3.44497526,0.820481101,-0.0507624816,0.019728491,0.920477943,0.386981024,0.12170533,0.253282329,-0.311845882,-0.33716688,-0.141400851,-0.124232202,-0.169982227,-0.0324731495,-0.311146961,0.321564513,-0.64193121,0.0350897383,-0.189037256,0.0860749318,0.0176220788,-0.727975168,0.0642397728,0.205521614,0.70233553,-0.188176913,0.0130260346,-0.274972491,0.0474957852,-0.0915420261,0.447263107,-0.309478977,-0.0429842562
-0.97636229,3.46978769,0.818295451,-0.0637426,0.0289709518,0.919172443,0.387581714,0.112092388,0.238656139,-0.305994528,-0.321642449,-0.143452195,-0.121584867,-0.164807682,-0.104075362,-0.33828991,0.32371413,-0.667000269,0.0176988113,-0.195960213,0.0765132403,0.0206645028,-0.759292851,0.0287723007,0.188680785,0.384515769,-0.121791783,0.0146794654,-0.203577299,0.0361763555,-0.108649155,0.347417897,-0.299607906,-0.015873686
-1.00331476,3.49492885,0.812182752,-0.0683473998,0.0289140343,0.918127858,0.389273487,0.140318377,0.235868735,-0.304105101,-0.316960581,-0.136068398,-0.115097383,-0.16115269,-0.135610863,-0.353498559,0.330590422,-0.700847514,0.0117171903,-0.189039902,0.0665795961,0.0297405736,-0.761022806,0.00580295027,0.156184208,0.112384228,-0.0575125372,0.0117164901,-0.133317541,0.0366443884,-0.131971701,0.313230189,-0.314237021,0.017244211
-1.03193635,3.5204254,0.803215854,-0.0713371715,0.0282469573,0.916600823,0.392372334,0.166342817,0.233522226,-0.298693104,-0.313410724,-0.136723218,-0.109529531,-0.15763502,-0.157389115,-0.359509639,0.32505422,-0.721120054,0.00625422484,-0.189965147,0.0506399432,0.0307477523,-0.786685179,-0.00226475026,0.132043861,0.0193871727,-0.0440820894,-0.00188616402,-0.0959177776,0.0320352356,-0.132817382,0.357459521,-0.354608155,0.0329035393
-1.06135537,3.54610319,0.794297653,-0.0711671817,0.0276131676,0.916376371,0.392972126,0.179400957,0.229202777,-0.2948717,-0.300254947,-0.143958606,-0.105907123,-0.162533023,-0.163162136,-0.361214583,0.310845787,-0.726084275,0.0126819314,-0.18958068,0.0348104404,0.0294489343,-0.807222402,-0.00943049434,0.109000906,0.0651921554,-0.0408663635,0.0076838873,-0.0648724385,0.0275277485,-0.115202015,0.430189552,-0.377584657,0.0482328018
-1.09259232,3.57245532,0.785898893,-0.065465305,0.0264639156,0.916047813,0.394804204,0.184102848,0.222350319,-0.292315283,-0.272511391,-0.157747611,-0.104563058,-0.177020771,-0.155188781,-0.35753647,0.29420176,-0.713630855,0.012227269,-0.192496165,0.0312092887,0.0160389637,-0.842381991,-0.0105813233,0.10315485,0.264155036,-0.0528655477,0.0105952023,-0.0341013215,0.0156365609,-0.0884321899,0.531242014,-0.36983801,0.0681626272
-1.12587894,3.59821028,0.778609743,-0.0503615156,0.0237034423,0.916031471,0.397225639,0.218039772,0.210469083,-0.304251451,-0.260142622,-0.166743726,-0.101067217,-0.181166023,-0.0952450867,-0.341657186,0.285026885,-0.703477081,0.0215533103,-0.191306611,0.0160975886,0.0203349503,-0.849133556,-0.0321909399,0.066348559,0.438938385,0.000822864214,0.0329980271,0.00305581171,-0.0064163068,-0.0873870959,0.663523851,-0.29697752,0.0908895363
-1.15819647,3.62413744,0.77660096,-0.0439378401,0.0279692389,0.916140827,0.397458392,0.200687073,0.199113711,-0.314604457,-0.242788075,-0.175400997,-0.106257143,-0.190822109,-0.0701404659,-0.33937001,0.274831445,-0.659055097,0.0409244741,-0.193239354,0.00874774,0.010543066,-0.86093647,-0.0511914104,0.0709013219,0.614181815,-0.0416636439,0.0721028905,0.0342516901,-0.0405872646,-0.091282671,0.72745602,-0.0551707213,0.111594642
-1.18863944,3.64769748,0.778648828,-0.0421397506,0.0338939471,0.915968797,0.397588486,0.164191759,0.189537931,-0.323137339,-0.242018795,-0.169928724,-0.108865467,-0.197027816,-0.0572862912,-0.33369761,0.275749015,-0.609882867,0.0119140207,-0.179882519,0.0281307619,0.00317973911,-0.838019253,-0.0724937844,0.0843215606,0.689589755,-0.0994594417,0.112847229,-0.00532497091,-0.075081933,-0.0850215326,0.855972942,0.144124866,0.103287089
-1.21703397,3.66954728,0.784089724,-0.04278317,0.0397723917,0.912819459,0.40416382,0.127573294,0.184159924,-0.32000228,-0.261015309,-0.163651387,-0.110174276,-0.193352423,-0.0539410566,-0.33081366,0.29744152,-0.564221711,0.0121949316,-0.166624585,0.0589693603,0.00833641258,-0.799690501,-0.0876536765,0.0986809888,0.721733082,-0.160292318,0.159509202,-0.123189623,-0.142301586,-0.110778464,1.03785312,0.157708663,0.0705896468
-1.24252689,3.69134529,0.793610186,-0.0428534996,0.0447786651,0.909286554,0.411529357,0.0866746854,0.186826025,-0.323724378,-0.291598622,-0.155945147,-0.11957907,-0.178738906,-0.049089432,-0.326510457,0.317579756,-0.518360031,0.0261339294,-0.16997031,0.101777862,0.0422289906,-0.729723617,-0.120678552,0.0955685796,0.688348736,-0.190313673,0.171251578,-0.274218763,-0.17888513,-0.122679376,1.16268496,0.058823922,0.0454535107
-1.2695148,3.71454124,0.803572846,-0.0375973526,0.048690617,0.907137989,0.416312781,0.0518205297,0.190172504,-0.319347528,-0.32912865,-0.151364999,-0.119258684,-0.163602825,-0.0217360226,-0.327358434,0.325253207,-0.490367973,0.0527133254,-0.167756292,0.134648346,0.0878842941,-0.633971363,-0.162557093,0.0816413284,0.631821019,-0.213301616,0.176703095,-0.399165683,-0.206626844,-0.135984943,1.20358604,-0.0287075869,0.0277608578
-1.29474802,3.73696675,0.812477784,-0.0355131591,0.0537013186,0.905477982,0.419481356,0.0225455298,0.207255748,-0.312710162,-0.389221016,-0.168722234,-0.130031923,-0.144727249,0.0105779542,-0.334307134,0.32619534,-0.484575376,0.0676992872,-0.160634869,0.154977682,0.138436017,-0.538502351,-0.202821937,0.0554228554,0.554329753,-0.213664947,0.17179209,-0.523056326,-0.234336647,-0.153868288,1.18398914,-0.102421179,0.0228329498
-1.31956422,3.76034538,0.819279353,-0.0340030569,0.058772877,0.904769267,0.420454653,-0.00860099359,0.223132032,-0.309948785,-0.458439561,-0.158571653,-0.139732494,-0.127678939,0.0500502177,-0.337506177,0.314283023,-0.487013643,0.065765466,-0.156227177,0.160557791,0.172823198,-0.434955189,-0.227770009,0.0397642185,0.462344575,-0.214626984,0.159990703,-0.628210689,-0.251586866,-0.161690569,1.0911942,-0.145103422,0.0370744299
-1.34407279,3.78459911,0.823601954,-0.0322109015,0.0628694382,0.904651195,0.420257192,-0.0465190973,0.242752626,-0.30493339,-0.513254652,-0.134613515,-0.162454298,-0.112935047,0.0850055931,-0.339369019,0.302266691,-0.481166482,0.0546041174,-0.157992997,0.157827572,0.188200649,-0.326774527,-0.239938577,0.0234999167,0.364911588,-0.206692632,0.142174991,-0.711695995,-0.246763142,-0.15711363,0.937264434,-0.17128296,0.0495509339
-1.3676485,3.80821085,0.824824878,-0.0311300449,0.0659097227,0.904851276,0.419441291,-0.0857205745,0.25952476,-0.293847123,-0.568949653,-0.092122796,-0.166053224,-0.101080461,0.114820571,-0.340368447,0.294313369,-0.47833343,0.051551337,-0.157149873,0.161218117,0.185644047,-0.234793912,-0.242450568,0.0191708223,0.29469705,-0.218299644,0.119491703,-0.770652408,-0.218029211,-0.127283779,0.72646792,-0.162906546,0.0736306414
-1.39213526,3.83260607,0.822872763,-0.0417598825,0.0679780312,0.904966996,0.417935205,-0.165158704,0.294249675,-0.288826717,-0.59984074,-0.102411757,-0.188328391,-0.083981672,0.105289338,-0.331318953,0.283158442,-0.464492782,0.0650400854,-0.158967796,0.168214117,0.178186375,-0.167347211,-0.232489849,0.0179144299,0.22312514,-0.232611025,0.101560949,-0.802145982,-0.171957074,-0.0923730216,0.425054013,-0.111286381,0.0990030381
-1.41584251,3.85659726,0.817068321,-0.0413572106,0.0711002912,0.905824016,0.415592566,-0.202334867,0.309566953,-0.282537043,-0.639697319,-0.0877561335,-0.222215519,-0.0685307536,0.124314765,-0.328883529,0.266869076,-0.448850674,0.082289548,-0.156472617,0.172765609,0.162874399,-0.102039822,-0.232474951,0.0327496252,0.208368628,-0.283249386,0.0953283184,-0.796893925,-0.151670515,-0.0835651584,0.131127088,-0.036608868,0.121411074
-1.4405783,3.88213739,0.808247511,-0.0416050202,0.0744317038,0.906487616,0.413532521,-0.22060566,0.32042589,-0.271191924,-0.67852704,-0.0841913671,-0.226223835,-0.0467540244,0.149019875,-0.33112594,0.258080385,-0.451442032,0.0843874902,-0.150321958,0.1732791,0.139617978,-0.053354568,-0.232189527,0.0583983116,0.226043829,-0.329037946,0.0822866442,-0.84527448,-0.136395717,-0.10977514,0.053637539,-0.0569541034,0.137132397
-1.46550024,3.90835776,0.799424964,-0.039587988,0.0744220413,0.907564186,0.411365287,-0.24655723,0.330538518,-0.254064567,-0.694183349,-0.0719589222,-0.215331355,-0.0425965319,0.148536146,-0.328530967,0.262644997,-0.421905254,0.0883292657,-0.135990213,0.184736433,0.135284362,-0.00888938649,-0.22590869,0.0471064478,0.274556172,-0.380622983,0.0719062216,-0.858251146,-0.133682314,-0.108313881,0.0568294283,-0.0529035351,0.12574951
-1.49046698,3.93584312,0.792320383,-0.0355477815,0.0711849138,0.90761616,0.412191666,-0.248031311,0.329265757,-0.23648268,-0.689953203,-0.0519540897,-0.202677814,-0.0270212246,0.147542422,-0.326649944,0.271281255,-0.395439137,0.0850698176,-0.126003575,0.189261749,0.144488749,0.017520323,-0.211174111,0.0370140736,0.376934345,-0.421195325,0.0504902671,-0.891078269,-0.143068337,-0.102481664,0.227746972,-0.104010931,0.0737822714
-1.51756352,3.96525719,0.786255607,-0.0299272624,0.0646746632,0.908243908,0.412328208,-0.234970341,0.322190547,-0.227568464,-0.671089323,-0.061531994,-0.187794791,-0.0249860562,0.154129085,-0.326651573,0.273977248,-0.382354247,0.103026399,-0.11842569,0.194884255,0.154783003,0.0351527886,-0.188733175,0.0331075866,0.512081679,-0.415694214,0.0105997668,-0.916374301,-0.13986224,-0.087232315,0.435475229,-0.194695441,-0.0227542589
-1.54195292,3.99392173,0.783854527,-0.0241353578,0.0566561674,0.911216073,0.407299438,-0.212366182,0.296974742,-0.224197709,-0.62780193,-0.0652172312,-0.174123992,-0.0242480261,0.162710187,-0.315022964,0.261881853,-0.361235255,0.110013784,-0.120676134,0.184127858,0.156275279,0.0423139739,-0.159777982,0.0313102058,0.641717545,-0.344518627,-0.0248265099,-0.943619362,-0.127836711,-0.0649627843,0.634891994,-0.267728183,-0.0923498419
-1.56728831,4.02346817,0.785323918,-0.0227372802,0.0516573718,0.911767181,0.40681094,-0.192465005,0.278947428,-0.214508867,-0.561996013,-0.0778274505,-0.174971138,-0.0497099502,0.134074567,-0.309739922,0.267384295,-0.321910168,0.117778921,-0.123996567,0.17901642,0.177064357,0.0293991486,-0.137183146,0.0194939322,0.759165859,-0.132818983,-0.0796861771,-0.934117451,-0.13841107,-0.0812550049,0.772236476,-0.354093077,-0.131167389
-1.58935296,4.04845683,0.788921135,-0.0239079771,0.0490471694,0.913672283,0.402772569,-0.176869019,0.254073909,-0.240852045,-0.495786117,-0.0655106828,-0.150496962,-0.0657626751,0.111746195,-0.303730476,0.265040205,-0.325185481,0.105861244,-0.127246738,0.169355269,0.185682933,-0.0320847474,-0.103198389,0.0373626838,0.900065958,0.0369117266,-0.0805155288,-0.897366692,-0.150903043,-0.108547074,0.823683386,-0.409211929,-0.170783826
-1.60792557,4.07263438,0.794324445,-0.0307117167,0.0489573932,0.917331404,0.393907426,-0.150589122,0.274419454,-0.281138488,-0.471425673,-0.0829767852,-0.0960786125,-0.17216237,0.093241009,-0.315241674,0.26650937,-0.380837242,0.0315448737,-0.0611103309,0.192842598,0.15817277,-0.173650848,-0.0182948228,0.133239707,1.09862253,0.00628271752,-0.0550370328,-0.867378591,-0.135802867,-0.123828956,0.841620994,-0.487801916,-0.161762628
-1.62714058,4.09477826,0.801873796,-0.0361678771,0.0486872606,0.919708278,0.387889312,-0.130013219,0.273027695,-0.32194165,-0.447840809,-0.147788447,-0.0777560061,-0.124719593,0.0642927094,-0.321222824,0.295568838,-0.432342623,-0.0167129699,-0.0621578314,0.176695278,0.0945583949,-0.339482012,0.0103934554,0.158236266,1.27125285,-0.185347638,0.0322299825,-0.824596349,-0.0872757971,-0.112842637,0.812978666,-0.51403462,-0.16464654
-1.64755588,4.11535984,0.811432156,-0.0339678147,0.0482815938,0.92007614,0.387266021,-0.0836228365,0.251082136,-0.330995986,-0.414648042,-0.169041389,-0.142596572,-0.116659585,0.0364735956,-0.334684636,0.322277522,-0.486345264,-0.0334693228,-0.0683986201,0.174875375,0.0174649042,-0.542378722,-0.120406671,0.10681012,1.44790366,-0.631151985,-0.0011421533,-0.758885404,-0.0329967146,-0.0787611372,0.770140091,-0.537621525,-0.128232472
-1.66534864,4.13587471,0.818086228,-0.0415700979,0.0402001632,0.921241853,0.384667808,-0.056497869,0.245545695,-0.325415872,-0.368997607,-0.146269738,-0.101635887,-0.122434695,0.00903172622,-0.337862377,0.323316109,-0.564493351,-0.0368763345,-0.0831303896,0.141893447,0.0090945392,-0.643590024,0.120379036,0.219658412,1.3609894,-0.331608019,0.0916596266,-0.693486008,-0.0109813725,-0.106239464,0.721192528,-0.543575541,-0.162156783
-1.68456859,4.15505506,0.824523145,-0.0501306969,0.0377001527,0.921209257,0.383978016,-0.0263736589,0.242176845,-0.303876332,-0.348255417,-0.144392143,-0.108900058,-0.135375941,-0.0214811254,-0.35137242,0.315536261,-0.647260449,-0.0370871642,-0.105527696,0.11571001,-0.00516393081,-0.773637932,0.161854755,0.224242753,1.29069439,-0.340429773,0.03241783,-0.633087375,0.00805873727,-0.115767594,0.655980441,-0.540834982,-0.147464972
-1.7031722,4.17160441,0.829939497,-0.0517566089,0.0381787232,0.922364187,0.380930367,0.00560151207,0.231020959,-0.297201778,-0.336275466,-0.169544175,-0.0982555996,-0.165315467,-0.0264691684,-0.37520934,0.298602082,-0.746733704,-0.0721339014,-0.123548352,0.0944360425,-0.0335484935,-0.854547074,0.166772645,0.217182585,1.15786,-0.302088188,-0.00865280035,-0.575424083,0.0159747609,-0.107803208,0.611195337,-0.531589891,-0.121966242
-1.72223473,4.1882468,0.832643542,-0.0581473668,0.0384858434,0.921594565,0.381839209,0.0273948983,0.235002357,-0.317929056,-0.32292105,-0.171225402,-0.108380541,-0.175491851,-0.0486275983,-0.397654014,0.309708637,-0.821281046,-0.12181216,-0.154063853,0.0601337484,-0.0420564569,-0.95862118,0.146567627,0.169696975,1.00183283,-0.298316815,0.00472091764,-0.537711833,0.020898841,-0.107024709,0.588539073,-0.535263808,-0.106986209
-1.74306574,4.20540815,0.834682808,-0.0586226053,0.0384407119,0.920371149,0.384711125,0.0566822877,0.231273966,-0.330195041,-0.31607222,-0.187543321,-0.110198328,-0.180551151,-0.0520882725,-0.429310674,0.332278783,-0.907728253,-0.167361127,-0.159388992,0.0299575133,-0.0644935729,-0.971590485,0.0925589895,0.0696058151,0.760484167,-0.171027292,-0.0297293181,-0.486615635,0.0245689996,-0.0986304243,0.568616575,-0.541305775,-0.0994626091
-1.76394184,4.22279295,0.832271632,-0.0557934132,0.0248229021,0.918737133,0.390119211,0.115388611,0.251326476,-0.336093173,-0.321483596,-0.186966075,-0.10395559,-0.183175849,-0.0323772572,-0.410456475,0.32756529,-0.966841613,-0.178122419,-0.174252618,0.0155781958,-0.0960157866,-0.936438907,0.0691072416,-0.0818912014,0.526503144,0.0338315326,-0.10330364,-0.456720237,0.0539950976,-0.0862311762,0.631881164,-0.583343979,-0.0925475756
-1.78751588,4.24149163,0.830571928,-0.0534131468,0.0214551656,0.914207604,0.401137343,0.146243227,0.24582216,-0.333115059,-0.318667122,-0.181394756,-0.106164252,-0.177301646,-0.0411843483,-0.410732718,0.328423928,-0.998913308,-0.190483302,-0.178149888,0.02117392,-0.104176199,-0.896000764,0.0288004328,-0.258416928,0.365753433,0.135977668,-0.135191593,-0.404097554,0.0557816689,-0.0618586303,0.637753494,-0.605719613,-0.0795978006
-1.81031456,4.26110336,0.826975899,-0.053819461,0.0260500296,0.908309484,0.414003313,0.156405891,0.238771516,-0.32891626,-0.33422327,-0.177087951,-0.113061012,-0.178608025,-0.0611212963,-0.422477094,0.326359071,-1.01777773,-0.184722748,-0.181498813,0.0227590818,-0.123460265,-0.887287746,0.0159333393,-0.32586462,0.341873211,0.165700199,-0.146487964,-0.386112712,0.046228362,-0.0268188581,0.678364192,-0.634045534,-0.0685080005
-1.83383873,4.27912925,0.821535886,-0.0417289097,0.0105479582,0.903915546,0.425539803,0.194823005,0.245001474,-0.333894069,-0.324619168,-0.186399225,-0.107103024,-0.198083156,-0.0419534394,-0.40692612,0.336885652,-1.01218332,-0.19086531,-0.159740381,0.0483328971,-0.109917574,-0.808313061,0.0141949319,-0.367607303,0.33998783,0.20737994,-0.163657504,-0.310159747,0.0410149602,-0.0280555769,0.716439885,-0.662728042,-0.0604196572
-1.8580258,4.29633673,0.816437501,-0.0317375409,0.0091803045,0.899585906,0.43549242,0.207393427,0.235931919,-0.328653028,-0.323965758,-0.192093708,-0.110511459,-0.22228016,-0.0193974089,-0.409324181,0.337943992,-0.999438302,-0.147125557,-0.177067284,0.0649003085,-0.0872852074,-0.796712896,-0.0288839929,-0.343949025,0.460255178,0.0934112799,-0.112125915,-0.258153117,0.00825321682,-0.0301379259,0.761845347,-0.691955903,-0.0295021878
-1.88052963,4.31094433,0.815992819,-0.0317713954,0.0165710736,0.893053153,0.448522066,0.163583874,0.217535546,-0.336452403,-0.312108347,-0.194264099,-0.099758518,-0.207193609,-0.0457577022,-0.391597894,0.338392893,-0.961110216,-0.192736827,-0.153630583,-0.00958574112,-0.0724161339,-0.814781758,-0.0665709139,-0.317887555,0.558971323,0.0191245991,-0.0410616405,-0.22474026,-0.0281758258,-0.0145978775,0.754760367,-0.66160529,-0.00319844555
-1.8999513,4.32486404,0.815334557,-0.0238279561,0.00869644135,0.888294412,0.458573481,0.163822698,0.232948696,-0.358452439,-0.295601768,-0.179072784,-0.103148277,-0.22379727,-0.00937592688,-0.350412233,0.303821141,-0.856381218,-0.0711890335,-0.166478295,0.0686031409,-0.0544477129,-0.797237751,-0.0896354467,-0.321978364,0.657097103,-0.0451103331,-0.0572229401,-0.195165956,-0.0440724014,-0.0326811483,0.821406396,-0.630959459,0.026778241
-1.91757158,4.33750869,0.821217982,-0.0263010744,0.0090486323,0.881382644,0.471583514,0.122881941,0.24000293,-0.382245468,-0.303674206,-0.128017359,-0.080033527,-0.187561815,-0.0237008891,-0.309280113,0.313606883,-0.742610096,-0.0695801594,-0.123123145,0.0664766164,-0.0503177807,-0.770179629,-0.0830462492,-0.303796329,0.666729434,-0.0760843316,-0.0470736583,-0.17001688,-0.056805846,-0.0264936855,0.806222129,-0.545454491,0.0402442748
-1.93324214,4.34777137,0.828045532,-0.0265148072,0.0126959714,0.869840167,0.492456964,0.0925955183,0.245736738,-0.359692167,-0.318940085,-0.122846512,-0.0742851188,-0.182509111,-0.0341912178,-0.294416433,0.339271673,-0.651970757,-0.0455369185,-0.0857091723,0.0987019875,-0.03675241,-0.733204471,-0.0732059189,-0.261640286,0.648441594,-0.0907217252,-0.0351325432,-0.156976107,-0.0890575806,-0.0284421203,0.797301629,-0.459415788,0.0662984846
-1.94736453,4.35681,0.835247202,-0.024899613,0.0178826196,0.857455534,0.513644068,0.061800936,0.258802385,-0.329661096,-0.336501709,-0.100908828,-0.0526432048,-0.207365442,-0.0302887969,-0.296681602,0.357728906,-0.590715579,-0.00393962769,-0.065997388,0.167400821,-0.0245052467,-0.694020598,-0.0686881508,-0.221323275,0.624438432,-0.0941076845,-0.0162944712,-0.126074374,-0.120071275,-0.0133011583,0.751246867,-0.295029754,0.0652525166
-1.95765272,4.36311072,0.841199702,-0.0304105843,0.0223525286,0.841972744,0.538198346,0.0317530967,0.290336086,-0.317850465,-0.382228903,-0.0617005781,-0.0708052848,-0.126398659,-0.0304840728,-0.302330173,0.383622581,-0.55910111,0.0114314439,-0.0695840682,0.203542057,-0.000803906487,-0.673517633,-0.0593386023,-0.193386697,0.594281874,-0.0852160273,-0.0256510587,-0.164295268,-0.147051077,-0.025437019,0.787143326,-0.302634724,0.095173018
-1.96824239,4.36860171,0.844943072,-0.0376280965,0.0279076731,0.824496362,0.563924673,1.253938e-05,0.33057881,-0.303875992,-0.425094049,-0.0557431369,-0.0864163126,-0.087823274,-0.0221759232,-0.318216743,0.387398291,-0.563530934,0.0237629364,-0.0721158903,0.228390777,0.0253492225,-0.669085751,-0.0464442389,-0.151685914,0.578902806,-0.078135003,-0.0349099082,-0.195885101,-0.168242329,-0.0237852711,0.801214174,-0.262151864,0.0869517192
-1.97734607,4.37499773,0.850385183,-0.0399020103,0.0351088869,0.80411703,0.592090362,-0.0226335628,0.370068072,-0.29338286,-0.455063165,-0.0272954358,-0.0979539907,-0.080311845,-0.00259733258,-0.327274415,0.378951105,-0.573467807,-0.00993515117,-0.0789763231,0.204889089,0.0325849488,-0.628339267,-0.0267471381,-0.0955081454,0.523597776,-0.080176216,-0.020166312,-0.209653542,-0.196508163,-0.00946277742,0.777901441,-0.190622468,0.0970509146
-1.98385763,4.37841371,0.852505074,-0.0482438768,0.0383435039,0.777581408,0.62575511,-0.037543089,0.422434339,-0.26001204,-0.480980736,-0.0202321172,-0.10845206,-0.0311743538,0.00252818577,-0.327748031,0.376049254,-0.584988819,-0.0544656369,-0.0936230063,0.165162774,0.0655171773,-0.622108124,-0.00333680598,-0.0566354385,0.50313755,-0.0721902552,-0.022139548,-0.24617528,-0.208923899,-0.00279791894,0.782024886,-0.163466207,0.0810416108
-1.99272295,4.3809497,0.853400453,-0.0557221098,0.0410206217,0.749826752,0.658006228,-0.0573562005,0.482401344,-0.24170581,-0.478457384,-0.0280819327,-0.15328776,0.0294377277,-0.0011512479,-0.334972084,0.355597464,-0.566477297,0.0713204798,-0.144757503,0.0967346147,0.102684645,-0.624158504,0.0124136939,-0.0158954154,0.503311872,-0.0853551722,-0.0180795357,-0.271049772,-0.231635321,-0.0216485102,0.774219681,-0.153571513,0.0952372699
-1.99209312,4.38780554,0.856059028,-0.0598816112,0.0369175988,0.722614923,0.687661949,-0.0501082313,0.541371898,-0.226829429,-0.480785141,-0.0159032355,-0.136770861,0.065385724,0.0258598806,-0.322730586,0.324177127,-0.617744202,-0.0564309422,-0.118651656,0.0798842899,0.0758111776,-0.600412502,0.0869690434,0.054498972,0.525745444,-0.120474649,-0.0516881003,-0.288350286,-0.221852675,-0.0172956166,0.752619668,-0.157366414,0.0627948979
