0,0,0.854566367,-0.00389053863,0.0564461741,0.394985941,0.916943182,-0.00468084198,0.195138083,-0.327886749,-0.396114156,-0.1484742,-0.122161075,-0.0983181271,0.00399226315,-0.251928277,0.312902163,-0.430921549,0.116617866,-0.149929324,0.0564202818,0.0362693601,-0.141571561,-0.116154005,0.1189684,-0.087,-0.0498869326,0.0728815197,-0.192087588,-0.0174955897,-0.130039854,0.00774915841,-0.0478655962,0.0456830056
0.000576824316,-4.91786857e-05,0.855083099,-0.00471473419,0.0596428409,0.393924219,0.917193661,-0.0110452007,0.195549996,-0.32150237,-0.402789747,-0.142922503,-0.12306664,-0.11189061,-0.00041947412,-0.25322363,0.317231583,-0.433580029,0.112204648,-0.147072435,0.0665474087,0.0394390356,-0.143852888,-0.115645859,0.111504383,-0.0869932897,-0.0453081445,0.0898577104,-0.207543744,-0.0165850254,-0.12097156,0.0204514382,-0.0566056282,0.0423147263
0.00105703638,-6.67750637e-05,0.854774404,-0.00246229,0.059647966,0.394726352,0.916857221,-0.0119798184,0.204085542,-0.330736363,-0.398603044,-0.168844346,-0.126363474,-0.139110246,0.0033162736,-0.257517378,0.325572781,-0.433998459,0.120192493,-0.147660298,0.0839934404,0.0332078344,-0.139896926,-0.119648031,0.111821176,-0.0869999992,-0.0500699682,0.0966111809,-0.209394621,-0.0225084327,-0.116628021,0.0275714523,-0.0701841619,0.0327875689
0.000812125176,8.63503383e-05,0.854585547,-0.00177736337,0.0603656191,0.393766104,0.917224666,-0.0162706672,0.201367076,-0.334387781,-0.39017425,-0.169910654,-0.129168513,-0.152252982,0.00308251064,-0.25291603,0.313342399,-0.471405979,0.0673494716,-0.164670263,0.0989995095,0.0359966297,-0.140836466,-0.122739946,0.111618249,-0.0869968845,-0.0506060695,0.0998425468,-0.218167509,-0.0254627172,-0.111216324,0.0479406344,-0.0751427966,0.0423643523
0.00267571715,0.00114996398,0.854488491,-0.00253549106,0.0599387274,0.393087899,0.917541729,-0.0084143078,0.204983687,-0.331704519,-0.399115139,-0.168117639,-0.130554024,-0.151222405,0.00480994925,-0.253102541,0.302855802,-0.486763019,0.0590030116,-0.166999826,0.0956049556,0.0517114775,-0.138454314,-0.121775561,0.103184775,-0.0869965771,-0.0490345104,0.0955901702,-0.203121551,-0.0214815929,-0.104144416,0.0249776773,-0.0746678974,0.0351030669
0.00353374698,0.00168351621,0.854528998,-0.001524361,0.0589151603,0.394315991,0.917083191,-0.00626353663,0.204653781,-0.333781138,-0.400291439,-0.167142234,-0.128670665,-0.153573008,0.00597383591,-0.252593668,0.300691705,-0.477614559,0.0487647678,-0.156751928,0.110143917,0.0498242184,-0.133759604,-0.121989084,0.104086772,-0.0869857188,-0.0492811216,0.0964063052,-0.187066408,-0.0218727366,-0.10942837,0.00423723585,-0.0652454831,0.0362293849
0.00312595806,0.00204976884,0.85461687,-0.000974712858,0.0596641928,0.394424563,0.916988821,-0.0059626281,0.203539547,-0.336247034,-0.402314105,-0.167769163,-0.126741874,-0.152680133,0.0058711667,-0.254743716,0.306088302,-0.476600706,0.0526563449,-0.154246631,0.11439358,0.0484232881,-0.13421783,-0.124607757,0.102965803,-0.0869706866,-0.0503597015,0.103002499,-0.182860601,-0.0257358604,-0.104071197,-0.00670078182,-0.0601546389,0.0331560322
0.00299522614,0.00242669755,0.854516164,-0.00155872278,0.0618479401,0.392969545,0.917467896,-0.00644078635,0.201866783,-0.329054962,-0.405711506,-0.168377899,-0.132744134,-0.149443685,0.000928213716,-0.255320595,0.308826588,-0.475103918,0.0623831663,-0.15481125,0.113533707,0.050233246,-0.140924492,-0.126513382,0.106825734,-0.0833059025,-0.0513579103,0.10774047,-0.184991995,-0.0312022684,-0.10573392,-0.00976412773,-0.0558664759,0.0316307906
0.0034146794,0.00365899588,0.854459345,-0.00216733405,0.0635209301,0.392120943,0.917715403,-0.00735205979,0.201241552,-0.324173654,-0.403360346,-0.167576585,-0.130687278,-0.146780842,-0.0056295939,-0.256566641,0.310092469,-0.471223771,0.0707898037,-0.154885839,0.11122047,0.0533388977,-0.158054657,-0.125787127,0.116228202,-0.0526623085,-0.066862211,0.109184821,-0.186705722,-0.0329647336,-0.111277159,-0.00846434745,-0.0562236745,0.0368523102
0.00418839316,0.00526369311,0.854520718,-0.00226251601,0.0637561913,0.393181673,0.917244897,-0.00650924902,0.202692014,-0.323875097,-0.406980224,-0.166000385,-0.134749292,-0.151308878,-0.00575671551,-0.259591466,0.308111477,-0.473668614,0.0789586842,-0.155311134,0.118612545,0.0548251311,-0.184793887,-0.123333209,0.11969777,0.00727991915,-0.0953721995,0.114645312,-0.178018796,-0.0358588807,-0.113691165,-0.0207534025,-0.0575318007,0.0312756903
0.00495592129,0.00679197294,0.854305833,-0.00342054827,0.0647884017,0.395256803,0.916276608,-0.00993259986,0.20144137,-0.321806438,-0.407470242,-0.16752183,-0.131497656,-0.155731377,-0.00419242552,-0.261448539,0.305573053,-0.477475759,0.0901907565,-0.155873071,0.121022031,0.052739083,-0.223786313,-0.117721354,0.126267663,0.0863384259,-0.130237939,0.120276495,-0.169453727,-0.0349863816,-0.118265397,-0.0393487137,-0.0514778776,0.0260404609
0.00508991828,0.0098588307,0.853834835,-0.00478744607,0.0653092367,0.397133783,0.915421511,-0.0090196186,0.202454753,-0.317904897,-0.415992702,-0.165745377,-0.135975571,-0.151982155,-0.00564201035,-0.261519864,0.305845242,-0.474317487,0.098000667,-0.155752537,0.122675811,0.0505678682,-0.257877534,-0.113707104,0.129320895,0.161760827,-0.169073012,0.122993127,-0.155633002,-0.034309653,-0.120133756,-0.0652000923,-0.0435365652,0.0262450813
0.00406668574,0.0116180957,0.852964505,-0.00624816866,0.066551215,0.399245955,0.914403939,-0.0143286533,0.200513324,-0.316602726,-0.417369546,-0.156531022,-0.137907907,-0.156692236,-0.0115734041,-0.263541329,0.29185796,-0.472972157,0.0699607232,-0.14973064,0.139331982,0.0369157138,-0.299409569,-0.107588066,0.135190152,0.24287252,-0.209880234,0.134819501,-0.163197906,-0.0311807614,-0.113461587,-0.056864543,-0.038293534,0.0416013202
0.00451778074,0.0155436678,0.852318224,-0.00914806123,0.0649713397,0.402168635,0.9132116,-0.0145140961,0.202762177,-0.321422878,-0.416458571,-0.151770059,-0.133436762,-0.158259215,-0.00794940318,-0.258864784,0.280401594,-0.472774356,0.0434157556,-0.145644454,0.154715367,0.0283725911,-0.329745174,-0.0978879005,0.135357974,0.31979942,-0.25093235,0.138175804,-0.161028822,-0.0286563558,-0.109678409,-0.0575578927,-0.0590849093,0.0180871484
0.00516292776,0.0205365991,0.851848836,-0.00993451512,0.0691636699,0.404452724,0.911885786,-0.0295606574,0.198670119,-0.315004056,-0.416968898,-0.145851375,-0.133047541,-0.156977153,-0.0202999301,-0.268371701,0.277363807,-0.468256283,0.0430954711,-0.143526653,0.155021585,0.0150965277,-0.3414818,-0.102268853,0.140531306,0.340770024,-0.271872114,0.13985486,-0.173938184,-0.039653436,-0.132323056,-0.0312541205,-0.0928592678,0.0287081345
0.00679592578,0.0260271989,0.851162427,-0.0150344826,0.0656794569,0.405643909,0.9115444,-0.0098430727,0.207835557,-0.318748496,-0.429989246,-0.146325202,-0.128561544,-0.154623334,-0.00366832282,-0.25699359,0.283644584,-0.471304518,0.0413893242,-0.144058308,0.151567137,0.0143295856,-0.358450942,-0.087608155,0.136921584,0.399416439,-0.305551213,0.140561196,-0.185681599,-0.0336478242,-0.14522111,0.0198513484,-0.131766905,0.0232858173
0.00824316882,0.0327176785,0.849569843,-0.0165344625,0.0673270448,0.406360058,0.911079131,-0.0151714773,0.20508461,-0.312284154,-0.426452338,-0.142933247,-0.127695452,-0.159960582,-0.00524452382,-0.259054357,0.283586194,-0.463098025,0.0349831088,-0.154424768,0.15003989,0.0354565219,-0.368739383,-0.100242667,0.114977457,0.42505771,-0.322512683,0.149264568,-0.265612526,-0.0547143897,-0.150602118,0.209868021,-0.23555086,0.00972610613
0.00894981069,0.0381539605,0.847593585,-0.0173792132,0.0740202564,0.405927476,0.910736981,-0.0304553925,0.205258767,-0.31490664,-0.442834661,-0.144667035,-0.127525273,-0.158668543,-0.0177295577,-0.272935473,0.281528643,-0.472934637,0.0391965283,-0.156774874,0.149482064,0.0401853727,-0.385211894,-0.116826514,0.100844199,0.442294059,-0.332787677,0.157488538,-0.326995869,-0.0699745053,-0.139848261,0.31964739,-0.264438264,0.00086644475
0.0100179821,0.0434343582,0.843251766,-0.0192537107,0.0782404977,0.404271408,0.911083063,-0.038178884,0.213686474,-0.313507665,-0.466418575,-0.142351472,-0.129533172,-0.159204952,-0.020236225,-0.279531661,0.285471946,-0.481278665,0.0502088812,-0.1567087,0.151536999,0.0412638585,-0.399720668,-0.122773686,0.115011501,0.470715251,-0.35148635,0.15847658,-0.427440839,-0.0937683337,-0.16695521,0.517963012,-0.302780132,0.000469557612
0.0123050033,0.0502023965,0.838013767,-0.0175242876,0.0864978656,0.401717252,0.911501107,-0.0489564572,0.210806513,-0.293249428,-0.489972578,-0.125000054,-0.128594412,-0.170903304,-0.0198847912,-0.283901754,0.289583712,-0.490118733,0.0342924137,-0.164812429,0.149175083,0.0685828144,-0.420257341,-0.155311783,0.0734342376,0.497772006,-0.366441317,0.179558148,-0.552062507,-0.133507937,-0.140849032,0.759986562,-0.360998224,-0.00605704573
0.0148890475,0.0578523435,0.835444062,-0.018728502,0.0910302264,0.398693958,0.912362795,-0.0539120539,0.217415109,-0.303210305,-0.520019598,-0.117507214,-0.130594123,-0.155496386,-0.0116320412,-0.289627615,0.290806777,-0.506162138,0.0234208952,-0.167172771,0.141781104,0.0960754788,-0.434343087,-0.17108113,0.0602869054,0.527429118,-0.385171846,0.185068285,-0.631636484,-0.148600701,-0.130329956,0.88091661,-0.371649852,-0.010801266
0.0193844579,0.0666528329,0.834330743,-0.0174542382,0.0973145905,0.394244586,0.913671947,-0.0744609512,0.21928968,-0.30803075,-0.544570522,-0.135361114,-0.127010794,-0.132694559,-0.0139051498,-0.297062812,0.279882466,-0.505884339,0.0412770671,-0.155842463,0.162219775,0.126468898,-0.408167347,-0.194864178,0.0468714658,0.479312918,-0.375972773,0.188031179,-0.722082725,-0.150545849,-0.0986050778,0.956444954,-0.371714484,0.00570057523
0.0246349424,0.0768353628,0.834908294,-0.0160781167,0.103458446,0.393416962,0.913378858,-0.102182686,0.202784331,-0.293031489,-0.541861794,-0.0838972713,-0.143993286,-0.124108141,-0.00322628789,-0.299581346,0.272730833,-0.498909574,0.00708893441,-0.165153909,0.142436224,0.137444888,-0.372892366,-0.210437369,0.0444526809,0.42115236,-0.363643754,0.182840519,-0.789825231,-0.148498113,-0.0746733062,0.933676906,-0.329876947,0.0290265119
0.0320631406,0.0883124556,0.834295708,-0.0146949271,0.107028047,0.392382525,0.913435827,-0.124566363,0.195963235,-0.288051095,-0.551107395,-0.110954052,-0.127489254,-0.107172273,0.00972435236,-0.315197238,0.267329766,-0.496982952,0.0315811216,-0.155633854,0.168249381,0.172064359,-0.33587352,-0.231038424,0.0161050099,0.380914182,-0.3453915,0.174344223,-0.838333483,-0.170370817,-0.0737602102,0.883217709,-0.30723364,0.0334708883
0.040487409,0.101508234,0.832882109,-0.014492171,0.112965742,0.388936659,0.914197459,-0.127844564,0.220407037,-0.305038119,-0.60018765,-0.150252535,-0.147130103,-0.12497542,0.0161094935,-0.319574602,0.267641772,-0.485803914,0.0372249573,-0.147715518,0.179857615,0.179476134,-0.295406884,-0.240153649,0.0156736362,0.326104824,-0.343914022,0.171380389,-0.895252526,-0.173644936,-0.0622557425,0.801212839,-0.252010843,0.0473557763
0.0501720646,0.114945916,0.829624276,-0.0117929885,0.115822343,0.387477827,0.914498247,-0.13364399,0.225318665,-0.338982516,-0.625349139,-0.126746197,-0.153547443,-0.109839824,0.039239152,-0.323696946,0.270065653,-0.479891244,0.021205947,-0.144512747,0.177791103,0.190203271,-0.270795582,-0.251817987,0.0109767426,0.329055109,-0.373762838,0.163962532,-0.949382701,-0.178018861,-0.050525585,0.746979953,-0.216445953,0.0616446689
0.0603694783,0.127095599,0.825296362,-0.00355815613,0.117484723,0.385125709,0.915348495,-0.119336116,0.217804237,-0.34184065,-0.635395466,-0.119315169,-0.132117452,-0.115889914,0.072061227,-0.333950451,0.266835474,-0.472444429,0.0171097445,-0.131327074,0.177796116,0.191879951,-0.245185531,-0.269375087,0.0178927386,0.348453039,-0.413110882,0.163967099,-0.990735496,-0.178679193,-0.0287432247,0.669295633,-0.153734717,0.0868388584
0.0713175253,0.14224204,0.820388021,-0.00166280728,0.121224902,0.383501269,0.915548215,-0.124255288,0.220033456,-0.345724154,-0.647721907,-0.116457419,-0.124128284,-0.112304945,0.0887567635,-0.336662134,0.270543631,-0.464415434,0.0127822655,-0.125759822,0.178664936,0.19009175,-0.221766365,-0.27714731,0.0188137148,0.358012879,-0.443245902,0.163660862,-1.02455412,-0.173005477,-0.0178489964,0.579376368,-0.101575732,0.0985531095
0.084516333,0.158780889,0.814908415,0.00064811723,0.124096258,0.377324189,0.917728803,-0.136929627,0.217590219,-0.341088947,-0.651322352,-0.117700798,-0.119464912,-0.108342909,0.0930312089,-0.340814634,0.271067264,-0.451205421,0.0165167941,-0.120097646,0.178582976,0.188332783,-0.189694582,-0.283241296,0.0263891048,0.3628689,-0.470829638,0.159150447,-1.0479158,-0.16646243,-0.0197986996,0.49853717,-0.0597368854,0.102414012
0.0992019971,0.177499056,0.809711611,-0.00499263705,0.133126873,0.374998215,0.917403209,-0.169438336,0.23405669,-0.338433236,-0.650221421,-0.133600601,-0.122797004,-0.109880092,0.0799294316,-0.337070288,0.262401201,-0.443761441,0.0209941304,-0.119193839,0.180820946,0.188836529,-0.167329163,-0.280915026,0.0189342822,0.349992784,-0.475694641,0.146924452,-1.07930946,-0.16181946,-0.0287113284,0.437942878,-0.0517008431,0.100409305
0.115423328,0.196705793,0.804740063,-0.00476157104,0.135162321,0.369328662,0.919404597,-0.173645805,0.217029138,-0.329655374,-0.637995138,-0.110281439,-0.103171271,-0.0875721005,0.0750800488,-0.333421053,0.262351819,-0.42437628,0.0217360366,-0.111032984,0.176997615,0.185877498,-0.124185199,-0.282461765,0.0120611732,0.340352658,-0.473746298,0.127268026,-1.08494995,-0.153505246,-0.0440598051,0.420174893,-0.0371976891,0.0957949177
0.13344565,0.217331401,0.800222609,0.00489979445,0.128726092,0.365854455,0.921713677,-0.170329932,0.208882129,-0.323729835,-0.567531448,-0.148764511,-0.139483931,-0.103049263,0.0856545186,-0.340087984,0.265255651,-0.374015807,0.0589278117,-0.128178513,0.185365318,0.17592341,-0.0148824994,-0.291261157,0.000384194422,0.261469662,-0.417202033,0.095818989,-1.06968234,-0.146880907,-0.0303754419,0.480602713,-0.0518153875,0.0830393479
0.153335297,0.239220644,0.79555323,0.00440413817,0.124751718,0.364434489,0.922824531,-0.148258404,0.202091502,-0.333195313,-0.548453296,-0.142047549,-0.125451289,-0.0958501335,0.103182648,-0.336415961,0.253050356,-0.376747309,0.0486477387,-0.120238028,0.169704456,0.181604452,0.00641049146,-0.278694123,0.00371452485,0.334962824,-0.420182024,0.051848239,-1.05599603,-0.145647822,-0.0344386751,0.562698257,-0.045346654,0.0641186436
0.173734874,0.262210371,0.794725483,0.000316500132,0.121331051,0.360915741,0.924672106,-0.110341221,0.196060873,-0.340015912,-0.527707265,-0.0986970048,-0.115051358,-0.070928117,0.107407126,-0.323103758,0.249675795,-0.374378585,0.0415219185,-0.115381423,0.152161732,0.189312419,0.00484531164,-0.259532659,0.00796457894,0.43650766,-0.394344543,0.0265372842,-1.05340686,-0.142181326,-0.0366476142,0.655872599,-0.0705431726,0.0431340193
0.196103079,0.286958246,0.795095299,-0.00545063473,0.109101864,0.360618685,0.926294358,-0.0809305807,0.213342793,-0.356073997,-0.472494974,-0.121618197,-0.116531958,-0.0945372607,0.118144468,-0.306568476,0.26267966,-0.363722852,0.0481296109,-0.112308748,0.156847079,0.186743197,0.00944832392,-0.221764331,0.0188115535,0.556483027,-0.324658415,-0.0112650823,-1.02150982,-0.117557999,-0.0491618752,0.74391128,-0.122841815,0.0210029155
0.218115534,0.310294068,0.796779893,-0.0148961278,0.101154525,0.361709034,0.926667385,-0.0637660692,0.228916998,-0.365347776,-0.421505663,-0.142065156,-0.133580106,-0.110855689,0.115343652,-0.28372944,0.265821564,-0.365932516,0.0612121345,-0.116667209,0.16117777,0.190173556,-0.0070045213,-0.177778373,0.0276902449,0.667496654,-0.17072191,-0.0633364474,-0.987841857,-0.100728021,-0.0784537333,0.806114688,-0.189281643,-0.0297230296
0.240378678,0.332124913,0.799493021,-0.0224316392,0.0970660138,0.365579889,0.925433064,-0.0530536842,0.238187416,-0.37125961,-0.385227675,-0.141444947,-0.135628616,-0.12756974,0.107995371,-0.267157948,0.26500661,-0.391603569,0.049993909,-0.119348181,0.164364787,0.169751514,-0.0618802407,-0.13271473,0.0513641751,0.8055517,-0.0316033436,-0.0640343465,-0.948105448,-0.0678421291,-0.0938944857,0.830433482,-0.235626317,-0.0755240588
0.259520129,0.353563431,0.803492315,-0.027633673,0.0978811931,0.371578008,0.922813869,-0.0263271757,0.250986627,-0.372025963,-0.402223015,-0.138542734,-0.117998405,-0.132908499,0.092764982,-0.262554485,0.275035587,-0.426385904,0.0457817987,-0.118563877,0.159745534,0.160155889,-0.187982877,-0.0702935981,0.104354475,0.997910946,-0.0570218335,-0.0529767436,-0.915072659,-0.0595896658,-0.103661009,0.853184708,-0.293720182,-0.104364623
0.281223269,0.375668259,0.809373762,-0.0324005774,0.0960760005,0.376669919,0.920781938,0.000328956941,0.258296627,-0.357636171,-0.405821678,-0.141234264,-0.113451774,-0.142190384,0.0752620727,-0.25897277,0.293015506,-0.461764219,0.0439130968,-0.130518241,0.155372162,0.123854474,-0.321771897,-0.000123742492,0.156391704,1.13292021,-0.128631031,-0.0242545238,-0.861006457,-0.0259588189,-0.109778736,0.842838289,-0.34147075,-0.118296369
0.301459214,0.398887422,0.81656868,-0.0362294211,0.0993393922,0.385107163,0.91679419,-0.0103380649,0.239016709,-0.342399408,-0.379835087,-0.121556521,-0.0980481841,-0.115128151,0.0328939857,-0.260022683,0.291311064,-0.476227165,0.0530188917,-0.146307098,0.133998364,0.0840812586,-0.47139848,0.0328386895,0.172717742,1.18564567,-0.18127714,-0.00998081284,-0.80261812,-0.00142654865,-0.105235272,0.801735917,-0.373976357,-0.115362725
0.3211196,0.419894418,0.823755533,-0.0408520815,0.0986708692,0.392825714,0.913391004,0.00891830574,0.244241362,-0.338591493,-0.384608917,-0.107702862,-0.0931565326,-0.11229617,0.0114984389,-0.261721213,0.297019167,-0.513445302,0.0213003263,-0.151256449,0.127869392,0.0472540451,-0.614852686,0.056198416,0.163030545,1.17172734,-0.226165657,-0.0018138269,-0.728293495,0.0215719285,-0.114832369,0.74123982,-0.389751119,-0.118456859
0.340277398,0.441635747,0.830400617,-0.0443917037,0.0972536555,0.402193361,0.909291814,0.016398357,0.246101569,-0.326780066,-0.381832431,-0.106605928,-0.100333071,-0.108713995,-0.00338415285,-0.26236512,0.30001639,-0.5547245,0.015262013,-0.159373758,0.102881883,0.0169763094,-0.73255301,0.0635831292,0.144394964,1.08202563,-0.225621512,0.00626564603,-0.635417292,0.0511920583,-0.102880834,0.647373639,-0.360309361,-0.109929223
0.360745088,0.467514986,0.834123355,-0.04969317,0.0935321987,0.410150923,0.905846862,0.0375242346,0.25787938,-0.32572111,-0.394429082,-0.1035781,-0.114112983,-0.135957679,-0.0182122863,-0.271000499,0.316109647,-0.591108941,0.00551486616,-0.162817219,0.0965746662,-0.000414423091,-0.810858917,0.0815654959,0.140938653,0.938011959,-0.213952407,-0.0101508091,-0.525372271,0.0680818328,-0.114989732,0.546312626,-0.365314607,-0.0961799201
0.382516253,0.492192725,0.835996606,-0.0552596664,0.0925246576,0.417638965,0.90219912,0.0525447976,0.265330237,-0.326479054,-0.403051366,-0.0962552207,-0.121445394,-0.144885288,-0.0393930722,-0.274178138,0.330097679,-0.619589356,0.00318030228,-0.166734359,0.0748293997,-0.0190108635,-0.86590379,0.09743854,0.140012668,0.740180159,-0.177929972,-0.00325757484,-0.416688934,0.0902706867,-0.124211647,0.428976011,-0.356124276,-0.0719519628
0.402486307,0.518025367,0.833925786,-0.0625828289,0.0910278575,0.426724647,0.897609823,0.0621175825,0.274058352,-0.334695761,-0.407694877,-0.0968024202,-0.134734578,-0.15336239,-0.0561356351,-0.28400866,0.331831908,-0.650132766,-0.0102732693,-0.17293188,0.076109728,-0.0239461549,-0.893125781,0.0808327832,0.1065679,0.494321541,-0.100633362,-0.0151370984,-0.299271343,0.11074987,-0.144445586,0.293931865,-0.334229947,-0.0546707689
0.422529525,0.544506271,0.828413167,-0.0677343861,0.0914407294,0.428660987,0.896270274,0.0715686988,0.276748246,-0.330992343,-0.414005692,-0.0969086855,-0.131297464,-0.157598757,-0.0822720132,-0.294445032,0.343604615,-0.670153002,-0.0238909406,-0.176838923,0.0823931422,-0.0104050054,-0.909979406,0.0549929049,0.0708537541,0.271012801,-0.0511120358,-0.011997565,-0.202705891,0.122921656,-0.164625245,0.19927469,-0.329816199,-0.0276803749
0.442454884,0.572787072,0.820531932,-0.0711917076,0.0887628652,0.432426856,0.89446068,0.0866028262,0.282140132,-0.331403224,-0.424442347,-0.0924435044,-0.131941977,-0.15718674,-0.0938134833,-0.306534498,0.347396895,-0.684814427,-0.0328037117,-0.176504689,0.0710792786,-0.00862178976,-0.950475505,0.0416926029,0.0414645246,0.209317756,-0.0570481946,-0.00824937999,-0.15190785,0.126932091,-0.181752868,0.226612252,-0.3765944,-0.0159389012
0.464530245,0.599418675,0.813501156,-0.0701871581,0.0944439306,0.433072471,0.893645535,0.0619029899,0.263666194,-0.318209914,-0.415599091,-0.0988220214,-0.127310354,-0.156793311,-0.128691749,-0.324454702,0.340246523,-0.682169162,-0.031813236,-0.180330316,0.0583888559,-0.0262466015,-0.97166766,0.0398603397,0.0306444945,0.212161336,-0.0527323356,0.00897217264,-0.127598692,0.120424662,-0.152627756,0.275185885,-0.402357957,-0.0114365181
0.486542379,0.632482887,0.805358648,-0.0678166663,0.0901314678,0.43115312,0.895200651,0.0701443844,0.258967113,-0.305737527,-0.406897303,-0.0963590637,-0.12626386,-0.158951555,-0.130473578,-0.327453035,0.339061369,-0.66913149,-0.0323475854,-0.17837165,0.040558902,-0.0273609363,-0.967968261,0.0317824838,0.0428473548,0.309637668,-0.0492591514,0.0180535291,-0.0934432228,0.104422208,-0.148134752,0.369410492,-0.425866595,0.00731789769
0.507760953,0.663905413,0.800417585,-0.064421329,0.0831393353,0.434902966,0.894313789,0.0706752999,0.250460075,-0.304339811,-0.389924775,-0.106457255,-0.128470024,-0.167159414,-0.108584361,-0.319950182,0.31192931,-0.645909342,-0.0388721404,-0.180090332,0.0361337144,-0.0442254731,-0.976818535,0.0348629687,0.0333338059,0.46357584,-0.0174087479,0.0279274087,-0.0794664718,0.0929272213,-0.123877265,0.506096394,-0.403496029,0.0239459513
0.53081614,0.697929881,0.798007523,-0.0506061151,0.0722766835,0.434363364,0.896405918,0.101408914,0.2345947,-0.311859936,-0.37313867,-0.110777073,-0.126694793,-0.176369812,-0.053706692,-0.312463797,0.30370539,-0.616987643,-0.029716119,-0.171972619,0.0355722598,-0.0245100271,-0.958632779,0.00380226422,0.0387944047,0.623408601,-0.0507006633,0.0410158881,-0.045726175,0.0527071617,-0.136301111,0.643304387,-0.291699239,0.0605866792
0.553631905,0.731136976,0.800191499,-0.0392355114,0.0721447978,0.432985746,0.897651963,0.0856264073,0.214161934,-0.322552114,-0.354175268,-0.122090853,-0.128164385,-0.19273464,-0.0322760593,-0.322492843,0.306380114,-0.582273442,-0.0292041808,-0.167484726,0.0415400848,-0.0166083717,-0.925321507,-0.0262513582,0.0548366773,0.712180097,-0.115355286,0.0904321034,-0.0255200568,0.012906839,-0.142056986,0.717228499,-0.0466912426,0.0799590003
0.573123942,0.763896394,0.804595894,-0.0311014782,0.0742472041,0.428421369,0.899986212,0.0607664871,0.197490629,-0.327598439,-0.350233331,-0.128504541,-0.129311622,-0.18797422,-0.0202779969,-0.326150264,0.3084124,-0.558843409,-0.0395979396,-0.165516494,0.066384709,-0.00687940534,-0.878212578,-0.0552815077,0.0682988729,0.755667902,-0.178904925,0.1373847,-0.0762009193,-0.0461485761,-0.150845986,0.86316991,0.0936161529,0.0779176614
0.593828658,0.794129294,0.812069538,-0.0271703587,0.0757424268,0.419978859,0.90395941,0.0423500325,0.202038667,-0.323574832,-0.36829161,-0.150044886,-0.131104672,-0.192142127,-0.0115066914,-0.332509037,0.323317018,-0.540034225,-0.00157965097,-0.171101217,0.10048877,0.0343460777,-0.812903214,-0.0872288931,0.069628299,0.751399542,-0.227822188,0.156452586,-0.202536537,-0.102417468,-0.180308665,1.03756079,-0.00177460809,0.0474066466
0.614978238,0.823470094,0.820888555,-0.0218032212,0.0772055332,0.412254273,0.907529801,0.0236732732,0.204833848,-0.326031869,-0.38858942,-0.144358882,-0.132592498,-0.177185456,0.00024219603,-0.333575505,0.327304967,-0.524331139,-0.00449275886,-0.172340317,0.121916021,0.0704408471,-0.727882662,-0.118464286,0.0668189705,0.710683964,-0.261012168,0.167526506,-0.341205585,-0.158214359,-0.192347163,1.13471863,-0.0917425913,0.0180423654
0.63564207,0.852765892,0.828906851,-0.0161620878,0.0779371103,0.406094563,0.910358061,-0.00347769071,0.214187452,-0.343522824,-0.395320763,-0.153255176,-0.156252698,-0.16078043,0.0205558906,-0.335656278,0.324743725,-0.513767668,-2.2811491e-05,-0.182316809,0.127756857,0.105674967,-0.63369915,-0.14718767,0.0600389881,0.6549808,-0.283638138,0.171325387,-0.473819723,-0.199346557,-0.19594135,1.1545951,-0.159762273,0.0120878173
0.655427843,0.881183983,0.834332101,-0.0116877418,0.0805194245,0.399028346,0.913321629,-0.0189321291,0.229183595,-0.342586047,-0.441142721,-0.149292925,-0.148224366,-0.144145923,0.0367728369,-0.33893772,0.308623394,-0.512643941,-0.000386545752,-0.171742014,0.141308671,0.155861525,-0.544747471,-0.179285884,0.0459713653,0.591696106,-0.296856002,0.16987524,-0.598685333,-0.234269576,-0.198970422,1.11072302,-0.211081285,0.0266154035
0.679628164,0.910381772,0.838630469,-0.00495621663,0.083040279,0.392629776,0.915926638,-0.0394594399,0.243753018,-0.342688723,-0.47774384,-0.149706968,-0.148381888,-0.135020745,0.0547220499,-0.343677583,0.294160306,-0.510956559,0.00541870952,-0.154326537,0.144052791,0.172637059,-0.429620347,-0.191486015,0.0513192889,0.498252283,-0.306038095,0.159603518,-0.697237879,-0.247087157,-0.184260194,0.998264549,-0.222101899,0.043547287
0.702594325,0.938581733,0.839293051,-0.000386117465,0.086323697,0.386632247,0.918184935,-0.0526150564,0.261175143,-0.338445759,-0.527930081,-0.132412937,-0.157960666,-0.126802355,0.0743132811,-0.34501327,0.279181965,-0.51592981,0.00755825365,-0.15971341,0.132466376,0.184820995,-0.329221868,-0.203056597,0.0485983888,0.416579246,-0.31098722,0.149333366,-0.779016418,-0.250375143,-0.176151986,0.841816493,-0.203727718,0.0630908288
0.725345767,0.966980258,0.837113062,-0.00388035691,0.0957039619,0.382892427,0.918813955,-0.112939756,0.295905734,-0.336121802,-0.550583418,-0.130284177,-0.163716095,-0.108156973,0.0534805392,-0.339030914,0.262484854,-0.506348986,0.00656323863,-0.15239956,0.142416775,0.181779206,-0.229549926,-0.202724843,0.0527968533,0.292681327,-0.306409939,0.11859317,-0.844508565,-0.212581082,-0.148518443,0.604748283,-0.140288007,0.0924660744
0.749759158,0.995696776,0.831711697,-0.00169205173,0.0994008473,0.381411607,0.919043957,-0.141593464,0.312823811,-0.328289856,-0.577258977,-0.139185414,-0.177038303,-0.0903195506,0.0653845264,-0.337471024,0.251078435,-0.50334994,0.0183631881,-0.148959183,0.139183563,0.171964132,-0.131312402,-0.205533401,0.0669934578,0.214674286,-0.316521649,0.0946235898,-0.869009301,-0.175890144,-0.110686453,0.34354069,-0.072566214,0.122386883
0.774846855,1.02522957,0.824037467,0.000293183243,0.101378934,0.381772047,0.918679667,-0.14396468,0.293685819,-0.288170304,-0.617772093,-0.0817824213,-0.1985941,-0.0648819571,0.0788926758,-0.333037532,0.2353774,-0.49628656,0.0378273504,-0.150578917,0.141045363,0.155313929,-0.0540142377,-0.203790262,0.0844310723,0.19145229,-0.343361637,0.0834024388,-0.888313731,-0.146547484,-0.0787387496,0.140421158,-0.0250001476,0.130778606
0.800841402,1.05531129,0.814842444,0.00389298043,0.101488247,0.381057741,0.918955918,-0.157067701,0.325717549,-0.30885724,-0.631872421,-0.103670428,-0.196804954,-0.0587178738,0.0956265936,-0.339511986,0.239414198,-0.497650455,0.0351015093,-0.146915736,0.143450524,0.145265125,-0.000111456998,-0.204080392,0.0932481762,0.226797684,-0.37422485,0.0707852907,-0.919950024,-0.133232367,-0.0643655221,0.0961349902,-0.0279351841,0.147838863
0.828442683,1.08586812,0.80690469,0.00491736333,0.0978659939,0.382315229,0.9188216,-0.173331678,0.322414318,-0.290206993,-0.622110143,-0.103022323,-0.182652853,-0.0359746284,0.0965082378,-0.336784224,0.23977749,-0.476611685,0.0316506513,-0.13451529,0.148963594,0.146881547,0.0450299385,-0.190294671,0.0770006918,0.295972768,-0.39249436,0.0460599404,-0.929869653,-0.13278455,-0.065845485,0.167187046,-0.0396255307,0.120148253
0.85871181,1.11835705,0.799659357,0.0068915103,0.0885341438,0.382365772,0.919733999,-0.158528239,0.305763511,-0.261853034,-0.603301316,-0.0923817084,-0.154232677,-0.0250869486,0.101712879,-0.330298493,0.237737219,-0.447672956,0.0444778895,-0.12962786,0.156311874,0.17261284,0.0824762705,-0.167009784,0.0428035705,0.410031586,-0.388303106,0.0177108538,-0.940396645,-0.140789234,-0.0610984794,0.36100804,-0.0591959947,0.0882598527
0.890067522,1.1501067,0.79367187,0.00916221758,0.0679719239,0.385452849,0.920174968,-0.115529904,0.293344508,-0.27546627,-0.561746139,-0.094682876,-0.140770452,-0.0102423527,0.143584772,-0.317727423,0.240988046,-0.426439755,0.0433135485,-0.113142124,0.157796545,0.183342621,0.116998591,-0.1300697,0.0210936737,0.564283137,-0.331735019,-0.0229717105,-0.937054919,-0.117893087,-0.0307104906,0.566724807,-0.0513923692,0.0591327436
0.921405461,1.183357,0.792935062,0.00381937883,0.0532225809,0.384964652,0.921387533,-0.0601432481,0.295140118,-0.265279209,-0.547755183,-0.103514433,-0.139034355,-0.0240178978,0.161869707,-0.299077719,0.246726876,-0.415968775,0.0538326069,-0.102126435,0.162657528,0.204037804,0.150466601,-0.0769157228,0.021903498,0.651292059,-0.127508732,-0.0629530647,-0.902428497,-0.0957158604,-0.0462119607,0.705627341,-0.0827844359,0.0238237248
0.950919219,1.21303568,0.794812927,-0.00375670892,0.0498476787,0.386093078,0.921104354,-0.0443045794,0.297200257,-0.262734773,-0.506835318,-0.10161709,-0.152558252,-0.0562206921,0.150929665,-0.28332809,0.244406282,-0.41774968,0.04585958,-0.0984466293,0.164167973,0.215139207,0.0996085859,-0.0281019191,0.0402524165,0.797482262,0.0404061981,-0.0851852257,-0.873798267,-0.0796365999,-0.0712820101,0.785776201,-0.157930121,-0.0413040473
0.979851754,1.24126366,0.799696666,-0.0108116771,0.0511056006,0.391046139,0.918887503,-0.0283593904,0.307244315,-0.260492106,-0.48501691,-0.097925754,-0.162455927,-0.0910144624,0.142222283,-0.282747367,0.252505031,-0.45363971,-0.0139666348,-0.0648396772,0.16190716,0.201290241,-0.0232627559,0.0279046687,0.095508202,0.990543128,0.0538578182,-0.0891803935,-0.838107026,-0.0524765395,-0.0843269467,0.830027773,-0.247349362,-0.0649553127
1.00653163,1.27020613,0.808420225,-0.0137164739,0.0500642805,0.398917669,0.915516313,-0.0204968723,0.293997547,-0.265424955,-0.449378248,-0.110755692,-0.126920654,-0.151111712,0.13488557,-0.284614566,0.262539299,-0.480921545,-0.0403711776,-0.0688088996,0.159547237,0.157526218,-0.172134644,0.0347469348,0.118216258,1.1310663,-0.0606225206,-0.067166729,-0.767049438,-0.0221833934,-0.0931153192,0.815548676,-0.300370524,-0.0814380968
1.03193156,1.29898168,0.817267668,-0.0172155481,0.0550445008,0.405325392,0.912351387,-0.0228337807,0.273951372,-0.269955742,-0.423260066,-0.13642872,-0.11871854,-0.160227308,0.0982858611,-0.296822258,0.277274428,-0.50212938,-0.0435093122,-0.0765865591,0.157088867,0.11633967,-0.333989391,0.0350823032,0.141848818,1.19214958,-0.129770452,-0.0465275611,-0.699306908,0.00332865192,-0.0882933418,0.771525291,-0.320892479,-0.0780673565
1.05894402,1.32859457,0.826224027,-0.0204827807,0.0519704458,0.410883444,0.909974903,0.0126124955,0.26394949,-0.261247656,-0.421692062,-0.135188132,-0.109537209,-0.157785765,0.0934880337,-0.304134527,0.284823535,-0.553249345,-0.0286490612,-0.0838123097,0.170504355,0.0678973494,-0.463257306,0.0552290528,0.168299366,1.17447473,-0.187984093,-0.0233048908,-0.598289941,0.0429054784,-0.0774502807,0.700457937,-0.343855065,-0.0852233738
1.08465351,1.35779266,0.832629085,-0.0244293054,0.0503204387,0.414895219,0.908148126,0.0436012145,0.252899,-0.254380716,-0.413756492,-0.10745835,-0.112827469,-0.148584304,0.0760883242,-0.311414845,0.295402434,-0.596988643,-0.0298015962,-0.0857025972,0.157521209,0.0343742702,-0.581483301,0.0642760991,0.177959821,1.0921817,-0.224215225,-0.0297801728,-0.497667068,0.0696949907,-0.0754402127,0.622332613,-0.348024564,-0.0747153146
1.10912239,1.38682131,0.835423579,-0.030370525,0.0517732719,0.417991899,0.906465626,0.0687889856,0.260980848,-0.284725451,-0.42230686,-0.0565248068,-0.103363598,-0.141510017,0.0411894832,-0.325203367,0.313027839,-0.627421245,-0.0455324641,-0.0965765388,0.150539566,0.0197915014,-0.686076462,0.0691507298,0.172190077,0.949584069,-0.223794076,-0.0213804216,-0.405345371,0.0826673687,-0.0898567246,0.542541097,-0.354037443,-0.0559465161
1.13454775,1.41713151,0.836306507,-0.0338273901,0.0522898625,0.419864017,0.905447782,0.0909551218,0.258308024,-0.278109134,-0.412076543,-0.0533024777,-0.109986232,-0.14371651,0.0214889988,-0.33175275,0.311096239,-0.661083631,-0.0759939686,-0.111918276,0.136672955,0.0150132647,-0.745292879,0.0659473997,0.169014288,0.739591869,-0.2081304,-0.0478970804,-0.294625993,0.0892971866,-0.111686764,0.440633043,-0.352634396,-0.0322494506
1.15887426,1.44623753,0.83271874,-0.0379648377,0.0551402793,0.420300482,0.904911999,0.108618711,0.257671716,-0.273783166,-0.409594637,-0.0753284174,-0.115992229,-0.145184016,-0.00495002003,-0.346810243,0.307364872,-0.691957312,-0.0592062822,-0.124625283,0.136832244,0.0254288101,-0.787725118,0.050382222,0.142384644,0.488703379,-0.144609891,-0.0431156029,-0.203874012,0.0920462075,-0.146236246,0.367319892,-0.360717317,-0.0179890247
1.18321086,1.47600259,0.825901947,-0.0423051873,0.0596408035,0.41965479,0.904733719,0.116524063,0.257220555,-0.274061548,-0.402659191,-0.0818976219,-0.117840487,-0.154239878,-0.0343264269,-0.358429807,0.303657744,-0.712568378,-0.0690967241,-0.134276324,0.12651672,0.0413177623,-0.80919348,0.0206890894,0.0900302672,0.22206726,-0.0832481804,-0.0379453667,-0.133090718,0.0939438771,-0.178235586,0.328198252,-0.384499904,-0.00166955703
1.2087338,1.50750772,0.81548878,-0.0448861007,0.0617276423,0.416616964,0.905872641,0.137432114,0.259230047,-0.26484551,-0.40929947,-0.0860249567,-0.118850496,-0.146647292,-0.053278925,-0.366594544,0.295399332,-0.728009801,-0.0619136726,-0.140778195,0.107482318,0.0544048885,-0.848789404,0.00352460398,0.0532297062,0.112710753,-0.0685863344,-0.0561705387,-0.100483782,0.0905495558,-0.196459658,0.394228075,-0.443190753,0.0181715372
1.23502888,1.54051172,0.805900986,-0.0440977629,0.0720019374,0.414040038,0.906334351,0.119391347,0.24731134,-0.252135377,-0.405571448,-0.085846704,-0.119530796,-0.160888138,-0.0970281307,-0.389879737,0.281521231,-0.721261021,-0.0571614782,-0.138983604,0.0993360741,0.0349381621,-0.878189821,0.00255787407,0.0354017096,0.107421503,-0.0715605254,-0.0466644505,-0.0702471731,0.0749601797,-0.164878892,0.43544447,-0.456997098,0.0413580878
1.26171829,1.57592379,0.796093029,-0.0432391052,0.0706499326,0.413445255,0.906753543,0.116095948,0.245580966,-0.253787679,-0.383194414,-0.0844096782,-0.127839775,-0.164272039,-0.107034736,-0.387820755,0.268186093,-0.690494524,-0.0626242773,-0.133992936,0.0700533327,0.0117813275,-0.91437498,0.00788310785,0.0131285902,0.279134919,-0.104582602,-0.0426350175,-0.0211186091,0.07396925,-0.119879403,0.488749217,-0.429616302,0.084645201
1.28800253,1.61259081,0.78697741,-0.0323021296,0.0557210056,0.411384103,0.909183624,0.167900677,0.243032295,-0.274217804,-0.387763334,-0.0803131854,-0.126030131,-0.163014069,-0.0454809769,-0.384153332,0.271683456,-0.681407408,-0.0691938178,-0.136464146,0.0678091704,0.0201756176,-0.906232931,-0.0216673163,-0.015391499,0.451276393,-0.043081949,-0.0268336822,0.0377435041,0.0589402285,-0.105954566,0.606089256,-0.370558663,0.0949414825
1.31475337,1.64977384,0.784090575,-0.0206831886,0.0526005082,0.410230634,0.910228663,0.177458045,0.228656684,-0.286715707,-0.383677107,-0.0812322501,-0.115820924,-0.15476253,-0.00577508726,-0.389957478,0.264652708,-0.658008421,-0.0824537277,-0.124425123,0.0732599885,0.00209310384,-0.90356531,-0.0277199457,0.0151187934,0.631823853,-0.0634740643,0.00897748607,0.0845586005,0.0199727326,-0.0985076006,0.669741958,-0.133733621,0.115403016
1.34106931,1.68379486,0.785756814,-0.0157033413,0.0562502859,0.408550644,0.910865348,0.156152081,0.227205273,-0.292691004,-0.381090785,-0.0710623757,-0.112632233,-0.156098986,0.0150000645,-0.391634428,0.26676216,-0.62437647,-0.0789890252,-0.114758475,0.0948608177,-0.00536867849,-0.8827765,-0.0415812545,0.0255765457,0.725818434,-0.10994577,0.0701040057,0.0653613172,-0.00516851148,-0.0898216116,0.77524173,0.114501607,0.103249435
1.36418389,1.71566095,0.791367131,-0.0163965712,0.0678189406,0.400807463,0.913501572,0.106013813,0.228171844,-0.293565984,-0.379723859,-0.0525174592,-0.107969498,-0.147249065,0.00350834828,-0.393566786,0.283349123,-0.590257121,-0.0626811702,-0.100557584,0.134992984,0.00424392944,-0.855236797,-0.0530136777,0.0389608304,0.755419552,-0.157520305,0.115770855,-0.0668730669,-0.0685679852,-0.124340101,0.975161116,0.167358466,0.0693673867
1.38772592,1.74531271,0.800638845,-0.0141829597,0.0725432847,0.390189293,0.91776284,0.0734141247,0.234878162,-0.305958081,-0.391838,-0.0563377919,-0.116037838,-0.141429907,0.0148071761,-0.399742705,0.307142943,-0.571268336,-0.0310014201,-0.107459896,0.166338631,0.0496602032,-0.789545874,-0.0820884239,0.0409986498,0.736093973,-0.199940451,0.126378047,-0.230669507,-0.102797419,-0.140642294,1.13450081,0.0304795566,0.0287347748
1.41285324,1.7737166,0.810564228,-0.0104164281,0.077308438,0.380432654,0.921512832,0.041381337,0.244948731,-0.313143376,-0.421258153,-0.057779961,-0.121148954,-0.13429554,0.0391749903,-0.403214989,0.302894553,-0.568291454,-0.0428782967,-0.0918050177,0.198789942,0.107958912,-0.707564144,-0.117061073,0.0347472219,0.684586635,-0.230805821,0.128052532,-0.387831213,-0.120278596,-0.15146333,1.20409676,-0.0675666098,0.0232910249
1.43860931,1.80210066,0.819900914,-0.00565535562,0.0799697247,0.370837124,0.925231153,0.0160026655,0.25591904,-0.314931164,-0.459273789,-0.0697654372,-0.123003565,-0.119780481,0.0702782917,-0.405812861,0.294787766,-0.548215323,-0.0499229501,-0.0942517188,0.200494612,0.160240211,-0.610148423,-0.144073217,0.0258548304,0.61733223,-0.251800337,0.125632934,-0.529688182,-0.120537011,-0.140306234,1.19976948,-0.137272262,0.0277214146
1.46491387,1.83037446,0.827304054,-0.000549558844,0.0832033296,0.361969375,0.928469211,-0.00610321072,0.268186414,-0.300253824,-0.505991719,-0.0672567845,-0.132096335,-0.124108235,0.108620811,-0.411004587,0.27176822,-0.537869586,-0.0458871298,-0.0945961557,0.201282035,0.206554398,-0.496880474,-0.164868788,0.0190311975,0.519178102,-0.252825961,0.123469268,-0.651488592,-0.124097737,-0.131257332,1.12311734,-0.197761681,0.0450250657
1.49279244,1.85834978,0.832061878,0.00522437861,0.0856322902,0.352247315,0.931966548,-0.0275048272,0.273098186,-0.279378332,-0.538707578,-0.0296887669,-0.160552166,-0.119082814,0.138151307,-0.416053971,0.25612082,-0.508495971,-0.0302429528,-0.104737797,0.189077146,0.236090179,-0.363424717,-0.16977603,0.0347548073,0.387656526,-0.246097128,0.103043215,-0.73829129,-0.127344382,-0.12130993,0.985059022,-0.211821487,0.078928844
1.52084327,1.88612043,0.832691989,0.0103587001,0.0896413333,0.342669652,0.935112099,-0.0480593628,0.284363277,-0.266937195,-0.589693408,-0.0205415786,-0.171065667,-0.113285338,0.162842134,-0.422424999,0.237281309,-0.484241218,-0.0277239454,-0.100795712,0.182440408,0.245099368,-0.220577481,-0.172667278,0.057648574,0.229243347,-0.223555142,0.083359662,-0.797716496,-0.131045858,-0.126541595,0.791711496,-0.193670026,0.103516716
1.54880178,1.91310358,0.828422759,0.0130974741,0.0925449021,0.336108313,0.937173996,-0.0739178034,0.302117799,-0.265086714,-0.63754579,-0.0123115844,-0.184008206,-0.116568132,0.186627439,-0.428404797,0.222472135,-0.458570891,-0.00859567623,-0.0952074499,0.185161551,0.238298434,-0.100768607,-0.170017272,0.085948197,0.114760118,-0.219469893,0.0564722771,-0.830094487,-0.115709653,-0.129044523,0.548709101,-0.134621684,0.130543435
1.57689912,1.94131926,0.820733692,0.0164426933,0.0943501016,0.330014715,0.939104884,-0.0955431184,0.312420297,-0.253035294,-0.674501921,0.00913038449,-0.194076771,-0.119058825,0.211341521,-0.434426005,0.206404707,-0.43347436,0.0128047103,-0.0884406328,0.193975854,0.216253286,0.00245846371,-0.172929141,0.127761748,0.0470842805,-0.242770391,0.0250943541,-0.830405902,-0.0902606619,-0.162022343,0.277897405,-0.0761387727,0.159584509
1.60765009,1.96907189,0.810482963,0.00922370967,0.0998945901,0.324916886,0.940406833,-0.148364978,0.341951664,-0.232654634,-0.692183026,0.0272939795,-0.200934056,-0.117826938,0.203998146,-0.419120106,0.184950998,-0.405461619,0.0328356735,-0.0876857722,0.19507705,0.211202363,0.0501246723,-0.148918207,0.139473678,0.0579614002,-0.286800356,-0.00950616558,-0.846152942,-0.0533205476,-0.217045291,0.0876740178,-0.061483102,0.190465075
1.63867614,1.99628428,0.799335105,0.0148769033,0.10012843,0.318119946,0.94263072,-0.147783298,0.338049177,-0.217530328,-0.711386327,0.0301127446,-0.20604485,-0.1099534,0.229893069,-0.429973906,0.181376327,-0.397320608,0.0374090858,-0.0853596234,0.199583771,0.180180893,0.102495262,-0.150384804,0.150339091,0.11354657,-0.320136265,-0.0201352379,-0.858907147,-0.0255152419,-0.247512879,0.0775158692,-0.0733616001,0.176256195
1.67211778,2.02417115,0.788332411,0.0158997193,0.0973694655,0.307901604,0.946289062,-0.151214014,0.337988488,-0.193708579,-0.697956934,0.0479384247,-0.200490798,-0.108575696,0.221853772,-0.428148603,0.18947063,-0.360181348,0.0490130024,-0.0766306406,0.213279776,0.167564432,0.0869103894,-0.130911725,0.140995563,0.320641127,-0.381679641,-0.0738170611,-0.874493727,-0.00543432746,-0.277733201,0.226676527,-0.125638203,0.123379561
1.7067094,2.05208901,0.777405492,0.0173722672,0.0916083205,0.296226429,0.950555639,-0.127104399,0.324681715,-0.178537161,-0.671509299,0.0650050561,-0.18236233,-0.0928359247,0.225149141,-0.429227546,0.193961305,-0.351478691,0.0249523735,-0.0693932319,0.21424653,0.187159983,0.0514341034,-0.111489064,0.102592893,0.568290778,-0.355255585,-0.155317688,-0.903169091,-0.0140947149,-0.276868373,0.433646378,-0.0925114561,0.0532902938
1.74255335,2.07783213,0.77163507,0.0175921725,0.0745241934,0.284115974,0.955727353,-0.0466060969,0.307271224,-0.182380034,-0.65167445,0.0974120781,-0.155765088,-0.0941187224,0.264813046,-0.42389149,0.224684884,-0.368334328,0.0196783442,-0.0511383886,0.220486129,0.200613785,0.0546531042,-0.0923124579,0.0401617843,0.75116087,-0.172616395,-0.22388861,-0.917990895,0.0145454274,-0.228367047,0.647835941,-0.137902358,-0.0118687513
1.77796136,2.1006854,0.771256128,0.0153813112,0.0743450745,0.26114672,0.962309002,-0.02197463,0.306903532,-0.184431941,-0.590712168,0.118637618,-0.130660823,-0.0905955429,0.224065551,-0.417099136,0.265965908,-0.375799776,0.00103761236,-0.047519305,0.213548984,0.224842599,0.00422385284,-0.077442846,-0.00818817496,0.903180642,0.0297875152,-0.222755254,-0.903124274,0.044679397,-0.21945828,0.745108468,-0.206203187,-0.0907067544
1.81226642,2.11902775,0.774294279,0.0100616098,0.0783247893,0.242550612,0.966919434,-0.0183690449,0.304384009,-0.208169968,-0.522029934,0.0909212217,-0.104188609,-0.0818871609,0.190849522,-0.404520935,0.295945081,-0.420805386,-0.0378962685,-0.0527882317,0.210027493,0.215932074,-0.152584252,0.00987342218,0.0293045587,1.14280873,-0.0265282532,-0.178274434,-0.866643918,0.0927874286,-0.216698664,0.768169874,-0.256666743,-0.148236387
1.84679047,2.13583722,0.781583225,0.00524932845,0.0783095134,0.222144352,0.971849758,-0.00155423814,0.311646602,-0.237349721,-0.46654228,0.0551668412,-0.0816502943,-0.100551966,0.162785589,-0.395184827,0.322574064,-0.483952288,-0.0541947614,-0.0601326019,0.211462305,0.184316958,-0.309307473,0.0948952439,0.0397648541,1.30002199,-0.0973186874,-0.121064902,-0.790850868,0.168678605,-0.186366156,0.725911893,-0.248996637,-0.1743689
1.88233249,2.15285758,0.791914133,0.00187835869,0.0746144785,0.198572946,0.977239959,0.0408352135,0.3054375,-0.248940895,-0.433596552,0.0247283715,-0.0747784474,-0.109356374,0.146276527,-0.389679318,0.342527596,-0.564652551,-0.0468291376,-0.0726233732,0.201220038,0.143119956,-0.443564503,0.147261895,0.0171625367,1.36216708,-0.151515929,-0.0893956311,-0.680499532,0.242138395,-0.150649508,0.651031154,-0.247034715,-0.17834453
1.91728457,2.16835963,0.803373438,-0.00222541129,0.0718723907,0.171518361,0.982553235,0.0876122299,0.294730369,-0.248839069,-0.408557626,-0.0189300477,-0.0722788535,-0.116691976,0.120961545,-0.384334975,0.357465879,-0.629674697,-0.034512512,-0.0839961699,0.205309581,0.106601071,-0.575894475,0.178154798,-0.0228652383,1.3540326,-0.198877368,-0.0595909176,-0.546240268,0.29838388,-0.120321343,0.532825785,-0.222153162,-0.164655281
1.95117062,2.18324268,0.812358991,-0.00280593991,0.0718496553,0.145914989,0.986680581,0.128426639,0.285662405,-0.253976292,-0.391847502,-0.0279553069,-0.0753481241,-0.142456714,0.0965543074,-0.377517586,0.356543054,-0.684240215,-0.0506043818,-0.0891758509,0.196386787,0.0675171732,-0.691153445,0.1867852,-0.0532951322,1.27850934,-0.237905403,-0.029580908,-0.420902375,0.328688256,-0.0728565702,0.435771712,-0.193183045,-0.13712987
1.98469768,2.19836987,0.819041837,-0.00220220178,0.0737700585,0.118440881,0.990214566,0.169315589,0.266877405,-0.24821223,-0.389323729,-0.0521763772,-0.0770241259,-0.152623013,0.0713414835,-0.375504988,0.360694846,-0.736506543,-0.058762831,-0.0936569195,0.191177504,0.0370903676,-0.781734881,0.171483215,-0.0762783375,1.14594637,-0.250282332,-0.0245908652,-0.303878383,0.337572639,-0.0220227751,0.342898714,-0.162359152,-0.0999497767
2.01887573,2.21350195,0.8222496,-0.00132389514,0.0825583866,0.0918935685,0.992339625,0.174975024,0.249821219,-0.242271755,-0.365385568,-0.0593233478,-0.0999479893,-0.169652136,0.0209570333,-0.379157685,0.360284679,-0.769207501,-0.0566670644,-0.10862946,0.19736834,0.021052275,-0.854057789,0.159496802,-0.075012407,0.951164116,-0.209198192,-0.0465909146,-0.213103046,0.323525792,0.0105571947,0.263174579,-0.137767247,-0.0637225086
2.05350033,2.2278777,0.821324206,0.000264075031,0.0882940275,0.0666067392,0.993865,0.195178471,0.229611097,-0.243043902,-0.357082915,-0.0306601009,-0.114261855,-0.164251837,-0.0142133165,-0.395301438,0.379361364,-0.813380573,-0.0552497994,-0.125235457,0.194037103,0.0367308539,-0.905558584,0.110889621,-0.100996088,0.731592682,-0.186499957,-0.0645289414,-0.121506093,0.300377137,0.0163389,0.18958871,-0.131857144,-0.0302678747
2.08886466,2.24132871,0.815816325,0.00484047694,0.104484825,0.044728543,0.993508354,0.17236012,0.21645331,-0.238358115,-0.353253985,-0.0354452258,-0.118548325,-0.172762213,-0.0742163237,-0.432892214,0.403607079,-0.870151783,-0.0875015131,-0.135997739,0.186790146,0.0454719796,-0.934866737,0.0641537254,-0.127810679,0.450083039,-0.139466108,-0.0765499337,-0.0705340344,0.265432152,0.0226564907,0.147535555,-0.131576798,0.0294101962
2.1246942,2.2540992,0.806408642,0.00699840868,0.110924061,0.0286804439,0.99339031,0.172242989,0.216473588,-0.25212006,-0.356021811,-0.0557607797,-0.115456259,-0.189085585,-0.0898462524,-0.455322548,0.406834736,-0.924568028,-0.0879393279,-0.136528652,0.170339787,0.0530880239,-0.950355714,0.0417317254,-0.130974125,0.240844252,-0.103767125,-0.0764333892,-0.024916809,0.244308494,0.0579266553,0.154873356,-0.155182909,0.0428406815
2.16308325,2.26684178,0.79568229,0.00691452776,0.11494334,0.0144591173,0.993242746,0.173817871,0.223239138,-0.248266606,-0.372159915,-0.0758152141,-0.127639437,-0.175918138,-0.100575595,-0.464573996,0.404439803,-0.950253966,-0.0744999969,-0.145345136,0.159000818,0.0582574756,-0.98098275,0.0273800687,-0.104278907,0.180524119,-0.10496822,-0.0803809115,0.0129786005,0.229032909,0.0817752638,0.196094552,-0.16956298,0.0576038181
2.20437317,2.27793233,0.786345948,0.00721282484,0.115574063,0.00405413527,0.993264403,0.160191374,0.231308064,-0.242552156,-0.366832745,-0.0978122751,-0.1307128,-0.167617058,-0.100424828,-0.461274198,0.397095447,-0.938208974,-0.0675703993,-0.145502653,0.143107725,0.0464424705,-0.988799303,0.0265296159,-0.063348593,0.214732412,-0.108286358,-0.051595789,0.0504063654,0.213076943,0.105788731,0.25990921,-0.161472666,0.0821694093
2.24885546,2.28844134,0.778077095,0.00804096637,0.110869956,-0.00126117639,0.993801593,0.142880726,0.242964819,-0.257729637,-0.354649625,-0.101472329,-0.127204926,-0.156216796,-0.0790317256,-0.448843741,0.385917495,-0.892448005,-0.0648438095,-0.140022934,0.111536678,0.0296715574,-0.99149165,0.00559159344,-0.0612699479,0.353602686,-0.105362183,-0.0351526719,0.0989407076,0.197155392,0.121869332,0.330502986,-0.0972889491,0.112870667
2.29533185,2.29751011,0.772581149,0.0105573115,0.0997355625,-0.00615210191,0.994938949,0.132497028,0.246845019,-0.263862851,-0.337369559,-0.112463306,-0.125392481,-0.151902065,-0.0421437845,-0.425902537,0.357257109,-0.812470549,-0.034316072,-0.14218264,0.109850491,-0.00704940545,-0.97535478,-0.00195180882,-0.0981448781,0.505218257,-0.0244395078,-0.0179131914,0.152806342,0.175857885,0.144053685,0.408210918,0.0859743406,0.155800402
2.34199048,2.30499204,0.772374513,0.0116245861,0.0938504981,-0.0120162611,0.995445911,0.110164277,0.255338763,-0.267166268,-0.329907953,-0.104801834,-0.128052741,-0.158580652,-0.0121832071,-0.401367751,0.32767733,-0.733522425,-0.0366949168,-0.12263501,0.142733466,-0.0302006545,-0.967271133,-0.000718375169,-0.0765545808,0.680066522,-0.0613746474,0.0116399773,0.156250834,0.152770707,0.137054178,0.525728908,0.294076163,0.17322072
2.38466671,2.3126151,0.777244445,0.0132180111,0.0853279052,-0.0244816652,0.995964397,0.105492232,0.262268862,-0.283635404,-0.347931392,-0.084719466,-0.119600651,-0.164605253,0.0177502868,-0.390223633,0.338837487,-0.658311053,-0.0340848393,-0.1058856,0.160546392,-0.0156260522,-0.9340088,-0.0242793079,-0.0634719562,0.804191588,-0.153134214,0.0858694049,0.0765076172,0.0832671606,0.0439276688,0.733698934,0.330473869,0.140957954
2.42634727,2.31928752,0.787151497,0.0134379792,0.083161977,-0.0395755966,0.995659218,0.0656732086,0.277536629,-0.295729239,-0.363723369,-0.0897146665,-0.117457293,-0.148665701,0.0199552241,-0.383760953,0.356514569,-0.593339254,-0.0201439102,-0.0926728707,0.184946612,0.0173473288,-0.864223888,-0.0420963404,-0.0448286489,0.824525096,-0.228812253,0.12591785,-0.111442819,0.0237080296,-0.0305026969,0.972106907,0.128908046,0.0715392314
2.46562481,2.3248315,0.79897707,0.0179758021,0.0803146095,-0.0544779585,0.995117373,0.0250795749,0.289545382,-0.301217723,-0.38753718,-0.0882715389,-0.126901852,-0.130804394,0.0359200112,-0.391597741,0.359483505,-0.552646236,0.000366630463,-0.101846542,0.214646521,0.0581268131,-0.767453773,-0.0690493028,-0.0262559571,0.783233187,-0.277768406,0.143799576,-0.29595571,-0.0577403641,-0.101654094,1.12168261,-0.0333600622,0.0295570016
2.50666975,2.32859739,0.810154424,0.0221891725,0.0765906395,-0.0671734598,0.994549768,-0.0111198511,0.302872244,-0.289809031,-0.417588419,-0.0758281517,-0.1293494,-0.130451238,0.0666062244,-0.398859354,0.343037782,-0.532896816,-0.0188751698,-0.0963102507,0.22929943,0.0985707025,-0.657116929,-0.0981703633,-0.0221839521,0.72183509,-0.305661297,0.137072322,-0.458419097,-0.118312513,-0.154304172,1.17015521,-0.162358751,0.00180987016
2.54780412,2.33146457,0.820553916,0.0281501891,0.0717483968,-0.0791825312,0.99387618,-0.0438008336,0.31180831,-0.274298961,-0.448021486,-0.0697553185,-0.137378684,-0.128297375,0.100814412,-0.412527604,0.321469171,-0.513440243,0.00847110778,-0.101363427,0.219565816,0.138582243,-0.518729916,-0.124833553,-0.018537172,0.608242859,-0.306120463,0.124691708,-0.586343946,-0.166905899,-0.190079484,1.12123288,-0.24268732,0.00306857292
2.58849411,2.3336554,0.826621914,0.0297349885,0.0783861753,-0.0891383107,0.99248466,-0.113908714,0.336318949,-0.247268891,-0.467025259,-0.0431807735,-0.157574743,-0.130260511,0.0992327789,-0.413722067,0.295199994,-0.490265542,0.00702115582,-0.104941926,0.222301026,0.154872717,-0.39007388,-0.130762948,-0.00371843236,0.452580414,-0.2792965,0.102147866,-0.709671087,-0.170054774,-0.201357018,0.986116884,-0.241016161,0.0296381658
2.62922628,2.33469081,0.828499264,0.0329189878,0.0799402988,-0.0965253622,0.991568829,-0.161634026,0.355604849,-0.237985064,-0.502600321,-0.0297170917,-0.167706563,-0.129504414,0.121372069,-0.422891509,0.272675592,-0.480025056,0.00511881251,-0.105940672,0.211099822,0.167677636,-0.27259955,-0.138797501,0.0039331846,0.345450358,-0.277487121,0.0819609282,-0.794405183,-0.154934083,-0.195840127,0.789800191,-0.233038278,0.0635234662
2.66918051,2.33534815,0.825443661,0.0360162276,0.0823567971,-0.100325933,0.990885915,-0.213590863,0.377719477,-0.247611556,-0.533723922,-0.0135513564,-0.179784741,-0.112845427,0.138706116,-0.428499506,0.255033508,-0.464825925,0.00223720536,-0.104507601,0.201786089,0.170955301,-0.161107615,-0.148231309,0.00537190801,0.243815333,-0.270660049,0.0638260269,-0.842907475,-0.125994371,-0.174668751,0.521872556,-0.165971921,0.121324534
2.71024357,2.33608033,0.818064965,0.0382648441,0.0866121578,-0.10119052,0.990350753,-0.261589538,0.392547487,-0.254639074,-0.563812705,0.00692472336,-0.184840166,-0.0768316262,0.151463537,-0.431586429,0.235975177,-0.447945432,0.0116617331,-0.0976938623,0.192701698,0.181959909,-0.0885593558,-0.155569068,0.0192011387,0.216550928,-0.296808683,0.0426611492,-0.874818004,-0.100674041,-0.129930133,0.253304963,-0.0922002792,0.173150485
2.75329746,2.33638735,0.807359798,0.0389701212,0.0901963673,-0.100602091,0.990063212,-0.297520775,0.413741132,-0.246685824,-0.59950632,-0.00232841225,-0.193903747,-0.0754406639,0.170609711,-0.436604428,0.212068369,-0.445551194,0.0231055931,-0.0956670495,0.199843357,0.183619385,-0.0356847005,-0.159939118,0.0350974472,0.242616798,-0.332591913,0.00998388978,-0.934024294,-0.0825706573,-0.0738883522,0.135675293,-0.106906555,0.189055264
2.7961388,2.33597006,0.796013969,0.0404091061,0.0889783571,-0.0984502119,0.990332021,-0.317904759,0.417778832,-0.239901606,-0.625036939,0.00809294262,-0.194240189,-0.0697332696,0.187859568,-0.4414175,0.193257977,-0.439109924,0.0321324849,-0.0886773017,0.206675506,0.184955316,0.011826322,-0.160468852,0.0346244509,0.303682229,-0.372113735,-0.0103757905,-0.963339894,-0.078735469,-0.0317854632,0.139733742,-0.0952915389,0.197152975
2.84169875,2.33442331,0.78600934,0.0385856671,0.0849296154,-0.096410408,0.990960716,-0.321933701,0.416492375,-0.231027598,-0.639691324,0.0245095365,-0.194127443,-0.065528487,0.195947879,-0.440414646,0.187096153,-0.420800914,0.0305085261,-0.0817478359,0.213891075,0.20183294,0.0418823781,-0.152562536,0.00503876791,0.417007336,-0.385076978,-0.0488702006,-0.9881295,-0.0844918077,0.00646438609,0.290961722,-0.12180066,0.171582148
2.88927029,2.33243693,0.775988437,0.0356124866,0.0647667894,-0.0922448593,0.992989375,-0.255966694,0.393547762,-0.22970528,-0.660007754,0.0379606764,-0.188773779,-0.0599154615,0.242908862,-0.440505965,0.193934861,-0.400459065,0.0234137648,-0.0731978436,0.213496603,0.213528114,0.0889100639,-0.136544071,-0.0049058566,0.573218727,-0.354311529,-0.0700623436,-0.973468429,-0.0966849097,-0.0140255048,0.493546343,-0.0958378205,0.134398549
2.93714878,2.32856127,0.771862527,0.0267729328,0.0523917105,-0.0858155825,0.994572272,-0.193505363,0.380843124,-0.236474267,-0.677433543,0.0439347899,-0.169903202,-0.0599209689,0.269286842,-0.421086394,0.204828067,-0.393183891,0.0213134415,-0.0577474646,0.213225696,0.234562154,0.132365333,-0.0951833408,-0.0184243372,0.667316603,-0.173838969,-0.0875677003,-0.955011216,-0.0877559641,-0.0113094281,0.664688405,-0.0858454312,0.098639197
2.98386128,2.32612819,0.772970785,0.0210321587,0.0490524366,-0.0835384136,0.995074289,-0.150282148,0.366555535,-0.237040002,-0.660228196,0.0397751865,-0.153468505,-0.0666726997,0.245221031,-0.404959084,0.223939686,-0.368906063,0.0101337032,-0.0467648637,0.208266062,0.243628417,0.125242676,-0.0577062141,0.0152582358,0.770129633,0.0494476473,-0.101516315,-0.916576787,-0.0855663401,-0.0354420197,0.761348096,-0.118512632,0.0368406993
3.02613511,2.32223691,0.77732828,0.0161559788,0.0507373265,-0.0746039918,0.995790617,-0.122082539,0.341992973,-0.229857389,-0.620212655,0.00119730175,-0.159433998,-0.0973621426,0.230318824,-0.381991968,0.209650879,-0.393482222,0.0335309792,-0.0387655057,0.200023175,0.218690913,0.0216835405,-0.00726293124,0.0803685259,0.957047991,0.0913668817,-0.081034297,-0.887235355,-0.0608818142,-0.0394641073,0.830203352,-0.195085508,-0.0496822724
3.06662866,2.31989536,0.786797689,0.0130771362,0.0514693716,-0.0592356625,0.996830491,-0.105271736,0.31936624,-0.251431238,-0.562863399,-0.0417609271,-0.151212279,-0.103358466,0.212769751,-0.366242511,0.222885543,-0.428027172,0.00946212431,-0.0462064212,0.173436363,0.175081177,-0.140656632,0.00459365104,0.101997486,1.12532329,-0.0315450309,-0.0496260366,-0.821974909,-0.0411565108,-0.0506987423,0.834965494,-0.252214799,-0.0801109228
3.10664517,2.31922524,0.798198904,0.0092251245,0.0519466762,-0.0472598478,0.997488319,-0.0714648467,0.298863496,-0.264237798,-0.509891913,-0.0704293745,-0.142497374,-0.0984876745,0.188339995,-0.353315431,0.238809801,-0.477935121,-0.00908291375,-0.0571670819,0.149424481,0.131861155,-0.297524999,0.0131408126,0.128376259,1.19556798,-0.107029128,-0.0348723311,-0.738203876,-0.0183317525,-0.0587341151,0.800606104,-0.289551941,-0.0893681564
3.14699501,2.31857536,0.809711125,0.00752229279,0.055547212,-0.0363614014,0.997765389,-0.0527924127,0.276870584,-0.268719692,-0.439016644,-0.137839056,-0.136828377,-0.111081359,0.146103311,-0.349800461,0.244226311,-0.527228019,-0.0249859805,-0.0778775943,0.131394215,0.0825791191,-0.450293031,0.0192315666,0.157559767,1.18129933,-0.169076574,-0.0184937206,-0.64736458,0.00374408399,-0.055254012,0.729174562,-0.304331328,-0.0851706011
3.18887538,2.31732089,0.820031541,0.00167705318,0.0543807107,-0.0269487044,0.998155145,-0.00321720074,0.268566824,-0.272192174,-0.39345292,-0.144234686,-0.134695391,-0.122010848,0.12942925,-0.347862989,0.262517071,-0.611036713,-0.0528005926,-0.0884761273,0.117481674,0.0360156217,-0.559705195,0.0451121062,0.181481046,1.08782222,-0.205743797,-0.0251414209,-0.527764599,0.0358628402,-0.0512323543,0.627596421,-0.306218838,-0.0790212009
3.22872848,2.3172109,0.82583544,-0.00345336256,0.0569845685,-0.0192913613,0.998182687,0.0435892348,0.268118764,-0.278623196,-0.362031731,-0.137788516,-0.130309926,-0.136658175,0.095134394,-0.351874265,0.277245679,-0.682048202,-0.0639356056,-0.105922786,0.115508344,0.0039868626,-0.657135827,0.0653462994,0.198882338,0.933362396,-0.228113024,-0.0322366166,-0.41269208,0.0527649792,-0.0648716909,0.507912298,-0.291107162,-0.0386569371
3.26718647,2.31757791,0.827477582,-0.00736859485,0.0631775067,-0.0136481117,0.997881774,0.0826734869,0.266495,-0.307054612,-0.340641237,-0.115159618,-0.122639104,-0.124230392,0.0450294772,-0.361377891,0.302443799,-0.746917014,-0.098522715,-0.127251865,0.119506356,-0.00144122415,-0.735553054,0.0661053653,0.202381955,0.7145964,-0.214726109,-0.0274097369,-0.316489671,0.0566082443,-0.0934603799,0.413050611,-0.283472346,-0.0139708089
3.30596445,2.31870298,0.825063243,-0.01057272,0.0709940847,-0.0118999445,0.997349712,0.121538778,0.263539156,-0.299041967,-0.316027444,-0.140771241,-0.130077862,-0.128939608,-0.00311161034,-0.384582665,0.330420682,-0.814604714,-0.110342114,-0.150224323,0.105870234,0.00639107706,-0.774351918,0.0467946937,0.189317448,0.430413945,-0.165348311,-0.0388283423,-0.229164111,0.0572042597,-0.127223288,0.330388937,-0.292237353,0.00519526995
3.34588708,2.32029682,0.818570766,-0.00912512482,0.0859496346,-0.011040598,0.996196516,0.126851415,0.249358526,-0.279871176,-0.29280015,-0.139985711,-0.126047265,-0.130541862,-0.0807427798,-0.42372116,0.347034448,-0.870188655,-0.133849955,-0.161522251,0.0911775245,-0.00431808672,-0.796056614,0.0207970443,0.170580832,0.1360724,-0.101795316,-0.0336172929,-0.16448878,0.0509310217,-0.135316487,0.260811092,-0.30307214,0.0210579982
3.38745306,2.32190329,0.808231396,-0.0145469876,0.0899063817,-0.0105128581,0.995788485,0.16584768,0.255612039,-0.269581466,-0.286812763,-0.151255782,-0.118595653,-0.133970291,-0.115559211,-0.435323311,0.347766247,-0.914822256,-0.133066585,-0.173124767,0.0766757022,-0.0135495379,-0.846092517,0.0226252467,0.139733157,0.0528208109,-0.0891404206,-0.0596826026,-0.119941734,0.0572355376,-0.139812576,0.29504201,-0.353694555,0.028893791
3.42914259,2.32310527,0.797810499,-0.019365884,0.0904891293,-0.00765260354,0.995679726,0.194047444,0.258249821,-0.259392508,-0.268903465,-0.156083657,-0.113234443,-0.131772995,-0.133186007,-0.439721122,0.338634949,-0.939248194,-0.137909642,-0.176069697,0.0549829734,-0.0200551342,-0.877104783,0.022888909,0.09243082,0.0716246005,-0.0804165214,-0.0569106495,-0.0755821825,0.064133059,-0.125005885,0.348836001,-0.386632707,0.0373327509
3.47327744,2.32560269,0.788697729,-0.0204493263,0.0880659454,-0.00314496341,0.995899756,0.20560797,0.256952774,-0.256431121,-0.243604271,-0.15117033,-0.106352371,-0.133739089,-0.134393147,-0.441858931,0.326662178,-0.940499856,-0.144528879,-0.167563112,0.030646188,-0.0280783591,-0.909029474,0.0199121407,0.072016266,0.225304413,-0.107099128,-0.0452254278,-0.0355067246,0.0622498283,-0.0990596818,0.429937293,-0.385214383,0.0633670343
3.51968372,2.33024097,0.779596557,-0.0186577231,0.0774063806,-0.000838083312,0.996824678,0.225015937,0.246840718,-0.252909103,-0.220419404,-0.174608882,-0.0933450694,-0.129745962,-0.105868684,-0.43945711,0.320873662,-0.923121837,-0.147646749,-0.159802642,0.0191360783,-0.0515486191,-0.903874253,0.0108164153,0.0561637726,0.387057555,-0.0522133799,-0.0244334921,0.0130147699,0.0437669019,-0.0749082484,0.533862382,-0.321471629,0.0927504273
3.56573395,2.33568602,0.774208369,-0.0112771652,0.0594284866,-0.00208606601,0.998166684,0.268764874,0.231452762,-0.271558253,-0.217714562,-0.169079592,-0.0854907913,-0.130164586,-0.0453589179,-0.431039026,0.321959808,-0.883010263,-0.144519416,-0.151142534,0.0239972837,-0.0421890011,-0.878552258,-0.0218279423,0.0434513542,0.54826632,-0.0299473439,0.0355762347,0.0765749447,0.00429016523,-0.0900623131,0.627786591,-0.161016164,0.118802328
3.61022016,2.33954395,0.774735115,-0.00571716747,0.0549670979,-0.0020708362,0.998469651,0.254371016,0.223512061,-0.279484558,-0.216453681,-0.156050549,-0.0925379122,-0.152143648,-0.024542537,-0.404481369,0.284290249,-0.802918216,-0.107564317,-0.147306554,0.0561253581,-0.0403713445,-0.867082618,-0.0426905571,0.0634150779,0.688911853,-0.0970066624,0.0863321989,0.100130172,-0.0213961772,-0.0902714065,0.696963155,0.097536147,0.127397045
3.65161908,2.34453684,0.77951029,-0.00185461235,0.0569610757,-0.005125186,0.998361522,0.218003439,0.217391354,-0.304727232,-0.231442613,-0.132994727,-0.0919233141,-0.153150134,-0.0140314407,-0.387600903,0.287278556,-0.730557752,-0.105901857,-0.133803323,0.0730966381,-0.0260837511,-0.83158733,-0.0677706282,0.0715977844,0.745490198,-0.163962174,0.132977423,0.01989128,-0.0747903607,-0.119120504,0.87150516,0.183311032,0.100774959
3.69041238,2.34959509,0.78830697,0.00354378989,0.0574934289,-0.0104977037,0.998284401,0.169309038,0.212367721,-0.323268072,-0.257961896,-0.103974194,-0.0925516036,-0.150368112,-0.010110993,-0.380523443,0.307445137,-0.64590584,-0.0849371838,-0.113742091,0.121407316,-0.00407903456,-0.762006398,-0.0989105253,0.0785380472,0.735893085,-0.209816098,0.160137412,-0.12288729,-0.134713302,-0.137755912,1.05162116,0.0943298478,0.065552876
3.72845326,2.35378819,0.798656004,0.0104781942,0.0561256556,-0.0150232532,0.998255689,0.120845737,0.205133813,-0.32091841,-0.300061229,-0.0864387159,-0.100883706,-0.130456834,0.00755562295,-0.380137916,0.322787523,-0.576278554,-0.0570023,-0.104656056,0.171722674,0.034566929,-0.667625548,-0.139772597,0.081092983,0.680993917,-0.230373636,0.169818533,-0.264860095,-0.18338068,-0.14893367,1.15348609,0.00705466004,0.0430280438
3.76661759,2.35660635,0.808373601,0.0172278073,0.0538083813,-0.0172564499,0.998253513,0.0767363288,0.211937482,-0.320353993,-0.363434688,-0.0791380204,-0.113548132,-0.124711363,0.0409468946,-0.383132584,0.323197686,-0.531950073,-0.0332614152,-0.0933532295,0.219827619,0.0783393606,-0.563525811,-0.180589251,0.0664247327,0.609949984,-0.234645295,0.161853502,-0.393327815,-0.217755289,-0.15861471,1.17917438,-0.0567627887,0.0395243353
3.80364206,2.35921475,0.816673081,0.0233397584,0.052569457,-0.0198938762,0.998146253,0.0204089386,0.199284793,-0.294323479,-0.416269377,-0.105121106,-0.135202786,-0.103670923,0.0803308444,-0.370603754,0.316162313,-0.48369711,0.0334396783,-0.154226907,0.17260994,0.126748695,-0.447404942,-0.21998618,0.0284536516,0.508061318,-0.208340803,0.159556436,-0.512179211,-0.242990028,-0.163666543,1.13220059,-0.101846738,0.0303451919
3.84132386,2.3606354,0.821697095,0.0278327989,0.0531575111,-0.0199565778,0.997998672,-0.0195577337,0.215568727,-0.283150191,-0.501572237,-0.096041577,-0.15163848,-0.0868805967,0.119878353,-0.373207813,0.30914211,-0.461896958,0.0345772156,-0.145472922,0.18026797,0.159444319,-0.34344987,-0.239345482,0.00151059486,0.425177193,-0.204149615,0.139234113,-0.619519207,-0.248631521,-0.151078201,1.02717523,-0.146444293,0.0330646987
3.87911551,2.36215015,0.823594795,0.03182452,0.0538548485,-0.0189750215,0.997861114,-0.0608811833,0.236496131,-0.278090314,-0.585090415,-0.0661903001,-0.172667131,-0.0661458304,0.153628407,-0.374696193,0.302788945,-0.435061317,0.0333171815,-0.142114046,0.177376407,0.169709124,-0.232893827,-0.246478893,-0.0182725265,0.329376133,-0.194690463,0.118909608,-0.699888658,-0.240656755,-0.139530622,0.856802975,-0.153566923,0.0543312643
3.91651878,2.36295233,0.822283703,0.0344645987,0.0550411231,-0.0168685779,0.99774652,-0.107566768,0.260208128,-0.275002068,-0.652829708,-0.050142051,-0.192604034,-0.0445783502,0.183177501,-0.371950261,0.28845331,-0.413250245,0.0417630162,-0.139491564,0.179336531,0.165328174,-0.136781411,-0.244611246,-0.0157511793,0.255806184,-0.203551488,0.096439963,-0.751586756,-0.209382801,-0.116110859,0.626152367,-0.137939748,0.0808697478
3.95465604,2.36390024,0.817785146,0.0311766763,0.0675803106,-0.0187005222,0.997051256,-0.184590325,0.298878089,-0.257891373,-0.707386733,-0.0468822741,-0.21414443,-0.0147210454,0.166968386,-0.35922391,0.277331433,-0.382815309,0.0526904208,-0.136498557,0.179944819,0.161325916,-0.073155816,-0.230856196,-0.0151814959,0.194538264,-0.220768201,0.07548687,-0.776909513,-0.160993384,-0.102635951,0.308941035,-0.0884266892,0.107495608
3.99350548,2.36426391,0.809025885,0.0327496896,0.0707525747,-0.0187419376,0.996779951,-0.220531966,0.322707194,-0.244125332,-0.762434505,-0.0455031138,-0.229006249,-9.20855714e-06,0.182057333,-0.358197092,0.266237834,-0.367134665,0.0817287329,-0.128943215,0.190066787,0.145605717,-0.0104043836,-0.226738122,-0.01177803,0.186421356,-0.257884757,0.0626619953,-0.788846764,-0.125327889,-0.112052576,0.0697911587,-0.0539242136,0.145287118
4.03360045,2.36371304,0.798858305,0.0328124086,0.0707730213,-0.0187976423,0.996775388,-0.239700624,0.339796165,-0.225459963,-0.80407733,-0.0400719275,-0.23935211,0.0180513768,0.198136046,-0.35557968,0.256863188,-0.354611812,0.0838820244,-0.121547784,0.192843883,0.128974996,0.0412398728,-0.21962958,-0.00923017448,0.222208872,-0.294013925,0.0394449828,-0.811886384,-0.0891718137,-0.108896528,-0.00474034411,-0.0559323672,0.138365026
4.07463968,2.36316776,0.789276867,0.0315909886,0.0662353088,-0.0198842264,0.997105567,-0.243706262,0.349889681,-0.209472108,-0.823908278,-0.0301057637,-0.239299396,0.0357367607,0.203511943,-0.353513509,0.262025798,-0.333258546,0.0866663083,-0.119489724,0.193244004,0.135354237,0.0783320711,-0.207330872,-0.0182263301,0.31070061,-0.328445032,0.0124128406,-0.830813608,-0.0743678754,-0.115579826,0.0852421135,-0.076387112,0.116522969
4.11835728,2.36271673,0.779931154,0.0301855182,0.0576341735,-0.022179235,0.997634812,-0.22454136,0.347158832,-0.195070216,-0.820932025,-0.0243462353,-0.23102121,0.0445966661,0.208726431,-0.351092582,0.262881926,-0.311870059,0.0916105064,-0.116738941,0.19353009,0.147897025,0.115318795,-0.195225409,-0.0372511367,0.424153184,-0.325808149,-0.0139608718,-0.845827417,-0.0651402632,-0.111837337,0.266359937,-0.101063025,0.0859119289
4.1618617,2.36155619,0.771894423,0.0270021231,0.048042666,-0.020484329,0.998270094,-0.200454746,0.33230716,-0.195561931,-0.784541003,-0.0270535611,-0.225365262,0.0504640551,0.21637573,-0.342708528,0.255346212,-0.29917743,0.101612622,-0.113787041,0.193346559,0.180891276,0.133745342,-0.171710591,-0.0650411951,0.560341584,-0.25678581,-0.0558621904,-0.859953498,-0.0765475728,-0.100422759,0.454233291,-0.046005953,0.0416124426
4.20642786,2.36049551,0.76833871,0.0191266706,0.0295558835,-0.015523387,0.999259548,-0.12833762,0.326005928,-0.210037541,-0.746479104,-0.0276599573,-0.210498412,0.0348220853,0.255902368,-0.324756869,0.256446063,-0.3090059,0.102143289,-0.100807679,0.185749237,0.185225387,0.181863891,-0.138739794,-0.0774845527,0.654511279,-0.0788389146,-0.121049183,-0.835294671,-0.0595395835,-0.104697822,0.633968794,-0.071829125,0.0113289835
4.24769287,2.35794727,0.768462377,0.0116359274,0.0294995836,-0.0158882969,0.999370773,-0.0993816317,0.346167779,-0.21759221,-0.680044033,0.0333546918,-0.181710868,-0.0306298751,0.232474097,-0.315366519,0.254474351,-0.338860017,0.0757379687,-0.0478443323,0.213107374,0.202191335,0.141660562,-0.0898996063,-0.0481609077,0.784483322,0.128123692,-0.17687922,-0.813078758,-0.0438753507,-0.130472491,0.724753746,-0.15727898,-0.0149284078
4.28546331,2.35568024,0.772750076,0.00666646482,0.0312748611,-0.00850452577,0.999452407,-0.0916254525,0.335188307,-0.249080068,-0.592883438,0.0234935947,-0.146775382,-0.0754529706,0.21377392,-0.303744388,0.266975587,-0.390677105,0.0287698648,-0.0337606142,0.198536869,0.180313566,0.0324523243,-0.0170388232,0.0231328008,0.966137311,0.140713508,-0.145252519,-0.777467349,-0.0220814854,-0.146120133,0.768356606,-0.222170442,-0.0640245533
4.32155333,2.35396854,0.780818515,0.00249471711,0.0320906503,-0.00222952718,0.999479362,-0.0844807504,0.324854489,-0.278082597,-0.492762011,-0.0295882236,-0.128096637,-0.118385917,0.180277673,-0.298085609,0.282027696,-0.439006052,-0.0179378109,-0.0491064732,0.182642455,0.133457578,-0.114321317,0.0413509485,0.0834495339,1.12431469,0.0054892622,-0.0827884872,-0.711453076,0.0169856722,-0.147976693,0.742063366,-0.238176791,-0.0899542388
4.35773979,2.3534037,0.789940608,-0.00103723456,0.0308916634,-0.000437354077,0.999522105,-0.0497218249,0.311524409,-0.295566218,-0.417505056,-0.09324183,-0.10697544,-0.153847973,0.15055128,-0.302552539,0.296573091,-0.516334505,-0.0379899767,-0.0599089444,0.178502063,0.0901964025,-0.245058961,0.0752991517,0.108374523,1.19280457,-0.100454775,-0.0465450525,-0.636689272,0.0603163637,-0.131296563,0.707910548,-0.256916127,-0.0956523933
4.39292082,2.35287874,0.800003154,-0.00242904459,0.0324859534,-0.0027704642,0.999465401,-0.0117484296,0.293649097,-0.295843148,-0.356781027,-0.151745434,-0.0941656118,-0.185322583,0.109968965,-0.316580134,0.297075977,-0.604347114,-0.0574614925,-0.0759437313,0.172035867,0.0487323602,-0.37018143,0.090178517,0.125235128,1.17977617,-0.171664791,-0.0317912346,-0.549690894,0.0909733395,-0.118141392,0.634098995,-0.254372719,-0.0711482395
4.427588,2.35316024,0.808463213,-0.00472459046,0.0319575772,-0.00523391951,0.999464355,0.0471479928,0.281569483,-0.300395759,-0.319419726,-0.181233094,-0.0981479607,-0.196782201,0.0825843605,-0.331425785,0.295837922,-0.701641734,-0.0763111776,-0.0933249469,0.155671117,0.022484602,-0.478281846,0.0973608303,0.123963243,1.10495885,-0.228908021,-0.00823890834,-0.457925687,0.111985072,-0.106575566,0.563188942,-0.244130167,-0.053109458
4.46198133,2.35350651,0.81476037,-0.0059970937,0.0316862938,-0.00882551913,0.999440906,0.105959913,0.268163964,-0.304319979,-0.293316263,-0.19967174,-0.103966421,-0.204592748,0.0584048768,-0.348217315,0.298116444,-0.799589018,-0.12217414,-0.115186119,0.13087861,0.0188263188,-0.564540229,0.0946766728,0.117182218,0.967571499,-0.257549897,-0.00107357669,-0.364788791,0.122476536,-0.0943247856,0.487041175,-0.234886582,-0.0316102039
4.495325,2.35445139,0.817481303,-0.00629434498,0.0332720778,-0.0111977188,0.999363778,0.161737084,0.260211835,-0.313937157,-0.287251926,-0.204469556,-0.109676482,-0.212464913,0.0299768614,-0.38148277,0.330267196,-0.892383431,-0.164493124,-0.146496343,0.0686367685,0.0182955102,-0.62954876,0.0789738716,0.114029549,0.782284107,-0.243876001,-0.00613593205,-0.283491219,0.124392186,-0.0925558425,0.424779494,-0.231641968,-0.0230157371
4.52833479,2.35614834,0.817369409,-0.00559471162,0.0368487355,-0.0140128107,0.999206941,0.211179581,0.25075138,-0.31885018,-0.284669429,-0.225521436,-0.124795251,-0.21633197,0.0073889995,-0.4111465,0.324578104,-0.986725264,-0.206224442,-0.147151923,0.054779096,0.024032209,-0.663589317,0.0383762272,0.0884503547,0.533586376,-0.189679145,-0.0333214289,-0.20990455,0.117787895,-0.103902708,0.367209219,-0.248186542,-0.0119662072
4.56225876,2.35742973,0.813677161,-0.0051272064,0.0423718151,-0.0144457018,0.998984316,0.250178433,0.243591678,-0.318242107,-0.288913046,-0.244630124,-0.128546183,-0.220829512,-0.0156317846,-0.430856667,0.304211045,-1.05657854,-0.207269091,-0.167565028,0.0499379908,0.0373498348,-0.679815926,0.00170979204,0.0793781979,0.269432828,-0.133192725,-0.0434080337,-0.149409365,0.113118988,-0.12119635,0.332157093,-0.278551712,-0.0133108469
4.59620855,2.3594464,0.805467142,-0.00574667603,0.0482718299,-0.0148012071,0.998708031,0.277893455,0.238554263,-0.319920974,-0.294077304,-0.250027415,-0.126793193,-0.227450548,-0.0437377868,-0.450014628,0.290051527,-1.10198844,-0.216159345,-0.172198632,0.0454234478,0.0489393536,-0.694107878,-0.026599077,0.089650915,0.0654543356,-0.0863511635,-0.0568274581,-0.108402632,0.105372121,-0.144186986,0.342841531,-0.334997451,0.00353883656
4.63261825,2.36150182,0.796454265,-0.0047420815,0.0535855564,-0.0108098471,0.998493489,0.282259793,0.235520542,-0.318892086,-0.298326574,-0.251591722,-0.128511696,-0.229954588,-0.0677415373,-0.464992084,0.27243103,-1.12414828,-0.204020642,-0.178243599,0.0350260318,0.0487190791,-0.728915729,-0.044532338,0.123704114,0.032385588,-0.0861464916,-0.0654758396,-0.0704470453,0.09773702,-0.148242106,0.36752136,-0.379159625,0.00960765086
4.66777712,2.36373922,0.787766561,-0.00336147695,0.0533146414,-0.00386040406,0.998564643,0.263845381,0.217558151,-0.293320763,-0.258087935,-0.289273944,-0.118232635,-0.239784439,-0.0780556174,-0.468077508,0.255697636,-1.10472002,-0.194347913,-0.165666189,0.0128245848,8.545052e-05,-0.749711298,-0.0289918634,0.167784932,0.110183056,-0.100458298,-0.052138938,-0.0268920898,0.0927188931,-0.11302454,0.404189203,-0.404440169,0.0355059018
4.70541403,2.36657164,0.778530314,-0.00326115652,0.0468690081,0.00494050439,0.998883503,0.261236774,0.219138654,-0.294506424,-0.247962499,-0.301033681,-0.112660748,-0.24293555,-0.050841846,-0.452916973,0.242528799,-1.07129338,-0.199906984,-0.161353395,-0.00479022318,-0.020974022,-0.750750148,-0.0402242478,0.152064259,0.225759251,-0.079098307,-0.0293312908,0.016437548,0.0851516392,-0.110358055,0.481855927,-0.40892052,0.0742735977
4.74333852,2.37038331,0.772565491,-0.00120664647,0.034863539,0.0123268944,0.999315328,0.256017655,0.215077905,-0.297318238,-0.238522575,-0.296455546,-0.0989003435,-0.231157956,-0.0253047026,-0.427947709,0.250532712,-0.992084467,-0.196403017,-0.148731877,-0.0193736901,-0.0426459311,-0.7490405,-0.0493558728,0.115878834,0.370793724,-0.0290782757,0.0153059595,0.0549290691,0.0678875291,-0.0991209416,0.58604033,-0.350150522,0.105189768
4.78247576,2.37237662,0.769972185,0.00469123971,0.0204542587,0.0175085794,0.999626463,0.257015299,0.202396688,-0.289230919,-0.23475307,-0.289856323,-0.09774127,-0.220296848,-0.00171213078,-0.384209857,0.242548118,-0.849572467,-0.152105202,-0.143265034,-0.00236675784,-0.0507899469,-0.751613609,-0.0794034312,0.0893572953,0.563745079,-0.0691601504,0.0374772616,0.112993607,0.0503756774,-0.0928333691,0.646851985,-0.147524114,0.148706283
