0,0,0.837555079,-0.0260383928,0.0323327135,0.944084976,0.327078211,-0.106283218,0.195510314,-0.458175166,-0.346999795,-0.279284662,-0.153221168,-0.130949966,-0.108466922,-0.24508964,0.431894611,-0.383503344,0.181737193,-0.156357323,0.0885201355,0.0437941099,-0.117583326,-0.106966107,0.122480774,-0.0695498707,-0.0304944447,0.0630395818,-0.208124452,-0.0404284105,-0.107710996,0.0349643947,-0.0144972413,0.0470344578
-6.69723072e-06,-0.000505493485,0.837576936,-0.0208740146,0.0284340065,0.944451569,0.326752226,-0.0949113944,0.19377325,-0.458878026,-0.353421689,-0.266721808,-0.135949334,-0.136177947,-0.0963351194,-0.238204064,0.414935838,-0.401333646,0.110983975,-0.135928267,0.116240763,0.0440095664,-0.101414041,-0.101928217,0.120947739,-0.0730470109,-0.0325849134,0.0693748549,-0.202223472,-0.0358887831,-0.10797787,0.0542013203,-0.0333556675,0.0443554016
-0.00067767321,0.000698078185,0.837749284,-0.0163144106,0.0252388029,0.9439106,0.328830688,-0.0807468805,0.19416063,-0.43915817,-0.358674152,-0.239685473,-0.132045635,-0.139330385,-0.0883931974,-0.236363837,0.409367683,-0.402723522,0.105153995,-0.136972506,0.141541445,0.0655833972,-0.0931302483,-0.0973443985,0.109177299,-0.0601047465,-0.0417939477,0.0773315181,-0.1803879,-0.03372979,-0.125372601,0.0488970213,-0.0496958767,0.0345458905
-0.000952668475,0.000488089512,0.83769702,-0.0163113123,0.0252879768,0.943959521,0.328686602,-0.0771720011,0.193794746,-0.438164425,-0.36320232,-0.239837843,-0.130014857,-0.138295756,-0.0866323325,-0.236754799,0.409015451,-0.403346437,0.105485956,-0.136681006,0.139300964,0.0656394871,-0.090173121,-0.0982900031,0.108140962,-0.0670965125,-0.0367204359,0.0788180077,-0.179410341,-0.0346822831,-0.127348709,0.047161823,-0.0463409449,0.0345294699
-0.0011525992,0.000201242936,0.837831913,-0.0165398817,0.0257320831,0.944367026,0.32746788,-0.0810372117,0.192016494,-0.439550128,-0.359949882,-0.241570541,-0.127358563,-0.140612475,-0.0859160862,-0.238399178,0.405751578,-0.405492983,0.106156279,-0.135753543,0.141992459,0.0671036155,-0.0976241967,-0.0997434087,0.103002194,-0.0548030451,-0.0425816925,0.0860733511,-0.181248604,-0.0366946111,-0.12803596,0.0507632103,-0.0488789427,0.0345886547
-0.00148614857,-0.000304619902,0.83775733,-0.0165933861,0.0253930648,0.944474163,0.327182528,-0.0759652035,0.1939182,-0.439567592,-0.366633136,-0.242457338,-0.128905606,-0.140882552,-0.0834466506,-0.2387758,0.404683763,-0.407900712,0.106378711,-0.134248002,0.138159464,0.0662906415,-0.0947053133,-0.100142976,0.105687366,-0.0594675327,-0.0405291891,0.0803004672,-0.181570257,-0.0372670493,-0.128374723,0.0511109507,-0.0508748331,0.0337890375
-0.00193053595,-0.00113025091,0.837790665,-0.0168650323,0.0257835975,0.944609298,0.326747687,-0.0798165839,0.190508462,-0.436278581,-0.360753697,-0.242397155,-0.130261904,-0.142819216,-0.0878015512,-0.238368058,0.403361989,-0.40025263,0.107046499,-0.137466833,0.14110058,0.0710141769,-0.107223418,-0.102219691,0.0991362491,-0.0381540531,-0.0499806646,0.0857601206,-0.18452491,-0.0404801435,-0.130070837,0.0576578785,-0.0525405792,0.0364295611
-0.00229512635,-0.00219995526,0.837839322,-0.0172093132,0.0254734616,0.944877505,0.325977671,-0.0787481826,0.191166954,-0.438477649,-0.363355115,-0.240371291,-0.129127901,-0.140661021,-0.0841000651,-0.239516227,0.403577236,-0.40692891,0.106886952,-0.135832277,0.135113496,0.070874019,-0.111949281,-0.102817605,0.0995588615,-0.0295725486,-0.0517253586,0.08024022,-0.188346964,-0.0418495724,-0.13009441,0.0629409211,-0.0524396281,0.0371870744
-0.00223140125,-0.00366508605,0.837831019,-0.0173046795,0.0256573548,0.944863474,0.32599887,-0.0798383408,0.19107056,-0.443436199,-0.364319163,-0.240418982,-0.126175753,-0.138119039,-0.0845949269,-0.240144835,0.405188474,-0.406726673,0.100916772,-0.133155284,0.129804057,0.0706336416,-0.122757669,-0.104160144,0.0995508652,-0.0119150301,-0.0569094243,0.0882770043,-0.196988705,-0.0449580345,-0.126984189,0.07679507,-0.0566722909,0.0342099502
-0.00239068339,-0.00565576449,0.837665737,-0.0179026507,0.0260878348,0.944451983,0.327122868,-0.0814408743,0.19034101,-0.439827318,-0.361775939,-0.238055539,-0.129272924,-0.139973414,-0.085761074,-0.242682174,0.404587612,-0.408745358,0.0995568291,-0.136328907,0.132145272,0.0736700373,-0.141817606,-0.106083223,0.101297016,0.020637007,-0.0697972639,0.0876346499,-0.214723372,-0.050422161,-0.123478352,0.105463168,-0.0670964651,0.0328348109
-0.00208858868,-0.00808669198,0.837771259,-0.0192559013,0.0265600923,0.943719019,0.329117281,-0.0809192002,0.191481986,-0.443029329,-0.366923502,-0.234510813,-0.128374239,-0.139642288,-0.0887605471,-0.244380815,0.406222467,-0.410800941,0.0970925419,-0.133016572,0.134610922,0.0801874215,-0.175831502,-0.10828122,0.100815416,0.0788845356,-0.0878618423,0.0952060539,-0.242314864,-0.0566744295,-0.119535132,0.15158872,-0.0803851822,0.0292639976
-0.00137532713,-0.0115007617,0.836908631,-0.0236640136,0.0265586769,0.942683873,0.331785724,-0.0839846397,0.192678103,-0.442480064,-0.372335604,-0.223579103,-0.126740515,-0.135243921,-0.093575888,-0.245942072,0.40643044,-0.417266051,0.0941417234,-0.133615511,0.132596553,0.0874594507,-0.231497197,-0.106477754,0.102303042,0.162154429,-0.11229659,0.0967648351,-0.284787331,-0.0612479646,-0.116686565,0.209012904,-0.0964400079,0.0242703454
0.000265490274,-0.0153379317,0.836145136,-0.0314988029,0.0284748028,0.941114504,0.335410945,-0.105166495,0.199132418,-0.438686108,-0.37634263,-0.224065945,-0.131077569,-0.138432168,-0.112109065,-0.253047856,0.405720639,-0.425395849,0.0923892681,-0.139380722,0.128786226,0.0937458903,-0.286912682,-0.108680279,0.10109344,0.218542057,-0.129869396,0.105103186,-0.332124592,-0.0657537141,-0.107972788,0.250793609,-0.107617285,0.0172934621
0.00267989959,-0.0201686984,0.834779079,-0.040486439,0.0288912582,0.939467483,0.339008838,-0.111590356,0.205153768,-0.428146385,-0.388311468,-0.209070462,-0.132250582,-0.131312812,-0.121437875,-0.255106741,0.4080959,-0.439644226,0.0880794838,-0.143643921,0.12386651,0.0953357371,-0.349934819,-0.104957345,0.106370216,0.286679728,-0.139548695,0.107334075,-0.393335994,-0.0665138102,-0.100934926,0.311431157,-0.112192486,0.0127165452
0.00619416575,-0.0254509545,0.83311429,-0.0508671132,0.0295089266,0.937641788,0.342592525,-0.113203837,0.213535686,-0.416526337,-0.410814851,-0.191654934,-0.134901363,-0.119371053,-0.131477248,-0.255255458,0.401633632,-0.46040626,0.0739657296,-0.151060673,0.120383186,0.0924580315,-0.415397294,-0.0969500781,0.11337098,0.347684687,-0.146946519,0.104183553,-0.465210094,-0.0653855533,-0.0967559364,0.379065395,-0.110703941,0.0126470503
0.010604281,-0.0312737967,0.831861276,-0.0622869232,0.0303124666,0.935110219,0.347520318,-0.105875918,0.223027406,-0.400267291,-0.441991848,-0.161317254,-0.13756883,-0.0999972829,-0.144964278,-0.25740847,0.403146772,-0.492339854,0.0584278852,-0.160955338,0.112049885,0.0877076992,-0.477401023,-0.0872008092,0.121563089,0.394610847,-0.143865304,0.102582718,-0.534310303,-0.0629260871,-0.0929167275,0.432224977,-0.100982953,0.0169458915
0.0147041228,-0.0365719492,0.831204794,-0.0725714667,0.0293318389,0.932495926,0.352596616,-0.0894732707,0.23545605,-0.385435808,-0.474271548,-0.127447749,-0.140355654,-0.0857445298,-0.159676459,-0.256203898,0.397777755,-0.528335196,0.0366595505,-0.171558991,0.103388799,0.0830236698,-0.523528629,-0.071610276,0.134693189,0.419859394,-0.139811723,0.0965860966,-0.584848579,-0.0559450383,-0.0930511854,0.464464002,-0.119502643,0.024557917
0.0191975718,-0.041278162,0.831326995,-0.0798941744,0.0274555822,0.931030315,0.355029104,-0.0720221997,0.249197136,-0.385137232,-0.497049861,-0.078003008,-0.14239906,-0.0573670464,-0.17850996,-0.25612144,0.396315952,-0.561612527,0.00699015977,-0.172654479,0.0850241772,0.0795344301,-0.547335132,-0.058237976,0.143563814,0.414583445,-0.123045009,0.0881464086,-0.610438796,-0.0475228979,-0.0936692468,0.487584594,-0.169556832,0.0334323193
0.0244687049,-0.0464462276,0.830918429,-0.0837988956,0.0253483911,0.931161981,0.353938651,-0.0556261015,0.260238424,-0.386548833,-0.50721933,-0.0696948907,-0.138563822,-0.0626649138,-0.194204452,-0.258889372,0.389290784,-0.59928882,0.000186733607,-0.181781932,0.0907593505,0.0759491214,-0.570131915,-0.0504516157,0.146707791,0.419506086,-0.109388142,0.0920348631,-0.622002335,-0.0557701972,-0.113107246,0.561013002,-0.224381985,0.0141575826
0.0290396333,-0.0510931156,0.830134674,-0.0835943264,0.0230177533,0.932914108,0.349504563,-0.035580828,0.266042225,-0.379675665,-0.510993092,-0.0662427654,-0.132721535,-0.065179937,-0.210003985,-0.262230318,0.387285305,-0.622328044,-0.00202066793,-0.18472982,0.0778371116,0.0744660486,-0.579165157,-0.0482345561,0.142768864,0.416581613,-0.101683342,0.0848600185,-0.599426686,-0.0759350092,-0.142681456,0.654141812,-0.266083764,-0.000114192343
0.0346254707,-0.0561249002,0.829129147,-0.0814428498,0.0209359155,0.935969334,0.341892024,-0.0137896187,0.269527096,-0.37540063,-0.505706192,-0.0667353693,-0.130670363,-0.0654096036,-0.224909981,-0.268072831,0.385363841,-0.636296327,0.00725760077,-0.189413359,0.0581355878,0.0727236672,-0.588395259,-0.0507697464,0.13747464,0.417739375,-0.0853763397,0.0797895295,-0.561167066,-0.0963256869,-0.167838504,0.759513982,-0.300664431,-0.0166076387
0.0414183121,-0.0613678363,0.82686389,-0.0742878953,0.0194855195,0.939654273,0.333393867,0.0334641896,0.270124786,-0.369551357,-0.511903175,-0.0711129414,-0.120445252,-0.0729201463,-0.221360754,-0.269507108,0.395203375,-0.662157116,-0.0028697026,-0.189419415,0.0678639332,0.0782212749,-0.601167756,-0.0609736568,0.125560906,0.445811297,-0.0802200833,0.0856433087,-0.50113144,-0.113699846,-0.187023137,0.861870361,-0.318327476,-0.0176972487
0.0492203795,-0.0667001061,0.825357445,-0.0700582578,0.0194853688,0.943591915,0.323027025,0.0555899763,0.264262373,-0.358840021,-0.494139528,-0.0561322445,-0.115835478,-0.0725558878,-0.23727413,-0.276386062,0.402663444,-0.668863091,-0.0216503997,-0.192359462,0.0698090648,0.0668619704,-0.604434284,-0.067725629,0.116954227,0.437799906,-0.0568703196,0.0869691988,-0.421217916,-0.11377626,-0.19526468,0.895706222,-0.279321881,0.00102791831
0.0577683179,-0.0720032074,0.823645216,-0.0641762176,0.0186453541,0.947630783,0.312297396,0.0872434613,0.26095309,-0.346175344,-0.487330516,-0.0457633176,-0.116093809,-0.0724676289,-0.25108849,-0.283157316,0.406762558,-0.665680201,-0.00963687684,-0.189913497,0.0586707668,0.0482625216,-0.609906168,-0.0707387735,0.108720491,0.443097379,-0.0448515449,0.0851775859,-0.335322575,-0.100986318,-0.195515389,0.902628394,-0.242995839,0.0246683208
0.0675799948,-0.0785508231,0.821097528,-0.0587086325,0.0187179901,0.950974569,0.303068147,0.112352199,0.257938258,-0.334883165,-0.472968254,-0.0488037004,-0.12565355,-0.0887123225,-0.27411313,-0.288024065,0.409422515,-0.650405051,0.0112045277,-0.189933786,0.0561471954,0.0301047581,-0.616056919,-0.0743683467,0.105376232,0.441735651,-0.0289125793,0.0852877296,-0.254346331,-0.0857048876,-0.192288694,0.885478063,-0.197182612,0.0524501399
0.0790890862,-0.085574144,0.818183214,-0.0521493758,0.0195688442,0.954492424,0.292987569,0.137008559,0.255733796,-0.327519353,-0.466534617,-0.0501743126,-0.12339382,-0.104100295,-0.288111686,-0.294188284,0.40660467,-0.638200621,0.0160040364,-0.184667429,0.0613851749,0.00219498,-0.619720272,-0.0745735857,0.109118665,0.435828579,-0.0141621144,0.0858895743,-0.18218078,-0.0697720094,-0.179051016,0.846989789,-0.151672671,0.0740890178
0.0923175065,-0.0932804596,0.814559719,-0.0468658464,0.019489664,0.957366518,0.284381953,0.155473511,0.255355704,-0.320435413,-0.454443425,-0.0658851041,-0.126855517,-0.122260652,-0.301502066,-0.299183223,0.410118452,-0.623116442,0.0353712113,-0.185363865,0.0560461778,-0.0222138483,-0.633562482,-0.0731744234,0.108434193,0.436476206,-0.000872212988,0.0896108017,-0.128779865,-0.0563852322,-0.167567847,0.797583002,-0.12861883,0.0927132447
0.107296996,-0.102019571,0.810553312,-0.0414832343,0.0176906877,0.959284151,0.278819115,0.1748501,0.257538192,-0.311312699,-0.445677366,-0.0661464933,-0.127529972,-0.131764995,-0.310865813,-0.299159164,0.409328053,-0.612113959,0.045045379,-0.181616425,0.0519883558,-0.0404488186,-0.645987053,-0.064668204,0.116915875,0.435670497,0.0140237385,0.078941505,-0.101963298,-0.045709976,-0.155605059,0.750765988,-0.164844592,0.103248209
0.124659432,-0.111428214,0.806365709,-0.0376174645,0.0146343677,0.960173544,0.276473376,0.186801273,0.259102175,-0.312033078,-0.430757868,-0.067807945,-0.122574552,-0.130800096,-0.323178055,-0.296835349,0.409978421,-0.597013975,0.0511829919,-0.169439526,0.0482418034,-0.0494913161,-0.670151703,-0.054205003,0.115934484,0.440687133,0.0350549571,0.0741755799,-0.106812317,-0.0218517691,-0.12336039,0.717709875,-0.24826575,0.103507571
0.144381667,-0.121662653,0.802238606,-0.0351806752,0.0118932668,0.960105849,0.277159936,0.190064088,0.262197771,-0.309971433,-0.417576238,-0.0577067984,-0.116912733,-0.134020895,-0.333737239,-0.291836644,0.409471498,-0.588020239,0.0435435178,-0.167746575,0.0492965444,-0.0593707023,-0.692541477,-0.0388962795,0.118098978,0.429032771,0.0750492003,0.0579964736,-0.133644812,-0.0127380776,-0.115361337,0.736486023,-0.341061696,0.0760339675
0.166401967,-0.133089128,0.799959907,-0.033801161,0.00871141888,0.959377267,0.279958662,0.18239174,0.26715348,-0.313954208,-0.40067587,-0.0502629311,-0.107215752,-0.141391409,-0.340055661,-0.282220494,0.404754707,-0.578159211,0.0391864546,-0.164432602,0.0524786583,-0.0734297392,-0.70278928,-0.0144492726,0.130033334,0.385977188,0.143834777,0.0293741463,-0.176233084,-0.00142143757,-0.114292454,0.755775926,-0.428000777,0.0358824018
0.190767266,-0.145818219,0.79951919,-0.03445214,0.00726134855,0.957956863,0.284743694,0.161623316,0.26825334,-0.317066788,-0.383252574,-0.0301897426,-0.102579698,-0.138185345,-0.343129844,-0.271586113,0.402891243,-0.565320799,0.0318847625,-0.169064395,0.0503050935,-0.0885418685,-0.701037468,0.0104625751,0.146050558,0.302410443,0.241739435,-0.0107791784,-0.225303334,0.00760352704,-0.122046856,0.766988931,-0.463524375,-0.0033592275
0.215397735,-0.15932311,0.800510338,-0.036130172,0.0055119739,0.956668699,0.288875804,0.137008754,0.27481669,-0.325629705,-0.379368109,-0.0299613669,-0.1000529,-0.131676414,-0.330751958,-0.26529768,0.408906779,-0.564824119,0.0220669292,-0.167068675,0.0562258941,-0.0976462401,-0.689277216,0.0329637383,0.153927609,0.199355314,0.353455259,-0.0569499117,-0.274236184,0.0195152371,-0.131661691,0.764043278,-0.493757161,-0.0314339087
0.238940827,-0.173478027,0.802980271,-0.0375774609,0.00888287949,0.954654469,0.295201412,0.116564069,0.273786328,-0.325122972,-0.395056361,-0.0135359657,-0.100108273,-0.115669753,-0.306957517,-0.267037856,0.415180393,-0.565912832,0.0175535158,-0.16711636,0.056769262,-0.0890656861,-0.68497113,0.0389384436,0.141092766,0.134990556,0.361236906,-0.0771703727,-0.32331728,0.0161645275,-0.136156311,0.756638108,-0.499749949,-0.0455395308
0.261310369,-0.186899678,0.808054192,-0.0403050154,0.0174841439,0.951848299,0.303405054,0.0913642331,0.267959222,-0.323272624,-0.419800817,0.00559497873,-0.105659818,-0.100323368,-0.278139452,-0.276986531,0.424630222,-0.562923487,0.00440146104,-0.16900518,0.0608443908,-0.0497854158,-0.708128596,0.023512257,0.114432618,0.195908165,0.193532734,-0.0525707465,-0.369171412,-0.006884764,-0.161710238,0.737212951,-0.484062683,-0.0488113296
0.281846658,-0.200738936,0.814529139,-0.0406947744,0.0253056426,0.94873748,0.312411194,0.0626566617,0.258010124,-0.324294225,-0.441931413,0.011618397,-0.10527037,-0.0886131856,-0.23829219,-0.292987013,0.435667747,-0.552205922,0.0240695519,-0.163573727,0.066606963,-0.0152083714,-0.722398057,0.0256074059,0.143625013,0.370570351,0.0132097592,-0.0202859146,-0.404586986,-0.0279941415,-0.171026925,0.709737745,-0.44497758,-0.0436802294
0.300834106,-0.213729527,0.8207629,-0.0361182169,0.0283823579,0.945959282,0.321015503,0.0379796503,0.259083732,-0.3331565,-0.463385462,0.00815061221,-0.115719011,-0.0848380125,-0.175672594,-0.299402195,0.439586331,-0.538871855,0.0251261328,-0.165887181,0.0667562744,0.00586864432,-0.696327266,0.0517987026,0.18991566,0.577617773,-0.129182862,-0.00205099508,-0.415956534,-0.0376763748,-0.171320717,0.670663113,-0.390427105,-0.0401047971
0.318216987,-0.227050774,0.827161598,-0.0364412633,0.0348706356,0.94274401,0.329681367,-0.0134755677,0.254739581,-0.327935992,-0.481304519,-0.0195532781,-0.129452662,-0.0792060315,-0.137828811,-0.321149765,0.445167695,-0.509261738,0.0918323111,-0.163237747,0.0679438559,0.0184209229,-0.630352717,0.0660498722,0.227278928,0.71923713,-0.202231475,0.00664747499,-0.417586969,-0.0408701061,-0.152766038,0.578736063,-0.305503073,-0.0330222525
0.335486721,-0.240735149,0.830706435,-0.0301844384,0.0348986664,0.939120965,0.340474369,-0.0268838615,0.265264445,-0.330553855,-0.521292135,-0.0292026188,-0.151240576,-0.091374896,-0.0751918285,-0.3293662,0.436652309,-0.479046668,0.0963867371,-0.161792097,0.0986273016,0.0296659058,-0.531347616,0.0796701001,0.243156945,0.840941152,-0.244553073,0.0138973092,-0.415822886,-0.0408729706,-0.147684838,0.525517513,-0.249767566,-0.0310883515
0.353061416,-0.255523966,0.829979708,-0.0208569442,0.0270613616,0.935381801,0.351985165,-0.0133554684,0.291538189,-0.343177033,-0.570236146,-0.0582716915,-0.175464702,-0.0886311618,0.00897429533,-0.322928121,0.423789878,-0.447884237,0.102037793,-0.162037805,0.124316918,0.0342333214,-0.404777694,0.101125388,0.252953743,0.9252019,-0.251977683,0.00511028829,-0.432935997,-0.0268450816,-0.140445011,0.534160504,-0.2254036,-0.034389834
0.37021165,-0.270773813,0.828442414,-0.0169053178,0.026810408,0.930562852,0.364757714,-0.0284642672,0.30242005,-0.330815584,-0.612518367,-0.0634475991,-0.177963023,-0.0861421222,0.0591658023,-0.331240911,0.410041515,-0.404939108,0.128987577,-0.156427691,0.129894067,0.0488517851,-0.274794371,0.0821034695,0.249728984,0.927833544,-0.22851234,-0.00972204747,-0.459902154,-0.025402764,-0.127587386,0.527348463,-0.199130556,-0.0386940506
0.388169004,-0.287039954,0.823992376,-0.0141476555,0.0274411263,0.925078345,0.378519331,-0.041819042,0.314133888,-0.31895035,-0.650426517,-0.0715100244,-0.188568556,-0.0672502367,0.10012604,-0.341920463,0.384810606,-0.369941197,0.1393,-0.141926679,0.137161377,0.0720260172,-0.154836717,0.0513129055,0.23524308,0.901161765,-0.206846661,-0.0265299601,-0.50483207,-0.0268685846,-0.111739831,0.548688906,-0.185051686,-0.0449955558
0.406191109,-0.304683592,0.817572788,-0.0116936746,0.0308874675,0.92006018,0.390382488,-0.0570734192,0.315067564,-0.30477101,-0.680213894,-0.075879907,-0.187651027,-0.0513250544,0.135639302,-0.357160878,0.356066966,-0.334734082,0.143780713,-0.131497079,0.136378801,0.0969558694,-0.0519962451,0.00625083643,0.208056703,0.853120367,-0.212238909,-0.0367982049,-0.570261473,-0.036622131,-0.0934615675,0.59816447,-0.177955623,-0.0453003502
0.426345718,-0.323738083,0.808947909,-0.0117933369,0.0345161523,0.91450138,0.402935204,-0.0734702406,0.324225041,-0.294769602,-0.708150919,-0.0858269271,-0.181703404,-0.030651987,0.155505524,-0.370997058,0.32247937,-0.30436493,0.133591674,-0.112551131,0.128691099,0.129037059,0.0230523224,-0.0432702993,0.158159572,0.795471379,-0.216552222,-0.0515273852,-0.649093915,-0.0474448264,-0.078074405,0.65496757,-0.159236455,-0.0387942646
0.44706263,-0.344524728,0.7999934,-0.0128422331,0.0387278256,0.909050909,0.414682622,-0.0812718105,0.321722537,-0.273288674,-0.727582234,-0.0731004408,-0.19276057,-0.00725995327,0.168871553,-0.383162987,0.295546213,-0.285420157,0.119407384,-0.106999476,0.119562871,0.161609368,0.0698014129,-0.094978998,0.0940214972,0.74371256,-0.239542417,-0.0583149218,-0.719556582,-0.057755119,-0.0607604848,0.682314044,-0.120568369,-0.0297776426
0.469686767,-0.367082139,0.792604301,-0.0155612103,0.0437129593,0.905685937,0.421402431,-0.101091824,0.314476451,-0.267229163,-0.734179994,-0.0501387641,-0.185005543,0.0155103634,0.177777596,-0.39005972,0.276888043,-0.281882003,0.103250906,-0.100899945,0.111221529,0.183212219,0.0743737102,-0.127480389,0.0550869663,0.718179042,-0.289245292,-0.0277775321,-0.779396981,-0.0700624317,-0.0472927082,0.670361941,-0.0619046608,-0.0168646615
0.49392809,-0.391880541,0.787829899,-0.0214578274,0.0495108406,0.904960552,0.422059992,-0.132172296,0.306043931,-0.26645256,-0.722329742,-0.0494397814,-0.194800325,0.0283470031,0.180871399,-0.387120179,0.261303673,-0.288029333,0.0881965928,-0.101865854,0.0865967133,0.193556633,0.0452230193,-0.162533295,0.0165984386,0.67947594,-0.350032201,-0.0326894141,-0.828613965,-0.0865504969,-0.042252193,0.61617792,-0.0114488463,0.0106169898
0.519998684,-0.418419065,0.787150848,-0.0297005984,0.0555188039,0.904982485,0.420763875,-0.166030043,0.30450586,-0.270421089,-0.696122738,-0.0807211598,-0.189000502,0.0316572419,0.16984283,-0.378975476,0.269767924,-0.302574065,0.0727432674,-0.10610723,0.0757711477,0.18876649,-0.0333637731,-0.18697257,0.0207733449,0.692903888,-0.447947862,7.84243119e-05,-0.879558872,-0.0854373562,-0.0196531915,0.540614547,-0.0248170155,0.0415665885
0.546809531,-0.44489037,0.791875458,-0.0498846997,0.062344382,0.90420245,0.419574338,-0.230599259,0.305027475,-0.26463971,-0.647052926,-0.080443469,-0.191337062,0.0281797226,0.107644421,-0.362073875,0.281437921,-0.307830892,0.0626960603,-0.128264721,0.0832162142,0.188049256,-0.124819448,-0.18806611,0.0631240066,0.651247851,-0.475003906,0.0133677009,-0.918889714,-0.0893302049,-0.0181553284,0.405940208,-0.0749568136,0.0441497855
0.572970594,-0.470858572,0.797116169,-0.0610905697,0.0648444995,0.903887727,0.418389903,-0.23944148,0.295432036,-0.25735572,-0.610016853,-0.0553421489,-0.18259853,0.0294476352,0.0709463081,-0.347904119,0.299176423,-0.339081438,0.0910483692,-0.148019872,0.0578388542,0.168110078,-0.196024608,-0.182574928,0.114246601,0.615345215,-0.48832637,0.0258827562,-0.899473033,-0.0931085934,-0.0736383728,0.245151415,-0.0773532299,0.0611185588
0.597357698,-0.494887184,0.801285974,-0.0669105467,0.0661743437,0.906138059,0.412380593,-0.231803637,0.296759458,-0.280284872,-0.578085782,-0.0742814787,-0.180678685,-0.00722373759,0.0547093331,-0.33863545,0.301383625,-0.395240586,0.0843768345,-0.158004315,0.081607582,0.157784984,-0.264581216,-0.180831996,0.126932238,0.607071601,-0.493863684,0.0647500004,-0.884286654,-0.11637342,-0.128817249,0.234784421,-0.0427218233,0.0633289472
0.620371886,-0.517058512,0.806560018,-0.0629850522,0.0642796609,0.909978589,0.404771511,-0.178957191,0.277606304,-0.306226039,-0.547062775,-0.0818587126,-0.165368666,-0.020929461,0.0708160087,-0.339130037,0.31143349,-0.466592788,0.0712732168,-0.168658611,0.0904085502,0.147178329,-0.328287853,-0.177989569,0.13890011,0.641418965,-0.487339385,0.0940362845,-0.863594596,-0.137757789,-0.121033055,0.333435626,-0.0339012469,0.0580991378
0.642150788,-0.537078075,0.815559117,-0.0624449082,0.0620173505,0.912333271,0.399878088,-0.142582548,0.272108915,-0.331961741,-0.496672882,-0.107038724,-0.150010415,-0.0263370037,0.0445158171,-0.331611128,0.325044228,-0.503451069,0.0543697827,-0.177065141,0.0815381319,0.139347648,-0.36068754,-0.173383276,0.142371609,0.601814618,-0.421248278,0.100976642,-0.842074766,-0.149068121,-0.106486978,0.444256659,-0.0599878553,0.0524414473
0.662785499,-0.55531595,0.825243891,-0.058651947,0.0592024461,0.914347348,0.396262472,-0.0932632234,0.261280215,-0.354570808,-0.436522672,-0.119226191,-0.131904039,-0.0611237579,0.0131559304,-0.328138622,0.346997998,-0.52496576,0.0346261174,-0.181822432,0.0938714035,0.125986807,-0.36611814,-0.169086936,0.144092723,0.53394092,-0.335444683,0.0958708959,-0.802540279,-0.152937973,-0.0806819792,0.567529615,-0.107990598,0.047447886
0.68265482,-0.571872663,0.83304087,-0.0532077643,0.0550405508,0.916077533,0.393625997,-0.0376553426,0.257752526,-0.370922203,-0.383438309,-0.139033011,-0.121290589,-0.0991249228,-0.0204536765,-0.328417911,0.366704415,-0.547785672,0.0424421645,-0.184564161,0.106955796,0.116055299,-0.360752987,-0.163517262,0.139693641,0.462842752,-0.251244948,0.0813580295,-0.737443867,-0.160070233,-0.0792864435,0.683537402,-0.16041867,0.0480441341
0.701741562,-0.587657465,0.83837485,-0.0459870323,0.0509326305,0.918391919,0.389675947,0.024524408,0.257991093,-0.385479108,-0.348592843,-0.164527624,-0.114019271,-0.129722368,-0.0441803394,-0.332309459,0.374981727,-0.587199872,0.0574008663,-0.181738658,0.106294956,0.107614135,-0.348740754,-0.15969325,0.139639573,0.394027106,-0.183713771,0.0763199242,-0.650432708,-0.181137076,-0.0933835019,0.796171213,-0.218475686,0.040249504
0.721387651,-0.602484952,0.839771851,-0.039668081,0.0482786191,0.921089639,0.38430391,0.0804466129,0.260867295,-0.396903177,-0.32242597,-0.18826082,-0.112062264,-0.159470478,-0.0700689029,-0.340870385,0.375843678,-0.622295454,0.0615480142,-0.188686934,0.0922396088,0.103090503,-0.350915464,-0.160305772,0.129674297,0.348426759,-0.142790239,0.0799074305,-0.534766128,-0.215544294,-0.13338723,0.87347894,-0.235829531,0.0452954786
0.741606998,-0.617950724,0.837252925,-0.0345172064,0.0453362351,0.924696824,0.376415955,0.134890452,0.269366032,-0.395106931,-0.312626224,-0.202936009,-0.116821434,-0.184384266,-0.0938277388,-0.349746557,0.375928594,-0.658098462,0.0575127664,-0.202870089,0.085336363,0.10275524,-0.374787667,-0.159771721,0.120821225,0.338278752,-0.123726129,0.0938911962,-0.413244759,-0.236108285,-0.172235605,0.930491355,-0.24926186,0.0411831642
0.76327273,-0.634134954,0.831559788,-0.030867131,0.0435649444,0.929785416,0.364209274,0.178000432,0.281477551,-0.388776648,-0.313988037,-0.216245393,-0.118228496,-0.202941246,-0.110953738,-0.364075212,0.364289657,-0.701689038,0.0560704251,-0.20865471,0.0898374943,0.0879076971,-0.427268412,-0.159650928,0.112095938,0.370767832,-0.119043791,0.112876017,-0.284929527,-0.233409651,-0.197267434,0.936058009,-0.204915935,0.0596956146
0.786418428,-0.650555919,0.823310881,-0.0284220687,0.0396992377,0.935919365,0.348813844,0.209397466,0.299408694,-0.367189725,-0.315810345,-0.217343976,-0.121717236,-0.214653821,-0.125778257,-0.373374673,0.346346037,-0.736159841,0.0600814395,-0.20749765,0.0610948354,0.0623713028,-0.502691141,-0.149410987,0.103616924,0.44321419,-0.124797419,0.127035395,-0.166729886,-0.18612497,-0.188308229,0.899031504,-0.137067575,0.0842129933
0.811700409,-0.668219878,0.813538034,-0.0298944877,0.034328584,0.942403961,0.331364817,0.228605146,0.323624371,-0.329266261,-0.328958112,-0.203621528,-0.127191406,-0.211712676,-0.142086447,-0.380923688,0.326278002,-0.764548636,0.0597895844,-0.217009435,0.0528596698,0.0248610803,-0.599848943,-0.129775673,0.0975355875,0.531042943,-0.128896911,0.134165578,-0.089379504,-0.114334736,-0.14141659,0.859483735,-0.106339966,0.0975982161
0.837434705,-0.685890421,0.803461301,-0.0312764168,0.0293058803,0.94858294,0.313613389,0.240147299,0.343845372,-0.282478114,-0.341961828,-0.163629017,-0.130481543,-0.204079169,-0.156913547,-0.389240588,0.308444607,-0.781391807,0.0571369734,-0.218188648,0.032211004,-0.0108643511,-0.686472412,-0.11126522,0.0943781337,0.594965996,-0.1112113,0.130698448,-0.0185370212,-0.0542019612,-0.099513332,0.788655939,-0.0626363255,0.110099849
0.865399653,-0.70453399,0.794486204,-0.0344001676,0.0256930293,0.952952246,0.300064182,0.244149094,0.354216823,-0.230325163,-0.360329867,-0.111121395,-0.120370159,-0.185508298,-0.177864555,-0.397134894,0.302797995,-0.787308722,0.0730957565,-0.21692234,0.00628572316,-0.0433972355,-0.754034408,-0.0918140177,0.0897251972,0.603363811,-0.0655252867,0.12106725,0.00637660238,0.00257350022,-0.0378452864,0.730039583,-0.0763583608,0.120484635
0.895504444,-0.724512861,0.789363761,-0.0382153606,0.0211892118,0.955733695,0.290970285,0.242482021,0.36047936,-0.195918384,-0.383721093,-0.0710378779,-0.117179468,-0.161297544,-0.207694578,-0.400667176,0.305309692,-0.776374592,0.0679577934,-0.214367533,0.00241524055,-0.0580012454,-0.801841117,-0.0768573608,0.0767255017,0.564944516,-0.027415532,0.100619593,-0.0242499519,0.0406178361,-0.00487980426,0.696910916,-0.22007805,0.0938896719
0.927349021,-0.745584489,0.788202321,-0.0510680785,0.0217846551,0.957033019,0.284614266,0.195846379,0.356344788,-0.171714948,-0.394775545,-0.0415040487,-0.112950952,-0.131435312,-0.2733802,-0.409130253,0.301981199,-0.750078554,0.0410928447,-0.209732102,0.00821668679,-0.0796397958,-0.846771671,-0.0555069017,0.0762993136,0.473773991,-0.0217795097,0.0708698827,-0.0950422789,0.0523831868,-0.0167227779,0.685604723,-0.341409743,0.0590455675
0.959247514,-0.767288855,0.791204742,-0.0589909018,0.0232732582,0.956913608,0.283363328,0.174306019,0.350346835,-0.155100909,-0.424777298,-0.0245965147,-0.118034263,-0.108364082,-0.310189601,-0.418991404,0.315757646,-0.723604701,0.062023508,-0.217277157,0.0108204385,-0.0726605821,-0.857793791,-0.0500901919,0.0835301253,0.349095302,-0.0537379151,0.0456472213,-0.156874139,0.0361404135,-0.098367544,0.659592368,-0.460956515,0.0303953916
0.991058466,-0.788899848,0.795887591,-0.0669214102,0.0266334237,0.956788116,0.281724487,0.142469239,0.347722664,-0.160595275,-0.45750512,-0.0089823836,-0.123718267,-0.100355776,-0.335741338,-0.43226674,0.325346725,-0.703947239,0.0384387925,-0.207802883,0.0360913218,-0.0619200779,-0.84042722,-0.0430629307,0.127830134,0.206286219,-0.0594886229,0.0190806863,-0.216279685,0.0269031024,-0.148272129,0.619046243,-0.502222036,-0.00732489314
1.02033253,-0.810322145,0.799012763,-0.0717372468,0.0286533816,0.956029739,0.28291322,0.122223314,0.350006971,-0.165435416,-0.500579404,0.00176388171,-0.135276985,-0.103847465,-0.328019979,-0.437560375,0.3387194,-0.704944199,0.0399036935,-0.211165724,0.0327828913,-0.0479804965,-0.839680591,-0.0324555863,0.168256606,0.222607759,-0.0423822938,0.0170889777,-0.2923745,0.0244329668,-0.148267582,0.626935581,-0.521421676,-0.0399830537
1.04774261,-0.83106145,0.80442538,-0.0680619268,0.0239836544,0.955159965,0.287161627,0.137067164,0.366326449,-0.178198633,-0.552196612,0.00749254283,-0.139997995,-0.0976449362,-0.282856874,-0.428393156,0.355693308,-0.710333728,0.04721996,-0.208877393,0.0465969163,-0.0441541115,-0.839107824,-0.00700915925,0.15568208,0.386169561,-0.072452858,0.0179722813,-0.346498627,0.0294039516,-0.151264909,0.638003537,-0.50216852,-0.0655632919
1.07261665,-0.850752386,0.812926237,-0.0657714904,0.0267495528,0.954419646,0.289899486,0.108055411,0.366980849,-0.20053988,-0.569831376,-0.00247405893,-0.148600679,-0.0937368902,-0.244721,-0.427265351,0.351278578,-0.699155306,0.0518199317,-0.214979171,0.0485951961,-0.0484286845,-0.818039345,0.00210712863,0.139404486,0.558077889,-0.119387491,0.019042268,-0.386714722,0.0230224289,-0.140328841,0.607230849,-0.431400381,-0.0722460699
1.09517673,-0.86955652,0.821505247,-0.0605351316,0.0282858248,0.953510942,0.293857609,0.0817770667,0.370279301,-0.219233687,-0.588043185,-0.0125439211,-0.15803128,-0.101048849,-0.194106244,-0.430260573,0.356376553,-0.692782056,0.0660410215,-0.215253429,0.0597474986,-0.0407750006,-0.752318137,0.0159771701,0.144413527,0.69799081,-0.16579035,0.0214414192,-0.398119293,0.0166777407,-0.129919275,0.545518798,-0.34511731,-0.0623905527
1.11691999,-0.888529446,0.82855055,-0.0540403038,0.0294867888,0.952165346,0.299318105,0.0690117687,0.371021074,-0.222361525,-0.624579849,-0.0180417247,-0.174747741,-0.110001683,-0.139740844,-0.435014542,0.352622024,-0.686141786,0.0816773962,-0.220258594,0.0796133806,-0.0321826341,-0.656930129,0.0437688974,0.172708292,0.814096391,-0.214462542,0.0164519228,-0.401211669,0.00847763655,-0.122407029,0.477337581,-0.257576846,-0.041596261
1.13836426,-0.907491179,0.831760974,-0.0485535273,0.0290973627,0.950249313,0.306304003,0.057115741,0.38539989,-0.22078138,-0.668724661,-0.0437062226,-0.185329478,-0.11490145,-0.0875494759,-0.437721586,0.350272126,-0.687060951,0.102344099,-0.214169283,0.095891698,-0.0206305026,-0.54276122,0.0734028178,0.199586556,0.88768109,-0.229287458,0.01501348,-0.414172722,0.00223609288,-0.122117109,0.432141607,-0.192669154,-0.0358588539
1.16030436,-0.927224003,0.830196987,-0.0444988761,0.0305955379,0.946212336,0.319007803,0.0517354504,0.39428985,-0.205959695,-0.721934234,-0.0402369692,-0.203084743,-0.12866575,-0.05134627,-0.447398547,0.353058135,-0.685780351,0.121118156,-0.218196667,0.109097203,-0.00654513283,-0.416601799,0.0965959793,0.229216781,0.921020151,-0.227123674,0.0142026052,-0.45875582,-0.00643408925,-0.110168041,0.437519516,-0.165089348,-0.040901378
1.18238087,-0.94754175,0.824335952,-0.0421197516,0.0316130777,0.941703197,0.3322975,0.0469161807,0.406868541,-0.189758262,-0.781564674,-0.0259446139,-0.203148373,-0.109159092,-0.0231687662,-0.452470058,0.332722803,-0.681405525,0.104226471,-0.222492896,0.128617946,0.016969024,-0.286490437,0.0959472062,0.231762659,0.908062613,-0.184417432,-0.0125088591,-0.525369937,-0.0135543174,-0.0939689978,0.481690224,-0.169537342,-0.0514237746
1.20565612,-0.969452409,0.814286242,-0.041287775,0.0356909805,0.936833693,0.345491107,0.0326883023,0.413095533,-0.174228613,-0.827770138,-0.0265077712,-0.202606863,-0.0749782191,-0.00439564584,-0.468359044,0.318704287,-0.687858376,0.115761819,-0.2166849,0.111604508,0.0479572965,-0.187233807,0.0766125722,0.211232552,0.890183453,-0.175600196,-0.0192481104,-0.631596373,-0.031431896,-0.0776186513,0.587172461,-0.184492654,-0.0588991159
1.22964912,-0.992372871,0.80358227,-0.0395828373,0.0408040428,0.931582063,0.359058616,0.0154397242,0.417280346,-0.161356902,-0.859584762,-0.0211544202,-0.198326175,-0.0515226858,0.000838067355,-0.481320015,0.306211764,-0.679474254,0.0963244309,-0.207073535,0.121002627,0.0909008452,-0.107944644,0.0402651797,0.16169233,0.861993268,-0.185835119,-0.0165271099,-0.737572975,-0.0529852109,-0.053830696,0.686603544,-0.188481213,-0.0501738585
1.25314854,-1.01598117,0.792842649,-0.0390928665,0.0458751321,0.925712024,0.373395861,-0.00295534624,0.421914573,-0.149819973,-0.873213745,-0.0175042886,-0.194888944,-0.0237352797,-0.00583346421,-0.490663398,0.298121073,-0.658465249,0.0926217744,-0.198304001,0.116143618,0.1354961,-0.0515762259,-0.0130876028,0.0902657796,0.828457718,-0.21516434,-0.0269223466,-0.822896582,-0.0701674673,-0.026940107,0.735043532,-0.168048214,-0.0392523693
1.27827473,-1.04074739,0.783376676,-0.0390951516,0.0489931731,0.923092933,0.379434678,-0.0366334953,0.427928547,-0.163958249,-0.868928786,-0.0277143472,-0.186164908,0.00722594268,-0.00712356971,-0.491233853,0.270455421,-0.634235774,0.0821000036,-0.184398423,0.106788976,0.168667624,-0.0316485975,-0.0576158464,0.0203061188,0.814815467,-0.274691613,-0.0272342517,-0.8894195,-0.0867100772,-0.00802198669,0.743760181,-0.134351291,-0.0276575374
1.30488901,-1.0680431,0.776983932,-0.0400870229,0.0505359546,0.922883623,0.379637941,-0.0701893126,0.427204706,-0.183646687,-0.855562512,-0.0355264104,-0.179085208,0.0247029975,0.00230951444,-0.489172265,0.241102281,-0.614948826,0.0852105496,-0.171431511,0.0859142052,0.176078122,-0.0310281056,-0.0923628653,-0.0164632398,0.780390332,-0.302705525,-0.0287250578,-0.9464575,-0.0898637613,0.016859469,0.715773777,-0.11939522,-0.00494847813
1.33309558,-1.09695143,0.774637799,-0.0497992134,0.0600713404,0.921111755,0.381398227,-0.125737272,0.419522688,-0.180303589,-0.826049036,-0.0312091092,-0.182986875,0.0322304356,-0.0262143322,-0.488808078,0.218607743,-0.594364457,0.0227821315,-0.177573758,0.0865365461,0.183234724,-0.112732961,-0.126927887,0.00429615346,0.78568277,-0.430586109,-0.00927989054,-1.01295846,-0.108655594,0.0392832986,0.654420597,-0.133324137,0.0138451111
1.36310825,-1.12660213,0.775370182,-0.0626236394,0.0649003242,0.920185771,0.380951933,-0.15685231,0.424678345,-0.186311588,-0.817128805,-0.0203785329,-0.185469312,0.0264964116,-0.0499211285,-0.486484948,0.205267888,-0.60017016,-0.00414205218,-0.175050957,0.0841747792,0.171607252,-0.212930117,-0.11752736,0.0884067825,0.803618046,-0.516077066,0.0068687279,-1.06270024,-0.106273373,0.047672954,0.559387751,-0.180106203,0.0126453131
1.39342456,-1.1548545,0.778836676,-0.0819539412,0.0736591607,0.917412769,0.382376374,-0.201085981,0.43204967,-0.194121843,-0.805977019,0.00109734263,-0.182210829,0.0420698594,-0.102155529,-0.485780677,0.20777583,-0.619123654,-0.0411371407,-0.182021367,0.0700754098,0.165864708,-0.320559317,-0.125426961,0.128798091,0.780709079,-0.53580882,0.042739553,-1.07090668,-0.127393984,0.00621779281,0.388571802,-0.174912427,0.0205665356
1.42054861,-1.18128896,0.780174471,-0.0856719592,0.0755686285,0.918209757,0.379263154,-0.192388352,0.436865031,-0.219466041,-0.799205959,0.011306334,-0.191966769,0.0189464465,-0.0995645799,-0.486923432,0.209345387,-0.660987499,-0.0752734106,-0.208451756,0.0765244503,0.166633375,-0.396024691,-0.136047336,0.136706951,0.786150558,-0.558114957,0.0741237555,-1.0468605,-0.164739851,-0.0651711463,0.343808485,-0.112759682,0.0355497037
1.44539093,-1.20475185,0.784663205,-0.0862378366,0.0755286269,0.920481214,0.373594429,-0.172407781,0.434028832,-0.239291528,-0.789537405,-0.0139290892,-0.184531401,0.0103523781,-0.0923985128,-0.485488204,0.214645607,-0.710063602,-0.0568231832,-0.211732108,0.0633755233,0.161104088,-0.455446049,-0.142272092,0.14543431,0.782051263,-0.545144393,0.114116587,-1.02476329,-0.192768026,-0.0945175612,0.417056855,-0.0675690064,0.0350358488
1.46928356,-1.22687047,0.791859446,-0.0758991411,0.0698366464,0.92371766,0.36892797,-0.104061885,0.419931547,-0.254020537,-0.766648667,-0.0288480871,-0.182714161,-0.0089944342,-0.0672806757,-0.473554487,0.225723576,-0.726067692,-0.0536445703,-0.209628186,0.0570228964,0.135392948,-0.48813025,-0.1261327,0.17262325,0.792558522,-0.511030752,0.131718102,-0.983838587,-0.206718999,-0.116431495,0.571909015,-0.078634705,0.0132142493
1.49250865,-1.24592583,0.802478675,-0.0707059545,0.0671572678,0.924594524,0.368260146,-0.0596562235,0.397726153,-0.263331323,-0.709252453,-0.020311595,-0.170241271,-0.0128140763,-0.0852675322,-0.460864372,0.2508211,-0.7141354,-0.0598106482,-0.213446754,0.0308464874,0.116804558,-0.4992567,-0.123594565,0.175437111,0.731151096,-0.423249137,0.121842245,-0.934141462,-0.214819906,-0.1200438,0.726432803,-0.136505347,0.00517326128
1.51457082,-1.26361419,0.812057757,-0.064029451,0.0633931152,0.92647083,0.365422144,-0.0175316123,0.374926247,-0.265627618,-0.639419954,-0.0172509161,-0.165826841,-0.0540772081,-0.0992362693,-0.448269221,0.264993407,-0.701513939,-0.0586908142,-0.216829528,0.0628752504,0.104866467,-0.500699251,-0.12070706,0.175104886,0.666489577,-0.33002122,0.102454157,-0.844928721,-0.244082916,-0.147945494,0.860286622,-0.180505444,0.00245950476
1.53626305,-1.2797424,0.819379701,-0.0561730256,0.0596972272,0.928307874,0.362664201,0.0279198803,0.355677346,-0.276721137,-0.572958501,-0.022835931,-0.153075078,-0.0704950105,-0.110444834,-0.441145786,0.279859741,-0.702532461,-0.0347131323,-0.216160051,0.0623945914,0.105107381,-0.498026719,-0.120471325,0.172369774,0.605930722,-0.257344745,0.0996594338,-0.725475945,-0.278671444,-0.180792772,0.970153872,-0.216464976,0.00555641516
1.55821195,-1.2953901,0.822836923,-0.048758047,0.055737576,0.931060902,0.357269607,0.0667657363,0.341903621,-0.297647116,-0.508361319,-0.0628001044,-0.147826305,-0.0809054237,-0.112845779,-0.43349648,0.281745381,-0.716875937,-0.00591688695,-0.22671867,0.0333008142,0.0991041819,-0.49656432,-0.11899382,0.168260246,0.550947833,-0.201564776,0.097710848,-0.579590253,-0.30821007,-0.225406776,1.03962527,-0.213850636,0.00678792884
1.5808181,-1.31077198,0.821996977,-0.0425244742,0.0529083769,0.934254399,0.350087262,0.103715648,0.329173366,-0.316459121,-0.460091805,-0.109797982,-0.129651495,-0.0928671688,-0.117770671,-0.429565724,0.282096231,-0.737959447,0.00443289447,-0.225576296,0.0339299657,0.08635103,-0.507958985,-0.113310523,0.176412179,0.516157814,-0.16426403,0.103958823,-0.404785563,-0.309844533,-0.260548195,1.01989234,-0.1414888,0.0631695572
1.60518215,-1.32672338,0.817518774,-0.0378241439,0.0479401161,0.938206935,0.340644723,0.137246471,0.325320262,-0.328677549,-0.422720265,-0.127500329,-0.132096933,-0.109570915,-0.114361998,-0.419347031,0.282072318,-0.754236474,-0.0412464671,-0.236879681,0.0277275868,0.0645585881,-0.5398556,-0.0996810758,0.173423541,0.512113688,-0.146050618,0.112207426,-0.277649516,-0.274116149,-0.251409021,1.00633393,-0.132983974,0.070188584
1.63136767,-1.34327947,0.809139225,-0.0368413862,0.0432210057,0.941865251,0.331156315,0.167469407,0.326195573,-0.323903959,-0.399504607,-0.150469642,-0.137464834,-0.106760231,-0.120813468,-0.419180235,0.285922315,-0.777201964,0.0118037996,-0.252659628,-0.0110295294,0.0327765609,-0.600683514,-0.0814327605,0.159126738,0.541010019,-0.138368007,0.123215212,-0.16718929,-0.22983824,-0.228640052,0.953984626,-0.096684893,0.0859750029
1.65982966,-1.36074853,0.798458249,-0.0384090362,0.0377965048,0.945213535,0.321974445,0.187912955,0.332808291,-0.288429555,-0.376236525,-0.125784456,-0.14853088,-0.138390741,-0.139457999,-0.415935612,0.284172911,-0.780228207,0.0412904914,-0.256109711,-0.00824993289,-0.000455071172,-0.682554451,-0.0501803838,0.157885094,0.593871813,-0.12314458,0.130487545,-0.0895754811,-0.160678423,-0.164272519,0.893584715,-0.064391948,0.0867091273
1.68977983,-1.37892059,0.787630362,-0.0416934006,0.0324685349,0.947904507,0.314140892,0.201430179,0.340588649,-0.263734516,-0.369510533,-0.114269741,-0.136255459,-0.130339538,-0.164560145,-0.411946634,0.280767839,-0.774949523,0.0774324673,-0.239606476,-0.0198372443,-0.0273150252,-0.762148695,-0.0203859175,0.146800479,0.625451058,-0.0851766,0.126663019,-0.0324045661,-0.104554322,-0.111059531,0.816866528,-0.0514093973,0.098545718
1.72166836,-1.39870571,0.778429731,-0.0451556894,0.0276916733,0.949668676,0.308745105,0.205456556,0.346786776,-0.253973667,-0.358351221,-0.106150431,-0.136065915,-0.11895737,-0.185950562,-0.402810146,0.293729663,-0.758205114,0.0684740996,-0.236940584,-0.0102579697,-0.0488148565,-0.827027444,0.00656490329,0.13547432,0.618367442,-0.0326933954,0.105733604,-0.0217485196,-0.0641439785,-0.0556376229,0.767586678,-0.12953959,0.0969596123
1.75456138,-1.41837472,0.773673289,-0.0559363741,0.0269503869,0.950419123,0.304710174,0.166937123,0.344580786,-0.237341586,-0.343266696,-0.094197139,-0.135275824,-0.104483806,-0.237372217,-0.399547859,0.302393425,-0.727053418,0.0652023006,-0.229896228,-0.0190810452,-0.0640036643,-0.881534301,0.0217917104,0.120508603,0.545364294,-0.00514717603,0.074317425,-0.0695318922,-0.0146926936,-0.000428128363,0.722184809,-0.267064029,0.114371354
1.78911389,-1.43930102,0.772775566,-0.0612755143,0.0266002989,0.950003178,0.305010979,0.154146713,0.341693047,-0.223710479,-0.354851108,-0.0766100398,-0.135268264,-0.0837159568,-0.265901917,-0.398571108,0.317550726,-0.698561067,0.0691109567,-0.229718794,-0.0137495319,-0.0549886213,-0.912049937,0.0217472318,0.111887732,0.452478197,-0.032452813,0.0558877123,-0.133414965,-0.0221708273,-0.0563611682,0.727720644,-0.426672421,0.0707940478
1.82419453,-1.46077853,0.776629533,-0.0663104835,0.0313926563,0.94946435,0.305180061,0.134615429,0.331234596,-0.217192215,-0.38094279,-0.060503098,-0.128788719,-0.0523467437,-0.282766875,-0.408571735,0.335052157,-0.675937188,0.0711979147,-0.232470793,-0.0164476198,-0.035794164,-0.902305438,0.012171245,0.145128572,0.302619853,-0.0618840655,0.0331133379,-0.199162259,-0.0432973434,-0.127546925,0.711775797,-0.503109541,0.0532358263
1.85793085,-1.48332554,0.780011174,-0.0708996342,0.035702783,0.949013403,0.305077225,0.111336941,0.325491934,-0.228514525,-0.415596665,-0.0475687124,-0.126845423,-0.022026685,-0.279081315,-0.41874356,0.347924214,-0.669680604,0.0643782672,-0.226962821,-0.0321462966,-0.0248898111,-0.873166295,0.0149023153,0.225721739,0.195686548,-0.0405142549,0.0264420415,-0.283319397,-0.0546015861,-0.151292874,0.725451108,-0.540605293,0.0264631097
1.88850509,-1.50361572,0.784344629,-0.0713266593,0.0371478616,0.947451297,0.309626524,0.099954762,0.323495692,-0.223970823,-0.450489399,-0.0266978349,-0.139575129,-0.0138009566,-0.257172896,-0.416888978,0.345457062,-0.644846133,0.0296889654,-0.244876211,0.0182083431,-0.0119016181,-0.85594705,0.0238730592,0.25425414,0.260740856,-0.0382881947,0.0352476885,-0.357208484,-0.0536141982,-0.146675731,0.743894605,-0.555963568,-0.0165489536
1.9166197,-1.52344695,0.792492519,-0.0707431418,0.0377287874,0.945907231,0.314374709,0.0816589718,0.330596516,-0.228622941,-0.477046618,-0.0312588468,-0.147483479,-0.01450043,-0.231782576,-0.416374645,0.348440651,-0.616120769,0.0494537129,-0.225582105,0.0202383907,-0.00173551787,-0.84252434,0.0385564138,0.268882717,0.415514033,-0.0855823268,0.0405929094,-0.400248211,-0.0533169724,-0.154240622,0.708228726,-0.51509228,-0.0429210828
1.94281745,-1.54335425,0.80208349,-0.0665049016,0.0382033951,0.945689898,0.315892729,0.0484261837,0.335415851,-0.24673339,-0.477637111,-0.0456067122,-0.161626604,-0.0256713903,-0.182782767,-0.415310254,0.346764682,-0.588588289,0.0874936345,-0.222939559,0.0402157172,0.00234752241,-0.806207582,0.0496486378,0.269672905,0.583332578,-0.135549125,0.0506829733,-0.424208671,-0.0517852311,-0.148444121,0.657630405,-0.45029099,-0.0534746379
1.96669943,-1.56380858,0.810539159,-0.0610070359,0.0392721954,0.945285124,0.318075261,0.0187690141,0.340688248,-0.259807892,-0.485060704,-0.057379897,-0.161215154,-0.0309663265,-0.131060844,-0.410423309,0.331544039,-0.534842925,0.0672764423,-0.201034791,0.0593564931,0.0081924993,-0.74301596,0.054580239,0.264586157,0.736264955,-0.180549279,0.0537509837,-0.440904914,-0.0568110196,-0.140177495,0.603631143,-0.367998352,-0.0487626409
1.98930587,-1.58338628,0.817326437,-0.0538344421,0.0393654373,0.944312711,0.322219986,-0.00364561804,0.34358666,-0.259928261,-0.500389916,-0.0657591074,-0.166261209,-0.0298557783,-0.0793146266,-0.410328064,0.319873611,-0.505103799,0.0814197073,-0.201447262,0.075176881,0.010182698,-0.646421628,0.0648104693,0.269924559,0.855858153,-0.212924807,0.0502439989,-0.451359141,-0.063445196,-0.133518823,0.544780852,-0.297717518,-0.0373050797
2.01245967,-1.60409614,0.817988818,-0.041613822,0.0315736025,0.943107823,0.328358083,0.0124754988,0.365003746,-0.255967828,-0.53939907,-0.0745808175,-0.170456423,-0.0243250392,-0.00713881538,-0.401483906,0.316836977,-0.483248063,0.106300231,-0.199980395,0.0944450675,0.000499679112,-0.51898119,0.0980101093,0.272829193,0.96305702,-0.231906994,0.0369966216,-0.468105319,-0.0532357781,-0.127422066,0.539013702,-0.256015544,-0.0315459411
2.03573468,-1.62487608,0.815136465,-0.0380274925,0.031494996,0.94031752,0.3366971,-0.000104681213,0.377682581,-0.246595337,-0.58281353,-0.0808990598,-0.186318999,-0.0263202109,0.0306316697,-0.410032597,0.313383208,-0.463922085,0.1270705,-0.211303325,0.102318829,0.0088478436,-0.400715968,0.0983401563,0.261456996,1.0130042,-0.214781703,0.027856734,-0.511750086,-0.0544121747,-0.11186557,0.537783523,-0.230371149,-0.0471824434
2.05930385,-1.64620037,0.807899096,-0.036368906,0.0334904906,0.936471889,0.347240682,-0.0102712754,0.391476492,-0.241136318,-0.637117646,-0.0760143516,-0.182585252,-0.00184690359,0.0605237036,-0.416958357,0.302020896,-0.451129575,0.114200897,-0.204673012,0.106566176,0.0223077326,-0.281650898,0.0783100848,0.241945631,1.01819368,-0.194296527,0.000817920464,-0.593841883,-0.0609891969,-0.0905682682,0.601909929,-0.231693872,-0.0536200991
2.0829978,-1.66928373,0.798432022,-0.0337885014,0.0372956544,0.932216777,0.358384225,-0.0221564186,0.402800627,-0.224023291,-0.669531045,-0.0704575196,-0.187596377,0.00423903667,0.0791885354,-0.436364104,0.290026994,-0.429484953,0.13127139,-0.18897514,0.142903775,0.0521871174,-0.178312635,0.0320691775,0.190610999,0.992033275,-0.186605629,-0.00298556394,-0.689597804,-0.0696442692,-0.0588804005,0.682567448,-0.230963241,-0.0337737674
2.10662643,-1.69278216,0.789175555,-0.0311920742,0.0401150668,0.927483828,0.370393823,-0.0343614084,0.409149725,-0.210560552,-0.686706863,-0.0674763766,-0.193126905,0.0141518188,0.0938596609,-0.444325627,0.27015906,-0.416414594,0.131399641,-0.184668426,0.129630868,0.0814188512,-0.0801443695,-0.0153088509,0.137229474,0.930512687,-0.194939841,-0.0200819806,-0.765836871,-0.0803494195,-0.0406449642,0.724294849,-0.204484547,-0.0171186376
2.13157788,-1.71792853,0.780814222,-0.0320223913,0.0433750027,0.923086781,0.380793868,-0.0550184647,0.413957931,-0.204893424,-0.683591453,-0.0626735076,-0.195578173,0.0118750178,0.0950295352,-0.449232129,0.253203656,-0.393665113,0.13367435,-0.143806891,0.112890094,0.111658758,-0.0103894187,-0.0679109823,0.0646017328,0.841860646,-0.190807113,-0.0429387684,-0.835138472,-0.0919455752,-0.0258256387,0.73010759,-0.170406708,-0.00492006201
2.15781559,-1.74538733,0.775371605,-0.0352527441,0.0484090019,0.920785071,0.385446059,-0.0913538634,0.405966184,-0.224485723,-0.665826079,-0.0639512694,-0.180240143,0.0424038566,0.09798784,-0.44580721,0.223596506,-0.390204422,0.0882037284,-0.130552797,0.0919042891,0.13490235,0.0171553024,-0.115641128,-0.000638139311,0.755806259,-0.222014221,-0.0571916115,-0.893737953,-0.111080922,-0.0118072072,0.695275153,-0.132763373,0.0237189438
2.18644096,-1.77476263,0.77453509,-0.0436376518,0.0548159388,0.920025685,0.385543392,-0.135951603,0.392025126,-0.239764068,-0.638529212,-0.0618077791,-0.163039535,0.0509078978,0.0892177385,-0.439885042,0.201325081,-0.392495801,0.0390021005,-0.11144116,0.0850670008,0.123827617,-0.0122713225,-0.156577509,-0.0338861848,0.680028415,-0.31305258,-0.0426269882,-0.951104591,-0.101816635,0.0222428471,0.616447495,-0.150965745,0.0313296168
2.21623212,-1.8055286,0.777629647,-0.0638776569,0.0677585654,0.917375062,0.386977283,-0.207575925,0.378736499,-0.244662405,-0.60281376,-0.0540140161,-0.154089984,0.042954004,0.0343103308,-0.436933711,0.198666381,-0.386014396,0.0137671296,-0.110905364,0.0840112507,0.12675966,-0.0997367086,-0.175596005,-0.0120528095,0.622301187,-0.400664405,-0.00789970354,-1.00008992,-0.112665169,0.0397252647,0.47273863,-0.180555038,0.0526986422
2.24492403,-1.83610193,0.78240332,-0.0771446171,0.0753007813,0.914685868,0.389523124,-0.221262141,0.37242109,-0.247285284,-0.590408519,-0.0416696713,-0.162543578,-0.0339221008,0.00448839683,-0.433712948,0.226326877,-0.397222767,0.0336149801,-0.130924141,0.123605742,0.117470523,-0.168326999,-0.178734327,0.0607242901,0.556549232,-0.445204688,0.0246122504,-1.00131011,-0.132394457,-0.00870403835,0.320905976,-0.171098263,0.0489802945
2.27384207,-1.86412376,0.785682139,-0.0871789503,0.0776046732,0.914305673,0.387843372,-0.216973669,0.371343977,-0.262834683,-0.585887788,-0.041582977,-0.161179334,-0.0569801318,-0.00490164957,-0.422740254,0.259286585,-0.446960619,0.0589249697,-0.168862096,0.17798337,0.125808708,-0.262217381,-0.183239024,0.0708811871,0.560724411,-0.463422521,0.0553453125,-0.996945725,-0.153018938,-0.0568702033,0.299153973,-0.140707784,0.0528256902
2.29834825,-1.88898711,0.790726514,-0.091498659,0.0785512069,0.916468132,0.381502119,-0.194287148,0.362181985,-0.285458016,-0.574655196,-0.0650356733,-0.166186145,-0.0561899007,-0.00766018861,-0.41626143,0.283729889,-0.477056169,0.100497499,-0.171241506,0.148386877,0.128592208,-0.345848527,-0.189000386,0.0744017664,0.583984679,-0.454247497,0.0831482837,-0.986522343,-0.180626782,-0.0785531832,0.383289687,-0.0977166738,0.0520059677
2.32157247,-1.91154098,0.798864373,-0.0915697696,0.079259191,0.918335088,0.376820413,-0.169935173,0.339405169,-0.301124964,-0.52464241,-0.0873455549,-0.183924494,-0.0743224506,-0.0221872431,-0.40803074,0.315670217,-0.481553037,0.12129661,-0.189467288,0.12536753,0.123163898,-0.391794799,-0.197901394,0.0768185365,0.555382681,-0.393884723,0.107306605,-0.968945784,-0.201582442,-0.0835848282,0.525898915,-0.102212067,0.0451095217
2.34424239,-1.93370848,0.808062951,-0.087922194,0.0783711958,0.919241717,0.375662494,-0.12261415,0.309653506,-0.306659217,-0.481251002,-0.0960117591,-0.173659605,-0.0813244037,-0.0393360289,-0.404421482,0.345708702,-0.478161408,0.134765429,-0.204394617,0.111863975,0.108905336,-0.411883119,-0.201302214,0.0812852233,0.498478105,-0.311839738,0.105839792,-0.934420159,-0.209185937,-0.0718492064,0.689663299,-0.134995857,0.0406683691
2.36698267,-1.95300373,0.815384876,-0.0854682543,0.0743351278,0.920967987,0.372810185,-0.0723447476,0.28980952,-0.312531408,-0.443511084,-0.0967710433,-0.149985874,-0.097046589,-0.059313743,-0.393257936,0.334010429,-0.490400802,0.0728934435,-0.19873659,0.143350243,0.090403714,-0.435225884,-0.188750782,0.0823809506,0.458201857,-0.246872012,0.0978287513,-0.865672101,-0.198762856,-0.0725714358,0.814794359,-0.184672305,0.0366988707
2.38797249,-1.97069245,0.819498931,-0.074441229,0.0708740981,0.922438851,0.372212212,0.00476513471,0.269873983,-0.319897224,-0.408416783,-0.105588352,-0.12916927,-0.117895432,-0.0585061338,-0.390886903,0.336468765,-0.508189001,0.0287238486,-0.183224435,0.165991999,0.0912563991,-0.435033815,-0.189128213,0.0820110622,0.423113086,-0.19283811,0.0957095471,-0.751094797,-0.238663998,-0.112964627,0.947344874,-0.211605325,0.0230066277
2.40908464,-1.98674517,0.820602244,-0.0687786179,0.067509117,0.9238802,0.37034767,0.0587281771,0.26239368,-0.33389987,-0.379952187,-0.118683672,-0.102064105,-0.14034661,-0.0807122901,-0.395155798,0.336227101,-0.528379024,0.0173806202,-0.169275168,0.181208786,0.0948209572,-0.439542944,-0.183539477,0.0777474862,0.376786371,-0.155779709,0.0982073834,-0.61350979,-0.249792873,-0.145792702,1.0113937,-0.220034474,0.0316777837
2.43074536,-2.00281805,0.818627048,-0.0632638944,0.0634754236,0.926096834,0.366487658,0.112279823,0.263324431,-0.358807121,-0.36973428,-0.154379765,-0.0916435155,-0.175414902,-0.0980195566,-0.400583414,0.33625506,-0.553083888,-0.00792556058,-0.115438062,0.222091899,0.0893768408,-0.459036721,-0.178791462,0.0649182184,0.358496032,-0.126031502,0.105789422,-0.464730813,-0.241367649,-0.176121014,1.03252369,-0.224390903,0.0391962173
2.45272764,-2.01989909,0.813054467,-0.0597051472,0.0586601753,0.931050235,0.355161567,0.143498189,0.261995651,-0.377349989,-0.349789915,-0.179143601,-0.0904534104,-0.190385632,-0.100544824,-0.404442862,0.324846992,-0.598180294,-0.00260379492,-0.139755143,0.159704662,0.0742043609,-0.515919019,-0.171069995,0.0610560833,0.403361423,-0.130344246,0.117161233,-0.317485673,-0.210349064,-0.187847965,1.0021103,-0.198809005,0.056109568
2.47732709,-2.03720393,0.805078135,-0.0580676187,0.0538331732,0.935269945,0.344964159,0.169655746,0.267971693,-0.380890458,-0.340948473,-0.188012436,-0.0905134103,-0.205924467,-0.113678313,-0.402421816,0.318482219,-0.611608105,-0.0303921827,-0.148629438,0.1441892,0.0533268669,-0.593290135,-0.156789043,0.0576918397,0.471305723,-0.141136913,0.133315321,-0.1960985,-0.141963514,-0.1581906,0.933464457,-0.148075992,0.0782774331
2.50360447,-2.05560129,0.796090349,-0.0600184229,0.0476652769,0.939260481,0.334537828,0.180629935,0.272501455,-0.348290294,-0.324859834,-0.188038714,-0.0994080804,-0.206731599,-0.142289206,-0.414182667,0.309521279,-0.649793254,0.093854015,-0.191198062,0.0395861874,0.0234619015,-0.6902989,-0.132446116,0.0527859255,0.555500035,-0.13297881,0.124538904,-0.111351092,-0.0602013357,-0.101792395,0.845872759,-0.112173388,0.0986416771
2.5306442,-2.07362152,0.787751433,-0.0598075881,0.0418415746,0.943161678,0.324219655,0.189782027,0.281066081,-0.335358714,-0.323603804,-0.168303056,-0.0950528119,-0.200446032,-0.158816824,-0.404469506,0.305477559,-0.648304391,0.0636722376,-0.198017392,0.0226875346,-0.00734027139,-0.764819842,-0.109833356,0.0434487702,0.604173954,-0.106475047,0.108958357,-0.0423499545,-0.00619349947,-0.0567256941,0.763691062,-0.111077184,0.0877268199
2.55871927,-2.09288642,0.78219296,-0.0662639858,0.0414315122,0.945209967,0.316971029,0.164001202,0.280572497,-0.316867483,-0.310718594,-0.163831128,-0.10477384,-0.179175029,-0.218093124,-0.409951737,0.314247347,-0.629636727,0.0715946877,-0.202103017,0.0091164334,-0.0450161986,-0.81911479,-0.0843115368,0.0419656441,0.571969437,-0.0728109074,0.0986745928,-0.0151351853,0.0263851669,-0.000702648266,0.655419707,-0.0788481784,0.0777297452
2.58901398,-2.11307595,0.779174533,-0.0691368825,0.03855794,0.946042254,0.314225127,0.154832949,0.282894072,-0.29699288,-0.318483366,-0.140565129,-0.109513649,-0.16970269,-0.249197508,-0.408309436,0.321645331,-0.624364521,0.0661720233,-0.205084408,0.0550640732,-0.0583699334,-0.85873685,-0.0658645237,0.0312187911,0.523693148,-0.0535588462,0.0780968537,-0.0217348814,0.0563615075,0.0261461202,0.566276736,-0.161895866,0.0731888693
2.62156388,-2.13604873,0.777647581,-0.075697639,0.0384603238,0.945869193,0.313244539,0.138066809,0.289090771,-0.282038925,-0.340823083,-0.113750377,-0.110344145,-0.151820216,-0.28573442,-0.40953907,0.336824889,-0.62510105,0.0573064416,-0.202527537,0.0475740309,-0.0673820979,-0.895306997,-0.0491071425,0.0258644802,0.443873918,-0.0656788666,0.0539791197,-0.0831163895,0.0519181565,-0.0323907396,0.575306308,-0.291721702,0.061288378
2.6525246,-2.1576196,0.778788149,-0.0847980906,0.0424235078,0.945336997,0.312005596,0.111888359,0.294959274,-0.275384522,-0.374574566,-0.0875396911,-0.105681893,-0.136263828,-0.319249795,-0.420027829,0.356959117,-0.627959423,0.0403864403,-0.190374334,0.0531510588,-0.0424365368,-0.912953637,-0.0547378458,0.0340719777,0.327050618,-0.107302655,0.0502268373,-0.15624143,0.0424223415,-0.101392481,0.570132998,-0.379090102,0.056076488
2.68256074,-2.17763715,0.781707448,-0.0899089383,0.0467317915,0.945558775,0.309275161,0.0788385574,0.299860019,-0.284901517,-0.399494056,-0.0854429793,-0.109312397,-0.12670553,-0.329033599,-0.424621995,0.371733586,-0.626621871,0.0180696287,-0.182759723,0.0438497495,-0.0306481164,-0.887893299,-0.0527241703,0.0738339814,0.198612737,-0.108876115,0.0526263483,-0.228469597,0.0382135455,-0.125316115,0.574239629,-0.42435671,0.0493161641
2.71027433,-2.19714005,0.784341674,-0.0888160696,0.0476338303,0.945098837,0.310855131,0.0674916404,0.302202769,-0.280085523,-0.432223783,-0.0714376194,-0.109325505,-0.106333592,-0.318893837,-0.430587111,0.386982166,-0.62913358,0.0268327942,-0.183149684,0.0523055972,-0.019818121,-0.87371077,-0.0449831827,0.107594777,0.244098522,-0.0961531542,0.0529176303,-0.296173518,0.0314961622,-0.137024096,0.60498392,-0.456676296,0.0265353163
2.73610232,-2.21413913,0.789624271,-0.0857354342,0.0463510208,0.944397702,0.314028658,0.0552197055,0.304014092,-0.26708258,-0.452974966,-0.0596690629,-0.11202282,-0.107120107,-0.29886672,-0.421959701,0.394808937,-0.611320828,0.0395458591,-0.179325553,0.0968963192,-0.0252113857,-0.868296517,-0.027098896,0.0931908431,0.414365905,-0.0895328442,0.0344585329,-0.344785607,0.0382305753,-0.135217108,0.613272562,-0.441659654,-0.000767818826
2.75751249,-2.22879289,0.798529632,-0.0781305793,0.0439829822,0.944563372,0.315849879,0.0405729187,0.306971661,-0.272198988,-0.456226167,-0.0622545289,-0.119383035,-0.107351125,-0.264423011,-0.41623151,0.404267086,-0.588974701,0.0515617909,-0.186876341,0.114274398,-0.0287389038,-0.822483339,-0.0103874139,0.0974864454,0.588464186,-0.131238075,0.0176524665,-0.34115087,0.0477868148,-0.119855808,0.54927071,-0.385959656,-0.0308284524
2.77806432,-2.24412664,0.805662974,-0.0658854623,0.0353771771,0.944804143,0.318986977,0.0522531474,0.323103441,-0.280539523,-0.4640818,-0.0723652418,-0.127225621,-0.12233767,-0.196293438,-0.395353906,0.400039212,-0.571648493,0.0714584518,-0.190510069,0.144034661,-0.0266411184,-0.738945013,0.018323533,0.0950938746,0.749844799,-0.182567506,0.0275264542,-0.330873341,0.0582163648,-0.12088981,0.506312614,-0.323670563,-0.0305603265
2.79725234,-2.2593217,0.81194631,-0.0583924221,0.0344452513,0.94392884,0.323113285,0.0427073255,0.324755017,-0.287925909,-0.476011399,-0.071919846,-0.123015591,-0.0987641248,-0.149330032,-0.381982923,0.369607544,-0.541747437,0.0735534452,-0.132479391,0.0817774346,-0.0324867106,-0.629113249,0.0446807438,0.127291057,0.849622763,-0.209336352,0.0243334895,-0.33076799,0.0570141379,-0.109135386,0.454129265,-0.260958539,-0.0235595787
2.81571346,-2.27270884,0.814696466,-0.0520611543,0.0325327568,0.942678389,0.328007182,0.0380842462,0.335213622,-0.278311119,-0.487879,-0.098281799,-0.148346859,-0.117646975,-0.113182189,-0.39732577,0.371045986,-0.550190317,0.175927073,-0.171066098,0.0756777996,-0.027241641,-0.502520496,0.0615954693,0.150827972,0.912188531,-0.212644469,0.0068105561,-0.345362203,0.0642180088,-0.0946038764,0.437896168,-0.219652164,-0.00910388744
