0,0,0.853844459,-0.02816389,0.0520284408,0.707304778,0.704428696,-0.0163810459,0.233772612,-0.390830507,-0.430475627,-0.141863906,-0.0943396491,-0.159148889,-0.102596152,-0.230673985,0.419763191,-0.4491463,0.0317386068,-0.0582317582,0.0793363657,0.0690011605,-0.262973922,-0.117711071,0.100274561,0.197336696,-0.201592368,0.137184982,-0.207599086,-0.0213539227,-0.0990952713,0.0279424157,-0.0942735401,0.0560433989
-0.00250202331,0.00113422868,0.85284011,-0.0314100493,0.0546226703,0.709203968,0.702181959,-0.0170352869,0.236602141,-0.387964261,-0.452438235,-0.141485696,-0.0899939719,-0.161541101,-0.100584623,-0.238234435,0.40638264,-0.468133545,0.0385972071,-0.053340792,0.0719662717,0.0614806042,-0.307472518,-0.117692814,0.101125313,0.272808956,-0.23742247,0.144639722,-0.234486688,-0.0257245831,-0.0951682555,0.0648199784,-0.113910255,0.0560493972
-0.00468829231,0.0017339045,0.852685766,-0.0268318078,0.0550828839,0.710965171,0.700552964,-0.0498735593,0.191029303,-0.368600594,-0.395612984,-0.189527526,-0.134237477,-0.169475711,-0.0995706844,-0.245452021,0.417868337,-0.448368207,0.143864561,-0.16141574,0.135430372,0.0451194962,-0.313828171,-0.129218348,0.0995280267,0.308698684,-0.253170336,0.136089234,-0.266248579,-0.0401936513,-0.081613026,0.148646279,-0.152049418,0.025187808
-0.00700653305,0.00505036371,0.851622609,-0.0282694219,0.0545844782,0.712348039,0.699129205,-0.0472140745,0.190699498,-0.36729263,-0.399659129,-0.188604262,-0.135033961,-0.168790393,-0.0957519004,-0.247308501,0.413739401,-0.452519419,0.143052806,-0.164903313,0.136051353,0.0434718619,-0.325527493,-0.130373138,0.0940307218,0.339935506,-0.265979701,0.139391726,-0.289467969,-0.0425153755,-0.0758416026,0.204186916,-0.177879518,0.0140013041
-0.00921250085,0.00880250312,0.850645536,-0.0293264202,0.0552567822,0.712282252,0.69909988,-0.0441216999,0.188757727,-0.368703764,-0.403397691,-0.181793705,-0.135696623,-0.16538226,-0.0939508971,-0.251871536,0.413826175,-0.4566342,0.137510985,-0.167225502,0.132163448,0.048578129,-0.33348076,-0.136206211,0.0856920885,0.360684864,-0.284195781,0.143257411,-0.325683875,-0.0496006425,-0.0741822705,0.288061302,-0.216372996,0.00433556086
-0.0118645291,0.0122729613,0.848585519,-0.029486389,0.057341512,0.711771313,0.699445567,-0.042363727,0.187193547,-0.368717117,-0.410236122,-0.176476597,-0.132423004,-0.163938025,-0.0899331169,-0.256882918,0.402815828,-0.466504634,0.126380017,-0.169330638,0.12460649,0.0530752346,-0.343420736,-0.146604935,0.0755480302,0.387577615,-0.304017982,0.150097232,-0.387126938,-0.0639666472,-0.0758111511,0.420612381,-0.265395376,-0.0017139427
-0.0139689217,0.016360923,0.845339004,-0.0307084649,0.0602974975,0.710107954,0.700833715,-0.0426925619,0.190454751,-0.369838548,-0.421423219,-0.171644797,-0.133384359,-0.166454379,-0.0876178209,-0.259139639,0.392479012,-0.471159746,0.108887132,-0.16547582,0.119409166,0.0666928897,-0.353792263,-0.159024555,0.0682839,0.407664116,-0.318270155,0.15357113,-0.467178421,-0.0811602553,-0.0744301742,0.582856504,-0.304196363,-0.00267011984
-0.0161240962,0.0211486727,0.842651722,-0.031071248,0.064415662,0.707655557,0.70292874,-0.0467426862,0.192377162,-0.370026136,-0.433429204,-0.168319211,-0.128672214,-0.163068299,-0.083144447,-0.26057378,0.379064811,-0.481505021,0.0871182744,-0.166661638,0.113340119,0.0768181233,-0.363750423,-0.172910233,0.057605766,0.430879111,-0.334053714,0.163643607,-0.540884097,-0.108452058,-0.0917281462,0.728175163,-0.322575308,0.0119469087
-0.018311727,0.0263616363,0.840870909,-0.0326944189,0.069068643,0.704959096,0.705119331,-0.0578835869,0.195462057,-0.376309136,-0.443824454,-0.165829222,-0.124742649,-0.162393603,-0.0784569925,-0.264790325,0.364641227,-0.493657293,0.0692151994,-0.165242536,0.105418771,0.099688312,-0.372671293,-0.184842002,0.0600847399,0.442642723,-0.346747261,0.167565613,-0.613798329,-0.130798728,-0.0921242941,0.827941614,-0.347204222,0.00809211933
-0.0202903439,0.0335858143,0.840360593,-0.0322543485,0.0725847969,0.703408012,0.706334392,-0.0699902041,0.193637912,-0.382430968,-0.452056016,-0.16256556,-0.122547713,-0.15456374,-0.0684605028,-0.27265365,0.35123323,-0.502944394,0.0519390157,-0.162743982,0.0958358179,0.111417257,-0.364958214,-0.200203265,0.0478626252,0.444464891,-0.353413398,0.169462383,-0.674682528,-0.141329563,-0.0858664706,0.873881288,-0.350909479,0.0132092248
-0.0216620642,0.0434680852,0.84109031,-0.0324296955,0.0760687428,0.700530956,0.708814673,-0.0947669056,0.193074972,-0.37595182,-0.446546673,-0.15406963,-0.12576411,-0.155902668,-0.0638897356,-0.278898957,0.340423288,-0.504487555,0.0465241145,-0.16136881,0.0984571026,0.136730302,-0.31417762,-0.21516909,0.0256353326,0.36205569,-0.320712099,0.165826549,-0.715905048,-0.151676774,-0.084771195,0.84759372,-0.325155342,0.0246358963
-0.023370472,0.0534632211,0.840871908,-0.0320981593,0.0796994267,0.698666143,0.7102699,-0.107721256,0.19657867,-0.377032695,-0.465914459,-0.148248729,-0.126905092,-0.152357264,-0.0545002656,-0.290047632,0.340155834,-0.509308093,0.0499786438,-0.155027161,0.105197987,0.14176272,-0.278047791,-0.225574197,0.022612397,0.312899039,-0.31077249,0.163372051,-0.7602458,-0.154028992,-0.0702802796,0.797285912,-0.286945167,0.0313517471
-0.0245349988,0.0640522601,0.839298098,-0.0345004677,0.0827580665,0.696474376,0.711958049,-0.125801906,0.204962026,-0.374417876,-0.48419643,-0.142013392,-0.139086025,-0.147863672,-0.0564163722,-0.293760993,0.33773874,-0.488376083,0.065365557,-0.154343079,0.0978687934,0.148203108,-0.249603257,-0.231834267,0.00993623471,0.272889592,-0.297020846,0.161323853,-0.80567822,-0.147680706,-0.0570320881,0.731200535,-0.241983782,0.0465080226
-0.0266931124,0.0751160544,0.837467655,-0.0349801877,0.0884368242,0.693941121,0.71372336,-0.144913192,0.209167724,-0.373039755,-0.502132044,-0.135950185,-0.152775608,-0.140545939,-0.0551880957,-0.302817127,0.341686292,-0.478931724,0.0846313696,-0.167193756,0.0852781106,0.156472864,-0.220539437,-0.242611607,0.0116575141,0.23426859,-0.311085618,0.161088012,-0.848839957,-0.148287651,-0.0362716517,0.657606878,-0.18901138,0.0641930299
-0.0270971387,0.090131652,0.83437635,-0.0341868184,0.0918811269,0.691538207,0.715656362,-0.151955452,0.217704397,-0.376071003,-0.526043039,-0.138357792,-0.156250585,-0.132857928,-0.0398853463,-0.305883252,0.35120605,-0.470811092,0.0852494112,-0.156657358,0.100507691,0.159659463,-0.197957142,-0.248603331,0.0145148093,0.233135096,-0.335856552,0.156627334,-0.89314323,-0.145998997,-0.0245983461,0.620394502,-0.161243842,0.0729101239
-0.0280851644,0.106735393,0.830952235,-0.033593799,0.0959673479,0.689693088,0.71692759,-0.162824672,0.222498142,-0.373348769,-0.539637395,-0.141530512,-0.156151385,-0.129541969,-0.031444232,-0.312789061,0.356349585,-0.45747943,0.0901008049,-0.144827973,0.112558288,0.162253816,-0.16804219,-0.2565767,0.0140039681,0.221175747,-0.354084404,0.149028819,-0.92564977,-0.145595059,-0.0127699774,0.569145064,-0.131319154,0.0819719536
-0.0292954478,0.123645428,0.827143853,-0.0329032939,0.100152423,0.687408053,0.718579873,-0.174083447,0.223541732,-0.364578942,-0.542727793,-0.142695716,-0.157494494,-0.128015907,-0.0260349841,-0.31808208,0.359604416,-0.443608635,0.100753772,-0.139246983,0.123281095,0.159151924,-0.135664062,-0.263151826,0.0213183635,0.205129016,-0.369375955,0.14477839,-0.951701268,-0.145312722,-0.009519733,0.522461007,-0.112785544,0.0871796858
-0.0300507638,0.142521886,0.822708537,-0.0322279429,0.104080518,0.684944729,0.720402195,-0.183820581,0.222440867,-0.364468987,-0.539439885,-0.144796939,-0.153810413,-0.123424167,-0.0198498421,-0.322464399,0.35699212,-0.432229829,0.107088144,-0.134365009,0.130498925,0.157029508,-0.104253882,-0.269269551,0.0259664863,0.197567737,-0.385617486,0.144777861,-0.970467882,-0.142372418,-0.00686669046,0.497308069,-0.0970523018,0.0907818113
-0.0314432538,0.162587459,0.818433342,-0.0307952978,0.107767251,0.682237904,0.722488278,-0.188688382,0.219760703,-0.366244006,-0.528155973,-0.146044546,-0.148125926,-0.11884345,-0.0136927649,-0.326678311,0.360554146,-0.42161316,0.104406936,-0.135251619,0.136038968,0.152424961,-0.072900115,-0.277437294,0.0323020395,0.198689994,-0.399451065,0.141012301,-0.983276105,-0.13872773,0.00148129678,0.500918341,-0.0882202344,0.0872152329
-0.0309324492,0.186386393,0.814664716,-0.0287654652,0.108676045,0.680286303,0.724273851,-0.199557765,0.214299293,-0.369813198,-0.488659709,-0.155805581,-0.144719079,-0.119581478,-0.015823047,-0.331851446,0.36236456,-0.39393498,0.138727872,-0.137100259,0.132559294,0.160828361,-0.0326030411,-0.277456571,0.0116060728,0.206553329,-0.399441043,0.139164546,-0.979905831,-0.132694947,0.0172898877,0.542614214,-0.0891471356,0.0795967747
-0.0307309954,0.211702598,0.811189638,-0.0259909675,0.107976993,0.677572018,0.72702242,-0.18923741,0.208763644,-0.372781879,-0.461880598,-0.167512662,-0.140083678,-0.130216228,-0.0111069662,-0.334083077,0.364006596,-0.385840236,0.147854639,-0.132992349,0.152570248,0.168704772,-0.00218546288,-0.276443096,-0.00201024757,0.24560247,-0.409321268,0.113596827,-0.97610854,-0.126548653,0.0349818313,0.630285518,-0.105272861,0.0679893662
-0.029824364,0.2374684,0.808420909,-0.0249990964,0.10653763,0.675960279,0.728767782,-0.172106637,0.203331179,-0.382929381,-0.438004233,-0.170036505,-0.126390338,-0.120835329,0.000503055049,-0.329564935,0.345782748,-0.38577237,0.125939956,-0.129110158,0.145534253,0.179961954,0.00230329636,-0.269256981,-0.0117642774,0.329348144,-0.410044127,0.0862714153,-0.975376113,-0.13183809,0.0322239919,0.71858305,-0.133010709,0.0513893678
-0.0285796764,0.265532372,0.805934116,-0.0192074236,0.0956413951,0.674345222,0.731944206,-0.10756525,0.202844495,-0.392600599,-0.424674299,-0.173156522,-0.119379939,-0.122103465,0.0310841069,-0.318189969,0.348223135,-0.374921667,0.103734095,-0.116499644,0.14875103,0.178647328,0.00395710498,-0.248093799,0.0137947442,0.470945539,-0.418323607,0.0471948306,-0.946786019,-0.108177811,0.033779456,0.808418221,-0.177733375,0.0177568992
-0.0276375973,0.293015843,0.805019364,-0.0240057729,0.087861403,0.676207466,0.731059204,-0.0803085819,0.208528998,-0.400887042,-0.402493594,-0.165093321,-0.10681463,-0.11805631,0.0362298901,-0.301539826,0.340196199,-0.378405033,0.10512491,-0.109816315,0.14927189,0.18881747,-0.0306376898,-0.210578253,0.0228747117,0.625016373,-0.373289318,0.00691258553,-0.920100652,-0.0922055099,0.0179041493,0.861860217,-0.223063263,-0.0253990479
-0.02583879,0.321616715,0.805772593,-0.030026818,0.0778902616,0.680935101,0.727570537,-0.0616738213,0.221361645,-0.402336532,-0.37177532,-0.174947404,-0.0996057746,-0.125126434,0.0376356755,-0.279639563,0.331098963,-0.377902014,0.134541147,-0.111240357,0.154735143,0.179961356,-0.0556420082,-0.170682871,0.0241152315,0.740899189,-0.221543139,-0.0509706889,-0.882461007,-0.0615484057,-0.00689280982,0.896167803,-0.27836079,-0.0714475677
-0.0238377812,0.348636704,0.807491055,-0.0356492707,0.0729039512,0.68550267,0.72353316,-0.0433058225,0.231745041,-0.393317133,-0.357280355,-0.165814046,-0.0909508149,-0.134968635,0.0347451351,-0.264979262,0.332538092,-0.386339417,0.140447471,-0.125676569,0.138903819,0.176083324,-0.126677906,-0.125197432,0.0370477359,0.891225325,-0.111666789,-0.0557261023,-0.845304917,-0.0454443023,-0.0285642254,0.917482533,-0.339904481,-0.110939998
-0.0231409594,0.375228997,0.810483129,-0.0413415362,0.0733796486,0.692580395,0.716406798,-0.0300241816,0.23577709,-0.383172294,-0.349353481,-0.179208157,-0.0963831166,-0.149382561,0.023423496,-0.262185861,0.337331055,-0.409093038,0.167753796,-0.152271864,0.132477958,0.149601806,-0.261847949,-0.0707867374,0.0958121639,1.06558085,-0.163821222,-0.03640111,-0.812028418,-0.0310973555,-0.0395126628,0.918976793,-0.387618125,-0.128370296
-0.0226851961,0.402387877,0.816213679,-0.0455476917,0.0717095139,0.69961308,0.709453798,-0.00929104819,0.234213105,-0.373386787,-0.351280328,-0.16974807,-0.0886745752,-0.135445948,0.00370329465,-0.259833973,0.333922501,-0.430375699,0.149849404,-0.149522138,0.124839915,0.107890766,-0.392123672,-0.0113395878,0.144326978,1.16198766,-0.212662843,-0.00617623219,-0.75564792,-0.00282185128,-0.0389182067,0.884207499,-0.417951655,-0.137262764
-0.0220040602,0.430715557,0.82275672,-0.0497308429,0.0685193502,0.70721298,0.701912917,0.00561971986,0.237062715,-0.363693891,-0.34553315,-0.162489043,-0.087202226,-0.141701082,-0.011676201,-0.252938825,0.335306024,-0.449158225,0.143891122,-0.147095901,0.112012252,0.0667459115,-0.518738168,0.0383867539,0.171776006,1.18114476,-0.262357461,0.00667383385,-0.680642951,0.0216887952,-0.0509915495,0.822292867,-0.436023491,-0.136212509
-0.0223948198,0.457672894,0.829321155,-0.0535116695,0.0665821447,0.713335514,0.695597415,0.0271089372,0.240717702,-0.3608259,-0.353776087,-0.163964349,-0.0946628709,-0.139163406,-0.0321837849,-0.25244712,0.348083682,-0.475411844,0.120989858,-0.157414539,0.0972983253,0.02227053,-0.6358388,0.0624358002,0.182697715,1.12404887,-0.27691054,0.00358853875,-0.603573206,0.0488059544,-0.0445012793,0.742173973,-0.434130694,-0.120732228
-0.0231265638,0.486187834,0.833733885,-0.0576835028,0.063376636,0.717798672,0.690956642,0.0527716091,0.251536078,-0.361865148,-0.368661697,-0.156813879,-0.107906295,-0.153602237,-0.0546028585,-0.251837596,0.360728857,-0.498908488,0.0989319066,-0.161351489,0.0878478093,0.00479928422,-0.735459252,0.0699900436,0.167956737,1.01328189,-0.269663921,0.0103973735,-0.516036007,0.0679604829,-0.0455820287,0.661245542,-0.433121894,-0.107330532
-0.0251580514,0.51485651,0.836737022,-0.0653911604,0.0712782146,0.722002512,0.685095457,0.038177066,0.245968994,-0.359028511,-0.375431203,-0.154599196,-0.119168551,-0.169648125,-0.105076061,-0.274602413,0.364823983,-0.532281553,0.0852179822,-0.171342328,0.0831969104,-0.00287151323,-0.825857095,0.0553226721,0.162078719,0.837883034,-0.24184466,0.0192719991,-0.430585934,0.0628457084,-0.0602743912,0.528289416,-0.405692732,-0.0828131086
-0.0269661432,0.543623398,0.835199578,-0.0724217194,0.0717229788,0.724360108,0.681845542,0.0553724908,0.249041724,-0.352880747,-0.390644677,-0.128735964,-0.145024881,-0.17253092,-0.128280287,-0.284943086,0.382878339,-0.579009676,0.0493290627,-0.178810716,0.075857472,-0.00890421871,-0.87901177,0.0522527547,0.153102682,0.632085114,-0.179917313,0.0174619355,-0.360383251,0.0729754058,-0.0736222241,0.458247486,-0.403606018,-0.0711364962
-0.0295738685,0.573467921,0.831058969,-0.0786687873,0.072235851,0.724937107,0.680484677,0.066992848,0.247597486,-0.34218218,-0.394988521,-0.115341211,-0.143007814,-0.180366155,-0.159812634,-0.300948849,0.402843456,-0.614742246,0.0564419025,-0.190076292,0.0717989483,-0.0147573355,-0.906391539,0.0362402602,0.119176107,0.400524486,-0.108368442,0.00155978299,-0.285057731,0.0809514872,-0.0866373498,0.383956674,-0.403344524,-0.0520756342
-0.0323435846,0.605350332,0.824860018,-0.0831962674,0.0710321581,0.72529517,0.679690908,0.0695994755,0.241205875,-0.341309436,-0.378839476,-0.126416685,-0.138375723,-0.171557611,-0.192168529,-0.311699252,0.419829819,-0.640549478,0.0495227138,-0.186044787,0.0660812611,-0.0125879434,-0.916729545,0.0233778253,0.0857445081,0.194529282,-0.0643317018,0.0030516955,-0.21359591,0.0864793931,-0.105407096,0.339828121,-0.416414573,-0.0296803883
-0.0350629145,0.63929845,0.817080355,-0.0862170527,0.0695089023,0.723519144,0.681362737,0.0817113086,0.234412133,-0.331346064,-0.375032044,-0.126816606,-0.13507459,-0.164245959,-0.222839136,-0.317481628,0.433048957,-0.652916689,0.0539570695,-0.187914566,0.059527895,-0.00800002208,-0.921149511,0.0202547648,0.0528573599,0.0665980641,-0.0483264986,0.00630125876,-0.154540003,0.0914292076,-0.115768121,0.336061692,-0.436666218,-0.0108254336
-0.0386448027,0.673374226,0.809543031,-0.0873946375,0.066548246,0.723835551,0.681172227,0.0876183626,0.232762648,-0.324516711,-0.371368157,-0.128718886,-0.13142438,-0.172809723,-0.239833431,-0.317630325,0.425298777,-0.657261633,0.0462851294,-0.182035644,0.0655782841,-0.00899041364,-0.939124588,0.0220606995,0.0489364964,0.0943212349,-0.045080287,0.016870519,-0.117131677,0.0931479925,-0.119718802,0.386260538,-0.454708631,-0.0011222984
-0.0427806589,0.710366492,0.80335038,-0.0849999309,0.0631385595,0.722007499,0.683735113,0.0944460918,0.228447199,-0.315875767,-0.359674722,-0.144455341,-0.135693609,-0.19023014,-0.255719803,-0.31709223,0.420513271,-0.639508771,0.0645685002,-0.180464622,0.0788432166,-0.0176114854,-0.964208882,0.0282882914,0.0347815131,0.251487938,-0.0860620571,0.0259922742,-0.0683680929,0.0894827104,-0.100775837,0.430596142,-0.431325793,0.0307630263
-0.0479211452,0.748796837,0.799611802,-0.0784402985,0.0574528273,0.722350247,0.68465788,0.102856868,0.221292237,-0.315300691,-0.336825933,-0.149905713,-0.151783298,-0.198808462,-0.23497044,-0.310048086,0.400708571,-0.629105631,0.0845720234,-0.183264625,0.0678882412,-0.0286521976,-0.962586019,0.0312518866,0.0324391952,0.385969099,-0.0508516298,0.0390034565,-0.0209866526,0.0783204969,-0.08000862,0.498317199,-0.359966251,0.0536145564
-0.0531089533,0.788264673,0.799626805,-0.0718832035,0.0561353633,0.723313152,0.684470387,0.0935665642,0.207942654,-0.320942788,-0.313843187,-0.168302805,-0.146623354,-0.199127693,-0.207004937,-0.301431414,0.375646237,-0.608532465,0.0942646563,-0.182410801,0.0487868941,-0.0326132768,-0.955579992,0.0257118632,0.0359460529,0.516377933,-0.0581016024,0.0465116069,0.0136101996,0.0632067106,-0.0705060096,0.563384948,-0.196953294,0.0785093857
-0.0578169259,0.828174731,0.801754528,-0.0554824971,0.0535667654,0.724457319,0.684991888,0.109722677,0.188864539,-0.343407688,-0.306031415,-0.178271986,-0.137362107,-0.199814599,-0.14614641,-0.303871592,0.363102743,-0.592356644,0.0706034171,-0.170575869,0.0299826797,-0.0195168578,-0.917196742,-0.00527165407,0.0539167287,0.633697012,-0.0921361993,0.0695275659,0.060974959,0.0307327912,-0.09327038,0.632844196,0.0190421314,0.0955268077
-0.0637315904,0.865567925,0.806725313,-0.0499580644,0.0571156854,0.723332905,0.686317346,0.0896395033,0.184797524,-0.352256275,-0.310739188,-0.166226941,-0.147055922,-0.211333667,-0.121369104,-0.311876926,0.359289193,-0.586186288,0.0499353203,-0.172391136,0.0381477386,-0.0136534321,-0.873914158,-0.0304195014,0.0642802679,0.681508687,-0.138860158,0.116610775,0.0227666502,-0.0269969931,-0.138643899,0.772114255,0.165618155,0.0849734088
-0.0689334311,0.902539636,0.814069899,-0.0462056593,0.0588672292,0.718559842,0.691427103,0.0700274649,0.182262112,-0.341573191,-0.334583091,-0.15427437,-0.127358073,-0.196214204,-0.108149636,-0.316886608,0.359911237,-0.578231777,0.0510165674,-0.169092523,0.0591178781,0.018818502,-0.815007974,-0.0605925504,0.0646785689,0.696464306,-0.188651164,0.140183754,-0.0795982709,-0.0965443375,-0.196298225,0.947040321,0.108066285,0.0495869442
-0.0725991133,0.938901656,0.822635679,-0.0411158091,0.0600308855,0.71453274,0.695807981,0.0501732773,0.189015912,-0.336833733,-0.361052817,-0.159422836,-0.122444734,-0.176808804,-0.0833795357,-0.324633832,0.364248235,-0.577608177,0.0582866309,-0.175452464,0.0756659344,0.0492342738,-0.734413849,-0.0881553818,0.0602979685,0.674059765,-0.223578023,0.152610138,-0.214227706,-0.137588731,-0.206641483,1.06781961,-0.00851386856,0.0172882308
-0.0759607456,0.97458322,0.830086241,-0.035575166,0.0617183407,0.709932115,0.70065801,0.0299842699,0.19575558,-0.329682019,-0.392337609,-0.159038904,-0.11705391,-0.149023342,-0.0591425709,-0.331381949,0.362250491,-0.569844469,0.0702326667,-0.173016876,0.0802654728,0.0807549177,-0.648380055,-0.116309271,0.0522122706,0.637214124,-0.25203081,0.159743416,-0.351770237,-0.167544598,-0.204700578,1.12103555,-0.0944091173,0.00585583356
-0.0790092376,1.01045718,0.836473218,-0.0294867844,0.0627601209,0.705939736,0.704869339,0.0131130222,0.202908846,-0.312698951,-0.431623675,-0.143950382,-0.118781364,-0.129482393,-0.0286908089,-0.337250497,0.351992156,-0.573450011,0.0780421738,-0.189407167,0.0795854279,0.113018329,-0.553403188,-0.138953721,0.0457411882,0.587644994,-0.270291083,0.162439639,-0.479993685,-0.197439932,-0.2108698,1.11113059,-0.187615486,0.00298568488
-0.0811551718,1.04667346,0.841926179,-0.0317022035,0.0665179998,0.701637498,0.708713727,-0.0357728969,0.230833362,-0.307322602,-0.459173722,-0.122661386,-0.129320299,-0.108913211,-0.0282106582,-0.33472314,0.338944165,-0.559607562,0.0669050551,-0.176249802,0.082254304,0.129886921,-0.445032214,-0.144352402,0.0432040737,0.474014406,-0.268340982,0.150853523,-0.599775392,-0.209677216,-0.218229047,1.02474187,-0.226034306,0.00859403954
-0.0823926968,1.08313572,0.843729049,-0.0273379955,0.0691943211,0.698922378,0.711317292,-0.0536828534,0.249099286,-0.299671619,-0.505944819,-0.10083511,-0.143445385,-0.105454944,-0.000254401634,-0.34164324,0.328154299,-0.55826543,0.0605515959,-0.174264434,0.0904865764,0.146272134,-0.343930591,-0.153171999,0.0461400904,0.402962565,-0.283297663,0.137131743,-0.682662697,-0.219996701,-0.223789032,0.8944638,-0.235241893,0.0239130006
-0.082793985,1.11920219,0.842544457,-0.0252277891,0.0726261804,0.69705799,0.712880884,-0.0775835786,0.267669416,-0.294496725,-0.548179625,-0.0857408962,-0.159374201,-0.102927803,0.0206656709,-0.345825148,0.312114987,-0.549327711,0.0518071614,-0.174103128,0.100489609,0.152453166,-0.247302247,-0.157901698,0.045681519,0.326845778,-0.295529823,0.122991789,-0.750884781,-0.205268657,-0.208685732,0.71250388,-0.206101085,0.0449184717
-0.0832986662,1.15544037,0.838551132,-0.0232260637,0.0772080382,0.697629709,0.711907478,-0.106015599,0.284111838,-0.295635893,-0.58634493,-0.0792900713,-0.174079993,-0.0993841424,0.0497124305,-0.348497447,0.290102668,-0.553535861,0.0601018038,-0.165774758,0.104900874,0.141884829,-0.155205652,-0.158708968,0.0671750202,0.259544668,-0.314705176,0.109140037,-0.788976346,-0.177403668,-0.179971859,0.472679709,-0.114861933,0.078104588
-0.083320417,1.19281984,0.831914266,-0.0224497701,0.0814147248,0.699119851,0.709999355,-0.134124336,0.299679256,-0.297415566,-0.620939104,-0.0736562376,-0.187586881,-0.092238274,0.0657553353,-0.348453414,0.285590957,-0.532599106,0.0810782971,-0.166718672,0.102083587,0.122027709,-0.0718809598,-0.16024003,0.0855433039,0.210949558,-0.341144609,0.0993921342,-0.814441817,-0.149651097,-0.151164228,0.229247337,-0.0476612459,0.106259245
-0.0825339893,1.23164327,0.823546317,-0.0219385724,0.0834047048,0.700364636,0.708556088,-0.154602495,0.31263007,-0.291034607,-0.647296478,-0.0657102831,-0.198180777,-0.0964807236,0.0793345087,-0.346126812,0.277596946,-0.517689437,0.0716148646,-0.152292983,0.116088328,0.112694312,-0.00531499098,-0.154006871,0.102127488,0.20899854,-0.374758356,0.0799197354,-0.828171728,-0.134469293,-0.149292882,0.0461474681,-0.0165777569,0.128527888
-0.0816349885,1.27180878,0.814248833,-0.0181350401,0.0827071741,0.701080966,0.708036809,-0.151708239,0.314155322,-0.283147029,-0.674288665,-0.0648569844,-0.20448402,-0.0868307863,0.103142354,-0.349297651,0.27877988,-0.513444119,0.0742150824,-0.148217025,0.12425279,0.0927843828,0.0497018348,-0.147837981,0.119479329,0.254187943,-0.402747798,0.0602397266,-0.850386568,-0.126190102,-0.159004118,0.0227871165,-0.026243084,0.130135716
-0.0797126035,1.31391956,0.806358648,-0.015358208,0.0787995367,0.701944161,0.707692838,-0.1566532,0.311917331,-0.268421329,-0.672632708,-0.0475230509,-0.197601912,-0.0908744516,0.108828788,-0.346981628,0.278791844,-0.491940986,0.0873627597,-0.143126942,0.143261097,0.0999252062,0.0918654095,-0.12752283,0.102763924,0.335559284,-0.419075743,0.0226841933,-0.871755668,-0.14466744,-0.178723549,0.139996394,-0.0706324094,0.0949645783
-0.0761816159,1.35886712,0.798928724,-0.00905370246,0.0689862282,0.701239027,0.709522908,-0.133327169,0.300041164,-0.256723996,-0.653729261,-0.0399565357,-0.190855981,-0.087515164,0.123981057,-0.336350676,0.2826162,-0.463001711,0.0789506125,-0.138020394,0.143859003,0.122490613,0.134719782,-0.0969747837,0.0741495805,0.447407501,-0.397550171,-0.0206532488,-0.875440242,-0.15919467,-0.193758139,0.324269629,-0.0707664021,0.0656214725
-0.0713220062,1.40344535,0.794469461,-0.00456327608,0.058653897,0.701862425,0.709878886,-0.110234367,0.27762511,-0.247111457,-0.609101168,-0.0491949903,-0.182363821,-0.0884020244,0.134936344,-0.319282022,0.270460079,-0.432488602,0.0908273756,-0.132836026,0.153676321,0.162479416,0.154033645,-0.0575031416,0.0256230619,0.573991039,-0.304340009,-0.0493056537,-0.885039152,-0.165170475,-0.156434839,0.518416068,-0.0342593259,0.0491123431
-0.0669764956,1.44871374,0.793242908,-0.00089915521,0.0432357709,0.697727482,0.715056796,-0.0448942617,0.284501715,-0.24376551,-0.581357001,-0.00440710036,-0.138846662,-0.128333103,0.148401778,-0.307172309,0.293703782,-0.421374126,0.0654587839,-0.0891977638,0.166339304,0.195775711,0.179356161,-0.00525367948,0.0354650225,0.680832869,-0.121398048,-0.117462805,-0.861903197,-0.143790384,-0.15035589,0.679243961,-0.080943969,0.0402472161
-0.0609141814,1.48980834,0.795958496,-0.00148090696,0.0346015492,0.694768934,0.718398684,-0.0094440083,0.29301497,-0.276274171,-0.547105232,0.0461802856,-0.0944642022,-0.14137656,0.147517446,-0.298853971,0.313557739,-0.440549723,0.0312094775,-0.0568055567,0.172506594,0.210486084,0.151434052,0.0589351146,0.0722020414,0.809205484,0.0466419631,-0.107804549,-0.82559659,-0.115884,-0.164300394,0.769748648,-0.162634659,-0.0304776248
-0.0548689443,1.52898976,0.802117152,-0.0059334328,0.0351364822,0.695063086,0.718065128,-0.0251635073,0.276071139,-0.298332991,-0.478853894,0.0240061937,-0.0780441514,-0.142263027,0.12609187,-0.299852818,0.320767382,-0.4743437,0.011175695,-0.0679002738,0.151176359,0.205429461,0.0282198907,0.0995398749,0.0935874892,0.99275525,0.0129019289,-0.0793713863,-0.779570191,-0.0915962714,-0.177474752,0.791294523,-0.208051685,-0.0833159062
-0.0504729082,1.56612536,0.810338042,-0.00742487872,0.0307520172,0.694919716,0.7183911,-0.0234394373,0.27725981,-0.326951307,-0.424678673,-0.0579329588,-0.0784259674,-0.166407971,0.109642579,-0.303021295,0.339232538,-0.500369769,0.00948823925,-0.0751650137,0.170480294,0.177273326,-0.104546338,0.0999938656,0.0894008212,1.1186912,-0.0810500099,-0.048553787,-0.711024566,-0.0478109893,-0.179389213,0.778769592,-0.256765977,-0.114549215
-0.0462047035,1.60274367,0.818963846,-0.00735884431,0.0264263731,0.693781995,0.719662447,-0.00463585693,0.264333086,-0.34038681,-0.388504248,-0.0928197648,-0.0729787358,-0.151777042,0.100989564,-0.310271449,0.355648242,-0.538550385,0.0130662418,-0.0893272882,0.146527596,0.132096325,-0.228167502,0.0896564067,0.100315672,1.16920049,-0.156403613,-0.0298905266,-0.635785716,0.00608504545,-0.159347247,0.749952889,-0.2930826,-0.119749607
-0.0417155881,1.63883909,0.826809089,-0.00715962209,0.022173584,0.690998149,0.722480885,0.0211625963,0.247709626,-0.31738953,-0.354524301,-0.0943765422,-0.0712949451,-0.140153681,0.0907669684,-0.324045634,0.366796259,-0.573066916,0.0483915349,-0.101143426,0.144013634,0.0864233227,-0.348841448,0.0907897544,0.118526334,1.16039596,-0.231365983,-0.0151392515,-0.548716398,0.0534165023,-0.139926575,0.696264281,-0.311438576,-0.115622725
-0.037293356,1.67428556,0.832880989,-0.00769107065,0.0186063185,0.685906116,0.727411474,0.052465179,0.245786073,-0.301785254,-0.349276955,-0.0941396634,-0.0753535586,-0.149237611,0.0806822934,-0.330174673,0.35764558,-0.604945974,0.0457181151,-0.107894265,0.136474803,0.0555245072,-0.460056924,0.094310968,0.124134903,1.09478737,-0.276198901,0.00109335811,-0.46349359,0.0926881856,-0.111865911,0.643441229,-0.329053548,-0.110270899
-0.0328679495,1.70726238,0.835831844,-0.00877612879,0.0180738991,0.678975087,0.73388633,0.0780722579,0.245232731,-0.294952075,-0.355411502,-0.106987028,-0.0803668226,-0.181170088,0.0690544154,-0.341030732,0.351448802,-0.635674421,0.0349767538,-0.118806965,0.127077717,0.0323653625,-0.565825088,0.0846492018,0.108924177,0.984408129,-0.292960322,0.00568455249,-0.390610613,0.122302229,-0.0796255961,0.594625096,-0.328360225,-0.100123508
-0.0288268507,1.74069496,0.836341747,-0.0108548953,0.0186656588,0.670021649,0.742027462,0.100707264,0.247309949,-0.302703579,-0.365575849,-0.0994938255,-0.100692288,-0.178172118,0.0553072324,-0.351648557,0.343077742,-0.665523168,0.0334605114,-0.132560615,0.109328242,0.0354306507,-0.654464468,0.0741104272,0.0902411153,0.840704287,-0.283728196,-0.00112404566,-0.326867915,0.133639997,-0.0716387163,0.571123546,-0.364282293,-0.0979235889
-0.0255580433,1.7730487,0.834082885,-0.0141199523,0.0211116794,0.658178727,0.752433178,0.118537601,0.243381342,-0.308504369,-0.373895904,-0.104798031,-0.110412855,-0.166660403,0.0410153762,-0.367712549,0.345072949,-0.703535762,0.0221033302,-0.14562637,0.0871505214,0.0490176427,-0.721527603,0.0597202064,0.0619836801,0.662790595,-0.226258608,-0.00669195278,-0.278165501,0.138434718,-0.065812431,0.562885986,-0.405601173,-0.0926008384
-0.0216390467,1.80603379,0.829046117,-0.0162843838,0.0229275943,0.646843808,0.76210382,0.137671443,0.243837883,-0.316830025,-0.389497909,-0.0934393428,-0.108081637,-0.164797776,0.0358123243,-0.385151002,0.342418327,-0.732887789,0.0604779173,-0.156890794,0.0600920715,0.0545111185,-0.76019824,0.0353336549,-0.00131032683,0.471416835,-0.165662238,-0.0403538249,-0.233568786,0.14102844,-0.0600386022,0.575571438,-0.448736933,-0.09126366
-0.0165967206,1.84022082,0.822536913,-0.0193969695,0.0261254726,0.633502661,0.773056011,0.14621821,0.241123543,-0.310403377,-0.39333664,-0.0803776939,-0.110227752,-0.171725492,0.0238996146,-0.393694528,0.329885104,-0.756580029,0.0322155986,-0.163672328,0.0758914632,0.0664188034,-0.787864313,0.0188235194,-0.0852593556,0.303547067,-0.136054766,-0.0600138649,-0.193590651,0.136910325,-0.0743827097,0.595874537,-0.496685188,-0.0717864528
-0.0111420511,1.87601781,0.81557781,-0.0255230269,0.0350207971,0.616837921,0.785896366,0.125634662,0.233941651,-0.286871736,-0.397007695,-0.0624188107,-0.106445207,-0.166262295,-0.0180734088,-0.407750671,0.323544157,-0.755695687,0.0355156159,-0.157670305,0.0735505866,0.0367782871,-0.805425652,0.0470068521,-0.14302685,0.203784651,-0.125578648,-0.086254616,-0.160454312,0.128746086,-0.0558076918,0.602822691,-0.516970855,-0.0521320105
-0.00580617866,1.91145544,0.806185429,-0.0270835585,0.0349922295,0.598085862,0.800209551,0.145415718,0.237361136,-0.268787505,-0.416093651,-0.0581367793,-0.108788674,-0.162587042,-0.0126617106,-0.407672982,0.319262935,-0.766206476,0.0538935935,-0.157374599,0.0673088087,0.0345670813,-0.824263782,0.0648316965,-0.224333727,0.247542948,-0.148733793,-0.102138444,-0.132770437,0.120147753,-0.0541043946,0.667793907,-0.533619629,-0.0242822328
-0.00206023228,1.94766657,0.793605031,-0.0191713625,0.024407253,0.576086794,0.816799088,0.19791151,0.233760256,-0.27097234,-0.426033506,-0.0406381405,-0.108188931,-0.150910803,0.0347207725,-0.406681884,0.32415925,-0.768936774,0.0756211919,-0.148985101,0.0501651131,0.037696888,-0.844053817,0.080859663,-0.230937736,0.445400504,-0.154330679,-0.141772546,-0.0920706633,0.0934378962,-0.0620658214,0.787224493,-0.556519102,0.00685168568
0.00232204388,1.98259555,0.784859079,-0.01426273,0.0223975114,0.551382636,0.833829787,0.210840733,0.229842182,-0.278543974,-0.431161591,-0.0261775874,-0.103908268,-0.147606604,0.0534230095,-0.415932018,0.334200388,-0.761054452,0.0829373514,-0.139509748,0.0654421709,0.0375176715,-0.866041582,0.0866423261,-0.218304054,0.638495898,-0.166143557,-0.165154518,-0.0675881665,0.0541503693,-0.0600766346,0.879982571,-0.48326465,0.0216368639
0.00784123217,2.01363083,0.779860616,-0.0158778052,0.0240103639,0.525232335,0.850471864,0.196740774,0.234858421,-0.285924954,-0.416815113,-0.0124500085,-0.10188356,-0.138439638,0.0596708537,-0.40380891,0.342175652,-0.725381848,0.085235268,-0.127869027,0.0743976683,0.0443406021,-0.880741336,0.109146124,-0.19258142,0.778465262,-0.206891055,-0.158361608,-0.0833413469,0.0140806365,-0.0811945423,0.985890572,-0.380993904,0.0156177834
0.0144554637,2.0395996,0.780066655,-0.0215115716,0.0291510568,0.496805806,0.867105218,0.168272355,0.259913805,-0.301900959,-0.413572884,0.0122672007,-0.0955858151,-0.138913657,0.0583285892,-0.382312619,0.357143662,-0.672723136,0.0846536805,-0.120015872,0.0762296996,0.0374242062,-0.877149198,0.160377524,-0.146200263,0.861747822,-0.267136725,-0.132604567,-0.160827483,-0.0854504423,-0.153803355,1.13696369,-0.382959497,-0.0520055715
0.0229558962,2.0623824,0.785156456,-0.0251048118,0.0367409207,0.460113996,0.886744024,0.139162985,0.273307176,-0.292528026,-0.401019854,0.0165335767,-0.0975530769,-0.129255253,0.0521709282,-0.375163253,0.379168812,-0.636739089,0.0721779243,-0.126211248,0.131378631,0.0687136355,-0.846774529,0.195581571,-0.0973498993,0.878160239,-0.293531596,-0.119050732,-0.254582858,-0.128987343,-0.195146418,1.22574385,-0.382896629,-0.0722702793
0.0352997115,2.0815691,0.793091189,-0.0291112247,0.0427715381,0.423158648,0.904577189,0.115899736,0.292892066,-0.297894125,-0.402279137,0.00167600505,-0.0919736801,-0.0813941449,0.059032442,-0.361828102,0.392528553,-0.612588776,0.0663214464,-0.126980676,0.159007989,0.116391487,-0.79814775,0.221659821,-0.0654461824,0.851437013,-0.299255522,-0.114499437,-0.352180459,-0.116863403,-0.225880364,1.25137993,-0.381434601,-0.0499797567
0.0481290188,2.0988235,0.802453477,-0.0323010382,0.0475849546,0.387431506,0.92010279,0.0952680902,0.314173454,-0.289846367,-0.410393361,0.00770993758,-0.0902642601,-0.0606725945,0.0713503458,-0.357387384,0.404166604,-0.589449547,0.10848349,-0.135292541,0.181432428,0.158040285,-0.728367659,0.245464841,-0.0298990103,0.791210056,-0.298693276,-0.111047496,-0.442704009,-0.132826636,-0.281630621,1.23656921,-0.395373824,-0.0295796475
0.0621766225,2.1150531,0.812389573,-0.032271969,0.0545070986,0.351394025,0.934082296,0.08174236,0.330039942,-0.279588867,-0.427843162,0.0165127064,-0.0972229901,-0.0557064056,0.0921909056,-0.359320301,0.400100409,-0.584453019,0.130291542,-0.131483955,0.195328328,0.189885727,-0.641939416,0.264753355,0.0257698571,0.709042417,-0.290263481,-0.116533424,-0.525972619,-0.180164063,-0.340986437,1.19118943,-0.397085514,-0.0166146428
0.0778482665,2.13060188,0.821795184,-0.0329697694,0.0682949705,0.312821879,0.946779416,0.0462197113,0.342877158,-0.254043881,-0.44488259,0.0271922312,-0.107159702,-0.052007898,0.0833143965,-0.362420352,0.384460424,-0.570505372,0.12978819,-0.131574563,0.198969658,0.195937524,-0.51549486,0.279610773,0.115783726,0.544202239,-0.247966985,-0.129601112,-0.624747578,-0.205241996,-0.356190617,1.10205933,-0.358368623,0.00915431327
0.0931585473,2.14543524,0.826470947,-0.0259400847,0.0763532376,0.274269903,0.958265785,0.038659444,0.338454595,-0.24268408,-0.465859841,0.0332457006,-0.115109671,-0.0471813986,0.0997660276,-0.377884373,0.365342881,-0.561971957,0.13851477,-0.133078167,0.211278989,0.207843353,-0.399441203,0.271344321,0.197460028,0.43552307,-0.228208292,-0.134650695,-0.705927091,-0.240672885,-0.359437709,1.00955772,-0.329764734,0.0256746493
0.109972504,2.15973438,0.827871002,-0.0186410988,0.0857416107,0.237855844,0.967329046,0.0257231856,0.334232193,-0.232548192,-0.490112068,0.0310005231,-0.124512626,-0.053421253,0.110001894,-0.391112699,0.341847595,-0.546757448,0.145919113,-0.131382357,0.196078264,0.218999101,-0.290551818,0.246289853,0.275656699,0.325121324,-0.19707466,-0.139765283,-0.784818525,-0.255576739,-0.337470422,0.886589541,-0.293435553,0.0601068549
0.128290679,2.17296401,0.826065209,-0.0105773253,0.0945457965,0.202765697,0.974594934,0.0109935405,0.324800588,-0.22710632,-0.50841404,0.0432326113,-0.132285982,-0.0387859559,0.119413508,-0.400306653,0.317712771,-0.530175617,0.140969243,-0.130903318,0.175657407,0.220443076,-0.192168269,0.215300733,0.34414323,0.238241762,-0.182949622,-0.13891802,-0.851409057,-0.247786961,-0.294893933,0.733654446,-0.232339496,0.0880535087
0.147673428,2.18482067,0.821430858,-0.00209095702,0.102408716,0.174173302,0.979373138,-0.0143040471,0.314950564,-0.221833364,-0.51663209,0.0504876686,-0.142201434,-0.0334545217,0.123742841,-0.404281085,0.295465957,-0.496257414,0.140303967,-0.128738568,0.153927231,0.217043661,-0.110686174,0.180510522,0.404507495,0.179614332,-0.189169183,-0.131118579,-0.904578376,-0.241443429,-0.249300573,0.579434141,-0.164581632,0.0927512128
0.168556881,2.19605869,0.813359746,0.00745531932,0.111498866,0.148193878,0.982624545,-0.0431564,0.309218482,-0.219809319,-0.52381355,0.0600574746,-0.153019364,-0.0392004498,0.125381573,-0.412182127,0.272792602,-0.468256772,0.121788186,-0.129889589,0.160526467,0.234054579,-0.0651911128,0.144858525,0.442152541,0.172714434,-0.229249938,-0.110977018,-0.957181922,-0.256986587,-0.206208688,0.463585732,-0.103309646,0.11680248
0.191273329,2.20631733,0.802685519,0.0154505071,0.118593764,0.125664274,0.984837698,-0.0532117358,0.305989242,-0.2171734,-0.547719909,0.0604555855,-0.159174521,-0.0360382635,0.139304855,-0.419807925,0.243014747,-0.465102337,0.114962851,-0.124527075,0.154981844,0.259682845,-0.033201033,0.12769779,0.484073393,0.203099525,-0.269720514,-0.0961929454,-1.01771763,-0.276829857,-0.159855337,0.449389136,-0.0866492945,0.125520546
0.21724008,2.2158072,0.791247639,0.0331893896,0.118965013,0.106110783,0.986654089,-0.0526319209,0.286935397,-0.218701385,-0.560932768,0.049582257,-0.151833024,-0.0394425763,0.164104006,-0.439008385,0.221322025,-0.454135642,0.117633763,-0.11627585,0.1428558,0.263311456,0.0176326161,0.104130491,0.517159143,0.270832852,-0.327882251,-0.0934607091,-1.06561884,-0.28235165,-0.0754123679,0.554715585,-0.0346974373,0.137836588
0.248376683,2.22272017,0.783052333,0.0381572722,0.119789851,0.0867507171,0.988265515,-0.0542151814,0.284559452,-0.223364683,-0.561817384,0.0484385374,-0.139957397,-0.035815757,0.165263065,-0.439240973,0.222192574,-0.444134398,0.119887695,-0.109175642,0.131327386,0.27046843,0.0563877679,0.115357523,0.509930655,0.332580382,-0.337403263,-0.124546136,-1.10725449,-0.260264665,-0.0287740703,0.720110676,-0.0839649306,0.126994428
0.282719285,2.2263454,0.778468168,0.0371112654,0.116486175,0.0688113688,0.990110459,-0.0465204815,0.288055369,-0.229273422,-0.547176189,0.0552277142,-0.13392501,-0.0358990293,0.164381145,-0.427278233,0.232236377,-0.434706841,0.111320739,-0.103834879,0.123612267,0.287724187,0.0813323461,0.154310686,0.475321528,0.416545127,-0.297804917,-0.161720562,-1.10376755,-0.219201342,-0.00297183467,0.818331065,-0.10151844,0.106816872
0.321589442,2.22825388,0.777258604,0.0304523085,0.110974007,0.051718474,0.992009388,-0.0313492149,0.300192704,-0.231629651,-0.514518988,0.0521753161,-0.117522646,-0.0527403276,0.160920468,-0.405046946,0.251079085,-0.42552205,0.0978668432,-0.0988009236,0.127098511,0.308821211,0.0996391193,0.214843881,0.443372174,0.507894646,-0.192556114,-0.174205643,-1.07453167,-0.190254976,-0.0262707431,0.911127029,-0.163425594,0.0215460519
0.360853971,2.22879754,0.778851537,0.0202593252,0.107233847,0.0385010852,0.993281495,-0.0189916788,0.311732387,-0.23637822,-0.479895155,0.0774281375,-0.11008368,-0.0564611926,0.153612243,-0.376922003,0.276644401,-0.428771095,0.0811962734,-0.0980758094,0.141373263,0.312193779,0.0938040701,0.27285106,0.401372075,0.602225837,-0.0391393232,-0.159782464,-1.03807336,-0.141941562,-0.0554628448,0.971868672,-0.253509957,-0.0496618618
0.397714,2.22935352,0.783604615,0.0141999661,0.106503705,0.0311897608,0.993721551,-0.0187287126,0.316632717,-0.245132081,-0.444043806,0.0841897032,-0.0917944642,-0.0721717881,0.141154321,-0.355310963,0.300399251,-0.445215796,0.0584776182,-0.0904279534,0.161083224,0.286972347,0.0192872094,0.299488503,0.340845932,0.760448105,-0.0102457247,-0.104709918,-0.992173746,-0.085708696,-0.0670102582,0.99139995,-0.322048593,-0.0938174081
0.43324825,2.2309718,0.79089039,0.0111477576,0.109054643,0.0285531151,0.993563049,-0.0212491443,0.310839855,-0.250682576,-0.421424131,0.0532473061,-0.0886856163,-0.069429312,0.121639637,-0.347077366,0.332772724,-0.472498685,0.0574975854,-0.0896140215,0.169012467,0.229009049,-0.124914656,0.252743753,0.257281089,0.945049609,-0.117711235,-0.0869515576,-0.938126749,-0.0194832487,-0.0585376872,0.970265929,-0.373177124,-0.111139066
0.468129468,2.2330866,0.801034908,0.00820319997,0.110541621,0.0267995927,0.99347624,-0.010862832,0.300642669,-0.247443263,-0.411916538,0.0395494526,-0.0887319667,-0.0647463523,0.0963458919,-0.341639947,0.359759024,-0.499673633,0.0564026502,-0.0952841697,0.175272269,0.167713264,-0.264692408,0.201477132,0.225863875,1.05898812,-0.161455357,-0.0893403381,-0.861820567,0.040784227,-0.0433920077,0.913710493,-0.400630067,-0.111799714
0.503122992,2.23560916,0.812548898,0.00641055303,0.110646776,0.0275825342,0.99345629,0.00656115561,0.286435887,-0.253466499,-0.405771854,0.0271117039,-0.0980617572,-0.060817961,0.0790835705,-0.340650447,0.367352443,-0.534007427,0.0640534346,-0.105652073,0.167112132,0.113577624,-0.416624282,0.151852359,0.200586023,1.11350225,-0.204749064,-0.0808531413,-0.764875649,0.0786350413,-0.0320206187,0.827804897,-0.407726547,-0.0903058659
0.53968854,2.23763011,0.822797069,0.00471486541,0.109638268,0.0301218928,0.993503846,0.0270198616,0.274960568,-0.259372127,-0.406748409,0.023228461,-0.10468315,-0.0742905205,0.0709607197,-0.343681432,0.357449438,-0.576756912,0.0687867645,-0.116082775,0.1504695,0.0624866506,-0.555985082,0.120290536,0.182373196,1.10006239,-0.236848738,-0.0691912392,-0.653008515,0.104664119,-0.0266105107,0.72431876,-0.399676721,-0.0686988557
0.575315054,2.2396723,0.829546108,0.00295568673,0.109877183,0.0323648736,0.993413702,0.0503841385,0.266914517,-0.26481639,-0.414032807,-0.00353079631,-0.117444598,-0.0896621121,0.0601371743,-0.346734581,0.346169453,-0.614908093,0.0507133493,-0.130497519,0.131298663,0.0217189109,-0.686664914,0.101209395,0.166009338,1.0323047,-0.255430592,-0.0435971818,-0.550248196,0.122524385,-0.0217686394,0.627411468,-0.379705085,-0.041629808
0.611894987,2.2422895,0.832357213,0.00108920643,0.111466426,0.0311389561,0.993279626,0.0711798057,0.255575182,-0.259835177,-0.415688434,-0.00244335818,-0.136543274,-0.101858131,0.0431919968,-0.351350062,0.339681398,-0.65127553,0.0307353325,-0.141296478,0.113481345,-0.000853467842,-0.795576525,0.0889586869,0.158146927,0.908379169,-0.237932566,-0.0194723776,-0.449582994,0.132308232,-0.0167973189,0.533416423,-0.358449313,-0.0138503126
0.648230935,2.24507118,0.830414896,-0.00159761418,0.114535505,0.0262399903,0.993071261,0.0913741274,0.248646619,-0.256740592,-0.418751638,-0.000825664477,-0.139727266,-0.119069759,0.0180165806,-0.359842608,0.338698047,-0.686022563,0.0210959616,-0.149419964,0.100634384,-0.0100521077,-0.878177563,0.0658675013,0.144395427,0.724812285,-0.195902069,-0.0149907291,-0.355383886,0.139752422,-0.0187388758,0.446781941,-0.350162494,-0.0042430893
0.685916306,2.24819124,0.824783008,-0.0053147857,0.115456915,0.022512174,0.993043129,0.109985893,0.247396672,-0.266940665,-0.417452942,-0.0200645183,-0.150122426,-0.133028736,-0.00171252039,-0.369701385,0.33573118,-0.718782047,0.0202095772,-0.153313251,0.0981467785,-0.0094678334,-0.918166156,0.0292964867,0.107695105,0.484990599,-0.122107129,-0.0374846055,-0.252637453,0.145493381,-0.0385714608,0.365371809,-0.359531212,0.00556448732
0.72600147,2.25138227,0.816358698,-0.00244821586,0.124971462,0.0179647475,0.991994661,0.0893955478,0.234433042,-0.261866767,-0.407434187,-0.0330735012,-0.159189669,-0.14990745,-0.0574691349,-0.396752791,0.3275099,-0.730051293,0.0275051203,-0.162715291,0.100145637,-0.0175211695,-0.946639697,-0.00774630493,0.0660595957,0.240591442,-0.0877518491,-0.0426729367,-0.152852636,0.132756553,-0.0442113895,0.257120731,-0.340971742,0.0238328728
0.767060557,2.25413177,0.805057612,-0.00462076131,0.122774858,0.013762598,0.99232836,0.104382933,0.238668524,-0.267375476,-0.410353022,-0.0510986893,-0.159793886,-0.155051034,-0.068951907,-0.402161829,0.321434083,-0.740833109,0.0336982132,-0.169039374,0.0831957996,-0.0219095592,-0.98091693,-0.013300957,0.0551619044,0.161515883,-0.0957873433,-0.0432791933,-0.0887919198,0.134526663,-0.0360664631,0.282884218,-0.362524634,0.0575592353
0.809705843,2.25725393,0.794904131,-0.00472792819,0.119598,0.00990862654,0.992761696,0.107468623,0.237170528,-0.269341476,-0.40358996,-0.0743768758,-0.153370752,-0.163732948,-0.0812943381,-0.406529497,0.313585288,-0.728391936,0.0308112271,-0.164070319,0.0795568451,-0.0291873056,-0.991338326,-0.0192118714,0.0662183057,0.169802157,-0.0990324301,-0.0312429258,-0.0378243257,0.129222742,-0.0113701492,0.340967277,-0.366468302,0.0866023752
0.854980028,2.26014344,0.785629761,-0.00283070998,0.11171904,0.00732272619,0.993708821,0.106431271,0.231800043,-0.283987057,-0.38273756,-0.0866838755,-0.147432332,-0.171014449,-0.0792135673,-0.408762017,0.311271337,-0.693458521,0.0475761477,-0.156893303,0.0665565914,-0.0517562411,-0.999480355,-0.0295814073,0.047165026,0.3030068,-0.0584233578,-0.0238587295,0.0173539477,0.122001054,0.0329192817,0.416503652,-0.298553563,0.129380076
0.900948365,2.26363637,0.780077561,-0.000563385686,0.103798763,0.00601274984,0.994579985,0.101789634,0.230334007,-0.311400666,-0.36489112,-0.0920132783,-0.140696292,-0.173219734,-0.0624884459,-0.399977515,0.299298071,-0.652482277,0.0382736362,-0.14024459,0.064467591,-0.0623448665,-1.02336011,-0.0336148553,0.0354800388,0.506228287,-0.0223518172,0.00771180187,0.0583788928,0.112998455,0.0566398193,0.504295297,-0.14764086,0.16658389
0.947896583,2.26594447,0.779876763,0.0037199554,0.0984980454,0.00835931938,0.995095181,0.0773237422,0.228275637,-0.341518063,-0.339647462,-0.0957469114,-0.139933108,-0.178742533,-0.0427190988,-0.391369019,0.289812958,-0.598472629,0.0432022568,-0.128239281,0.064186184,-0.0811395625,-1.01654648,-0.0404988429,0.0434099245,0.665208108,-0.052829356,0.0304274376,0.0783437662,0.0966528957,0.0589876375,0.593583323,0.0963359777,0.205892266
0.990828576,2.26939733,0.784927361,0.00959651591,0.0874187825,0.00356902189,0.996119032,0.0844167122,0.223932892,-0.361604669,-0.351632935,-0.0851955223,-0.134896482,-0.174869721,-0.00697729179,-0.388598831,0.314332516,-0.558125753,0.0328723659,-0.118976198,0.0869898419,-0.081326277,-0.965139294,-0.0599841429,0.0591842345,0.762681741,-0.128810738,0.126578145,0.0660289645,0.0310755618,0.0103976141,0.727358517,0.302920966,0.188586186
1.0321782,2.27327484,0.794259418,0.0113374917,0.0864081827,-0.00558475401,0.996179651,0.057383792,0.230964645,-0.347987449,-0.373585108,-0.0824468341,-0.129446359,-0.171070742,-0.00981164599,-0.385183458,0.332793836,-0.524289301,0.0414165133,-0.114899187,0.132299994,-0.0468197759,-0.899687807,-0.0901732348,0.0626266437,0.779688105,-0.17731476,0.15839844,-0.0799852947,-0.0311874138,-0.0521675103,0.943079948,0.201783812,0.139060193
1.07283127,2.27629364,0.807476309,0.0173317563,0.0834674816,-0.0129489884,0.996275621,0.0283824479,0.225632316,-0.346567159,-0.391097259,-0.0564038241,-0.132043462,-0.133275479,0.00747318944,-0.388211294,0.342026521,-0.509993489,0.0605677177,-0.122250742,0.154330556,0.0106542584,-0.792723653,-0.140952989,0.0596991712,0.715351512,-0.201152351,0.175184487,-0.235801492,-0.103830915,-0.107257272,1.08847512,0.0619843571,0.0873941014
1.11350436,2.27848979,0.819422271,0.0236861235,0.0804367448,-0.0201514264,0.996274469,-0.00124352574,0.223558144,-0.337963872,-0.418135092,-0.0619687631,-0.137525899,-0.113486524,0.0329033633,-0.390179144,0.340811401,-0.497738317,0.0591462061,-0.141862354,0.155088897,0.0551359858,-0.681596897,-0.184961616,0.0401302885,0.64854823,-0.221396457,0.173854701,-0.388040582,-0.175176108,-0.140397317,1.16313147,-0.0478657234,0.0533634247
1.15350692,2.28096227,0.830313948,0.0303802971,0.0770302187,-0.0291265567,0.996140064,-0.0349375749,0.205244208,-0.30690864,-0.438715988,-0.0920916629,-0.148168102,-0.101661901,0.0548961406,-0.386284464,0.337069446,-0.476373774,0.0804511977,-0.184660831,0.121386765,0.104964592,-0.553609727,-0.220084747,0.0308993931,0.543939858,-0.211225841,0.17774479,-0.524250095,-0.221335409,-0.146822294,1.14806128,-0.108506487,0.0301463952
1.19336818,2.281279,0.836953388,0.0351848013,0.0736858472,-0.0333269091,0.996103279,-0.0553082257,0.217101051,-0.304355672,-0.49153623,-0.0884080323,-0.157776955,-0.0863255831,0.0799611874,-0.395887793,0.330432536,-0.473917799,0.0896791704,-0.181106956,0.133733288,0.14037435,-0.430860824,-0.240333527,0.0232799325,0.453357448,-0.214126009,0.164286889,-0.64172752,-0.236896107,-0.135152526,1.06651177,-0.153925639,0.0358951384
1.23449672,2.2815231,0.840144801,0.0406161164,0.0715429826,-0.0372541113,0.995913683,-0.0725486137,0.233109938,-0.300647951,-0.547438676,-0.0744699117,-0.175894882,-0.080507076,0.104487553,-0.406766539,0.319655833,-0.473494605,0.0942085916,-0.179617266,0.138283245,0.154094544,-0.302735343,-0.251957028,0.0170714795,0.349165808,-0.212585249,0.143049839,-0.726798712,-0.243577991,-0.125768678,0.909825377,-0.155491595,0.0566963128
1.27490108,2.28123466,0.838927933,0.043271473,0.0711501809,-0.0387177351,0.995774155,-0.0969502683,0.25818289,-0.305496657,-0.601838143,-0.0744701775,-0.195824667,-0.0646668358,0.125367684,-0.411654224,0.306657236,-0.471802838,0.0945125831,-0.174557271,0.137636,0.151397101,-0.187368586,-0.251742854,0.0131792199,0.256925218,-0.221185254,0.126128576,-0.792114861,-0.22696972,-0.113725053,0.700282425,-0.141980021,0.0818295496
1.31567206,2.28094143,0.833963168,0.0414568679,0.0809739054,-0.0388758065,0.995094582,-0.163825542,0.290662645,-0.30017615,-0.63356367,-0.079953712,-0.209631068,-0.0590265365,0.115223311,-0.405277462,0.275729473,-0.464966016,0.109051813,-0.170753105,0.139988043,0.15206508,-0.102983212,-0.242751162,0.0115467657,0.180769945,-0.234768057,0.103907301,-0.82570288,-0.189234998,-0.0940753637,0.399757244,-0.0814502942,0.112845656
1.35668506,2.28101834,0.824690124,0.0421104593,0.0850158431,-0.0389752393,0.994726066,-0.192208052,0.311058769,-0.294720171,-0.671183147,-0.0698664897,-0.223820416,-0.0479290378,0.127077279,-0.403872888,0.256483472,-0.46322957,0.112416547,-0.167341728,0.141531821,0.139588807,-0.0272413294,-0.239905844,0.0193903376,0.150564465,-0.26850307,0.0886320347,-0.84855358,-0.155642866,-0.0698936838,0.149003535,-0.0483790759,0.136222358
1.39915743,2.27982609,0.813155619,0.0433359233,0.0857928766,-0.0375949789,0.99465984,-0.207704356,0.322706532,-0.282795958,-0.699728989,-0.069015983,-0.228999781,-0.0427792885,0.144122424,-0.407504294,0.24249019,-0.465707273,0.122694525,-0.161450355,0.14484366,0.130627189,0.0330481227,-0.235337628,0.0251661627,0.175056755,-0.310233179,0.0715135195,-0.886195653,-0.137743068,-0.0636406785,0.0650766331,-0.0410004713,0.153241672
1.44218048,2.27883823,0.802625573,0.0425397056,0.0816615086,-0.0361997943,0.995093637,-0.212390794,0.326194845,-0.274963121,-0.705875762,-0.0591065816,-0.225303251,-0.035845566,0.157446393,-0.408439147,0.237074499,-0.457019269,0.120616445,-0.154635005,0.148779057,0.132616121,0.0786334139,-0.22475172,0.00643151001,0.251987247,-0.338401672,0.0441199622,-0.898974056,-0.124307506,-0.0354892966,0.102975627,-0.0513406589,0.136018211
1.48819828,2.27748963,0.792804307,0.0396358298,0.073915832,-0.034179106,0.995890174,-0.205451423,0.314342648,-0.262291288,-0.683093528,-0.0399775814,-0.217290892,-0.0314617008,0.163680472,-0.403220993,0.235321383,-0.430175847,0.124981856,-0.14755849,0.151541499,0.148053594,0.106779671,-0.206817612,-0.0222493181,0.3874834,-0.345427764,0.00848429834,-0.915687579,-0.121790776,-0.0281817434,0.284612323,-0.065747945,0.106325811
1.53390104,2.27547204,0.784396767,0.0344683179,0.0546801466,-0.0295056494,0.997472523,-0.152477123,0.290983351,-0.267447611,-0.649545246,-0.0486561559,-0.204047773,-0.0320316854,0.205265018,-0.391375952,0.237313099,-0.409300358,0.132656596,-0.137271221,0.156325883,0.163561451,0.132035467,-0.179547888,-0.0409560758,0.567905535,-0.302274694,-0.0228996334,-0.920632316,-0.118995969,-0.0159185389,0.513606297,-0.00843937257,0.0688306312
1.58131813,2.27383586,0.782889453,0.0239992183,0.0438644767,-0.0270769464,0.998382083,-0.106661621,0.290689568,-0.272336808,-0.608922902,-0.0627183937,-0.187088442,-0.0478714106,0.2145575,-0.370574582,0.246777583,-0.390231921,0.140526842,-0.118373942,0.160564758,0.185357443,0.165137279,-0.133687042,-0.0457569878,0.660710897,-0.0920559215,-0.0816960808,-0.896858348,-0.101447093,-0.0260347661,0.678041887,-0.0543007611,0.0346015783
1.62500458,2.27117615,0.785270496,0.015604974,0.0432084153,-0.0273817599,0.998568854,-0.0707838661,0.307853253,-0.263391331,-0.56844438,-0.00713279771,-0.15886367,-0.116968284,0.196014388,-0.360260381,0.240421792,-0.402778716,0.126692186,-0.0664415342,0.194712058,0.211845895,0.121116991,-0.0775523771,-0.0148568533,0.795255451,0.113799859,-0.132751301,-0.866036841,-0.0947601666,-0.0577991575,0.775840322,-0.154531992,-0.00124907821
1.66553115,2.26967648,0.791300027,0.0112067924,0.0462354006,-0.0163005749,0.998734693,-0.0677079798,0.298515593,-0.282683583,-0.508339027,-0.0350127607,-0.148255981,-0.145283447,0.180772753,-0.349260398,0.237443101,-0.427475756,0.103869739,-0.0642283165,0.186106268,0.188550822,-0.0185590966,-0.0255222782,0.036434414,0.996364873,0.0483292709,-0.0988070659,-0.826141634,-0.0804775476,-0.0754349931,0.819545009,-0.234796166,-0.0378313411
1.70404521,2.26936874,0.800457557,0.00842519241,0.0487756267,-0.00469942651,0.99876317,-0.0569801494,0.290747322,-0.300471772,-0.457829457,-0.0647459388,-0.141206881,-0.153290447,0.161485608,-0.34969709,0.255560404,-0.468082908,0.074586581,-0.076464175,0.167358099,0.143300208,-0.172450174,0.0171345627,0.08899775,1.12274663,-0.0546451464,-0.060180677,-0.75968926,-0.0574067671,-0.0905835283,0.79652612,-0.258893674,-0.0582494277
1.74289997,2.26955109,0.810120824,0.00686717695,0.0523557694,0.00395850922,0.998597039,-0.0387780052,0.27861785,-0.293835156,-0.41533119,-0.0887478915,-0.140074642,-0.155014598,0.1320299,-0.360614093,0.279732264,-0.521904173,0.0519780319,-0.0966886845,0.141967205,0.099296572,-0.325026886,0.0462516727,0.128630634,1.16779216,-0.152160336,-0.0304037714,-0.687843968,-0.028670532,-0.0847276472,0.756414026,-0.282039445,-0.0714495018
1.78200221,2.27009871,0.820017551,0.00266044437,0.0514642879,0.0114780801,0.998605329,0.00430641273,0.272927651,-0.275280049,-0.390581395,-0.091034437,-0.141478156,-0.153272035,0.117413692,-0.365658224,0.288374087,-0.586779904,0.0484305449,-0.112207877,0.126072239,0.0579159445,-0.447705925,0.0803503584,0.164271414,1.13057854,-0.224801865,-0.0207256737,-0.587050231,0.000255044976,-0.090868118,0.684786454,-0.29087797,-0.0600530704
1.82019306,2.27150392,0.827613098,-0.00100897294,0.0557072755,0.0188566139,0.998268556,0.0343098563,0.273262387,-0.291485306,-0.378309013,-0.029949735,-0.133253931,-0.123337147,0.0780369793,-0.373872007,0.308299569,-0.63721684,0.022902916,-0.12659388,0.110307355,0.033733889,-0.563950289,0.102839443,0.184846413,1.02618727,-0.258525717,0.00134445774,-0.49926955,0.0182801933,-0.0964639997,0.610114445,-0.290828643,-0.0472174801
1.85698812,2.27322465,0.832497808,-0.0041445892,0.0588835979,0.0239205751,0.997969614,0.0665960146,0.272286884,-0.283333386,-0.365809119,-0.0358172139,-0.13889581,-0.127019206,0.051777231,-0.387620881,0.305449799,-0.701035882,0.0309936951,-0.13632909,0.113708798,0.0301545122,-0.650889733,0.11687056,0.21566758,0.858797768,-0.263970064,0.00168494564,-0.406298918,0.025025014,-0.119115011,0.527165982,-0.291523919,-0.0300625382
1.89299165,2.27579414,0.833420604,-0.00588021414,0.0643844886,0.0266698897,0.997551391,0.0929483557,0.272219798,-0.276278238,-0.355341846,-0.046648224,-0.142572592,-0.130734884,0.0192243892,-0.400447581,0.305151055,-0.754069511,-0.00303711897,-0.153127946,0.0989623276,0.0347968596,-0.710964429,0.100120956,0.231528217,0.627202574,-0.223539723,-0.00532163887,-0.324730392,0.0261805947,-0.141902652,0.460291127,-0.294724309,-0.0147306028
1.92934964,2.27928977,0.830922388,-0.00765101896,0.0706824731,0.0294356002,0.997035102,0.115530536,0.268918421,-0.27721035,-0.346301657,-0.0547208853,-0.153109558,-0.11697772,-0.0142249676,-0.416571124,0.315215688,-0.800047014,-0.0221407712,-0.177686972,0.0710308995,0.0418251813,-0.738020389,0.0498306861,0.200795906,0.341083597,-0.156982195,-0.0251753006,-0.251042044,0.0277203024,-0.165193356,0.404326285,-0.315567941,-0.00168884463
1.96740137,2.2837016,0.824608329,-0.00765487432,0.0833403307,0.0306181475,0.996021245,0.104662979,0.259489379,-0.265332224,-0.332193176,-0.0548534778,-0.148385315,-0.121642711,-0.0761942306,-0.457609003,0.334344237,-0.844916746,-0.0439936583,-0.18165824,0.0652576986,0.0242444588,-0.761459119,0.0151489831,0.164542908,0.0891475061,-0.0935039785,-0.0414237228,-0.194875569,0.0283004669,-0.160801246,0.35558551,-0.339891812,0.0100600362
2.00561569,2.28737281,0.814160981,-0.0114300228,0.0869034384,0.0322212228,0.995629921,0.121377009,0.26172594,-0.262845613,-0.326847015,-0.0580605261,-0.146690474,-0.11710544,-0.103910163,-0.473565438,0.335388558,-0.875100173,-0.0321741387,-0.188354756,0.0408505517,0.0131849947,-0.807756342,0.00819942989,0.137673654,0.0217594466,-0.075236321,-0.0643571907,-0.15796245,0.0329736629,-0.16228674,0.395122513,-0.385194082,0.0215933083
2.045292,2.29154026,0.804200417,-0.013028249,0.0862908189,0.0342583906,0.995595561,0.130181106,0.258565672,-0.257781298,-0.313974987,-0.0605449735,-0.141827198,-0.118483849,-0.118501159,-0.481754708,0.328970729,-0.885193759,-0.0196571555,-0.189895284,0.0110468867,0.000419230618,-0.831686212,0.00471667534,0.115801428,0.0541006267,-0.0714722061,-0.0544160084,-0.119388429,0.0334923445,-0.14637724,0.456859282,-0.420399446,0.0325339483
2.08647017,2.29744636,0.794230505,-0.0127081892,0.082476196,0.0381943823,0.995779779,0.130249167,0.254828055,-0.261922435,-0.292179387,-0.0581955565,-0.140836649,-0.122563258,-0.121100588,-0.474093554,0.312855416,-0.862557789,-0.0273161157,-0.177257238,0.00813758562,-0.0231226088,-0.861364971,-0.00494183483,0.0886802061,0.203643959,-0.097878093,-0.0573845062,-0.0748979275,0.0249203009,-0.133346365,0.527117878,-0.419665961,0.0827374598
2.12867889,2.30444697,0.784669161,-0.0101699425,0.0618739783,0.0385201138,0.997288516,0.178480959,0.245111025,-0.263923466,-0.285613374,-0.0470126249,-0.13027623,-0.136057122,-0.0680427422,-0.451317033,0.296808826,-0.829783194,-0.0216457654,-0.166227904,0.0254879377,-0.0245995105,-0.86056104,-0.0370858728,0.0260251202,0.387616458,-0.0346385428,-0.0213705793,-0.00778478324,0.0122770934,-0.113140205,0.636431779,-0.377554777,0.100214977
2.17187895,2.31194748,0.781356202,-0.00206445961,0.050350428,0.0384729869,0.997988177,0.197573211,0.228970197,-0.280392221,-0.289212301,-0.0671903569,-0.117503764,-0.14065399,-0.0288785385,-0.435605036,0.275698577,-0.792389873,0.00372700448,-0.149003866,0.0311369114,-0.0373858228,-0.858299805,-0.0530772322,0.0431612211,0.576014419,-0.0447375017,0.0235308943,0.0554944483,-0.0256934724,-0.111681287,0.689174426,-0.175199112,0.130688985
2.21283835,2.31823372,0.78212549,0.00465557682,0.047151022,0.039671072,0.99808883,0.181478647,0.218412434,-0.299500656,-0.289854688,-0.0650355186,-0.116924007,-0.144920083,-0.0139402105,-0.417878935,0.279602985,-0.717892818,-0.00633789193,-0.140341392,0.0375930041,-0.0467603709,-0.837589887,-0.0794961088,0.0468551786,0.683674232,-0.0986670995,0.0830116473,0.0673046708,-0.0530143907,-0.100358629,0.759878113,0.0723295923,0.130006832
2.25029255,2.32526918,0.787132979,0.00861067448,0.0529997142,0.0334993353,0.997995331,0.140010414,0.2139916,-0.312315904,-0.302262668,-0.0387146398,-0.116274829,-0.14127823,-0.0348305043,-0.399657135,0.296849573,-0.639517364,-0.0130810525,-0.120456024,0.0827075829,-0.0515686263,-0.805762475,-0.0905195649,0.0607854032,0.720353657,-0.152961169,0.135295469,-0.0235792649,-0.110398907,-0.108317804,0.923081662,0.178482885,0.107047563
2.2862402,2.33110121,0.796099038,0.0152527443,0.0510924743,0.0254495546,0.998253091,0.113335162,0.209373939,-0.319166497,-0.330026114,-0.0149383908,-0.121667775,-0.148704018,-0.0315963379,-0.390765779,0.313558085,-0.577228067,-0.00105512905,-0.116142689,0.140172309,-0.0311856607,-0.729682476,-0.116198857,0.0779278817,0.702636711,-0.194818523,0.154671537,-0.148310412,-0.177134948,-0.13190194,1.07573855,0.0802875888,0.0777373539
2.32181672,2.33536838,0.805596097,0.0202127469,0.0480500983,0.016258026,0.998508042,0.0906985641,0.213340606,-0.324713339,-0.369938281,-0.0370414376,-0.12969462,-0.131646185,-0.0144906372,-0.385179137,0.326422453,-0.539961437,0.0206978371,-0.106751736,0.187254057,0.0151336515,-0.639831824,-0.154707484,0.0637421784,0.658178542,-0.215597987,0.158557468,-0.270410852,-0.223255964,-0.158275988,1.1556319,-0.0230827224,0.0566316257
2.35790279,2.33907168,0.815007806,0.0249176714,0.0454820625,0.00885887787,0.998615047,0.0593049319,0.220562886,-0.321883933,-0.409324233,-0.0342768119,-0.137813419,-0.142902854,0.014883446,-0.379020749,0.329131815,-0.51564967,0.0458554705,-0.118741218,0.204257358,0.0664882529,-0.541481671,-0.187572474,0.0462320952,0.594721828,-0.22277765,0.158716631,-0.37938828,-0.251624541,-0.177696293,1.16207241,-0.0911802045,0.0424423652
2.39243381,2.34187073,0.822696286,0.0287253163,0.0447593314,0.00201893563,0.998582687,0.0187567861,0.213274138,-0.291351679,-0.442436961,-0.0909906504,-0.1493238,-0.135064442,0.0511892444,-0.359842258,0.313794302,-0.493021428,0.0825527181,-0.165108347,0.159035402,0.111865304,-0.435569151,-0.211711848,0.0223920473,0.504019844,-0.204940032,0.151844975,-0.490527381,-0.262502357,-0.184088279,1.10958579,-0.153862647,0.0290553147
2.42616531,2.34387184,0.827360151,0.0320623377,0.0446292367,-0.000714770234,0.998488721,-0.00948621657,0.234537565,-0.295784151,-0.498589332,-0.0847901819,-0.161820241,-0.126387606,0.087966873,-0.357347935,0.302159272,-0.491617927,0.0708719157,-0.162293078,0.160132384,0.132011699,-0.339457901,-0.22073084,0.0105077687,0.42930113,-0.203556906,0.130895474,-0.586601117,-0.261850854,-0.185244919,0.997508101,-0.188231705,0.0427209518
2.46055852,2.34597736,0.829598827,0.0349684368,0.0446343915,-0.00296374308,0.998386797,-0.0374515374,0.254313895,-0.297383006,-0.55240087,-0.0761251092,-0.176901816,-0.108075046,0.118891843,-0.356463757,0.298921734,-0.483655006,0.0654613459,-0.161515399,0.163607706,0.140743825,-0.23716208,-0.224826773,0.00112843279,0.339763813,-0.203288662,0.112725428,-0.654984078,-0.250784241,-0.182550252,0.829733102,-0.191015854,0.0583635294
2.49457823,2.34739801,0.829144947,0.0322092977,0.0562071393,-0.00504853065,0.997886682,-0.10999037,0.288002864,-0.292425968,-0.583273275,-0.0756993155,-0.195410944,-0.100906957,0.108296929,-0.343947888,0.289528161,-0.466283407,0.0739677554,-0.16408744,0.164289564,0.13968788,-0.158496053,-0.213392069,-0.000453992263,0.236274975,-0.195761792,0.0964450747,-0.709407783,-0.207265021,-0.172086521,0.576883853,-0.143597363,0.0852342341
2.52807217,2.34890356,0.824763631,0.0334723315,0.059763962,-0.00425361285,0.99764211,-0.148351586,0.308920997,-0.296195458,-0.616943962,-0.0753961542,-0.208138666,-0.0943518439,0.127717443,-0.341083969,0.280587469,-0.457469676,0.0888154146,-0.160156278,0.172453609,0.122782547,-0.0920693971,-0.210704571,0.0134944144,0.199759224,-0.224994464,0.0888024829,-0.729674223,-0.169526167,-0.161745463,0.307078617,-0.0890234857,0.10175101
2.56283936,2.3495034,0.817237882,0.0350372332,0.0643951183,-0.00531436962,0.997295051,-0.176947326,0.321976158,-0.283888674,-0.646997282,-0.0741471371,-0.21448984,-0.0781353857,0.138508781,-0.339618906,0.269941469,-0.447629984,0.102456699,-0.15412004,0.182660933,0.111147428,-0.0397203483,-0.209701401,0.026119577,0.193126314,-0.266595319,0.0764706837,-0.745064703,-0.129107367,-0.139991851,0.0760693667,-0.0451824446,0.141185559
2.59855998,2.34957578,0.808486696,0.0358835223,0.0655153543,-0.00407246814,0.997197837,-0.191148735,0.329608183,-0.274680088,-0.671407262,-0.0704405528,-0.22034474,-0.0604799377,0.155238437,-0.338304079,0.258669611,-0.439764727,0.108407669,-0.149126933,0.184606277,0.103160009,0.00157381308,-0.205280891,0.0293684152,0.229102987,-0.308601249,0.0580556311,-0.769881738,-0.101324745,-0.118745458,-0.00480264343,-0.0422125548,0.158489411
2.63572239,2.34949866,0.800128133,0.0352001974,0.0629083395,-0.004810263,0.99738676,-0.192631673,0.332080768,-0.260273205,-0.678543487,-0.0639111261,-0.216357041,-0.0448895884,0.1626348,-0.337787813,0.261467115,-0.420775353,0.109693248,-0.142542985,0.18645925,0.106435837,0.0368347161,-0.196170361,0.0111895732,0.29883731,-0.343618223,0.0434796788,-0.787272636,-0.0845618121,-0.0857105755,0.0560284902,-0.0562595048,0.135390285
2.67516904,2.34930796,0.791461942,0.0338501229,0.0557527886,-0.00667865424,0.997848281,-0.179089793,0.323051026,-0.246449652,-0.665680381,-0.0558224991,-0.206737703,-0.0368227797,0.163551328,-0.336288167,0.265372489,-0.389329984,0.11338132,-0.136958015,0.187894276,0.127099244,0.0586942974,-0.183712782,-0.0089514714,0.425423705,-0.371525275,0.017682138,-0.813770435,-0.0824869274,-0.0686800077,0.242740221,-0.0806548924,0.108031363
2.71462332,2.34832839,0.784059897,0.0307923377,0.0458638601,-0.00379669077,0.998465785,-0.1544061,0.304077009,-0.244274871,-0.635317293,-0.0581056191,-0.20100114,-0.0333346376,0.177687615,-0.331523694,0.258284613,-0.371976312,0.119977039,-0.13398361,0.181184942,0.151530191,0.0712962529,-0.163680359,-0.0334951911,0.573919245,-0.349176602,-0.016511148,-0.820699845,-0.0869528377,-0.0569478087,0.411857891,-0.0276958494,0.0714013016
2.75336279,2.34805488,0.780161138,0.0242450284,0.0306478651,0.0004883282,0.999236032,-0.0989244788,0.287968994,-0.249511412,-0.593472964,-0.0615808078,-0.18602426,-0.0427176308,0.204631682,-0.320827643,0.254177319,-0.355661529,0.119090528,-0.120731304,0.177694317,0.158017219,0.091481074,-0.129332406,-0.027499225,0.704669777,-0.232360168,-0.0701732076,-0.806547603,-0.0764911,-0.068365755,0.578266747,-0.0415820954,0.0412276088
2.78933366,2.34672432,0.780045936,0.0172378264,0.0253098196,0.00596085335,0.999513251,-0.0656461931,0.281386941,-0.264763951,-0.547627879,-0.0588974038,-0.172600868,-0.0615638826,0.198713558,-0.306981626,0.255035074,-0.347405681,0.110686493,-0.111099342,0.174477186,0.161783639,0.0761827238,-0.0931262679,-0.0277891224,0.810786247,-0.0606674623,-0.105665455,-0.779341904,-0.0623216618,-0.0951996195,0.670647009,-0.0983136491,-0.0170964237
2.82186128,2.34452615,0.783172392,0.012260998,0.0292833461,0.0147759596,0.999386724,-0.060090951,0.270855365,-0.287085168,-0.494702166,-0.0671576698,-0.154870643,-0.0861144519,0.174806696,-0.297228049,0.252164823,-0.362448706,0.107710973,-0.108876024,0.162048527,0.158442874,-0.0258921328,-0.0320703192,0.0178194204,0.976608008,-0.00567033894,-0.0843318278,-0.754187045,-0.0552696416,-0.121829102,0.712859786,-0.144991363,-0.0633482058
2.85318459,2.34388459,0.790280625,0.00819870529,0.0336902649,0.0267565075,0.999040458,-0.0675537969,0.258833456,-0.315543083,-0.433205697,-0.0973402586,-0.150162948,-0.113985206,0.132378894,-0.290331235,0.257471898,-0.364137367,0.0940274363,-0.125902237,0.14880925,0.138382597,-0.162011341,0.0377321337,0.0755389893,1.11656114,-0.05694895,-0.0452960563,-0.707663026,-0.0399306713,-0.135362957,0.701694013,-0.17743111,-0.102269475
2.88396083,2.34411157,0.797925543,0.00395236468,0.0338633732,0.0385110313,0.9986764,-0.0522699231,0.253039485,-0.341298495,-0.390765357,-0.142865012,-0.140038281,-0.136365132,0.103811943,-0.288392715,0.272695181,-0.394289255,0.104131284,-0.139813914,0.143401225,0.100433452,-0.285130773,0.0835357454,0.115572199,1.18388009,-0.107454994,-0.0152102368,-0.647650742,-0.00890390234,-0.134965601,0.677355986,-0.209460621,-0.115126872
2.91430279,2.34465914,0.806102111,0.000276793404,0.0332641825,0.0511311394,0.998137778,-0.0238699622,0.25136832,-0.352180608,-0.366009428,-0.164776928,-0.131281829,-0.149597626,0.0803570377,-0.291229976,0.284717594,-0.43852579,0.101085071,-0.150677333,0.13033552,0.054250352,-0.399110042,0.0959448691,0.129644691,1.17333053,-0.146716574,-0.00767628222,-0.572685728,0.0222206967,-0.135929329,0.623706126,-0.226054684,-0.112605003
2.94325279,2.3455525,0.812136283,-0.00266283668,0.0341565122,0.064064787,0.997357481,0.00740570916,0.25141948,-0.352772488,-0.351005778,-0.149086162,-0.128731709,-0.15759108,0.0534656351,-0.29692302,0.287647257,-0.488908274,0.0805102508,-0.16144724,0.118903162,0.00546031851,-0.506881147,0.0990908724,0.141608697,1.1068804,-0.186507107,0.00028642085,-0.503189669,0.046504082,-0.137436429,0.569819211,-0.235446633,-0.103653548
2.97146185,2.34648366,0.816848759,-0.00468415495,0.0352891982,0.0736231925,0.996650569,0.0494557788,0.258762483,-0.347119882,-0.358235809,-0.130633673,-0.128194958,-0.169574578,0.0259535634,-0.306082655,0.288608363,-0.542381747,0.0522038919,-0.163213374,0.110850866,-0.0251784044,-0.591365991,0.09569646,0.151549388,0.969083528,-0.207688574,-0.000440166485,-0.430313661,0.0610455741,-0.14543066,0.508956107,-0.239781985,-0.0902788189
2.99939407,2.34755021,0.819538178,-0.00730062453,0.0365964146,0.0819342945,0.995938841,0.0839802316,0.259593865,-0.329141211,-0.362072668,-0.136600611,-0.120211279,-0.170753426,-0.0159138873,-0.318935961,0.302139582,-0.567985503,0.0434908958,-0.182859632,0.0980947004,-0.0377693199,-0.655113427,0.0879222462,0.15486787,0.78646167,-0.201259132,0.00522627646,-0.352831596,0.0714760283,-0.167639854,0.440468492,-0.261813582,-0.0795904966
3.02596554,2.3492964,0.818729832,-0.00966944248,0.0400657611,0.087303979,0.995328716,0.114793744,0.261188241,-0.31570121,-0.366332133,-0.14122227,-0.131422205,-0.166594627,-0.0596479281,-0.333317736,0.30973681,-0.603305539,0.0370537713,-0.18989242,0.084403302,-0.0382885515,-0.670851002,0.0690266825,0.169165571,0.523760898,-0.0973826126,-0.00758990564,-0.278636097,0.0816736617,-0.187718448,0.365748079,-0.266497798,-0.0728297792
3.05440514,2.3515819,0.814073942,-0.0188477246,0.0388505731,0.0946507578,0.994573592,0.144301156,0.276156232,-0.313960372,-0.368197316,-0.137267851,-0.13006627,-0.168675207,-0.0979819629,-0.336464416,0.314237391,-0.624718539,0.0303164988,-0.190863779,0.0744890037,-0.0497839287,-0.647451759,0.0654054153,0.203828325,0.262665378,0.0997791079,-0.039147216,-0.198091559,0.113155037,-0.195208619,0.305677253,-0.293300307,-0.0815077582
3.08360077,2.35380237,0.806890529,-0.0262380789,0.0357513119,0.101383006,0.993858588,0.167118851,0.28390871,-0.304190259,-0.357700515,-0.140578848,-0.125965254,-0.165740858,-0.135415048,-0.343051497,0.320168956,-0.632425726,0.0608783604,-0.190042161,0.0610913421,-0.0543954564,-0.6379024,0.041476881,0.170453231,0.0969011351,0.215770634,-0.073060103,-0.135926602,0.139333441,-0.197513918,0.297067161,-0.339043786,-0.0807903717
3.11290011,2.35616627,0.798934719,-0.0312937782,0.0290089155,0.113391739,0.992633616,0.193176462,0.29477553,-0.298222652,-0.360520789,-0.141735573,-0.125587842,-0.169337916,-0.143335998,-0.344284723,0.31263783,-0.641426085,0.0785539973,-0.192450417,0.0497942957,-0.0542067719,-0.640305787,0.0363195007,0.190207424,0.0705333124,0.261217923,-0.0695403125,-0.0918254743,0.150847088,-0.223826045,0.351283011,-0.403418467,-0.0706012455
3.1434616,2.35790439,0.79089909,-0.0324030663,0.0213986354,0.121632943,0.991815289,0.209515998,0.298152072,-0.278321938,-0.349606818,-0.146684203,-0.120241499,-0.173858582,-0.15493289,-0.34212359,0.306600746,-0.629630249,0.0920145783,-0.189293007,0.0357914849,-0.0489935824,-0.615973301,0.0346292387,0.23525385,0.0810693837,0.293314995,-0.0479722293,-0.0501775629,0.157537994,-0.23612251,0.421369795,-0.473833683,-0.0709296155
3.17622156,2.36097986,0.783588311,-0.0279966125,0.0251544973,0.134994818,0.990131224,0.159053707,0.274293746,-0.261450911,-0.294857699,-0.176355102,-0.103840585,-0.182974041,-0.205035272,-0.358972603,0.29206788,-0.569516089,0.097860234,-0.184397202,0.0271568775,-0.0799418697,-0.602881078,0.024621789,0.293500814,0.148909971,0.314056535,-0.0909595789,-0.0133519524,0.156613581,-0.210629627,0.445662956,-0.486348756,-0.0631175666
3.20849051,2.36378752,0.777018672,-0.022668615,0.0169162027,0.146742131,0.988770308,0.170627852,0.274675186,-0.241686998,-0.286245665,-0.178756278,-0.106158821,-0.190934474,-0.190483411,-0.35601028,0.278973505,-0.537302909,0.100984437,-0.19608574,0.0458991249,-0.0825947078,-0.579482828,-0.0114693901,0.223282803,0.219506956,0.232886104,-0.0282834595,0.0240571141,0.140728075,-0.228288704,0.5343212,-0.496854727,-0.0393447397
3.23917409,2.36761632,0.771885474,-0.0145873408,0.010048242,0.159151875,0.987095195,0.170115933,0.268760209,-0.229177494,-0.276472274,-0.189177847,-0.100916926,-0.194246803,-0.169384951,-0.346592626,0.265941209,-0.508951596,0.109589107,-0.196527211,0.0582247786,-0.0719540709,-0.588164053,-0.0312124797,0.193091389,0.344228172,0.124175548,0.0827644945,0.0372075512,0.113369153,-0.258778795,0.660109441,-0.450154187,0.00398289496
3.26897048,2.37163484,0.769291188,-0.00908091992,0.00653172497,0.173340897,0.984798359,0.146385204,0.266587165,-0.231541576,-0.255840101,-0.17882575,-0.108844051,-0.199242867,-0.154345785,-0.327830214,0.256094941,-0.480814495,0.0981906966,-0.185846778,0.0876269939,-0.0859492078,-0.617459434,-0.046382589,0.16279969,0.520942683,0.021081348,0.0742362291,0.0329898545,0.0920755388,-0.254684944,0.770789681,-0.267886801,0.0632563959
