0,0,0.844744763,-0.0265092311,0.0571913788,0.686109082,0.724762536,0.016394405,0.247705292,-0.300026942,-0.45007124,-0.123808861,-0.0829488584,-0.112755372,0.00971787855,-0.258059395,0.323728872,-0.480540778,-0.0228458804,-0.0454994301,0.0511388336,0.0570913614,-0.233484684,-0.141394221,0.0968361009,0.0778741109,-0.12136085,0.123828466,-0.29775406,-0.0225963701,-0.0711596587,0.169343617,-0.133999221,0.0532769103
-0.00107268019,0.00187928279,0.843995919,-0.0271512232,0.0597352078,0.686605985,0.724062661,0.0210128823,0.250583013,-0.296933514,-0.466958693,-0.120959791,-0.0749998821,-0.118086776,0.0127211572,-0.262677063,0.318100399,-0.491098988,-0.0269987588,-0.0340832026,0.0476940259,0.0547906249,-0.254722862,-0.14287306,0.106014804,0.116994269,-0.145271718,0.125065327,-0.327756275,-0.0291827303,-0.0672269597,0.227395271,-0.167100228,0.0497545581
-0.00273496489,0.00344374188,0.843726553,-0.0255152149,0.0620787115,0.686430996,0.724090944,0.0157070735,0.242782907,-0.291870669,-0.463732771,-0.12028631,-0.0663617511,-0.121759078,0.0241087139,-0.251843471,0.271969174,-0.50463896,-0.0595770615,-0.0416697876,0.054806612,0.0457070057,-0.270211075,-0.149416732,0.113969887,0.154082206,-0.16431495,0.141098686,-0.339808476,-0.0395080622,-0.0668311056,0.250485539,-0.182289132,0.0415338388
-0.00287480464,0.00727651998,0.844353498,-0.0252012257,0.0588331462,0.687246974,0.723598753,-0.00957673955,0.216063997,-0.286307061,-0.404400775,-0.17646687,-0.127772218,-0.139517355,0.0223222264,-0.258555338,0.274642156,-0.468974907,0.0594476727,-0.158523269,0.117927539,0.064260257,-0.283605716,-0.148672066,0.090784926,0.207483092,-0.192243951,0.131248315,-0.303111575,-0.0385705132,-0.0699309593,0.211075724,-0.160172518,0.0146612707
-0.00448062764,0.00985502537,0.843734036,-0.0253345163,0.0593035939,0.688956388,0.721928211,-0.00496837807,0.214921922,-0.286568585,-0.41123035,-0.175523141,-0.128454245,-0.139313539,0.0303817891,-0.26170341,0.271249389,-0.479147277,0.0607103892,-0.156132542,0.119832045,0.0540075463,-0.298689971,-0.147095522,0.0965933793,0.246701074,-0.216336547,0.135107774,-0.321893285,-0.0407446194,-0.0634976002,0.254008038,-0.18072808,0.0146934051
-0.00622681884,0.0137441541,0.842813073,-0.025760001,0.0599925334,0.689061879,0.72175553,-0.00259425477,0.213218825,-0.284483722,-0.414839469,-0.178591121,-0.130729245,-0.142983744,0.0342682981,-0.262031471,0.26886301,-0.485144666,0.0650602651,-0.158660283,0.117578547,0.0521763857,-0.313569374,-0.149944924,0.0977639799,0.286318366,-0.242946326,0.1376238,-0.342655382,-0.0447877446,-0.0572357956,0.305630237,-0.211971159,0.0108569769
-0.00771026781,0.0183079513,0.841894423,-0.028151683,0.0636933913,0.690016591,0.720435798,-0.0192876632,0.209429889,-0.282527125,-0.412997063,-0.177615577,-0.13038702,-0.143665969,0.0196204374,-0.269804922,0.264669104,-0.484152859,0.0621295203,-0.161412714,0.117452595,0.0518121338,-0.324007137,-0.158397032,0.0865232436,0.301347596,-0.256015167,0.14315667,-0.36158701,-0.0496554209,-0.0517623279,0.340139316,-0.23584973,0.00846711326
-0.00878604041,0.0231281294,0.840328926,-0.0285435619,0.0642738049,0.690497013,0.71990834,-0.0212123643,0.208634067,-0.288161265,-0.412853405,-0.184312524,-0.124405678,-0.140428978,0.0191646129,-0.270570731,0.265635698,-0.484908995,0.0608599574,-0.161889623,0.118234594,0.0557270957,-0.332444046,-0.164552941,0.0749403577,0.331333237,-0.276743862,0.147192186,-0.390156881,-0.0549688575,-0.0498663066,0.411988164,-0.269475339,0.00508571738
-0.0104881056,0.0278914391,0.837542539,-0.0287547027,0.0667938723,0.689561156,0.720567247,-0.0175840053,0.207673581,-0.287050983,-0.424059423,-0.179540181,-0.129851941,-0.14399605,0.021310675,-0.275330563,0.266480353,-0.488169409,0.0519669926,-0.166143717,0.118826967,0.0609076862,-0.344854779,-0.172968277,0.0724280295,0.364377022,-0.299982115,0.154660622,-0.44220259,-0.0706798834,-0.062005256,0.527156601,-0.306039159,0.0062052314
-0.0122979193,0.0335322163,0.833823033,-0.0293121415,0.0696951643,0.687768709,0.721981707,-0.0111624373,0.212678105,-0.301983824,-0.447575644,-0.183501939,-0.132355077,-0.143708433,0.0231552887,-0.27958384,0.262609995,-0.495626463,0.0496036061,-0.168235876,0.120648525,0.0726050601,-0.35673091,-0.184578197,0.0635680321,0.394534587,-0.321715185,0.16887542,-0.504268771,-0.0927660495,-0.0705192252,0.661986441,-0.331936198,0.0196622158
-0.0139916914,0.0387717479,0.830470329,-0.0308101587,0.0742832106,0.6851814,0.723919324,-0.0123004037,0.210359866,-0.311690918,-0.466783987,-0.185567973,-0.131545903,-0.139522275,0.0236010447,-0.284191498,0.254951544,-0.502354191,0.0512908523,-0.172068115,0.0949160957,0.0833215832,-0.374987728,-0.199421903,0.0535263684,0.427053584,-0.334416978,0.179761697,-0.576079916,-0.11047636,-0.0663147517,0.788380586,-0.350521402,0.0249797947
-0.0151477329,0.0469350749,0.828366911,-0.0323574014,0.0785384269,0.680802263,0.727525252,-0.00878119469,0.215083649,-0.322687776,-0.490027394,-0.18766957,-0.136171247,-0.140097969,0.0264691856,-0.286251089,0.25526561,-0.506090005,0.0491825215,-0.173080648,0.0925001526,0.110654926,-0.381268008,-0.212798995,0.0481764005,0.445889168,-0.350237701,0.177883727,-0.641748867,-0.124970822,-0.0566557897,0.881125228,-0.373959818,0.0235999005
-0.016587409,0.05631287,0.827370099,-0.0328699664,0.0831646361,0.676996614,0.730533225,-0.0105214246,0.211906945,-0.326867257,-0.508195574,-0.184170139,-0.143125179,-0.14783114,0.0366065042,-0.28720791,0.247131633,-0.5088988,0.0381783202,-0.175883879,0.0939953886,0.133588713,-0.376559364,-0.228564311,0.0377784573,0.453911561,-0.36598185,0.177871678,-0.702367224,-0.140776611,-0.0496168659,0.926755414,-0.370637563,0.0283244423
-0.0179732378,0.0652273489,0.825779282,-0.0273995152,0.0860578632,0.674673796,0.732569846,0.00871097383,0.206325663,-0.347595865,-0.540311247,-0.181463833,-0.143236023,-0.146216344,0.0700139305,-0.297944659,0.258345753,-0.513562252,0.0194258111,-0.169710858,0.0989277203,0.142124286,-0.362934701,-0.246586079,0.0417097815,0.468739455,-0.386933513,0.178021169,-0.763858802,-0.164996894,-0.0404538209,0.947064533,-0.358616202,0.0336457014
-0.0179752782,0.0756487855,0.825204232,-0.028330556,0.0902915972,0.671868392,0.734600348,0.00418122832,0.208192263,-0.353709752,-0.568298445,-0.176904886,-0.147108225,-0.142783157,0.0829010686,-0.304330141,0.263717801,-0.515816186,0.0133736149,-0.165099033,0.102026589,0.151375782,-0.349190083,-0.253451397,0.0419097326,0.460455008,-0.399178732,0.171768255,-0.824599972,-0.17738064,-0.0398584466,0.915763652,-0.334225342,0.0371136145
-0.0176536667,0.0887191863,0.824286586,-0.0306453238,0.0945872125,0.668888158,0.73668362,-0.00595369001,0.210166461,-0.359053603,-0.593933746,-0.178570188,-0.149957347,-0.13749973,0.0937227796,-0.310444909,0.265670075,-0.511859642,0.0199853184,-0.158011585,0.105963367,0.165352638,-0.327944605,-0.260950609,0.0350573778,0.43968641,-0.397992552,0.16318597,-0.879037957,-0.183744244,-0.0382534482,0.86217572,-0.300666781,0.0414272894
-0.0172547853,0.101535324,0.823996918,-0.0317989306,0.103627377,0.664990424,0.738943794,-0.042225884,0.208581276,-0.369904343,-0.592521592,-0.16062658,-0.147939379,-0.134879823,0.0837333133,-0.311933157,0.258975368,-0.475302631,0.0123150463,-0.149373175,0.121180652,0.167619518,-0.256431952,-0.273158123,0.0331637139,0.303052015,-0.352074922,0.160955619,-0.922922495,-0.180819425,-0.0217332766,0.755197187,-0.224766965,0.0630525948
-0.017104499,0.117480073,0.821409712,-0.0373426432,0.110846203,0.661589999,0.740687059,-0.0709455729,0.22236852,-0.378362452,-0.616566611,-0.166682859,-0.155864236,-0.127286561,0.0861812045,-0.313007622,0.253358941,-0.478640489,0.0108172259,-0.150126361,0.121580311,0.181429966,-0.249607858,-0.278976109,0.0236651377,0.301828424,-0.372199687,0.155597981,-0.97975591,-0.181375932,-0.0165829735,0.688906874,-0.201250743,0.0772929837
-0.0160614653,0.133702959,0.818030053,-0.0387706058,0.116195396,0.659162572,0.741956989,-0.0895381964,0.228092849,-0.384087697,-0.630212087,-0.166546564,-0.159390633,-0.115631237,0.0938191107,-0.314447157,0.249806652,-0.467974741,0.0120977575,-0.144995295,0.122466574,0.188796008,-0.231716622,-0.284779552,0.0209399704,0.300405939,-0.392915103,0.15186787,-1.02047301,-0.18366658,-0.0123117278,0.616489329,-0.168444384,0.0854185588
-0.0153889252,0.151773679,0.813108493,-0.0313856622,0.116922348,0.65706192,0.744052241,-0.0770809284,0.222343181,-0.392747241,-0.642241675,-0.166539398,-0.159874523,-0.1097742,0.124680766,-0.321587667,0.256091518,-0.454414415,0.018334139,-0.13866137,0.126754291,0.17446737,-0.198462787,-0.294334564,0.0323687937,0.32041003,-0.420209035,0.151013486,-1.03394336,-0.1769322,-0.00868373148,0.544241828,-0.122291752,0.0936565535
-0.0138998471,0.172278473,0.808731959,-0.0377083814,0.123977686,0.654286485,0.745061613,-0.10836924,0.232088303,-0.392166326,-0.645021243,-0.169595571,-0.162149975,-0.100023632,0.116014915,-0.320867903,0.245804082,-0.449283231,0.0200718477,-0.139344323,0.125991608,0.18264828,-0.186117026,-0.29407611,0.0250274706,0.3227169,-0.4386684,0.146218687,-1.06356433,-0.175392565,-0.0130584658,0.482890343,-0.103018944,0.0983247179
-0.0123034155,0.194339361,0.80392149,-0.036879035,0.12614298,0.652563704,0.746249621,-0.124502236,0.231822463,-0.393032377,-0.628333538,-0.174203553,-0.158869907,-0.0980166551,0.117155677,-0.322837065,0.24339904,-0.429667871,0.0299434328,-0.135116168,0.130946632,0.177376917,-0.157157003,-0.296802513,0.0142001767,0.336505476,-0.449042114,0.141830642,-1.0705969,-0.166639547,-0.0118054955,0.445297903,-0.0860278677,0.0995686878
-0.00981067,0.219004802,0.799114225,-0.0365153546,0.126986433,0.650929868,0.747550253,-0.130544958,0.22987445,-0.393728657,-0.607290952,-0.17882527,-0.153751658,-0.0948984538,0.123204676,-0.325745009,0.254751753,-0.42012078,0.035947932,-0.131746228,0.133465271,0.170195752,-0.12642241,-0.295016005,0.00334663621,0.35741982,-0.455473434,0.125807812,-1.07121321,-0.149055819,-0.00187648502,0.44228769,-0.0804834824,0.0903357613
-0.00720351214,0.24531405,0.7943871,-0.0269405362,0.119920939,0.649687173,0.750199809,-0.117556935,0.211265478,-0.400538382,-0.545137171,-0.182728344,-0.142502257,-0.0980692603,0.138573204,-0.326083746,0.264267286,-0.379802071,0.0461005558,-0.124480112,0.142053157,0.160077903,-0.0663792722,-0.291329449,0.00476961243,0.385337454,-0.461162964,0.106882686,-1.05441954,-0.127680219,0.0184700564,0.505673237,-0.0925104256,0.0848128468
-0.00348352594,0.27359469,0.790045858,-0.024925048,0.115630693,0.648456072,0.752005989,-0.101161378,0.206941564,-0.401689028,-0.514316846,-0.188518185,-0.134971168,-0.0922756763,0.145047964,-0.323473605,0.264935015,-0.368933925,0.0490032346,-0.124606874,0.138584917,0.168949542,-0.0346777049,-0.28032549,-0.00373490585,0.440005651,-0.453320435,0.0817902458,-1.04231004,-0.128856712,0.014065009,0.595636552,-0.0745556526,0.0568470255
-0.000239085308,0.303990965,0.789172449,-0.0252597661,0.110766388,0.646048854,0.754793766,-0.0864426116,0.19944943,-0.395431065,-0.470314098,-0.192480166,-0.121417248,-0.0873571785,0.136949145,-0.316279664,0.259579844,-0.347956043,0.0570080766,-0.1222127,0.131701988,0.180188775,-0.00860658399,-0.263307406,-0.00915504492,0.495423113,-0.417204431,0.0480424423,-1.03229703,-0.126600288,0.00893944394,0.688407219,-0.101699851,0.0469599311
0.00336543338,0.335163555,0.789494806,-0.023969503,0.0944910287,0.646017255,0.757072397,-0.0357406772,0.216392316,-0.409917963,-0.447769753,-0.194259774,-0.109123312,-0.0936846793,0.151299688,-0.298616285,0.275321437,-0.343071509,0.0646936584,-0.112828496,0.136454777,0.181113817,0.0274947202,-0.220775278,0.00157056463,0.570037447,-0.334383628,-0.00789310162,-0.989792909,-0.100693025,-0.0112579251,0.771278462,-0.148188019,0.0236733446
0.00739191282,0.366996064,0.790955264,-0.0270590991,0.085175554,0.647886329,0.756476196,-0.0166859801,0.228584587,-0.409466046,-0.426047524,-0.186685805,-0.0876064833,-0.115782983,0.147773743,-0.282666755,0.275471659,-0.360070445,0.0717631374,-0.100943008,0.150495975,0.179570679,0.0371629369,-0.184618836,0.00507660251,0.636526578,-0.186834449,-0.0540458037,-0.952153863,-0.0854170046,-0.0394626979,0.830461177,-0.210770953,-0.0286938718
0.0120632543,0.395371522,0.792732964,-0.0318876462,0.0784590769,0.653165083,0.752464435,-0.00191232939,0.251079627,-0.418697728,-0.422965884,-0.199601996,-0.0901015338,-0.14375576,0.134655211,-0.266645999,0.261258391,-0.37842288,0.0775308492,-0.110971014,0.159885622,0.180309837,-0.00508452091,-0.145772751,0.00526960296,0.755203024,-0.0412714262,-0.076741604,-0.918773949,-0.0725262952,-0.0636389437,0.873806752,-0.272748578,-0.0707314641
0.0162550553,0.424087684,0.795816008,-0.0362851095,0.0752292352,0.659329222,0.74720073,0.0238694724,0.263574104,-0.403184563,-0.441954118,-0.186859815,-0.101943749,-0.147143925,0.12219747,-0.259269228,0.265327943,-0.418232145,0.0738665186,-0.123564562,0.1443886,0.159556052,-0.09564891,-0.081855901,0.0620494149,0.925756293,-0.0230841914,-0.0587319332,-0.882341872,-0.0483658213,-0.0727325281,0.894511105,-0.326667022,-0.106456193
0.019705754,0.450862483,0.800905942,-0.0419826967,0.0801068225,0.665368645,0.741016137,0.0164515575,0.255256183,-0.392515974,-0.43022668,-0.179660014,-0.112519971,-0.136457246,0.075367101,-0.268155705,0.275962379,-0.448784654,0.0846601022,-0.149854213,0.127152393,0.127676396,-0.238459497,-0.0209869151,0.125517577,1.08501457,-0.0915368472,-0.0214925504,-0.84946712,-0.0309360319,-0.0715920709,0.879504694,-0.353313528,-0.113705775
0.023153169,0.478750733,0.807305844,-0.0452913173,0.076120935,0.674101441,0.73330863,0.0284072475,0.26235779,-0.381599265,-0.428614284,-0.175762059,-0.117308798,-0.136415878,0.0472747016,-0.265175096,0.290846304,-0.480091551,0.0795024964,-0.158695288,0.138874436,0.0962150968,-0.366173548,0.0287795201,0.144082943,1.17250957,-0.153063358,0.000527499419,-0.784390019,-0.0109301242,-0.0877405176,0.848045296,-0.387516326,-0.123442613
0.0263728734,0.50791951,0.814521105,-0.0465229605,0.0718212928,0.682717917,0.725653885,0.0459902483,0.258901096,-0.359548353,-0.429917247,-0.159312699,-0.118041962,-0.131596285,0.0337142482,-0.261690734,0.278552759,-0.532681865,0.0792413544,-0.177795481,0.108875923,0.0510228838,-0.482103295,0.0427717637,0.134154519,1.1880284,-0.2022808,0.0170775424,-0.703750553,0.0181425514,-0.0900876253,0.793818245,-0.407778111,-0.125874198
0.0287789571,0.536214741,0.82184407,-0.0484492947,0.0668077043,0.691564153,0.71758513,0.0658361454,0.262546391,-0.34201782,-0.441226036,-0.152030179,-0.121393081,-0.140031287,0.0132037908,-0.265049051,0.286408545,-0.580108846,0.0633588637,-0.17810869,0.0872027813,0.00689160333,-0.58341325,0.0461936906,0.120082611,1.12799545,-0.22020998,0.00668801835,-0.609733184,0.0455970003,-0.0910596652,0.708231023,-0.404189931,-0.120650156
0.0310499735,0.563731356,0.82708312,-0.0524341274,0.0645218814,0.697311064,0.711930382,0.0849613832,0.265573543,-0.329128772,-0.452756964,-0.139544919,-0.129965175,-0.149487637,-0.017072725,-0.273638979,0.299758516,-0.625649082,0.0438561863,-0.185978741,0.0827177982,-0.0297477015,-0.679721363,0.0642738513,0.117776302,1.03236459,-0.237167409,0.00982782468,-0.524708018,0.0714351267,-0.0876759044,0.618684822,-0.392363495,-0.103334946
0.0319432531,0.591631337,0.829872468,-0.0557209333,0.062445783,0.702627937,0.706618485,0.103639284,0.266696795,-0.321644464,-0.466425116,-0.129899621,-0.131319814,-0.160465097,-0.0443313723,-0.286490237,0.315491633,-0.67424197,0.0348284576,-0.194658336,0.0751786398,-0.0419858072,-0.751234758,0.0512344157,0.0975147831,0.87944682,-0.208071388,0.00762607441,-0.430247997,0.08364178,-0.0967257411,0.518177708,-0.377517361,-0.0737126486
0.0325777581,0.619707615,0.829736346,-0.0616161385,0.0618947808,0.704847636,0.703961858,0.11996121,0.266276222,-0.316991932,-0.482503649,-0.129207936,-0.129815238,-0.145988125,-0.0829265574,-0.300711116,0.330749839,-0.716019192,0.0344084398,-0.194995293,0.0664006447,-0.0405465298,-0.807025419,0.0442657587,0.0864807006,0.695952467,-0.167589903,0.00540383039,-0.348893361,0.0965574825,-0.1026006,0.430222146,-0.363780301,-0.062761153
0.0323196915,0.648059877,0.82684954,-0.0675426721,0.0620942996,0.705818354,0.702426321,0.128542361,0.264328542,-0.313520926,-0.480511113,-0.124320639,-0.146801442,-0.161780027,-0.126128208,-0.318374057,0.349994361,-0.746341708,0.0343717033,-0.204563762,0.0689150128,-0.0348086608,-0.832935324,0.0244446535,0.0722244933,0.466352421,-0.0876469804,-0.000593200952,-0.265371431,0.106748059,-0.114014729,0.335250293,-0.348222524,-0.0449215083
0.0330639048,0.678296136,0.821584674,-0.0728943336,0.0614191568,0.706321329,0.701444426,0.132828635,0.261136848,-0.318811687,-0.472510442,-0.115341049,-0.138376535,-0.163030466,-0.165764471,-0.335063381,0.367120145,-0.77113318,0.0345173486,-0.202741263,0.0667984293,-0.0219367566,-0.839729836,0.00167452888,0.058270922,0.2413931,-0.0228468223,-0.00731090266,-0.179742408,0.120230511,-0.125683663,0.250364436,-0.34048499,-0.0246267354
0.0337661223,0.710132436,0.814723533,-0.0773158669,0.0610971457,0.705949512,0.701373425,0.13765044,0.263756531,-0.330379251,-0.464910414,-0.136625739,-0.143078602,-0.165218229,-0.199373062,-0.346316003,0.379040964,-0.781174683,0.034364389,-0.207173394,0.0608530286,-0.012101211,-0.843102689,-0.0182557006,0.0390537333,0.07498279,0.0168416828,-0.00780063603,-0.128074648,0.129529477,-0.130666477,0.243103913,-0.360922612,-0.00878952441
0.0336422183,0.743393802,0.807909474,-0.0803716215,0.0679649081,0.705624265,0.700725032,0.130432999,0.250823841,-0.320359907,-0.467727113,-0.137986218,-0.146064109,-0.165130058,-0.225181912,-0.364057288,0.379073121,-0.794536201,0.0455651714,-0.211284913,0.0496216977,-0.0110868253,-0.87154303,-0.0365270542,0.0531447158,0.046664304,0.00875669296,0.00770039891,-0.106367438,0.120413316,-0.128165333,0.278771263,-0.383356975,0.0045600265
0.0332094541,0.77878996,0.801735505,-0.0805540153,0.0693452863,0.704746009,0.701452311,0.111795696,0.235813616,-0.315309075,-0.434527804,-0.159022448,-0.135063076,-0.17104062,-0.244489314,-0.369360729,0.369995573,-0.771771852,0.0533900204,-0.204897763,0.0414221444,-0.0151640407,-0.882848087,-0.0455846824,0.0729762752,0.113488156,-0.0160963547,0.0249865142,-0.0717308348,0.115710994,-0.116593831,0.324749349,-0.382323923,0.0335945316
0.0321960683,0.8159983,0.796905705,-0.0783211706,0.0658992156,0.70510268,0.701678914,0.107512088,0.231020951,-0.3221156,-0.406205387,-0.175987008,-0.137384726,-0.183445142,-0.231021259,-0.358858884,0.356247298,-0.741584538,0.0538392608,-0.202651884,0.0336244611,-0.0273331777,-0.907434215,-0.0392977314,0.0819401813,0.278729286,-0.0171756366,0.0464648411,-0.0346435668,0.114189851,-0.0936329827,0.389199793,-0.350525405,0.0556718168
0.0309883967,0.853793933,0.795625346,-0.0740367161,0.0642510154,0.703419023,0.70398299,0.108084321,0.223597388,-0.316991633,-0.383645117,-0.158401733,-0.146210505,-0.192300253,-0.197618941,-0.345072183,0.342665513,-0.709715821,0.0552819945,-0.19731968,0.0238752621,-0.0262155682,-0.912536309,-0.0357291553,0.0794848391,0.416021106,-0.0085323353,0.0621283099,-0.0137517523,0.100970669,-0.0738275731,0.482064522,-0.274952334,0.0772702027
0.0298457112,0.892615093,0.79586183,-0.0600969312,0.0619191137,0.703051211,0.705884818,0.124507592,0.209622483,-0.333326761,-0.359203136,-0.15387181,-0.153175987,-0.20486463,-0.129575942,-0.337826164,0.333672405,-0.670488946,0.0481967065,-0.193956562,0.0277752734,-0.0176442488,-0.896729895,-0.0550723039,0.093474856,0.560835,-0.0542998905,0.0751121981,0.0285241704,0.0747881058,-0.0746983292,0.552022311,-0.0876861501,0.117239328
0.0284059533,0.93121756,0.798441304,-0.0538011246,0.064070345,0.700397365,0.708832816,0.112022244,0.198709403,-0.347453509,-0.35826267,-0.193053336,-0.129460507,-0.182359035,-0.0870598212,-0.333219292,0.324443853,-0.636429926,0.0324848086,-0.175892656,0.0378334006,-0.00729359691,-0.863507336,-0.0757683646,0.0998933722,0.632499622,-0.108549034,0.122259277,0.0212927767,0.0491872754,-0.0649932361,0.654852119,0.0732612213,0.120340155
0.0255902295,0.967781292,0.802197917,-0.0508608516,0.0685901482,0.694082106,0.714813679,0.0879732192,0.197646036,-0.346143248,-0.365079369,-0.17757328,-0.143070443,-0.194381808,-0.0605149909,-0.329400482,0.32124305,-0.599819985,0.00228239563,-0.180033577,0.0923847398,0.0115569835,-0.822197592,-0.0976469921,0.107911439,0.66648786,-0.16219571,0.160723008,-0.0360225247,-0.0116723012,-0.101015757,0.803799718,0.176460337,0.128300631
0.0232889953,1.00389366,0.808686411,-0.0462413024,0.0702449348,0.688424423,0.720415994,0.0665220148,0.195632664,-0.347421311,-0.387182448,-0.190312929,-0.126385965,-0.159532651,-0.0214075895,-0.328172647,0.324061872,-0.574714069,0.0217131569,-0.182219499,0.0879661266,0.0475753709,-0.751882091,-0.1290568,0.106806747,0.659468077,-0.205187118,0.175102759,-0.142409539,-0.0763063564,-0.136499461,0.960406415,0.109408382,0.100401862
0.0219189025,1.03949317,0.815494297,-0.0403695336,0.0722450861,0.682666339,0.726028661,0.0385240255,0.201949369,-0.355468608,-0.406564865,-0.182976285,-0.128201172,-0.13962753,0.0188964688,-0.327824656,0.336063663,-0.543906361,0.022215388,-0.187609698,0.0891877008,0.0861115429,-0.671023928,-0.165880238,0.0946721626,0.631172266,-0.235551936,0.185693971,-0.272490431,-0.142494642,-0.15237878,1.07794622,-0.00196881957,0.0615229496
0.0210609267,1.07436319,0.822377431,-0.035797119,0.0749528237,0.677237287,0.731061077,0.0122182724,0.214729564,-0.34458225,-0.446919747,-0.181004674,-0.131068023,-0.128715275,0.0540155385,-0.327893274,0.334626425,-0.513195007,0.0269155811,-0.181980414,0.120701729,0.113710697,-0.582613972,-0.189173863,0.0901077422,0.582908574,-0.261490967,0.185411352,-0.418693226,-0.180123063,-0.133030362,1.13687633,-0.0963546159,0.0341425215
0.0204658231,1.10841982,0.828186633,-0.0307104211,0.0781483197,0.672703476,0.735132467,-0.00954749016,0.231564553,-0.338166029,-0.49633529,-0.174045403,-0.140284569,-0.113363491,0.0909628364,-0.331677832,0.334966102,-0.486921964,0.0563048238,-0.178513174,0.132756662,0.144253019,-0.483387138,-0.21445158,0.0771114301,0.509584795,-0.271534324,0.18156944,-0.555958624,-0.20490876,-0.115492947,1.12990915,-0.172736867,0.0238506507
0.0208199369,1.14288849,0.831620237,-0.0266784509,0.0821014082,0.667534827,0.739557215,-0.0318691866,0.245676773,-0.323834292,-0.548542506,-0.15059965,-0.14483723,-0.0893210996,0.1195421,-0.332003643,0.328484868,-0.460005208,0.0364072437,-0.169976305,0.141969345,0.168502915,-0.381641966,-0.231777722,0.0697795283,0.427581092,-0.274074212,0.167608092,-0.669767612,-0.226007432,-0.107984248,1.05573121,-0.210493304,0.0282800139
0.0218556209,1.17720179,0.832159726,-0.0243192552,0.0866152613,0.662762074,0.743406217,-0.0534435342,0.269807624,-0.310441107,-0.609547873,-0.133742968,-0.159327089,-0.0882023114,0.143587392,-0.337752506,0.329707436,-0.440074616,0.0491290187,-0.157401168,0.167971137,0.182860256,-0.279069342,-0.245448331,0.0523771941,0.330894379,-0.262726124,0.14776832,-0.765536607,-0.227489442,-0.100631205,0.925330471,-0.199217413,0.048814037
0.0232078613,1.21207396,0.830405809,-0.0226058263,0.0919190469,0.659931313,0.745339203,-0.0791515947,0.293046985,-0.305856724,-0.662993602,-0.123356803,-0.18115656,-0.0775677181,0.171489133,-0.338090759,0.316985358,-0.428563533,0.0548798853,-0.153901942,0.167207256,0.181645406,-0.175818009,-0.254246069,0.0538822768,0.232000629,-0.262665329,0.129842497,-0.833894071,-0.215810171,-0.0909157521,0.738987581,-0.1519868,0.0710090364
0.0252968344,1.24764077,0.825286472,-0.0225705061,0.0963608843,0.657604483,0.746834316,-0.104287846,0.316520378,-0.300755277,-0.711249364,-0.111353923,-0.194301506,-0.0574090524,0.193310557,-0.335118776,0.303161703,-0.415786883,0.0596225823,-0.148769958,0.170031727,0.170607927,-0.0881705171,-0.255933653,0.0646650873,0.163025443,-0.273422186,0.112562383,-0.871614416,-0.180704062,-0.0735860216,0.495699322,-0.0850254091,0.0966647866
0.0264097379,1.285259,0.818672241,-0.0308883957,0.10285751,0.65548299,0.747534808,-0.158486297,0.345186627,-0.28495204,-0.736753963,-0.106721267,-0.210928184,-0.0479442874,0.180232862,-0.32855204,0.292639993,-0.395876433,0.0969983484,-0.147919066,0.164137478,0.171235604,-0.0188047953,-0.250156717,0.0655727889,0.102258863,-0.281296116,0.0915998483,-0.886313637,-0.151924419,-0.0733129055,0.219972128,-0.019391866,0.123747768
0.028387208,1.32329164,0.809728153,-0.0287672347,0.10567598,0.65407859,0.748455899,-0.160247848,0.353913966,-0.2748199,-0.772347134,-0.107589206,-0.220252178,-0.0341311325,0.20406913,-0.332294622,0.284979898,-0.398631142,0.0957384971,-0.146057737,0.168566389,0.157795171,0.0386419044,-0.253721748,0.0770883081,0.114062378,-0.30469827,0.0753942618,-0.930623839,-0.133830795,-0.066025739,0.139502509,-0.0297916861,0.144062904
0.0302201071,1.36214151,0.801795676,-0.0268293361,0.105143983,0.654958657,0.747832927,-0.169515986,0.360818258,-0.269585091,-0.785511806,-0.0996134695,-0.220359811,-0.0246169486,0.209867447,-0.32974289,0.276194591,-0.381101306,0.0888097552,-0.135660731,0.183509031,0.16008497,0.0837681406,-0.245348024,0.0579691736,0.166567664,-0.325479311,0.0543003234,-0.928356427,-0.130868977,-0.063412925,0.126591557,-0.0173937639,0.129905212
0.0335738785,1.40405697,0.794968221,-0.0241739837,0.0993476318,0.655151844,0.74854641,-0.161231357,0.354267038,-0.259935899,-0.771829108,-0.0894241012,-0.206985708,-0.0161834615,0.209121439,-0.323885691,0.274543242,-0.35525861,0.0863262455,-0.122824104,0.1881879,0.178176742,0.107217271,-0.222839542,0.0317801485,0.28726133,-0.334636561,0.0241838202,-0.932201474,-0.132515906,-0.0590421515,0.265263245,-0.0434091696,0.105034248
0.0368275568,1.44665335,0.788058705,-0.0132461728,0.0817861527,0.658762687,0.74777489,-0.102978481,0.331692146,-0.264954454,-0.744555421,-0.0949785828,-0.199385183,-0.0140342226,0.252929745,-0.31548244,0.283226348,-0.338077821,0.113393149,-0.128136679,0.182980385,0.177406052,0.134718473,-0.19728774,0.0202377335,0.461725412,-0.32101366,-0.00833588647,-0.927656514,-0.126503731,-0.0572285022,0.470390372,-0.0140212382,0.059609719
0.0403509539,1.49009462,0.786113508,-0.0147230536,0.0678016818,0.661859212,0.746410442,-0.069272545,0.326447207,-0.270176804,-0.697839747,-0.10306106,-0.18812217,-0.0341415158,0.256295248,-0.293029553,0.285318688,-0.331314811,0.12132686,-0.114332281,0.181893798,0.200979858,0.146851052,-0.146321576,0.00895467803,0.584832459,-0.176879132,-0.0490630067,-0.918982545,-0.116195675,-0.0578708378,0.639350094,-0.0470954353,0.0289352564
0.044153442,1.53213348,0.787722911,-0.0170122921,0.0569936848,0.66301968,0.746235356,-0.0396026114,0.320038127,-0.274739069,-0.638304804,-0.105202144,-0.167269946,-0.0545829952,0.23868642,-0.274575966,0.295900238,-0.334092871,0.121908666,-0.10576252,0.179303353,0.205932296,0.140441737,-0.104811344,0.0179888488,0.685873266,0.0137239226,-0.0891964719,-0.885836842,-0.0913498143,-0.0743086839,0.740289476,-0.11492612,-0.0337782937
0.0485245134,1.57028046,0.79183719,-0.0220830153,0.0546379459,0.6670649,0.742665103,-0.0434049415,0.300015068,-0.287479771,-0.556911785,-0.111351081,-0.152372086,-0.0803984458,0.200016792,-0.263441073,0.301364022,-0.347846771,0.149914391,-0.122714635,0.172432602,0.193997966,0.035421043,-0.050498998,0.0694609927,0.87614338,0.049711464,-0.0604222984,-0.851083364,-0.0720446963,-0.0901072351,0.791334258,-0.184813422,-0.0869928313
0.0518466739,1.60675649,0.80008311,-0.0267239894,0.0549618901,0.673875612,0.736312895,-0.0580596771,0.28235319,-0.311445555,-0.476461427,-0.130155053,-0.141289222,-0.115910519,0.153642509,-0.254966374,0.277625612,-0.381870516,0.0899327581,-0.140268204,0.161651248,0.162621003,-0.118797609,-0.018004181,0.100334813,1.04775032,-0.0356133917,-0.0312118463,-0.792726855,-0.0525984388,-0.101811718,0.780978757,-0.23112399,-0.113157233
0.0537890008,1.6433702,0.809134884,-0.0291586383,0.050220362,0.679032462,0.731807765,-0.040508904,0.271157523,-0.330552257,-0.422909088,-0.157341411,-0.135235318,-0.129370564,0.120512756,-0.248904016,0.28371094,-0.436652878,0.0778342833,-0.158604805,0.144409735,0.120682662,-0.257913728,0.00650646481,0.124467622,1.13469619,-0.103275263,-0.0150122769,-0.713891713,-0.0159652809,-0.102293674,0.748000226,-0.268621974,-0.120311987
0.0555493441,1.68066983,0.818106758,-0.0307816143,0.0433277345,0.683000961,0.728481219,-0.00142717778,0.267231282,-0.337803698,-0.398252922,-0.179091664,-0.128430052,-0.143169065,0.093599731,-0.245230245,0.290487576,-0.505796256,0.0649332024,-0.168660195,0.114233675,0.0737352317,-0.383776094,0.0344700972,0.147060089,1.14924526,-0.164305052,-7.54238384e-05,-0.617996836,0.025316949,-0.0967364429,0.690908747,-0.292112217,-0.11998135
0.0571315006,1.71719852,0.825776788,-0.032292325,0.0378075917,0.686496156,0.725431471,0.0420953936,0.26606546,-0.33733607,-0.383777471,-0.183046742,-0.121523656,-0.16066278,0.0631817992,-0.250915253,0.301340291,-0.582585466,0.0413649796,-0.182431998,0.0954019523,0.031785698,-0.499195625,0.0582657265,0.161054348,1.09859465,-0.205739393,0.00865494003,-0.517747025,0.0571464476,-0.0881723277,0.61715468,-0.30110124,-0.11080814
0.058205274,1.75271699,0.830368453,-0.0350839392,0.0345857181,0.690004833,0.722126219,0.0807048998,0.262093873,-0.326472648,-0.373005602,-0.176753494,-0.123141554,-0.180726858,0.0337282219,-0.262366716,0.310926395,-0.664264616,0.0167779274,-0.194116815,0.0850477923,0.000184085725,-0.600919871,0.0819869668,0.172155952,0.986783815,-0.232876794,0.0110847927,-0.426257066,0.0778826239,-0.0824866082,0.5485548,-0.302157901,-0.0997204972
0.0582585591,1.78835523,0.832477184,-0.0380189688,0.0338486736,0.692057925,0.720044897,0.120483306,0.26429759,-0.327285701,-0.380730783,-0.172231758,-0.124627956,-0.192615771,-0.00284006532,-0.284316766,0.319392166,-0.743062404,0.00288340995,-0.201816437,0.0710097601,-0.0113062632,-0.683376384,0.083460926,0.173355728,0.819479478,-0.225931064,0.0186278944,-0.328041737,0.0846714453,-0.0918278088,0.461528323,-0.296129754,-0.0682221931
0.0579498919,1.82365977,0.831185117,-0.0420836788,0.0338050896,0.692450648,0.719443035,0.154977316,0.260127194,-0.325726013,-0.38574728,-0.162843694,-0.122730194,-0.19152556,-0.0476264822,-0.308778308,0.33315314,-0.806727134,-0.0147973531,-0.198617865,0.0676767006,-0.00795244556,-0.733900508,0.0606840294,0.143405807,0.585137448,-0.177919472,0.0052426971,-0.240447664,0.0845914749,-0.116819504,0.392430412,-0.310351304,-0.0476809045
0.058279555,1.85921816,0.826088977,-0.0478228553,0.033131608,0.692561438,0.719008989,0.186983258,0.261840628,-0.326767351,-0.396123957,-0.165085679,-0.119171448,-0.180718431,-0.0978457125,-0.328912455,0.349304181,-0.852722051,-0.0250789271,-0.204871577,0.052213721,0.011034671,-0.75293837,0.0332244212,0.104548888,0.30273001,-0.0922629696,-0.00384996799,-0.158308509,0.0920693799,-0.151154998,0.334541089,-0.332173293,-0.0291183313
0.0573124001,1.89673132,0.818991863,-0.0535317404,0.0430012078,0.691628294,0.718982303,0.183569853,0.242267761,-0.311153274,-0.398308199,-0.142813094,-0.112947101,-0.166735096,-0.168174657,-0.368271567,0.360718503,-0.89681408,-0.0451839484,-0.202015293,0.0353625873,-0.00328055421,-0.760174501,0.0204497831,0.115213039,0.0411257229,-0.0345825453,-0.000692411807,-0.106577856,0.0825857935,-0.142522889,0.304183135,-0.352749647,-0.00566296673
0.0564988288,1.93578335,0.808963627,-0.0567443946,0.04260501,0.695300625,0.715207612,0.214573416,0.245520434,-0.283432288,-0.407377769,-0.141726984,-0.116858127,-0.161640595,-0.182779537,-0.402923466,0.351146816,-0.942732635,-0.0492735103,-0.20639529,0.0226995976,0.000651116865,-0.800823866,0.00994838584,0.153980995,-0.0144566871,-0.0529496607,-0.0622700092,-0.0709062061,0.0774679328,-0.167804004,0.356341281,-0.409119863,0.00183788351
0.0539634902,1.97568106,0.800167833,-0.0543177749,0.0447700879,0.697702899,0.712920671,0.224765584,0.234895885,-0.274090811,-0.406119293,-0.161186672,-0.116850008,-0.164123891,-0.192080999,-0.427864239,0.336247443,-0.973362144,-0.0725202887,-0.18742225,0.00763954439,-0.0168509871,-0.810732715,0.010388095,0.189185905,0.0144811992,-0.0600934568,-0.0492902973,-0.0400975803,0.0570876832,-0.155716716,0.436925191,-0.438316547,0.031692897
0.0517570265,2.01765439,0.792554118,-0.0493509171,0.0438475631,0.70244354,0.708671257,0.227835701,0.223932448,-0.272386569,-0.388673738,-0.174030631,-0.114427779,-0.1572425,-0.173430318,-0.433678227,0.319704351,-0.967076463,-0.073782349,-0.170880733,-0.0101132535,-0.0456702069,-0.836756432,0.0205786253,0.201645323,0.183971669,-0.11235583,-0.0253832939,-0.000729154705,0.0383925755,-0.136660887,0.514977773,-0.41459928,0.0818265385
0.0489246829,2.05968383,0.785771371,-0.0403086733,0.0375023323,0.705308331,0.706759467,0.246993493,0.218517088,-0.280493564,-0.38095897,-0.172761946,-0.108513517,-0.156288629,-0.134783211,-0.426092925,0.311835324,-0.943081772,-0.0629009329,-0.155983139,-0.0134478901,-0.0800201156,-0.836099404,0.0331450072,0.191897006,0.330924368,-0.0345103627,0.0125849086,0.0457839322,0.0166528781,-0.111179562,0.601587878,-0.310757731,0.108129708
0.043942083,2.10255878,0.783778119,-0.0316379381,0.034908149,0.70436914,0.708268718,0.25483377,0.204674391,-0.283497233,-0.368866434,-0.170345227,-0.10269688,-0.15462543,-0.110090959,-0.399732472,0.295285347,-0.868584789,-0.059496721,-0.144986556,0.0160435036,-0.10571935,-0.834648091,0.0305927157,0.176073096,0.489192597,-0.012327163,0.0414477897,0.0702412454,-0.0253346554,-0.0939312689,0.688552777,-0.10964592,0.109230537
0.0404862993,2.14274809,0.784103665,-0.0188741522,0.0307667991,0.704926598,0.708361251,0.275059673,0.198235794,-0.306569161,-0.370937479,-0.152769434,-0.101648541,-0.168163835,-0.0456176807,-0.366021399,0.268820899,-0.804671611,-0.0530431205,-0.139999792,0.0367003968,-0.102026774,-0.825407249,0.00285720627,0.169791302,0.65253846,-0.084006699,0.101260233,0.100899998,-0.0557652438,-0.1043697,0.763689453,0.111375519,0.157769369
0.0370180751,2.17954569,0.788552755,-0.0159229514,0.0330233661,0.704674078,0.708583348,0.24576396,0.197200516,-0.32254779,-0.376181784,-0.130752749,-0.0977857857,-0.171156387,-0.0217114399,-0.348187368,0.274473098,-0.737999838,-0.0438974823,-0.139549493,0.0475746007,-0.0841289793,-0.793800055,-0.0257107522,0.173830206,0.708612298,-0.138344777,0.149270334,0.0320428917,-0.127141553,-0.158185505,0.917452658,0.163838808,0.115671708
0.0331319306,2.21430378,0.795869443,-0.0124288773,0.0364377225,0.702914059,0.710232104,0.207832577,0.197624812,-0.337165002,-0.392098168,-0.113864317,-0.104201474,-0.167089335,-0.0113334814,-0.33894102,0.293402838,-0.658312587,-0.0222843674,-0.149413183,0.0632591992,-0.0505965406,-0.738747614,-0.0690735043,0.166446779,0.710852978,-0.180065902,0.17461963,-0.101749869,-0.205073967,-0.193116606,1.07681159,0.0355130582,0.0560549999
0.0301881141,2.24742211,0.804050876,-0.00866177591,0.0368889198,0.701578954,0.711583552,0.169577422,0.193942915,-0.322486521,-0.410466325,-0.126783935,-0.125010004,-0.158864612,0.00647887019,-0.321816989,0.311280155,-0.575897358,0.0201839189,-0.176427629,0.0728811574,0.00495952333,-0.668720797,-0.116415905,0.145307712,0.687470113,-0.207344872,0.177164061,-0.235586327,-0.242864622,-0.199870953,1.1642606,-0.0959752691,0.0214875325
0.0280863216,2.27958283,0.811542191,-0.00588297416,0.0375001492,0.701860573,0.711302232,0.131649508,0.184764106,-0.284877548,-0.442052206,-0.151633875,-0.14174678,-0.154832988,0.034930794,-0.309367942,0.310952076,-0.5165698,0.0915509952,-0.202847202,0.075716777,0.0560957211,-0.596933244,-0.158119385,0.11109345,0.653435504,-0.223771755,0.170282675,-0.371192318,-0.251436933,-0.180481326,1.18028954,-0.189468438,0.00285262328
0.0269895021,2.31118766,0.817767442,-0.00417780561,0.038484796,0.704647659,0.70850063,0.112353917,0.202503793,-0.276574759,-0.514102836,-0.122763772,-0.151998056,-0.122231748,0.066724322,-0.305850272,0.310638463,-0.482601416,0.0979865959,-0.197569263,0.104133624,0.099718294,-0.531871721,-0.185570326,0.0860628437,0.629230618,-0.243245799,0.162915299,-0.493862758,-0.262252804,-0.174630991,1.13560689,-0.271816905,-0.00407050289
0.025913235,2.34249494,0.822243419,-0.00237649233,0.0396521229,0.71036143,0.702715234,0.0918650756,0.223167236,-0.27162743,-0.592334782,-0.108285248,-0.163155108,-0.0900682668,0.101676675,-0.300391161,0.297598119,-0.457064365,0.0958109628,-0.187312192,0.110475055,0.11968759,-0.466851256,-0.209026049,0.0479588288,0.607935687,-0.265793129,0.148543938,-0.594368078,-0.267648948,-0.163989947,1.02765718,-0.303441214,-0.00285094685
0.0257195853,2.37245767,0.824148197,-0.00295581373,0.0401555852,0.716786825,0.696128896,0.07176566,0.246421268,-0.258491614,-0.669521635,-0.0913856731,-0.181213051,-0.0662548268,0.133396652,-0.296635891,0.291316157,-0.440849635,0.0983387458,-0.175678578,0.123767053,0.134793594,-0.419936872,-0.216961731,0.0201391384,0.611211772,-0.299457753,0.139189473,-0.677688888,-0.23834902,-0.123002366,0.879177061,-0.295608312,0.0313528531
0.0255648971,2.40243106,0.824373699,-0.00403282795,0.0395718626,0.724956079,0.687645612,0.0506264927,0.267892466,-0.248837272,-0.739464527,-0.0687387618,-0.201776611,-0.0434403504,0.167785872,-0.288960784,0.279235825,-0.434665601,0.0999497255,-0.171536921,0.131984912,0.132095785,-0.377529568,-0.218344382,-0.00842141692,0.623735164,-0.322385633,0.13189757,-0.729514691,-0.190987171,-0.0560802543,0.67783642,-0.239722383,0.0569887288
0.0255405507,2.43185624,0.822655275,-0.00637972187,0.0404521691,0.733897993,0.678024083,0.0286899286,0.280372914,-0.233810616,-0.800255692,-0.0501272491,-0.217597331,-0.0173769491,0.196662337,-0.280843431,0.267035828,-0.435264176,0.105846391,-0.168147941,0.133616334,0.122163663,-0.352968296,-0.211906196,-0.0211669921,0.659091097,-0.370140086,0.12518599,-0.76001803,-0.147561905,0.0264131088,0.462801728,-0.162383226,0.0854570912
0.0253781675,2.46317402,0.819948137,-0.00889577261,0.0411178393,0.744608372,0.666174572,0.00651867791,0.293681625,-0.222510668,-0.849987968,-0.0449660267,-0.230980277,0.00292436964,0.227838618,-0.272193083,0.252650947,-0.444367582,0.110944478,-0.161206377,0.136407399,0.107739714,-0.319050425,-0.20173332,-0.0318755623,0.683771197,-0.408349117,0.10860926,-0.76662835,-0.116471472,0.10506931,0.255154725,-0.103315316,0.115983174
0.0247488722,2.4945308,0.815994147,-0.00862527103,0.039942041,0.755805967,0.653519378,-0.00726589923,0.301339804,-0.21642062,-0.884724981,-0.0367156441,-0.239288044,0.0136100217,0.257548555,-0.266898889,0.250338641,-0.453881477,0.105536347,-0.154067795,0.149398532,0.0989830938,-0.276602498,-0.190423668,-0.0423239185,0.707998977,-0.441205149,0.0832043484,-0.762645847,-0.105113934,0.151867989,0.125104216,-0.0695307591,0.149349716
0.0239696617,2.52636675,0.811618595,-0.00618329449,0.0375341235,0.76712322,0.640370925,-0.0141941436,0.305972621,-0.2066101,-0.90017318,-0.0388442437,-0.236911419,0.000768930732,0.282445666,-0.268140621,0.262892258,-0.464269556,0.116631441,-0.144692572,0.162279897,0.103527163,-0.231068302,-0.17997407,-0.0606707355,0.738726174,-0.468386207,0.0689984203,-0.773433596,-0.107132496,0.18701301,0.14521515,-0.0885609892,0.163831384
0.02469901,2.55884658,0.805883303,-0.00409410223,0.0314236806,0.778103634,0.627336055,0.000602537638,0.323146857,-0.183482875,-0.917708587,0.0173839599,-0.218393474,-0.00619819698,0.304753766,-0.261343987,0.238026843,-0.483909763,0.172644346,-0.0852731547,0.229504315,0.134119072,-0.201194123,-0.147798469,-0.0703610731,0.807212644,-0.514716744,0.00278645959,-0.786646411,-0.103115662,0.218390948,0.266167384,-0.161618403,0.244755227
0.0261858343,2.59333765,0.799171936,0.00258435305,0.0276401811,0.787912282,0.615161424,0.0207365865,0.315202796,-0.195844553,-0.905962219,0.0763755972,-0.211485031,0.0101366249,0.31840648,-0.268632278,0.280326876,-0.483874482,0.142858425,-0.0776656118,0.214462904,0.165519867,-0.143292134,-0.119774224,-0.0973175239,0.833877442,-0.52065303,-0.0269237097,-0.773721875,-0.112975691,0.202953281,0.39075071,-0.12660102,0.252881631
0.0283042969,2.6252337,0.794089941,0.0064946234,0.024535082,0.797547122,0.602722522,0.0412165655,0.302136693,-0.205676712,-0.870968736,0.0923465895,-0.198402608,0.0246151708,0.311450618,-0.271672664,0.309577805,-0.461107301,0.112886712,-0.0810055086,0.21104268,0.190049333,-0.105219118,-0.0859840286,-0.118575992,0.866263501,-0.50924498,-0.0469254209,-0.756279172,-0.123057995,0.165565881,0.492631554,-0.0623911034,0.246138664
0.0288432247,2.65339128,0.792533492,0.00914031202,0.0235661819,0.807049144,0.589943022,0.0525863718,0.287429257,-0.219235407,-0.793013744,0.0866864711,-0.183886569,0.02121369,0.29011005,-0.27133533,0.311982429,-0.423055044,0.118278915,-0.0793945892,0.188801243,0.198728657,-0.0743608858,-0.0504933237,-0.111296566,0.879762203,-0.453864528,-0.0632269391,-0.736106342,-0.135104864,0.122872205,0.564770801,-0.0354371535,0.228211697
0.0304163083,2.67816997,0.792485687,0.00795568931,0.0237604483,0.819452693,0.572598841,0.0672956099,0.278605206,-0.239794798,-0.716376299,0.0740965245,-0.156779149,0.00448049928,0.279450199,-0.269748607,0.307556937,-0.423161812,0.0922292103,-0.0647698284,0.169110955,0.195282592,-0.0722682091,-0.0115495635,-0.0878283183,0.906791498,-0.389942016,-0.0853344404,-0.729826171,-0.141717836,0.0793503437,0.632556612,-0.0313111651,0.160147715
0.0318972226,2.70017424,0.794800911,-0.000219534738,0.0284240111,0.832361238,0.553504107,0.0586135653,0.271693585,-0.26913426,-0.621153165,0.0632085282,-0.126702914,-0.0178587759,0.246223131,-0.271223265,0.311148543,-0.432928797,0.062419084,-0.0552473663,0.144522561,0.199156525,-0.109226718,0.0495134404,-0.0262507355,0.93900423,-0.342873418,-0.0931288526,-0.734560154,-0.155857502,0.0415292471,0.680077516,-0.0727384271,0.103812423
0.0325477376,2.71988772,0.799091139,-0.00780302902,0.0319034872,0.847368563,0.52998849,0.0530211468,0.269301618,-0.302065198,-0.538123386,0.0361332981,-0.105466134,-0.0451980028,0.222770597,-0.27732375,0.314250378,-0.469010305,0.0344536072,-0.0610228173,0.0988831177,0.207980529,-0.160891043,0.127794669,0.0578736414,0.973055982,-0.336709498,-0.0663873154,-0.724019324,-0.182511177,-0.00592465396,0.711531123,-0.119992492,0.0836303105
0.0325556626,2.7361115,0.804406764,-0.0185417036,0.0408551202,0.861037625,0.506558261,0.0413478189,0.258491415,-0.306861655,-0.467805571,0.00670206431,-0.0940408187,-0.0697894514,0.179318255,-0.298495636,0.314141421,-0.503977189,0.00377075932,-0.0702119045,0.095566228,0.202398792,-0.216142288,0.162998746,0.14723904,0.966893424,-0.327548547,-0.0562144611,-0.715909112,-0.209814352,-0.0419893512,0.701637191,-0.140557364,0.0791139969
0.0322751514,2.75057412,0.809363058,-0.0249637525,0.0455979504,0.875261508,0.480848136,0.0589582875,0.257361155,-0.309754951,-0.431696648,-0.0148687011,-0.0905473317,-0.0602207716,0.158408734,-0.324658364,0.309720244,-0.560578201,-0.00806471977,-0.0859446235,0.0781167716,0.180559312,-0.248377337,0.168689227,0.221671622,0.931471473,-0.302822428,-0.0721044267,-0.697586041,-0.224475227,-0.0764476419,0.688834456,-0.155206724,0.0717935296
0.0328099041,2.76361682,0.813080833,-0.0311532985,0.0483688476,0.88762835,0.456952776,0.0941923347,0.261075063,-0.282078758,-0.426714048,0.0190463808,-0.0854034504,-0.0537486798,0.139669275,-0.352008091,0.298902506,-0.618103298,-0.0361460357,-0.0995337857,0.066438032,0.163689402,-0.266650004,0.209592127,0.336616042,0.911962355,-0.283209351,-0.0660623423,-0.683606968,-0.234381933,-0.112170021,0.684115309,-0.175514475,0.0562670988
0.0326504444,2.77536614,0.816497694,-0.0378295504,0.0509944816,0.899321341,0.432654149,0.119412885,0.270734392,-0.251265714,-0.428024558,0.0368787648,-0.0949748215,-0.0545469537,0.117661081,-0.37875681,0.279349921,-0.663908573,-0.0463145386,-0.115322798,0.0475659867,0.161172054,-0.27177032,0.260891573,0.458089976,0.898353442,-0.254360181,-0.0452974085,-0.664273617,-0.250514559,-0.150825321,0.67435238,-0.187908388,0.0469829531
0.0322576685,2.78654789,0.82029067,-0.0504122677,0.0601408456,0.910882431,0.40513563,0.100586717,0.283825154,-0.234150583,-0.428153386,0.0134936554,-0.100069267,-0.0824576295,0.0669831205,-0.410115398,0.237610673,-0.690078622,-0.0670022335,-0.12906481,0.0418576115,0.17535512,-0.299558819,0.263675445,0.516806941,0.86252366,-0.218136746,-0.0193930553,-0.646527734,-0.277149132,-0.18213579,0.634492191,-0.186234594,0.0427350065
0.0317475614,2.79610867,0.822662925,-0.0541829624,0.0618130596,0.922998355,0.375922051,0.111846651,0.300610634,-0.235620296,-0.437767088,-0.00150381712,-0.0986691572,-0.0946170906,0.0587220579,-0.429183295,0.195124354,-0.711747687,-0.0784207767,-0.136119426,0.0143705196,0.172412017,-0.297404928,0.284923802,0.579112691,0.833823331,-0.205118776,0.00536318135,-0.62339408,-0.290047435,-0.209173885,0.629092144,-0.200630415,0.0365416717
0.0305330403,2.80470982,0.824398294,-0.0566011281,0.0622657995,0.934375276,0.3462111,0.121997145,0.319093733,-0.228214909,-0.449653506,-0.00734098525,-0.0998493577,-0.107542103,0.0572634192,-0.4425415,0.150025834,-0.729238959,-0.104470102,-0.141879539,-0.00856353927,0.164358517,-0.28974556,0.292427436,0.618950472,0.79383848,-0.198578345,-0.00300013998,-0.603640518,-0.299715105,-0.232863601,0.632724863,-0.217269982,0.0343159142
0.029939228,2.81228279,0.825445973,-0.0584543218,0.0632138714,0.944783347,0.31618274,0.127992555,0.333269272,-0.218436603,-0.4610435,0.00014335314,-0.102557127,-0.116077739,0.0578506279,-0.455878896,0.115934833,-0.739460606,-0.121346024,-0.146300951,-0.0368691529,0.148183335,-0.29041079,0.292470326,0.619859924,0.761436865,-0.189991535,-0.00388595851,-0.593294062,-0.302982973,-0.236085943,0.641947305,-0.2328687,0.0303564083
0.0298842849,2.81765571,0.825497388,-0.0602417578,0.0636234303,0.953752659,0.287539312,0.135953755,0.344953354,-0.206527941,-0.479282214,-0.00476999621,-0.100669532,-0.118333189,0.0545493319,-0.471526228,0.0892707598,-0.735999851,-0.0893722424,-0.141192286,-0.0409719483,0.142644455,-0.305805747,0.283569383,0.581037388,0.73449935,-0.183546989,-0.00409897323,-0.586119228,-0.311291205,-0.236420111,0.657706096,-0.253020804,0.0298185508
0.0294469301,2.82226743,0.825303127,-0.0615219513,0.0630258786,0.96165665,0.259729236,0.137054064,0.350340655,-0.189279876,-0.490891213,0.0270642717,-0.0930745289,-0.108426048,0.0442210487,-0.478072917,0.0674423095,-0.722320165,-0.108756774,-0.135206402,-0.0467086449,0.138573882,-0.327890388,0.275092333,0.526459361,0.719915767,-0.174878195,-0.0113022877,-0.578941534,-0.314236638,-0.230046985,0.674344336,-0.281233318,0.0297055439
0.0293593824,2.82587392,0.82446961,-0.0635761466,0.0625478534,0.968823169,0.231143911,0.135985389,0.361564043,-0.178019158,-0.499721664,0.0368840818,-0.105943301,-0.0949135992,0.0382944692,-0.487325058,0.0632416365,-0.706781743,-0.105581261,-0.139984623,-0.0461532759,0.130814536,-0.354240643,0.268306921,0.474117872,0.712916991,-0.16911664,-0.0176119148,-0.573680065,-0.319448899,-0.232089317,0.690184628,-0.295425514,0.0309692202
0.0291758085,2.82864785,0.823970472,-0.0674671213,0.0630470852,0.97502822,0.201973323,0.125895695,0.365642317,-0.163844273,-0.511801213,0.0435790352,-0.107641978,-0.0945538319,0.0335280807,-0.49725066,0.0691582697,-0.694778717,-0.100810946,-0.148024311,-0.0428598826,0.11735822,-0.381101902,0.258956592,0.430742315,0.701471574,-0.160696365,-0.0195905748,-0.57750603,-0.325742613,-0.233153911,0.70195705,-0.314172136,0.0169113853
0.0299399918,2.83039401,0.823925109,-0.0699450173,0.0634297272,0.98032715,0.173329291,0.117475908,0.366843354,-0.153356784,-0.518761468,0.0454378989,-0.11289099,-0.0862450689,0.0300110155,-0.507926404,0.074949602,-0.680710552,-0.0756456203,-0.152001264,-0.0245140918,0.101068785,-0.403211935,0.249331142,0.397169121,0.68839345,-0.153014842,-0.0248395767,-0.574132609,-0.339197456,-0.258974724,0.713970719,-0.320266944,0.0194188076
0.0309772575,2.83233192,0.823917486,-0.074488049,0.0644978137,0.984451604,0.14541871,0.105122024,0.365513499,-0.146293744,-0.524451558,0.0577811176,-0.123488169,-0.0843385084,0.0254468663,-0.516386369,0.0846792357,-0.673654764,-0.07972655,-0.156285563,-0.00459133129,0.0800209936,-0.423262321,0.24125896,0.377874929,0.667767384,-0.137129327,-0.0346465071,-0.575609636,-0.350586234,-0.285134148,0.714538933,-0.328932186,0.0159488683
0.0311382807,2.83329824,0.824329392,-0.0776781967,0.0652973804,0.987880015,0.117453934,0.096803636,0.363811486,-0.141661575,-0.530884208,0.0559469147,-0.126940294,-0.0762067646,0.0260388096,-0.523045599,0.0972149526,-0.671338385,-0.0343309465,-0.161647359,0.00183510107,0.0639412583,-0.441052887,0.229414221,0.355069832,0.647548186,-0.12752354,-0.0306728194,-0.571509916,-0.364574211,-0.309969375,0.716698192,-0.331614028,0.0106139118
0.0324013206,2.83425669,0.824584993,-0.0826794605,0.0645207023,0.990269304,0.0914761831,0.0925694231,0.36495747,-0.13534886,-0.543910816,0.0593983409,-0.123632965,-0.0843967394,0.0242681765,-0.520266589,0.108157254,-0.672504896,-0.0185448626,-0.158622317,0.0112487283,0.0483093,-0.461913139,0.223853059,0.334775725,0.625681388,-0.115921678,-0.0397578591,-0.579458579,-0.36558342,-0.309322849,0.723192857,-0.329501955,0.0164152059
0.0338875875,2.83421331,0.822487893,-0.0786305249,0.0596968854,0.992891613,0.0664813373,0.131419461,0.371827442,-0.141213056,-0.570804897,0.0619003548,-0.127213683,-0.0767323366,0.0581352715,-0.502283579,0.119203208,-0.693882264,-0.0359702237,-0.155239038,0.0147684275,0.0392895553,-0.475935517,0.225495514,0.297320347,0.636839666,-0.0970155727,-0.0423587761,-0.584826935,-0.369434026,-0.293010126,0.774930556,-0.352763733,0.018914115
0.0348731027,2.83435919,0.822380875,-0.0839149458,0.0584079057,0.993963494,0.0397915911,0.126979961,0.371345471,-0.149053516,-0.57806424,0.0684833052,-0.130878501,-0.0701636758,0.0613170671,-0.494430334,0.120015343,-0.703744609,-0.0192369211,-0.157983116,0.0172005406,0.0392990441,-0.511264927,0.207809773,0.250815117,0.625846203,-0.106507695,-0.0485033882,-0.585584834,-0.36330968,-0.262563389,0.767313588,-0.351434823,0.0323628645
0.0366904218,2.8339703,0.821627685,-0.0895459885,0.0564937437,0.994279664,0.0140684833,0.123870355,0.36638689,-0.151673585,-0.579361604,0.0726651599,-0.138783676,-0.0643883571,0.0631666366,-0.490540021,0.130311098,-0.71499135,-0.0242025125,-0.161361239,0.0245944866,0.0392363879,-0.546005951,0.191499471,0.211330215,0.617684479,-0.0963825054,-0.0487089837,-0.595141963,-0.351004703,-0.218916126,0.76672785,-0.363998648,0.0434967812
0.0384050853,2.83338425,0.820879896,-0.0951786362,0.0537039869,0.993946416,-0.011288505,0.120357682,0.364098553,-0.157337848,-0.58026072,0.0689569459,-0.135056338,-0.0696394444,0.0590373569,-0.482616629,0.136177904,-0.719605631,-0.0254418576,-0.165100587,0.0302205354,0.0369493256,-0.579899459,0.178378161,0.182024405,0.610558204,-0.0841535595,-0.0527318113,-0.597424899,-0.340433473,-0.191115137,0.75937877,-0.368536127,0.0482408878
0.0412570827,2.83301286,0.820691639,-0.101924217,0.0506888183,0.992878053,-0.0351464128,0.115030572,0.358011473,-0.163505727,-0.573227423,0.065216967,-0.135891953,-0.058607453,0.0520036736,-0.473077234,0.145836651,-0.724837029,-0.0336779189,-0.171565734,0.036283445,0.0291667083,-0.614565885,0.171813329,0.167139542,0.604620935,-0.0703531183,-0.0489400611,-0.605155652,-0.330240628,-0.176620217,0.752156303,-0.373686207,0.0504872478
0.0438175731,2.83199895,0.819393071,-0.106854352,0.0476129729,0.991515198,-0.0566812568,0.135060092,0.351905156,-0.15568846,-0.591309381,0.0677905478,-0.138283514,-0.0591284714,0.0605353183,-0.467494636,0.156768355,-0.752906737,-0.0241164184,-0.178284943,0.0356723889,0.0154019239,-0.648201775,0.167935617,0.15768089,0.614805923,-0.0688552065,-0.0558203086,-0.621167835,-0.332773465,-0.184315207,0.772833383,-0.395656398,0.0548746168
0.0463190992,2.83028043,0.819189653,-0.11297112,0.0444666727,0.989789214,-0.074683012,0.145552832,0.342321458,-0.159176196,-0.594855356,0.0723041668,-0.136507101,-0.057470177,0.0517045187,-0.464842342,0.174307307,-0.766751018,-0.0167383167,-0.180325509,0.0326380765,-0.00362809523,-0.673617351,0.167957904,0.152878917,0.611689468,-0.0648704844,-0.0576105459,-0.631831845,-0.338527643,-0.210884463,0.769890178,-0.399655445,0.0446604539
0.0493701929,2.82825774,0.818944035,-0.119469698,0.040903608,0.988136655,-0.0874061637,0.159778436,0.336240924,-0.16179321,-0.59490558,0.0719175448,-0.133611966,-0.0558163903,0.0320693445,-0.46126752,0.191311969,-0.778283976,-0.00784636167,-0.185029762,0.0296235515,-0.0170929651,-0.695608999,0.165909667,0.146289449,0.601704581,-0.0615636894,-0.057683615,-0.642828527,-0.338846064,-0.22932983,0.759290475,-0.397274446,0.0307756145
0.0523946467,2.82558651,0.818259495,-0.126578751,0.0376774519,0.986362559,-0.0982198155,0.169517814,0.330530608,-0.167772892,-0.583842392,0.0728779584,-0.131683277,-0.0611249705,0.00639063839,-0.465052957,0.21261892,-0.793359786,0.00757057536,-0.190833354,0.0329164303,-0.0268065819,-0.717773536,0.163841429,0.14052194,0.590638709,-0.0587151651,-0.0580984621,-0.655656665,-0.340210074,-0.243386563,0.748343856,-0.394768612,0.0243480653
0.0553616051,2.82186355,0.817030041,-0.13362382,0.0340797451,0.984549605,-0.107913487,0.185307396,0.317386295,-0.17027662,-0.575872379,0.0666530241,-0.134469924,-0.0666445653,-0.0202142044,-0.472890261,0.238334866,-0.816326699,0.0291900279,-0.200078252,0.0316859562,-0.0320093216,-0.741989196,0.157008454,0.130804104,0.583903717,-0.0653551508,-0.0573223668,-0.664807747,-0.345546317,-0.262746462,0.737436108,-0.387809413,0.0342036462
0.0587170382,2.8170971,0.816701151,-0.142720677,0.0292993677,0.982420341,-0.116716015,0.167951428,0.295951405,-0.173477976,-0.522871479,0.0597711014,-0.153853925,-0.0761339092,-0.0708357812,-0.479569191,0.272879105,-0.815102778,0.0605105986,-0.214949644,0.0422275809,-0.0293465615,-0.758140502,0.147796594,0.126480814,0.545820882,-0.0498934126,-0.0680592141,-0.657634388,-0.346570258,-0.286820588,0.680767133,-0.345744337,0.0333036428
0.0606559937,2.81146648,0.815643664,-0.147561179,0.0245108234,0.98021091,-0.12965913,0.176329837,0.28295996,-0.183838835,-0.507759502,0.0400890772,-0.159919325,-0.0747460173,-0.0872496514,-0.487910262,0.294830988,-0.842026004,0.0824072973,-0.231397943,0.0395785373,-0.0247923266,-0.774766406,0.142028353,0.126671952,0.532216266,-0.0557671246,-0.084617685,-0.659022628,-0.361455279,-0.312107277,0.682645251,-0.343351235,0.0376856206
0.0620242218,2.80445706,0.814735917,-0.151826832,0.0181677993,0.977323747,-0.146481528,0.18070224,0.272958837,-0.195212239,-0.494532453,0.0317922614,-0.161710031,-0.0755723339,-0.0965225911,-0.493202299,0.313420211,-0.877428654,0.0761459713,-0.238318876,0.034331497,-0.020471765,-0.799825772,0.151558179,0.154670711,0.542846619,-0.0873498613,-0.0968384921,-0.654754987,-0.379509037,-0.345885563,0.68733007,-0.346558459,0.0404272883
0.0620780782,2.79578732,0.815182566,-0.163866924,0.0122617425,0.97233985,-0.165989446,0.146290211,0.255241049,-0.196657751,-0.476676598,0.0165261441,-0.156465517,-0.0730418951,-0.130794181,-0.507903958,0.32732133,-0.904482577,0.051841331,-0.225636631,0.028936635,-0.0203405528,-0.832334897,0.164815287,0.209857242,0.531379413,-0.121586481,-0.0994549862,-0.638904609,-0.386166563,-0.380022881,0.629806069,-0.319953581,0.0349683763
0.0621933704,2.78540968,0.814244399,-0.1657163,0.00253177265,0.967887741,-0.189010633,0.149985571,0.244849811,-0.193330444,-0.471185658,0.0121422913,-0.160241409,-0.0758047902,-0.1264052,-0.508502877,0.330057627,-0.933838914,0.0568363188,-0.239729998,-0.00250504202,-0.0148813593,-0.856960474,0.205371135,0.291227718,0.55436412,-0.146998017,-0.0814689239,-0.606149168,-0.398939664,-0.430544359,0.614060728,-0.313527509,0.0316968684
0.0606616915,2.77301278,0.813962235,-0.16552688,-0.0098627019,0.962247591,-0.215831307,0.152167876,0.238933791,-0.191722287,-0.467895933,0.00267512702,-0.158227039,-0.073510985,-0.114187585,-0.496537886,0.329951578,-0.951167067,0.071912898,-0.244638693,-0.0274386916,-0.017322484,-0.870496928,0.260929501,0.389637363,0.579621512,-0.157682311,-0.0565226573,-0.550629321,-0.395949932,-0.491012696,0.571458748,-0.295488151,0.0369895328
0.0594368968,2.75854223,0.812958273,-0.163710003,-0.0205336014,0.956159812,-0.24194177,0.158656314,0.226241851,-0.178526093,-0.466987051,-0.0192354736,-0.156229194,-0.0805183322,-0.101159078,-0.495559931,0.328240334,-0.961755455,0.0606415244,-0.238497147,-0.0145608688,-0.0170290177,-0.876275858,0.312468236,0.48605553,0.621656094,-0.176826147,-0.0180616007,-0.487095935,-0.392863956,-0.548564487,0.520764569,-0.274693714,0.0451388554
0.0562674289,2.74178872,0.810931821,-0.159662439,-0.0340775956,0.948668583,-0.270877359,0.163322236,0.224000581,-0.180917028,-0.469284835,-0.0511263577,-0.147384615,-0.0809875393,-0.086606003,-0.481500734,0.316180676,-0.962228282,0.0601462775,-0.22807086,-0.00761761773,-0.033852519,-0.881619807,0.356546232,0.538562209,0.669484056,-0.19306367,0.00395624147,-0.414469024,-0.371516124,-0.613251809,0.465606414,-0.253279023,0.0654339734
0.0535690289,2.72242367,0.807142717,-0.153346679,-0.0469285182,0.940784602,-0.298675145,0.173217248,0.223473113,-0.173416262,-0.470333623,-0.0382927552,-0.155536042,-0.0920507719,-0.0693676728,-0.472839797,0.30903011,-0.950410703,0.0581416767,-0.224389946,0.00213881907,-0.0564118303,-0.885028067,0.380906535,0.548698321,0.714754215,-0.20259577,0.0171695769,-0.351033889,-0.354329437,-0.653268909,0.432233996,-0.238473128,0.0788862603
0.0514960023,2.70034423,0.80169245,-0.146070694,-0.0580497419,0.932660755,-0.324711404,0.184101207,0.223353655,-0.16835085,-0.473021101,-0.0116353263,-0.16340317,-0.0943969594,-0.0483112353,-0.468417996,0.311492317,-0.935411237,0.0502877941,-0.223759938,-0.00240186012,-0.0775669111,-0.890032425,0.373386286,0.514876954,0.754630977,-0.227843169,0.0347125986,-0.300115314,-0.35351154,-0.673838318,0.439075803,-0.229456971,0.0974641469
0.0509673466,2.67648441,0.795324943,-0.140909564,-0.067791543,0.92482445,-0.34676871,0.187166878,0.22213047,-0.168117366,-0.46880362,0.00850379171,-0.161761949,-0.0984606464,-0.0372546014,-0.463679724,0.308524673,-0.905976488,0.0470960229,-0.21916227,0.0127398377,-0.0892409188,-0.925257434,0.349536201,0.447739161,0.835668277,-0.283647516,0.0676316344,-0.267229944,-0.371046665,-0.67515913,0.47471164,-0.210252217,0.116128266
0.0506259765,2.65004644,0.789558855,-0.137042901,-0.0747695018,0.916068994,-0.369386468,0.183446553,0.223459503,-0.177969033,-0.468504282,0.00230034872,-0.159526808,-0.10168542,-0.0164161188,-0.448634769,0.285963868,-0.873196051,0.0424212929,-0.207410087,0.0185283717,-0.091253307,-0.950230825,0.308761193,0.397061131,0.904477714,-0.33346785,0.0877929295,-0.245370943,-0.409119884,-0.673349243,0.548184387,-0.172332058,0.134265027
0.0513036888,2.62298211,0.785072641,-0.134052175,-0.0785269865,0.907126063,-0.391134034,0.156516602,0.230892853,-0.193648877,-0.450171478,-0.00208882495,-0.154675166,-0.116434246,-0.00616583823,-0.431202079,0.254492649,-0.809170317,0.037151981,-0.194936234,0.0410110122,-0.0734919672,-0.955650432,0.249166368,0.368788119,0.95289331,-0.396597134,0.122464823,-0.239383366,-0.470044449,-0.647859527,0.661336594,-0.122148633,0.113261937
0.0523668536,2.59785966,0.782433598,-0.131230146,-0.081450312,0.897710935,-0.41262522,0.134420874,0.24228802,-0.200761874,-0.455027942,-0.0012613614,-0.146332566,-0.11950681,0.014259383,-0.420428702,0.234608794,-0.758145732,0.0316704487,-0.1773002,0.0609335348,-0.0405228731,-0.948089662,0.176236999,0.339746888,0.97358029,-0.441110792,0.157113716,-0.277367663,-0.503080629,-0.566188643,0.798682934,-0.0947456384,0.0720109564
0.0520326118,2.57294967,0.782224596,-0.127329109,-0.0861431724,0.887515232,-0.434376985,0.111359197,0.258566189,-0.195398935,-0.472842966,0.0031019466,-0.144874599,-0.121189484,0.039161559,-0.409025045,0.217987382,-0.711599188,0.0271590776,-0.16111711,0.08175695,0.0187533497,-0.928480439,0.0897093464,0.298859023,0.97038561,-0.478773101,0.172239459,-0.368495995,-0.445292153,-0.410028947,0.923656032,-0.156099701,0.0817436343
0.0512500284,2.54907419,0.783792877,-0.119435088,-0.0864888227,0.877161794,-0.456992484,0.114041574,0.279944166,-0.205547571,-0.51288893,0.0291481037,-0.144903898,-0.123704671,0.0951483214,-0.397894713,0.219392113,-0.676419298,0.0158851007,-0.147834985,0.118817063,0.0645936165,-0.89018347,0.024461671,0.268544967,0.975396336,-0.511417901,0.18064867,-0.450198783,-0.380435179,-0.311363376,1.03035998,-0.20438122,0.0845394107
0.0509618404,2.52342544,0.788995355,-0.121004578,-0.0885369263,0.864998767,-0.478848867,0.0703632388,0.296423887,-0.206922073,-0.54655339,0.00235623824,-0.141535966,-0.106418076,0.122780686,-0.392369816,0.219129857,-0.643325681,0.0245381614,-0.139556556,0.140500557,0.108358175,-0.840334177,-0.0505921639,0.236879709,0.920694937,-0.519812079,0.19086038,-0.552827749,-0.319823208,-0.23450858,1.08525422,-0.227234517,0.0903089549
0.0508729124,2.49725537,0.796393401,-0.122457336,-0.0889938998,0.853775281,-0.498148629,0.023776502,0.308957753,-0.213476501,-0.576763269,0.00336165129,-0.143609988,-0.0844590133,0.145655837,-0.391058565,0.230976514,-0.610585983,0.0208130733,-0.130542373,0.169038016,0.140755092,-0.766892731,-0.123628136,0.195604061,0.829399803,-0.50331669,0.187232037,-0.660958155,-0.269356428,-0.17072595,1.09743339,-0.248197976,0.0882358439
0.0502198495,2.46984269,0.805321118,-0.124095912,-0.0856420706,0.842711036,-0.51682081,-0.0179267446,0.313769804,-0.213105995,-0.607898864,0.00696978968,-0.150481064,-0.07078469,0.173976673,-0.393066029,0.238923993,-0.586908354,0.0326565142,-0.125411245,0.189893139,0.162450419,-0.662409395,-0.182913709,0.163893569,0.7074074,-0.478839222,0.177075395,-0.766257587,-0.237725872,-0.114556164,1.07772278,-0.259574957,0.0885470549
0.0482084233,2.44063935,0.812808342,-0.125083428,-0.0813105332,0.835400553,-0.529007229,-0.0466759238,0.320006726,-0.20490214,-0.646318187,0.00578746863,-0.156647153,-0.0603687544,0.196797189,-0.396318732,0.246314211,-0.569141958,0.0398206698,-0.117850692,0.203845046,0.194944507,-0.541570817,-0.230074739,0.134328458,0.5697339,-0.44650091,0.141874571,-0.854452603,-0.217153243,-0.0791582334,1.0172976,-0.250365606,0.0838571769
0.0458431546,2.41105502,0.816520459,-0.126565552,-0.0791159702,0.828608953,-0.539563737,-0.0751065556,0.335306529,-0.207278141,-0.690523851,0.0198188152,-0.158150919,-0.0627876301,0.211851652,-0.39834917,0.252579877,-0.548683111,0.047236465,-0.113864544,0.211664218,0.226312717,-0.427823599,-0.265218771,0.0915870977,0.442922258,-0.400598501,0.118110828,-0.935503616,-0.201005704,-0.0554864311,0.928855586,-0.230149987,0.10175732
0.043472587,2.38113861,0.816128046,-0.128915698,-0.0756694756,0.82168878,-0.549984019,-0.103211931,0.345933218,-0.209307744,-0.72967704,0.010018411,-0.18003354,-0.0715632715,0.230655396,-0.404086582,0.249400414,-0.533292406,0.0722890865,-0.120144542,0.214811333,0.249622344,-0.317421627,-0.294825219,0.0475563983,0.327086404,-0.362818163,0.103524909,-1.00733716,-0.185483574,-0.0378647699,0.811797242,-0.174383949,0.120087169
0.0410075925,2.34927405,0.811445526,-0.127052543,-0.0671864049,0.816324019,-0.559427149,-0.0997568394,0.352499246,-0.225040603,-0.787232164,0.0110563186,-0.191908244,-0.0655593918,0.27465988,-0.414046052,0.238222322,-0.528652021,0.0708956835,-0.118404532,0.203271829,0.262721132,-0.204431277,-0.312548574,0.0329951032,0.252105064,-0.356904537,0.10024892,-1.05392909,-0.166935483,-0.0292669459,0.681662354,-0.136911697,0.156587565
0.0385882069,2.31535424,0.802904394,-0.127933167,-0.0613118678,0.812108742,-0.565997659,-0.113823415,0.362773095,-0.236935385,-0.82638853,0.0111000377,-0.202019064,-0.0652155565,0.294419395,-0.423933131,0.226505608,-0.512514266,0.0638987501,-0.115682372,0.19619174,0.252061781,-0.0666382533,-0.327091545,0.0244560874,0.113781364,-0.309999144,0.0878899333,-1.0855077,-0.134564865,-0.0223032173,0.512714804,-0.0771525411,0.195358113
0.0356200092,2.28063601,0.791959248,-0.128133092,-0.0576622641,0.809131195,-0.570581881,-0.120879001,0.383164457,-0.254783207,-0.861764319,0.00503102377,-0.205169167,-0.0568684012,0.310146882,-0.434699715,0.220381466,-0.505882517,0.0662362915,-0.108431901,0.186770279,0.246715002,0.0162776586,-0.333873349,0.00366594688,0.086863885,-0.319360296,0.0640880392,-1.11397456,-0.113549117,-0.0355555271,0.374552761,-0.0380137877,0.205174584
0.0315848335,2.24275322,0.781649894,-0.14113825,-0.0739952719,0.804711213,-0.571878096,-0.200284969,0.421188389,-0.262763055,-0.85236514,0.00888992199,-0.210345502,-0.0541830443,0.250183583,-0.426274105,0.21539325,-0.492512746,0.0730198447,-0.115863196,0.179017151,0.282004482,0.0239035392,-0.326126404,-0.0434558085,0.105357161,-0.312456315,0.0149084534,-1.17825824,-0.111899791,-0.0390729746,0.295074198,-0.0380658282,0.200235259
0.0278980689,2.20282732,0.774089294,-0.139769135,-0.0728769666,0.801817162,-0.576405044,-0.215639442,0.426342739,-0.288075292,-0.823354147,0.00711279306,-0.205511969,-0.0643435742,0.236416702,-0.430703298,0.214117625,-0.46475366,0.0777014894,-0.113779217,0.167358858,0.29524394,0.0647919863,-0.317394747,-0.0725281175,0.168343789,-0.293548912,-0.030844521,-1.18031995,-0.101323402,-0.0377015381,0.302330005,-0.0519662292,0.184376966
0.0257154795,2.15919213,0.767976234,-0.136959969,-0.0708374604,0.800393525,-0.579304951,-0.212365378,0.417179354,-0.304228884,-0.771566873,0.0077799024,-0.202165787,-0.076722109,0.217964953,-0.431645629,0.215581712,-0.432920958,0.073249622,-0.110209277,0.155569902,0.31402409,0.0897973311,-0.312069072,-0.100421558,0.273910388,-0.248291642,-0.0903455233,-1.17650839,-0.0965133658,-0.0180305107,0.409819947,-0.0857698599,0.158891453
0.0239515101,2.11359962,0.762991668,-0.110230325,-0.0581445464,0.796440248,-0.591735936,-0.115872471,0.410770703,-0.35194951,-0.744488904,0.0186903667,-0.185354321,-0.0897736353,0.294126199,-0.414798174,0.229956694,-0.440982907,0.0573483563,-0.0964824005,0.153626325,0.315766014,0.162297263,-0.274642508,-0.130997452,0.391138145,-0.152409266,-0.127659287,-1.13811902,-0.113141218,-0.0583479645,0.610967988,-0.0701420453,0.0857824353
0.0209163924,2.06648803,0.762263083,-0.105743501,-0.057652766,0.790570596,-0.600410363,-0.0909024361,0.394371888,-0.373203882,-0.690674963,0.0257563215,-0.156481898,-0.0800681901,0.279040844,-0.393369651,0.227156278,-0.4297998,0.0150684201,-0.0797809357,0.131158243,0.342200819,0.177939383,-0.254609192,-0.181357731,0.475797706,0.0487338195,-0.164448556,-1.13269632,-0.140174803,-0.048320961,0.768037709,-0.0911344642,0.0506118604
0.0179531993,2.02243239,0.764331969,-0.10054568,-0.0570670638,0.786153436,-0.607121644,-0.0606737634,0.382293333,-0.361045723,-0.637487469,-0.0208783424,-0.15297613,-0.127790433,0.246589109,-0.36710165,0.221407823,-0.415664629,0.0172957111,-0.0639133092,0.13771927,0.337292828,0.145290504,-0.216135224,-0.130799421,0.613846917,0.244116553,-0.167412375,-1.10939208,-0.145203496,-0.0646727628,0.888530641,-0.183845123,-0.0298293048
0.0127311153,1.9799421,0.769642149,-0.0981650882,-0.0582698616,0.774216643,-0.622540624,-0.0396279391,0.371096881,-0.375551083,-0.595493807,-0.053709122,-0.148370115,-0.140948905,0.212397607,-0.349364508,0.245652331,-0.430168281,-0.00825233635,-0.0667033662,0.151056429,0.281664036,0.0192963023,-0.124559739,0.0160113602,0.833595608,0.199320063,-0.144255299,-1.06440989,-0.124717553,-0.0874880012,0.947944525,-0.278006624,-0.0779642862
0.00861573294,1.93933239,0.779965993,-0.0942312576,-0.0581832896,0.763672842,-0.636033776,-0.00429010843,0.348283249,-0.366488388,-0.567728083,-0.0425545473,-0.120129205,-0.130288397,0.167394246,-0.338506801,0.276988017,-0.46531159,-0.0224137088,-0.064514268,0.152516967,0.195133942,-0.146884483,-0.0547086788,0.109565433,1.0395932,0.0104342499,-0.0638807359,-0.989062541,-0.0710915847,-0.0944367907,0.937418908,-0.324690659,-0.0947248122
0.00569926712,1.89885931,0.791806006,-0.0895159424,-0.0587227354,0.753652902,-0.648495057,0.0396757549,0.330069097,-0.364313784,-0.539420487,-0.041536162,-0.103535112,-0.106064257,0.121844822,-0.334386101,0.308874638,-0.519902343,-0.0422714437,-0.080191103,0.128140382,0.13373041,-0.307458093,0.010809978,0.154296175,1.16035107,-0.112109655,-0.0280161092,-0.899798737,-0.0352921452,-0.100327679,0.910448559,-0.371066985,-0.100369394
0.00316913217,1.86021039,0.804582501,-0.0893759332,-0.0620521134,0.743339819,-0.6600056,0.066264705,0.305407392,-0.336447545,-0.498466509,-0.0536560091,-0.0995771706,-0.104601519,0.0679901134,-0.339391877,0.308675563,-0.593117565,-0.0614872227,-0.103768677,0.103477546,0.0839078244,-0.482506926,0.0420122271,0.160485695,1.19518679,-0.187892074,-0.00512759959,-0.803113975,-0.0154849664,-0.108305984,0.838977076,-0.384666661,-0.0934374211
0.00169208802,1.81842689,0.817257795,-0.0823106463,-0.0612688972,0.734241958,-0.671088538,0.120699229,0.29322117,-0.326875004,-0.475687846,-0.0635496688,-0.114008953,-0.111640384,0.0451059975,-0.345833158,0.304538596,-0.682059947,-0.0618131979,-0.126102781,0.0812477318,0.0301265856,-0.605556876,0.0645736065,0.162047532,1.13479747,-0.233180046,0.00208604244,-0.670490113,0.0119652098,-0.11542618,0.736994819,-0.385412511,-0.0703443063
5.15696693e-05,1.77742002,0.826781065,-0.0754513805,-0.0621145934,0.726388405,-0.680300487,0.168873454,0.293135952,-0.317310576,-0.453682803,-0.0765361116,-0.115632634,-0.152122846,0.0109994958,-0.360068305,0.309437128,-0.761810609,-0.0700170804,-0.139103434,0.0740510642,-0.0116465886,-0.705528815,0.0802915588,0.156819096,1.00895799,-0.256595322,-0.00495914,-0.529961988,0.0381024142,-0.119000824,0.607797658,-0.3637833,-0.0345244525
5.44209198e-05,1.73812036,0.830963574,-0.0724257157,-0.0648962964,0.720345902,-0.686763982,0.212450635,0.296162567,-0.31893137,-0.440161883,-0.12286551,-0.132378024,-0.173287005,-0.038157803,-0.379342348,0.317836162,-0.825547788,-0.064587598,-0.166605312,0.0479785348,-0.0334919204,-0.790894459,0.0806655027,0.154507301,0.829944816,-0.241439962,-0.00706224548,-0.404430914,0.048070811,-0.132450763,0.484886893,-0.332953928,0.00209792626
0.000159094338,1.69821345,0.830342098,-0.0708172712,-0.0688585044,0.715362517,-0.691736865,0.251204603,0.301589171,-0.32189206,-0.434102438,-0.140417348,-0.139412006,-0.197374935,-0.0861879335,-0.413852088,0.334755651,-0.903170841,-0.102190821,-0.165669915,0.0519296735,-0.0439582589,-0.842790334,0.0572709689,0.133170395,0.585621628,-0.1841173,-0.0284463323,-0.276524875,0.0611271372,-0.140525647,0.349341843,-0.312417262,0.0144993574
0.000525233123,1.65754949,0.824294818,-0.0686745481,-0.0729360337,0.711038468,-0.6959802,0.288631295,0.312766792,-0.326743882,-0.436669074,-0.165540151,-0.142554447,-0.222284311,-0.135680699,-0.442198592,0.338853772,-0.962161561,-0.0959118495,-0.165491546,0.0420799352,-0.0408037205,-0.867127252,0.0267440955,0.108164209,0.313904285,-0.106932432,-0.0384597723,-0.154712352,0.0707900218,-0.173544042,0.238009668,-0.305923559,0.0275158017
0.00167589909,1.61636903,0.814274873,-0.0666356942,-0.0770494275,0.708221069,-0.698602882,0.323286524,0.317655854,-0.3190043,-0.435770859,-0.180652557,-0.149094194,-0.218929603,-0.175293503,-0.457401841,0.326155399,-1.00727343,-0.119647023,-0.169041349,0.0350632596,-0.0351694836,-0.898206322,-0.00219435378,0.0818126492,0.122425368,-0.0712019416,-0.046478909,-0.0548851432,0.0804478225,-0.204013436,0.175649556,-0.314923537,0.0466842495
0.00239282291,1.57169515,0.803139783,-0.0743922406,-0.0802896666,0.703916981,-0.701797868,0.318749709,0.310467564,-0.306921491,-0.42753484,-0.192765823,-0.147900288,-0.240363754,-0.228917251,-0.503361305,0.314285459,-1.03171519,-0.0812815763,-0.167072807,0.0560826974,-0.0667853507,-0.94458508,-0.00786126075,0.0809928694,0.0770123939,-0.0790003088,-0.0465899291,-0.00979497947,0.0645672107,-0.181176089,0.198017232,-0.336808992,0.0671840161
0.00404748629,1.52733163,0.793389605,-0.0730735745,-0.078807729,0.701596556,-0.704423074,0.321357771,0.296816601,-0.282958288,-0.390355036,-0.212753894,-0.134981569,-0.239448733,-0.239665584,-0.519162982,0.30667383,-1.03064687,-0.0808576177,-0.155293612,0.0524070608,-0.102553261,-0.973530203,0.00238238629,0.0707762735,0.169960692,-0.0910745338,-0.0345009467,0.02356456,0.0476445441,-0.141831744,0.285311838,-0.34232015,0.101542485
0.0056522043,1.47905377,0.783848313,-0.0697300497,-0.0733854012,0.702724509,-0.704223379,0.329410689,0.280703493,-0.270356455,-0.360066981,-0.217831301,-0.116874935,-0.213717782,-0.222204312,-0.517276988,0.30906789,-1.00964779,-0.116144081,-0.146290997,0.0448649258,-0.129685514,-0.99589666,0.00606234652,0.0662824489,0.358842181,-0.0897003629,-0.0249778467,0.0506667841,0.0249115028,-0.101000203,0.409181964,-0.295100964,0.133731899
0.00747998231,1.43040638,0.777716262,-0.0651440919,-0.0659716256,0.707761674,-0.70034092,0.332447946,0.262799381,-0.274181783,-0.333541129,-0.196996781,-0.108041324,-0.207412761,-0.193435752,-0.503981193,0.315771581,-0.959590292,-0.11836733,-0.143624995,0.0551907433,-0.138644953,-0.997847475,0.0135905185,0.0773717777,0.531165154,-0.0386852469,0.0155864255,0.0793749087,-4.80278545e-05,-0.0661492305,0.523287675,-0.130488897,0.153286764
0.00897301164,1.38163572,0.777618288,-0.0601325993,-0.0510690982,0.712353645,-0.697372428,0.346346142,0.247759332,-0.306504958,-0.326266288,-0.19111135,-0.108227591,-0.21395246,-0.121117171,-0.489653252,0.319395292,-0.900170739,-0.120025419,-0.141815305,0.0763338738,-0.119742192,-0.978117018,-0.0184857192,0.0977248772,0.708526173,-0.0958968808,0.0572974068,0.123393395,-0.0337769335,-0.063344917,0.608420757,0.101671132,0.165697685
0.0112025295,1.33780757,0.783076343,-0.0640649335,-0.0493478666,0.718541581,-0.69076658,0.297717411,0.237238363,-0.312808313,-0.329918968,-0.153061424,-0.10534288,-0.212561507,-0.101038243,-0.445340287,0.290874137,-0.802030184,-0.0851249519,-0.141137575,0.102638806,-0.0948491755,-0.94177119,-0.0434603683,0.111486346,0.771807078,-0.162730055,0.12755375,0.0614997792,-0.0920001157,-0.0990807236,0.776378165,0.272872639,0.135896967
0.0131704794,1.29524891,0.79322558,-0.0659246871,-0.0458109233,0.725410601,-0.683618867,0.252731493,0.234966701,-0.316267425,-0.364744023,-0.119051315,-0.102951715,-0.219616464,-0.0635632606,-0.416018149,0.292974221,-0.727619145,-0.0925969545,-0.129315708,0.150706389,-0.0455427962,-0.865901085,-0.087631482,0.11264527,0.765431746,-0.208696286,0.153496166,-0.0759216308,-0.140770709,-0.121369698,0.97674398,0.173934844,0.0989831203
0.0151245981,1.2537193,0.805265681,-0.0679639983,-0.0397896299,0.729390448,-0.679549303,0.192672212,0.235803997,-0.318149648,-0.400892139,-0.0811266991,-0.110769162,-0.197892956,-0.0235344882,-0.399288703,0.308485265,-0.636712124,-0.03895302,-0.125632657,0.169266182,0.0101385161,-0.76398078,-0.14547632,0.0985199845,0.709922817,-0.230562363,0.176324443,-0.228066875,-0.186337397,-0.132995691,1.11078855,0.0493623784,0.0764889568
0.0161248092,1.21230358,0.817366948,-0.0712440721,-0.0342542002,0.734367964,-0.674132499,0.147636571,0.235841744,-0.299952553,-0.460513444,-0.0456491685,-0.110559822,-0.148655175,0.0265198247,-0.384853725,0.315866405,-0.563196297,-0.0279642236,-0.11511344,0.182050719,0.0629642588,-0.651812471,-0.189799432,0.0901631868,0.631956352,-0.237757684,0.17889915,-0.385072352,-0.22400674,-0.127858068,1.17529717,-0.0486916078,0.051649456
0.0167555252,1.17053543,0.828782907,-0.0732923051,-0.0269534578,0.737005305,-0.671360506,0.0877354038,0.221402573,-0.269283798,-0.501361619,-0.0735259968,-0.142346877,-0.102274723,0.0855262764,-0.364857745,0.311173215,-0.481206705,0.043378994,-0.173176294,0.131743591,0.111882419,-0.509659283,-0.233927575,0.0559414058,0.508515168,-0.215465594,0.174896883,-0.519134037,-0.243683215,-0.109154271,1.15310076,-0.107634379,0.0378035423
0.0168203661,1.13039064,0.835286527,-0.0777091362,-0.0237056159,0.738213739,-0.669656486,0.0368922795,0.233488329,-0.246494063,-0.575973468,-0.055472501,-0.156737975,-0.0783598179,0.134181742,-0.36302926,0.325761282,-0.425177,0.057825646,-0.159259573,0.183790722,0.152440788,-0.391906648,-0.263239567,0.0223713984,0.407498386,-0.207448052,0.157834656,-0.655044194,-0.248058716,-0.0811094351,1.07732958,-0.14983863,0.0347370913
0.0153576665,1.08924987,0.83824047,-0.0819782747,-0.0206721985,0.738500295,-0.668931638,-0.0114134247,0.255943199,-0.238171351,-0.653994103,-0.0337376609,-0.171445837,-0.0713749929,0.185989611,-0.360526782,0.317831991,-0.391492725,0.0627765495,-0.146767573,0.209445649,0.177316386,-0.262604111,-0.277757546,-0.00887665035,0.286346916,-0.185294715,0.128303978,-0.75310559,-0.242914428,-0.0638552693,0.924294092,-0.158025563,0.0562358632
0.0140690951,1.04820659,0.836856431,-0.086314947,-0.0191017211,0.738871173,-0.668022637,-0.0701984241,0.288791266,-0.233299534,-0.714322928,-0.011479521,-0.198443049,-0.0690377727,0.228480125,-0.362566302,0.308398361,-0.360932712,0.068936781,-0.137134367,0.207935349,0.186699683,-0.144526686,-0.280520405,-0.0154585076,0.181479931,-0.18161357,0.109989607,-0.824609277,-0.223906845,-0.047852385,0.719777307,-0.139616695,0.088205172
0.0134703718,1.0068817,0.831272801,-0.0911057615,-0.021192306,0.740865885,-0.665107785,-0.113482769,0.324557191,-0.22267878,-0.798729697,-0.0153547097,-0.209597049,-0.0463365082,0.264255514,-0.361972074,0.289386051,-0.34530658,0.0894387792,-0.129373438,0.234037827,0.183956607,-0.0491972673,-0.279189075,-0.0049549353,0.106042019,-0.194638838,0.0891893103,-0.86306841,-0.193294361,-0.0402402796,0.447761323,-0.0823281116,0.118151368
0.0123311928,0.964538053,0.823064985,-0.0995353068,-0.0289090883,0.743430975,-0.660732451,-0.186363268,0.364319437,-0.206142813,-0.844244076,-0.0042615521,-0.231914837,-0.0389055255,0.268135419,-0.363857509,0.250551485,-0.338072955,0.11035753,-0.131285447,0.240325407,0.197131045,0.00584683432,-0.275780502,-0.00985160611,0.0887723666,-0.225425836,0.0673402546,-0.889191379,-0.176041672,-0.0510700955,0.184745656,-0.0414022764,0.13381565
0.00981507354,0.921275658,0.8126827,-0.102075637,-0.0287897031,0.745539665,-0.657968331,-0.211871179,0.401523993,-0.195864912,-0.892867276,-0.0290915546,-0.244636263,-0.0331572383,0.297366314,-0.372167901,0.227278313,-0.34048335,0.117585017,-0.131444711,0.242944386,0.196105191,0.0611298441,-0.270969665,-0.0104566077,0.118982019,-0.255418969,0.0431270695,-0.928572624,-0.153359234,-0.0543807522,0.114778418,-0.036732817,0.137246412
0.00777076313,0.876016298,0.802897331,-0.100288549,-0.0262874129,0.74837247,-0.655125808,-0.220723808,0.419345914,-0.180113311,-0.91860549,-0.0210616523,-0.24961705,-0.0149421452,0.317394742,-0.379753025,0.211688723,-0.335933251,0.110026497,-0.128802789,0.243750748,0.217300683,0.0983875767,-0.260401353,-0.0357397968,0.214945028,-0.285269759,0.0231012532,-0.944719126,-0.146409426,-0.0328123171,0.172279696,-0.0544748362,0.121455764
0.00662931642,0.829020694,0.792632992,-0.0860196077,-0.0138647456,0.750443671,-0.655166157,-0.168454937,0.421419224,-0.180438277,-0.930199307,-0.0234887136,-0.246363213,-0.01728624,0.372444973,-0.38708726,0.2031045,-0.335415198,0.106268579,-0.119953749,0.240553558,0.221356574,0.14106355,-0.248103739,-0.0468335126,0.376718615,-0.297405378,-0.00874368686,-0.943209649,-0.12604821,-0.00996433892,0.365467376,-0.0500217385,0.101300516
0.00451822595,0.781557667,0.785236953,-0.0701149653,-0.00934120339,0.749595841,-0.658105393,-0.121784835,0.406668247,-0.193768387,-0.928994359,-0.0114746172,-0.215887106,0.00621365375,0.408718009,-0.374437216,0.200008451,-0.348360487,0.102926413,-0.102790565,0.224952051,0.245703011,0.169222655,-0.210531853,-0.0639722994,0.529243502,-0.221227127,-0.0561468542,-0.946407376,-0.129487699,-0.021754457,0.581520745,-0.0259941993,0.0533326077
0.00131518911,0.734627197,0.783674385,-0.0590345857,-0.0131672094,0.749871502,-0.658812775,-0.0951617137,0.446738236,-0.198248285,-0.901237875,0.0383136177,-0.17696716,-0.0749924053,0.377566728,-0.363062482,0.210521,-0.33289318,0.0913924379,-0.0571764543,0.259258656,0.288734749,0.171135825,-0.155625446,-0.0590311045,0.640829868,-0.00336979682,-0.146633311,-0.921474301,-0.126973398,-0.0549259119,0.720006047,-0.0798940931,0.0681484329
-0.0018770695,0.690104473,0.78626501,-0.0541984265,-0.0164823028,0.747450147,-0.661898136,-0.0648252356,0.421846302,-0.226911408,-0.844889944,0.103060259,-0.152227711,-0.0560061171,0.332423806,-0.345332236,0.235384879,-0.329604337,0.0750861042,-0.0479957839,0.241757539,0.27883813,0.117608383,-0.0997229662,0.00429170575,0.788383664,0.143759818,-0.140315772,-0.896388076,-0.111409145,-0.0801364444,0.820378717,-0.181648785,-0.0144033844
-0.00469684391,0.649148965,0.793500074,-0.0500602805,-0.0186958819,0.739013529,-0.671567894,-0.0575475059,0.396279619,-0.263318429,-0.754289287,0.0898756156,-0.128282885,-0.0905193791,0.305665197,-0.330780829,0.250326638,-0.381029951,0.0396284883,-0.0455735609,0.22058382,0.234935166,-0.0143319556,-0.034788069,0.0799656582,0.98863772,0.0498583437,-0.0944339173,-0.838428395,-0.0827855819,-0.0969833112,0.846062336,-0.245893884,-0.0483803423
-0.00568284179,0.611165986,0.803532476,-0.0471327486,-0.0213126084,0.731025166,-0.68038701,-0.0566539132,0.369192397,-0.301230336,-0.6346338,0.044613343,-0.110923763,-0.10256615,0.25731309,-0.319917275,0.268315796,-0.430264964,0.00452797409,-0.0653395516,0.188860597,0.181733811,-0.175241061,0.00338846599,0.119435555,1.13442192,-0.0561923444,-0.0434530916,-0.766625492,-0.0471080303,-0.102175171,0.822568729,-0.275228895,-0.0721933634
-0.00654509463,0.571932969,0.814809154,-0.0412292897,-0.0226840997,0.726817794,-0.685216369,-0.01264767,0.337259234,-0.31104407,-0.556025556,-0.0231231475,-0.114107843,-0.0937128652,0.216699091,-0.311726053,0.271539086,-0.513562246,-0.0424808701,-0.0798463103,0.182514393,0.131082575,-0.310189706,0.0350699177,0.147089186,1.17951276,-0.129119439,-0.0287297056,-0.676711788,-0.00411917759,-0.0976153115,0.779782616,-0.3038325,-0.0771662521
-0.0069595362,0.532375878,0.825937808,-0.0371556923,-0.0243401575,0.723578587,-0.688811323,0.0350877217,0.310942313,-0.31691426,-0.476632604,-0.0725867889,-0.112433822,-0.0983630561,0.167388735,-0.316372632,0.282132718,-0.604240451,-0.0538845524,-0.103432586,0.144802624,0.0810737057,-0.439578075,0.0611722718,0.168244657,1.15537053,-0.191617693,-0.0155901595,-0.571547101,0.0265887063,-0.0986925233,0.699167865,-0.306063526,-0.0703213945
-0.00676867637,0.494059735,0.834376168,-0.0370206358,-0.028393405,0.721911099,-0.690411219,0.0754900625,0.285351402,-0.312108635,-0.410367081,-0.100981019,-0.104254207,-0.122839655,0.103762466,-0.329640323,0.293646204,-0.694426313,-0.0658003925,-0.115803997,0.106684429,0.0522758544,-0.557590196,0.0741806581,0.173758238,1.05182647,-0.203306901,-0.0121581763,-0.47412263,0.0469109177,-0.094062392,0.60764933,-0.291457546,-0.0558048245
-0.00563641306,0.456959129,0.83911513,-0.0350509315,-0.0314883225,0.719963063,-0.692411082,0.127130587,0.27133541,-0.308191526,-0.363672145,-0.142403339,-0.107583253,-0.134190059,0.0515352379,-0.345919173,0.301940693,-0.792119508,-0.0839214859,-0.136242553,0.106824133,0.0282895651,-0.648627412,0.0867995647,0.176109601,0.892051405,-0.209490436,-0.00707893191,-0.375254854,0.0632511374,-0.089091999,0.522069641,-0.278344761,-0.0308600789
-0.004484137,0.419731611,0.840224477,-0.0354276441,-0.035842327,0.718823341,-0.693363696,0.179090925,0.262779866,-0.308667614,-0.335864134,-0.179588703,-0.108714559,-0.149558208,0.00179186599,-0.381008291,0.328779656,-0.896716393,-0.10271078,-0.156969104,0.069758016,0.0198353336,-0.713153791,0.0844998157,0.177148162,0.677258002,-0.194713333,-0.0236131486,-0.28800271,0.0680656288,-0.0988686831,0.44945276,-0.293794527,-0.0196285197
-0.00370280069,0.382229191,0.83745915,-0.0363439239,-0.0415228242,0.717140755,-0.69474032,0.225325962,0.257139939,-0.300380981,-0.31476917,-0.201350418,-0.122530117,-0.152653666,-0.047443726,-0.406994758,0.329946703,-0.988987536,-0.127591945,-0.166567204,0.0494065053,0.0272328885,-0.746662301,0.0574850128,0.152279761,0.404277289,-0.13486842,-0.0487820069,-0.198880584,0.0735103141,-0.122754211,0.375192081,-0.300346131,-0.0042468209
-0.00158054045,0.345353911,0.830428664,-0.0369615017,-0.0471460144,0.714570862,-0.696993245,0.270043962,0.25475639,-0.303627827,-0.30631431,-0.267161678,-0.125094014,-0.132681707,-0.0892472106,-0.429066023,0.321213642,-1.056378,-0.140013715,-0.179999758,0.0228315514,0.0243149651,-0.768328206,0.0334178491,0.134520276,0.1664866,-0.0790491326,-0.0638110668,-0.141147236,0.0759668659,-0.141930589,0.364213024,-0.335664543,0.0125276106
0.000540571707,0.304857463,0.822634319,-0.0453261205,-0.0527130735,0.710646408,-0.700106105,0.272060677,0.245444365,-0.285747732,-0.308354479,-0.233452603,-0.0996579411,-0.166282641,-0.150154081,-0.464359673,0.305701184,-1.09533528,-0.141467624,-0.181653995,0.0187680363,-0.0130486528,-0.795601962,0.0196292771,0.11390518,0.0413622991,-0.060071524,-0.0739103278,-0.0915110646,0.0675797129,-0.116395527,0.350389901,-0.350791874,0.027613711
0.0024058746,0.263967379,0.813730526,-0.0426317861,-0.0539095502,0.705911844,-0.704957275,0.298244707,0.252461709,-0.287078127,-0.299329772,-0.255535113,-0.10511477,-0.169604348,-0.156638574,-0.474766364,0.289462465,-1.11964019,-0.137323811,-0.186466022,0.00284518519,-0.0314796796,-0.815518561,0.0171803747,0.10191742,0.0739606502,-0.0586968623,-0.0621574658,-0.0470900819,0.0701408204,-0.10189333,0.405494277,-0.372314819,0.0404217128
0.0056662594,0.22110872,0.804876511,-0.0384102664,-0.0500488504,0.701758523,-0.709615909,0.313582416,0.257126351,-0.287358804,-0.283760826,-0.244845347,-0.110994686,-0.178874526,-0.1443516,-0.475993974,0.276763769,-1.11387903,-0.150672577,-0.183382975,-0.0115496432,-0.0471500028,-0.830718825,-0.00275893397,0.0673282092,0.219506544,-0.0894868604,-0.0561234715,0.00895238298,0.0656778976,-0.0813185347,0.465321192,-0.354184787,0.0776440122
0.00978227325,0.176961716,0.795300372,-0.0259272088,-0.0327150358,0.701630115,-0.711317572,0.370906192,0.253657376,-0.288374744,-0.283733275,-0.235739075,-0.102575993,-0.185541675,-0.0764726463,-0.47884163,0.283554234,-1.09657748,-0.131894437,-0.166456314,0.00137483744,-0.0563171289,-0.816657891,-0.0354993269,0.0226908663,0.391611445,-0.0441623327,-0.0314902973,0.0800775513,0.0390212296,-0.0873632731,0.57171592,-0.287871327,0.108567075
0.013724355,0.133958767,0.790864831,-0.0259635437,-0.0225146526,0.703039419,-0.71032004,0.370197407,0.237068007,-0.288283118,-0.273217986,-0.219173663,-0.0946204978,-0.175582321,-0.0491720659,-0.470499633,0.294241535,-1.03654003,-0.136502912,-0.165327385,0.000259307178,-0.0747398605,-0.816707097,-0.050677851,0.0407266328,0.552738903,-0.0299392036,0.0276601706,0.122794641,-0.00263313947,-0.092462612,0.636896116,-0.0739679339,0.137289945
0.0166723852,0.0918488356,0.791474874,-0.0263795089,-0.0169978258,0.704137477,-0.709369867,0.345156177,0.229979013,-0.289667977,-0.26843246,-0.20408105,-0.0929540524,-0.17196626,-0.0295123,-0.449039707,0.305922878,-0.934683072,-0.123502031,-0.15390391,0.0267901846,-0.0910317481,-0.803740938,-0.0641040233,0.0483883748,0.68152188,-0.096245968,0.0891634416,0.124026665,-0.0322974704,-0.0836028685,0.72646634,0.154688378,0.135944533
0.0204567199,0.0555355575,0.79612283,-0.0313250584,-0.016429419,0.707550791,-0.705776659,0.292120772,0.225181884,-0.300360793,-0.277854758,-0.175633456,-0.0927546228,-0.189658302,-0.0338253499,-0.404462943,0.286157562,-0.800303847,-0.0975226754,-0.140334106,0.0946830668,-0.0871825566,-0.775292982,-0.0806059784,0.0621315873,0.730131427,-0.154991509,0.139442167,0.0299989983,-0.0989272857,-0.121968136,0.907204304,0.228628425,0.111026578
0.0233951937,0.0210910732,0.805042089,-0.0357520991,-0.0127936103,0.713642963,-0.699479687,0.239706398,0.220735158,-0.313844549,-0.306578785,-0.140284391,-0.0968360408,-0.179861924,-0.0310954105,-0.386818652,0.315752188,-0.685490259,-0.0556701603,-0.114989387,0.143624499,-0.0509204633,-0.710368163,-0.116970242,0.0637486199,0.711373976,-0.194601996,0.154039002,-0.110969558,-0.158677709,-0.150689136,1.06818712,0.123721273,0.0738693148
0.025133063,-0.014088705,0.814980423,-0.0374595966,-0.00674591349,0.718884803,-0.694086386,0.190762263,0.225618561,-0.320432434,-0.357622557,-0.114543744,-0.106066866,-0.136781137,-0.014525643,-0.37212491,0.340938706,-0.578691549,0.00299640907,-0.108599666,0.162029526,-0.00260255713,-0.617201044,-0.157171145,0.050920633,0.656444799,-0.220610998,0.167720154,-0.247501555,-0.211321013,-0.176111193,1.16155887,-0.011739658,0.0346447757
0.0263618768,-0.0475618876,0.824113616,-0.0398842127,-0.00123533287,0.720570971,-0.692232041,0.1271173,0.231980705,-0.321151887,-0.402494197,-0.0916760231,-0.111524839,-0.141825129,0.0231219218,-0.36954311,0.344581255,-0.511467059,0.0389508613,-0.0881383311,0.224468195,0.0431529819,-0.524116447,-0.193148979,0.035693011,0.592908219,-0.226204097,0.161454903,-0.377178896,-0.235049563,-0.18056034,1.17772121,-0.0953529517,0.0269520981
0.0257206094,-0.0807200771,0.832254659,-0.0421517884,0.00352972154,0.723575959,-0.688947458,0.059679657,0.218193228,-0.288229442,-0.443919988,-0.137429123,-0.126221169,-0.134143938,0.0722005453,-0.353753913,0.337474813,-0.448975994,0.0919335908,-0.149875939,0.190596707,0.101690604,-0.413503563,-0.221732765,0.00497348843,0.494183672,-0.204617488,0.151738511,-0.486589791,-0.245398717,-0.184960538,1.11516158,-0.149599014,0.0196255438
0.0252406989,-0.114193744,0.836938835,-0.0452876217,0.00665582804,0.725049799,-0.687173574,0.0107298432,0.237400912,-0.287819478,-0.523190327,-0.112117068,-0.142401758,-0.107602242,0.118838357,-0.353708524,0.32810181,-0.410768897,0.0792592521,-0.145431414,0.188573689,0.138980476,-0.318585099,-0.237678227,-0.0135914421,0.418700436,-0.202718044,0.132407267,-0.576751322,-0.248499252,-0.182217008,0.985346651,-0.177560525,0.0368410757
0.0249862192,-0.147552145,0.839160386,-0.0498388453,0.00848787151,0.72440932,-0.687513769,-0.0471490547,0.264576281,-0.298230687,-0.593086594,-0.0989735687,-0.16725336,-0.0864887037,0.163429489,-0.354185015,0.312303522,-0.384287222,0.0761751739,-0.13973696,0.186174538,0.153701407,-0.221157919,-0.246534483,-0.031864787,0.327371654,-0.199617235,0.115173749,-0.644389724,-0.236363854,-0.161806402,0.787656683,-0.162014357,0.0673920191
0.0247158547,-0.181474928,0.838043641,-0.0546762953,0.00785320949,0.723775327,-0.687821275,-0.101426199,0.285354444,-0.290396801,-0.659062131,-0.0911121665,-0.18569032,-0.0680244427,0.203413559,-0.351778394,0.290257951,-0.370390881,0.0801798938,-0.137257319,0.184556804,0.143119477,-0.132278158,-0.247967121,-0.0375919568,0.246258291,-0.201799112,0.106771591,-0.68805838,-0.204309988,-0.122418105,0.528651786,-0.114416575,0.0949315315
0.0240622135,-0.214918184,0.833059537,-0.0610727237,0.00841429265,0.722790265,-0.688312106,-0.152863001,0.302121608,-0.282844494,-0.720296097,-0.0771815918,-0.198346141,-0.0473945545,0.235877744,-0.351648467,0.274369392,-0.353795606,0.0895983303,-0.134538696,0.185885943,0.112526786,-0.0625263551,-0.249958603,-0.0108496615,0.19833609,-0.247314737,0.101300896,-0.701493187,-0.172867473,-0.0960318153,0.232758979,-0.0258210744,0.122920301
0.0214197168,-0.250647665,0.825089605,-0.0673051664,0.000881121298,0.72358405,-0.686946403,-0.225856978,0.328797383,-0.260255853,-0.761751503,-0.0716453377,-0.231720953,0.00144754755,0.232002157,-0.341377098,0.267776382,-0.33391081,0.102189058,-0.139952745,0.18036017,0.111649982,-0.0148893735,-0.2401858,-0.0193679722,0.181912337,-0.278008405,0.08724016,-0.726133577,-0.146926956,-0.119621472,0.0455667072,0.0250434432,0.139693631
0.0193382774,-0.286046574,0.815665765,-0.0690442829,0.00432032545,0.724497105,-0.685797468,-0.240811416,0.334721572,-0.238833138,-0.811160434,-0.0684957526,-0.24764156,0.0176973669,0.262103677,-0.345526474,0.268748789,-0.336993241,0.101661225,-0.138148358,0.182363043,0.0997432072,0.0328906564,-0.244726895,-0.0145056687,0.213928971,-0.322048066,0.0791678354,-0.753989376,-0.131108058,-0.0975252492,0.0303547451,0.0387442367,0.137964959
0.0176595999,-0.321503994,0.806409526,-0.063366942,0.0173869849,0.728014022,-0.68240597,-0.207828048,0.323490291,-0.210182481,-0.859158923,-0.064463039,-0.257700354,0.0309344075,0.305348944,-0.356205914,0.275809299,-0.334615019,0.104422144,-0.136255571,0.184465841,0.0775720062,0.0753356726,-0.255556659,0.0106420894,0.321111826,-0.397123279,0.0679594651,-0.77011089,-0.124592757,-0.0803893247,0.16415004,0.0295892959,0.113814982
0.0152462016,-0.359551974,0.798173102,-0.058354405,0.0219402781,0.731163655,-0.679347553,-0.18575119,0.301348086,-0.190989831,-0.860719472,-0.0457493883,-0.238334015,0.0506824965,0.314712763,-0.352296225,0.270868458,-0.332989573,0.107865383,-0.131515606,0.180697285,0.117600695,0.0884908662,-0.246659384,-0.0141879596,0.464044927,-0.433753846,0.0481231108,-0.777503372,-0.162331643,-0.118498094,0.342676947,0.0778648497,0.0759119124
0.011719152,-0.397698951,0.794387433,-0.0491202217,0.0250822373,0.734708769,-0.676136902,-0.168140626,0.294636126,-0.190105939,-0.828717764,-0.0581539811,-0.192642825,-0.0134655818,0.321100618,-0.342517647,0.244266348,-0.339427825,0.126076757,-0.120246381,0.181522181,0.153474008,0.115394485,-0.224820286,-0.0435410261,0.57494946,-0.387483282,0.0138028359,-0.775554621,-0.163799634,-0.0911870609,0.501408546,0.0763955345,0.0574750119
0.00916378024,-0.436682572,0.794351422,-0.0329085517,0.0289160097,0.740160863,-0.671001333,-0.106039694,0.284956301,-0.183409979,-0.796426339,-0.0640428593,-0.222164881,-0.0118337086,0.336484517,-0.3286758,0.238138904,-0.3564931,0.140329255,-0.120169885,0.167221125,0.169936206,0.161615668,-0.187343515,-0.0267058347,0.655180025,-0.247998394,-0.0464886582,-0.73662769,-0.132069995,-0.0938575189,0.624755017,0.0186468139,0.0365195049
0.00475455544,-0.471445916,0.796457591,-0.0278891292,0.0256468977,0.746638277,-0.664150372,-0.0866695193,0.261130704,-0.206494538,-0.703161311,-0.0355202597,-0.19676473,-0.0399594855,0.306252862,-0.311296518,0.224840825,-0.376874995,0.110280213,-0.132698734,0.168320137,0.205771243,0.142010068,-0.159639782,-0.0314747852,0.752810018,-0.0447500829,-0.091039281,-0.701938729,-0.133325885,-0.12686901,0.689914781,-0.0487808397,-0.0233788621
-0.000487262819,-0.503184159,0.801234278,-0.0277050573,0.0199683622,0.749300276,-0.66134922,-0.0981318418,0.251789611,-0.216767289,-0.591869189,-0.042542922,-0.164528815,-0.091572604,0.260807055,-0.295172405,0.203169397,-0.399863281,0.101976719,-0.14049125,0.162077046,0.239964377,0.0462804574,-0.11860562,-0.0205774582,0.914974937,0.0781340361,-0.0918142341,-0.664354454,-0.123389739,-0.137492756,0.714088106,-0.0994894622,-0.0643674194
-0.00373237684,-0.533578645,0.807223321,-0.0260111519,0.0195636983,0.753826716,-0.656266687,-0.0953037673,0.238504361,-0.239651128,-0.460588555,-0.0558811215,-0.145422931,-0.142107541,0.224895744,-0.284142531,0.190765119,-0.441322459,0.0794637942,-0.157820511,0.153066769,0.230776042,-0.0707592402,-0.0562441667,0.0683035718,1.07587674,0.00833923438,-0.0574316154,-0.594895931,-0.124367623,-0.172660827,0.698370344,-0.115764364,-0.0884184872
-0.00651520317,-0.564649653,0.81422362,-0.0239944079,0.0161813639,0.761250358,-0.647811951,-0.0703764611,0.233684004,-0.2065805,-0.392177262,-0.02713056,-0.123753412,-0.157759812,0.181740007,-0.275230288,0.193162149,-0.491774963,0.0672654978,-0.164562861,0.14499724,0.20713659,-0.189021706,0.00114437786,0.145240815,1.16496239,-0.0699894081,-0.019767233,-0.5361078,-0.0976861791,-0.174299498,0.667782655,-0.147523032,-0.0994602394
-0.00840063019,-0.595445074,0.820654469,-0.0213258116,0.015458854,0.769947505,-0.637563387,-0.021272686,0.229191795,-0.18042534,-0.342990969,0.0123090902,-0.114707807,-0.166217682,0.142891062,-0.273875762,0.202450266,-0.553796121,0.0476738733,-0.176054602,0.125934958,0.157770438,-0.294641619,0.0414755862,0.202709184,1.19313269,-0.132007729,0.00516702295,-0.468371177,-0.0645501049,-0.155020447,0.616825626,-0.158818386,-0.0936388057
-0.0106067521,-0.623179067,0.826361369,-0.0200805726,0.0110550111,0.775929741,-0.630402724,0.0356136352,0.228092256,-0.169716888,-0.318899385,0.00976034705,-0.105062256,-0.167838967,0.109878212,-0.273021635,0.210895437,-0.631482508,0.0468791393,-0.182742744,0.111078778,0.124916025,-0.395867198,0.0736680096,0.23242629,1.14092744,-0.157352207,0.00898173647,-0.401853452,-0.0392261251,-0.150535326,0.5475477,-0.15094113,-0.0805715921
-0.0132845772,-0.650569429,0.829683693,-0.0173829026,0.0062182641,0.780462541,-0.624929908,0.0721527092,0.229812279,-0.16221158,-0.284174002,-0.0134478596,-0.0967817229,-0.18852677,0.0816348308,-0.273531673,0.207542673,-0.709376103,0.0605027483,-0.200190889,0.104995946,0.052058555,-0.461281588,0.0639323169,0.212204783,0.988227128,-0.0790610715,0.0110151637,-0.34056839,0.000159334953,-0.107037479,0.477919932,-0.121952885,-0.0742655966
-0.0147141783,-0.681261634,0.830956796,-0.0151823952,0.00525525028,0.788131827,-0.615296758,0.133050078,0.230646949,-0.179623646,-0.28090454,-0.0270116459,-0.101245374,-0.184943315,0.0637642145,-0.28761354,0.22249151,-0.793317448,0.0487413915,-0.205813796,0.0859868619,0.0721563482,-0.489096415,0.0908253827,0.22336309,0.788154852,-0.0411597728,0.00861604694,-0.229459652,-0.0078520986,-0.1404362,0.367240179,-0.0890197933,-0.0488848375
-0.0157153983,-0.711425174,0.830010185,-0.0195448563,0.00451631629,0.794587658,-0.606817976,0.168815939,0.221054557,-0.189602598,-0.2674703,-0.028000425,-0.115915123,-0.172544995,0.0283247792,-0.318567262,0.25591292,-0.840346365,0.0474060102,-0.228935505,0.0187663365,0.0733957917,-0.484295287,0.103416663,0.263661812,0.486624442,0.0153496086,0.0127736558,-0.150517953,-0.0214522037,-0.154949748,0.286596874,-0.0489570654,-0.0103324799
-0.0158561427,-0.73958527,0.824550371,-0.0276391639,0.00498413579,0.800308051,-0.59893093,0.209666948,0.210948545,-0.24744931,-0.277741449,-0.176558006,-0.141610103,-0.205610053,-0.00773813692,-0.399769711,0.359456534,-0.859247497,0.313964218,-0.207249083,0.0205285925,0.0955595574,-0.474818212,0.0874645645,0.329991852,0.198769057,0.0788352481,0.0146456976,-0.108408175,-0.0496075852,-0.171455176,0.273510281,-0.0328386021,0.0283506443
