0,0,0.837630104,-0.0348614232,0.0633669714,0.701301321,0.709186693,-0.0389359548,0.212672802,-0.338901574,-0.406229701,-0.16687616,-0.0811705229,-0.104465247,-0.0961606044,-0.234814741,0.386973449,-0.433773365,0.0202330021,-0.0467249904,0.0538411139,0.0734666698,-0.380401039,-0.11454118,0.0782352666,0.350129216,-0.297778745,0.140819957,-0.215973625,0.00403424975,-0.0947676112,-0.0205137287,-0.102672065,0.111222656
-0.00198874736,0.00420766026,0.836318943,-0.0378934815,0.0608336127,0.704682413,0.705893797,-0.0353889038,0.222430581,-0.354118941,-0.421830882,-0.156867836,-0.0716917596,-0.105528647,-0.0856029109,-0.237473115,0.389144958,-0.448431876,0.0106758434,-0.0355325733,0.0531655301,0.0612397713,-0.414448681,-0.105856581,0.0718162629,0.434294614,-0.325232625,0.158956532,-0.21284402,0.00991980126,-0.0963700364,-0.0127921449,-0.125419948,0.094185403
-0.0050591808,0.00780343884,0.835836068,-0.0420255176,0.0619133424,0.706319672,0.703926924,-0.033531388,0.227848343,-0.3556695,-0.433189654,-0.155805461,-0.0687919615,-0.111664496,-0.0774707183,-0.248318163,0.382976978,-0.446376258,0.0207105581,-0.0341474076,0.062965465,0.0421127585,-0.437370578,-0.100471936,0.0794692665,0.47727057,-0.337933524,0.158215757,-0.227410501,0.00929082756,-0.0856298269,0.00334343376,-0.146553214,0.0786126103
-0.00602450997,0.0180770955,0.834604384,-0.0461774479,0.0589863359,0.70824824,0.701977696,-0.0272478337,0.240971657,-0.355647468,-0.446092341,-0.150456373,-0.0663413405,-0.11777161,-0.0635367832,-0.243545335,0.370877549,-0.454327422,0.0257780604,-0.0364055303,0.066326841,0.0574745176,-0.441881961,-0.0953173952,0.0655582654,0.51124567,-0.359319227,0.157890169,-0.215288063,0.0182010298,-0.126223832,0.0202361013,-0.186413457,0.0703025772
-0.0101223846,0.0202728206,0.833671246,-0.0502236182,0.0606426114,0.70880091,0.701000237,-0.033399825,0.24517572,-0.361543605,-0.457998483,-0.152815363,-0.0665834883,-0.123284623,-0.0590126653,-0.247371553,0.381468934,-0.456860095,0.0314665139,-0.0381031079,0.0705508469,0.03836856,-0.458523325,-0.0934788552,0.0687840411,0.533660454,-0.364682984,0.158376481,-0.27625889,0.0119738478,-0.115554107,0.131416318,-0.232681762,0.0535877622
-0.012539622,0.0263747258,0.83052651,-0.0524495831,0.0624997659,0.709092851,0.700378576,-0.0390571476,0.250957122,-0.372931468,-0.474218698,-0.154263855,-0.06547668,-0.126670232,-0.0494130186,-0.248246713,0.380814232,-0.458135653,0.0295522276,-0.0390463316,0.0729521667,0.0304886374,-0.469265345,-0.098218315,0.0689342029,0.560430619,-0.377825666,0.154669661,-0.381625157,-0.000144373793,-0.106347717,0.354570576,-0.317261168,0.0365993398
-0.0144452256,0.0322162772,0.824506101,-0.0498625181,0.0701288426,0.706877161,0.702082868,-0.0447514409,0.250972226,-0.377204548,-0.500223049,-0.15130552,-0.0672310081,-0.128808252,-0.040475345,-0.259691251,0.383804964,-0.460459106,0.0268925419,-0.040733648,0.0747104342,0.0424335997,-0.481773317,-0.126106103,0.0595510584,0.580099865,-0.404296719,0.173590813,-0.517310234,-0.0376015813,-0.10349396,0.638474859,-0.395387857,0.0398942262
-0.0169411064,0.0402035233,0.820620013,-0.0524050634,0.0809916459,0.701628926,0.705982233,-0.0725235462,0.248962937,-0.368469748,-0.519824744,-0.146730463,-0.0687433577,-0.129971764,-0.0504011592,-0.268057681,0.379217878,-0.462031928,0.0235259347,-0.0435820373,0.0806923237,0.0612941649,-0.488900078,-0.157458706,0.0491534869,0.577851748,-0.40675276,0.185828545,-0.606478123,-0.0649080844,-0.0928873068,0.784334059,-0.391188366,0.049237465
-0.0187477212,0.0478183404,0.816949115,-0.0468528371,0.0847127789,0.694957305,0.712504667,-0.0699976473,0.243385049,-0.373258481,-0.534789749,-0.144525347,-0.0656558884,-0.131828251,-0.0269741416,-0.27369569,0.384464045,-0.459692092,0.0211469244,-0.0424017961,0.0872376812,0.100053655,-0.48738838,-0.185685346,0.0462095035,0.608336699,-0.427270006,0.190965503,-0.692006834,-0.0975533321,-0.0769000424,0.930963121,-0.399498263,0.0722136375
-0.0206978708,0.0608775197,0.816541312,-0.0456487075,0.087215742,0.68865329,0.718377517,-0.0806636499,0.240309354,-0.370896004,-0.546195023,-0.143025194,-0.0591765571,-0.128692419,-0.00391968076,-0.27800567,0.37607743,-0.465938941,0.0192585545,-0.0406409578,0.0927919163,0.13853188,-0.463135,-0.203681151,0.0379394221,0.601979029,-0.442582151,0.192895814,-0.740480922,-0.119905525,-0.0744553053,0.943209782,-0.394424702,0.0801686507
-0.022784361,0.0723628618,0.819539067,-0.0503964694,0.0982910878,0.679845779,0.72498881,-0.152472746,0.231599804,-0.354222362,-0.510025865,-0.134495644,-0.0650900104,-0.149825067,-0.0299039144,-0.283779747,0.373339789,-0.441844561,0.0223469514,-0.0492165066,0.116498871,0.157855842,-0.384766462,-0.225304709,0.0186357428,0.425394347,-0.360595131,0.198594586,-0.802311907,-0.141407296,-0.0639743655,0.859556241,-0.352314284,0.07641603
-0.0237163881,0.0871394695,0.818926931,-0.0484131645,0.100132551,0.672087141,0.732071385,-0.15476447,0.234331345,-0.359646189,-0.531689878,-0.130972919,-0.0722779788,-0.140621831,-0.00313575442,-0.288148716,0.376083414,-0.443871417,0.0190328422,-0.052849414,0.106768656,0.17561421,-0.358467428,-0.232481302,0.0276333363,0.42780097,-0.379773809,0.187975981,-0.856307463,-0.158941166,-0.0618667442,0.811362934,-0.337371678,0.0823621685
-0.0235623427,0.10271167,0.818730026,-0.0481965334,0.105521725,0.664374807,0.738341639,-0.181345296,0.238311924,-0.355408514,-0.538986797,-0.115871377,-0.0810999495,-0.140813495,-0.00422783131,-0.292355559,0.376479857,-0.421296142,0.0353049408,-0.0479713671,0.106555701,0.171557649,-0.273728143,-0.236362234,0.0396656574,0.294218702,-0.345889111,0.175439352,-0.885201864,-0.142773908,-0.0389239978,0.675208162,-0.237186244,0.0926519799
-0.0238172211,0.119053077,0.814948339,-0.0465006314,0.109142362,0.656830131,0.744647444,-0.184721391,0.242375459,-0.360885532,-0.566320984,-0.121166132,-0.087387667,-0.13094084,0.018151106,-0.296467029,0.358668783,-0.422771025,0.0211778496,-0.0512518265,0.10329615,0.192967669,-0.248601311,-0.248720984,0.0358761314,0.297528454,-0.367869375,0.176556471,-0.937310826,-0.144791011,-0.0273956535,0.622727749,-0.183939045,0.113079959
-0.0240395193,0.136211851,0.810775568,-0.0469625758,0.113935536,0.650075741,0.749809803,-0.197949899,0.248413396,-0.361661304,-0.584171359,-0.122755977,-0.0932657631,-0.120326756,0.030668868,-0.303014986,0.341927153,-0.414365578,0.00897856885,-0.0565760487,0.0980801093,0.20606409,-0.219708794,-0.258264929,0.0358813092,0.285522402,-0.387674336,0.170292637,-0.981973056,-0.138830814,-0.0134846243,0.549741043,-0.139839897,0.135405854
-0.0237076304,0.155538629,0.805801894,-0.0470875025,0.118317937,0.643035516,0.755174786,-0.208483137,0.257278478,-0.361085328,-0.596075448,-0.125392212,-0.0958489634,-0.113173667,0.032081269,-0.306523912,0.341932132,-0.400345297,0.0181925467,-0.0512101216,0.0925790828,0.215571478,-0.185045657,-0.264319753,0.0422480065,0.272594888,-0.406923799,0.167088024,-1.01276846,-0.136561181,-0.00932665886,0.480110625,-0.0961175334,0.149215939
-0.0232538648,0.176040945,0.800625785,-0.0473545579,0.122481511,0.63777377,0.75894693,-0.217811138,0.259423078,-0.353533258,-0.594568188,-0.127717567,-0.0925578354,-0.104021086,0.0332577363,-0.30801166,0.3350108,-0.388479091,0.0193107935,-0.0472140278,0.0902780029,0.220479651,-0.152972299,-0.269932282,0.0441225129,0.268059765,-0.423004133,0.160026616,-1.03440332,-0.133029746,-0.00803480375,0.427662531,-0.0686816742,0.153995357
-0.0227058706,0.199381281,0.795750102,-0.0462198485,0.125589497,0.633217093,0.76231694,-0.221997398,0.257626891,-0.34896186,-0.583204015,-0.131796787,-0.0874406239,-0.10149351,0.0345599156,-0.312425171,0.335861595,-0.381937286,0.0276460341,-0.0445566741,0.0891438982,0.220029533,-0.118760383,-0.27399513,0.0445720247,0.276718647,-0.43546039,0.157518282,-1.04271178,-0.124220405,0.00286489015,0.415165014,-0.0605280511,0.153771595
-0.0214995946,0.224712213,0.790376531,-0.0344013752,0.122799049,0.631053959,0.76518484,-0.201866803,0.234280055,-0.352589288,-0.546107831,-0.131223864,-0.0732662694,-0.102217345,0.0562456444,-0.32360558,0.344272845,-0.370105847,0.0337087329,-0.0364385949,0.0920057998,0.211857846,-0.0684076552,-0.28546587,0.0395565943,0.316017405,-0.453473697,0.14809932,-1.02828596,-0.116970627,0.0277666967,0.482890214,-0.0437224116,0.145739031
-0.0186626786,0.25179713,0.78663372,-0.0319240449,0.117937472,0.631424157,0.765751358,-0.197897366,0.227870896,-0.37363173,-0.489390711,-0.103245636,-0.105412631,-0.110364951,0.0600607826,-0.329418193,0.35587761,-0.358020199,0.0699030029,-0.0714735933,0.13581133,0.222893997,-0.05448717,-0.269720453,0.0399313228,0.407309273,-0.487230499,0.0607944705,-1.02474511,-0.121465256,0.0261531439,0.591815573,-0.0571281983,0.130512446
-0.0164167765,0.281079366,0.784828949,-0.032047703,0.112115548,0.630010538,0.767782371,-0.166456607,0.222564751,-0.374454233,-0.466721257,-0.100828586,-0.103976201,-0.0940703752,0.0586334504,-0.323828847,0.365924999,-0.351128837,0.0663007625,-0.0716732154,0.138587645,0.223681623,-0.0441169307,-0.250676079,0.0432390938,0.497410421,-0.466820555,0.0134054485,-1.01328171,-0.108784206,0.0271613655,0.67822664,-0.0817797061,0.110183563
-0.0136340172,0.311163738,0.784447181,-0.0328929392,0.0974310511,0.631565533,0.768472655,-0.103533865,0.235251213,-0.385606193,-0.468294621,-0.0918222983,-0.0889938021,-0.0891108094,0.0750844493,-0.306394998,0.369159781,-0.365128672,0.0787717701,-0.0642490206,0.142508447,0.215555546,-0.0359996011,-0.208894137,0.0535972008,0.613337671,-0.406773759,-0.046060014,-0.984417475,-0.0743128662,0.0101080893,0.766796119,-0.150412629,0.0686762158
-0.0103437746,0.340921452,0.786147749,-0.037371738,0.0878985225,0.635995178,0.76575932,-0.0692145093,0.253404194,-0.401396618,-0.458662981,-0.102759193,-0.0748324491,-0.103872058,0.0706623886,-0.2847841,0.365427745,-0.377691287,0.0461529041,-0.0517458417,0.148205903,0.211327293,-0.0411382316,-0.170353065,0.0515756379,0.700022425,-0.258333831,-0.107841561,-0.949113737,-0.0575225319,-0.0184906629,0.817469395,-0.212262017,0.0195909683
-0.00743152713,0.367795906,0.789100913,-0.0416965847,0.0824437259,0.642942612,0.76032179,-0.043869712,0.271072468,-0.41590744,-0.45829003,-0.100845906,-0.0604736318,-0.120677523,0.0565952398,-0.269096469,0.359498606,-0.392206542,0.00188963966,-0.046603977,0.143680388,0.183131133,-0.0893437831,-0.133178519,0.0652500725,0.819170645,-0.111741376,-0.111176022,-0.915930355,-0.0277252786,-0.0275265234,0.841560091,-0.259435857,-0.0221998371
-0.00414222302,0.394903883,0.792598628,-0.048063727,0.0831633878,0.651748493,0.752328141,-0.031875331,0.276271515,-0.419933605,-0.446753928,-0.094308948,-0.0712210146,-0.115965814,0.030781277,-0.261668365,0.367119903,-0.423831522,-0.0120223842,-0.0611382609,0.121851382,0.163827317,-0.221434597,-0.0700083034,0.10835654,1.01330602,-0.148534064,-0.0768157055,-0.890111464,-0.0185616657,-0.0410479367,0.859841811,-0.316718047,-0.0513661307
-0.00182905285,0.421549208,0.798445923,-0.0520883382,0.0820966683,0.662713641,0.74253456,-0.0132010242,0.276005067,-0.409367912,-0.438098586,-0.105674664,-0.0777739814,-0.111398074,0.00821980807,-0.264903667,0.378079592,-0.464701769,-0.00411127785,-0.0808758057,0.111771392,0.124543265,-0.359510018,-0.00316320783,0.148231883,1.15112447,-0.212062332,-0.0357385788,-0.842307286,-3.21660167e-05,-0.0494003024,0.845981833,-0.356721452,-0.0635339921
0.000398511993,0.448312724,0.805588262,-0.0554666065,0.0802106591,0.67389733,0.732360632,-0.00282129809,0.27610432,-0.4049165,-0.426578224,-0.0967564208,-0.064416537,-0.105164395,-0.023168002,-0.266407518,0.389850359,-0.49579131,-0.0197797048,-0.0696109796,0.116693538,0.0751200525,-0.494834051,0.0394729175,0.159005146,1.20654188,-0.247841602,-0.00832227441,-0.778447262,0.0242816095,-0.0545849852,0.800632478,-0.376061254,-0.0718954808
0.00222454079,0.475968614,0.81265766,-0.058757189,0.0796602015,0.683717416,0.72300231,0.00445729351,0.267640214,-0.373353147,-0.410467297,-0.0962634391,-0.0717948359,-0.113666305,-0.0623210145,-0.277219291,0.395200039,-0.523745449,-0.00905166008,-0.0844456033,0.101034421,0.0318030019,-0.62110514,0.0543922866,0.155329914,1.17891935,-0.262136525,-0.00455912358,-0.703964824,0.0464010298,-0.0538442163,0.728555562,-0.380186475,-0.0715466644
0.00381987858,0.505108103,0.819017764,-0.0604588406,0.0731443081,0.694289105,0.713412417,0.0275314341,0.274751858,-0.360800508,-0.407514168,-0.0969777513,-0.0905517888,-0.124642297,-0.075469965,-0.28188023,0.388348119,-0.557754237,-0.0219304778,-0.0971113316,0.0953280904,-0.00543217208,-0.711798729,0.0791191997,0.153180236,1.08762297,-0.275628191,-0.00258295932,-0.604179457,0.0677996456,-0.0618748857,0.645297282,-0.389760618,-0.0667836618
0.0042650714,0.534355311,0.822516518,-0.062802256,0.0677212726,0.702034556,0.706128308,0.0526035736,0.280767801,-0.35432915,-0.411238313,-0.112868448,-0.100498443,-0.132542697,-0.0909285203,-0.294109374,0.387740194,-0.602473897,-0.0235501942,-0.104281239,0.0938648651,-0.0245535734,-0.781669603,0.0951492608,0.161875633,0.943261757,-0.262834471,-0.00422478348,-0.502866271,0.0875274077,-0.0599838626,0.550715025,-0.384513839,-0.0491687208
0.00454050942,0.562936856,0.82278826,-0.0662031045,0.063737009,0.707773328,0.700436763,0.0759182656,0.283323633,-0.340813743,-0.419326071,-0.12895953,-0.111564377,-0.139513992,-0.111360973,-0.302306738,0.383303959,-0.628328612,-0.0264998248,-0.121606214,0.0783264527,-0.0307850068,-0.832822943,0.0949777714,0.169728127,0.7532076,-0.227923387,-0.00834504015,-0.413955092,0.0957163846,-0.0841842413,0.474471799,-0.390896123,-0.0463131858
0.00476710767,0.592364704,0.820257133,-0.0718755091,0.0595530828,0.71099977,0.696969632,0.096504604,0.288743173,-0.336295876,-0.420353759,-0.129166322,-0.115238413,-0.134151262,-0.137691763,-0.308720963,0.391524824,-0.650137466,-0.0285497328,-0.126611993,0.066490025,-0.0298821447,-0.848238718,0.0662452939,0.137917502,0.491039322,-0.125582904,-0.0323142309,-0.321712693,0.112097902,-0.101706035,0.384658885,-0.394436978,-0.0474265485
0.00415675507,0.623006283,0.814941052,-0.075369306,0.0545979517,0.712575652,0.69539519,0.106562767,0.285827919,-0.329665583,-0.393949762,-0.130482914,-0.13719983,-0.141611781,-0.166082682,-0.317032744,0.389507225,-0.651794981,-0.0264916184,-0.143656122,0.0722955044,-0.0107805541,-0.852545331,0.0218137999,0.0737366235,0.252582049,-0.0663667356,-0.0513852433,-0.23426441,0.123592157,-0.123429489,0.32215529,-0.410986615,-0.0427425641
0.00416015731,0.655567825,0.806866583,-0.0774993712,0.0507548071,0.713759781,0.694236827,0.133479456,0.288165876,-0.330166343,-0.406407131,-0.127700796,-0.137269811,-0.140454385,-0.168442863,-0.321953965,0.381983113,-0.674742775,-0.0180138889,-0.147386136,0.0584354275,0.00121028727,-0.88811406,-0.00152074516,0.0283525055,0.178257531,-0.0809987461,-0.0499090855,-0.204775107,0.129131861,-0.145183593,0.388156925,-0.477805144,-0.0335465848
0.0030134055,0.68896667,0.799675389,-0.0789706357,0.0571306432,0.714652439,0.692655484,0.122397415,0.275198534,-0.331910956,-0.408236982,-0.132007179,-0.135886793,-0.140755542,-0.191170696,-0.341475357,0.368738536,-0.677177626,-0.0122440041,-0.147832423,0.045804158,-0.0025834582,-0.90346333,-0.0215392601,0.0370442498,0.170732898,-0.0792070749,-0.0421854211,-0.181371791,0.117207886,-0.138500284,0.432353652,-0.512637127,-0.027612289
0.00176683137,0.722575607,0.791250695,-0.0726164453,0.045122916,0.715638513,0.693218792,0.135941333,0.266449625,-0.338518647,-0.375535363,-0.150131833,-0.108634976,-0.139986714,-0.17403327,-0.325775822,0.361838904,-0.642464736,-0.0162643853,-0.130566169,0.033789555,0.00150999615,-0.90729709,-0.0268730155,0.0199558206,0.311112242,-0.0685619652,-0.0205959602,-0.148306407,0.123118628,-0.142609558,0.551472545,-0.549883001,-0.0124739819
-0.000374179357,0.75790443,0.786227963,-0.0673833159,0.0421663359,0.715125835,0.694461323,0.138326639,0.254562517,-0.345845434,-0.361658261,-0.149605039,-0.102253279,-0.138677917,-0.161066286,-0.317402704,0.355579509,-0.605410612,-0.0219400907,-0.13280199,0.0148791797,-0.0112962423,-0.936880753,-0.0238013502,0.0130887288,0.488936583,-0.0600641543,0.00541741664,-0.11466604,0.115443401,-0.12895257,0.627079093,-0.502309792,0.0219822508
-0.00234602119,0.795830703,0.784944279,-0.0557344717,0.0406594469,0.717421559,0.693214819,0.152366452,0.240820571,-0.360126993,-0.365416487,-0.149417057,-0.0938598005,-0.140282694,-0.10582022,-0.316753248,0.352276833,-0.586321497,-0.0353271867,-0.112307027,0.0293131398,-0.0157172547,-0.924457989,-0.0372017973,0.0212139106,0.627033946,-0.0924161933,0.0200910009,-0.0652403539,0.0886853748,-0.128724426,0.696378078,-0.367979639,0.0631936355
-0.00556106079,0.832992375,0.787044896,-0.0471021535,0.0431076568,0.714483449,0.696732745,0.112975273,0.201890879,-0.328193186,-0.315608638,-0.179179865,-0.114639463,-0.172676448,-0.0888438108,-0.294884439,0.333198664,-0.517454476,0.0304948686,-0.161347627,0.0311062154,-0.0252596768,-0.885753697,-0.053059835,0.0288192466,0.695088173,-0.120061522,0.0953474674,-0.0329851385,0.0557539868,-0.114083577,0.741491274,-0.0916760926,0.0823624145
-0.00899140704,0.867403186,0.790023318,-0.0410376774,0.0454377881,0.709871344,0.701665156,0.0953812732,0.188519235,-0.314249792,-0.319690976,-0.181782898,-0.121086471,-0.175682447,-0.0644800027,-0.297310561,0.342000539,-0.496892803,0.043734594,-0.176581084,0.0622002693,-0.0195141565,-0.845484418,-0.0702863186,0.0409108918,0.747197763,-0.178616696,0.136151043,-0.0719483647,0.0167073626,-0.113434532,0.875341477,0.0711800063,0.0886735571
-0.0118793961,0.900709311,0.796143021,-0.0373323543,0.0486930881,0.70423207,0.707313559,0.076806827,0.187158267,-0.319472689,-0.348173827,-0.178599609,-0.110452442,-0.170173291,-0.0402234047,-0.298194401,0.3583993,-0.478456914,0.0412932892,-0.171096001,0.0846881247,0.00898230618,-0.789182063,-0.092808185,0.0504752664,0.752301356,-0.226596418,0.15464351,-0.181475044,-0.0622050215,-0.165118389,1.05313263,0.0187448193,0.063416988
-0.0134370509,0.933348644,0.803583197,-0.0335734314,0.0532164218,0.695948415,0.715329743,0.0438131893,0.187678782,-0.326748155,-0.361011943,-0.186724895,-0.109229268,-0.156005574,-0.0223823225,-0.302619886,0.367981268,-0.468699541,0.0588539855,-0.169733013,0.105988236,0.0499715666,-0.719311014,-0.119097362,0.0566831125,0.722803599,-0.26024641,0.162095508,-0.309670244,-0.159887586,-0.213909532,1.16715328,-0.0708057463,0.0245192083
-0.0147375813,0.965819608,0.810688057,-0.027959954,0.0571734331,0.688254078,0.722672653,0.00185898957,0.188777795,-0.344900559,-0.364195659,-0.181747079,-0.112800385,-0.141088357,0.00118856308,-0.304537439,0.355453212,-0.451692789,0.0373368871,-0.170088366,0.115059222,0.0905708646,-0.639154622,-0.148659183,0.0535250878,0.680220695,-0.285901275,0.168169655,-0.433430258,-0.227882093,-0.234034888,1.20191304,-0.137852988,0.0102951004
-0.0158262886,0.998532506,0.816825355,-0.0213502798,0.0598613671,0.682559946,0.728060919,-0.0357071235,0.201257294,-0.369694434,-0.388109336,-0.193393457,-0.116445363,-0.137618455,0.0292751804,-0.30941117,0.338407692,-0.442387211,0.02697693,-0.164507105,0.122156237,0.126005109,-0.545881264,-0.17687996,0.0470170717,0.621227078,-0.307456042,0.168940197,-0.542935404,-0.273743119,-0.243634851,1.15878298,-0.198448848,0.0114304221
-0.0163172433,1.0315604,0.821552429,-0.014591165,0.0640654109,0.67586817,0.734087827,-0.0682891395,0.216982575,-0.378399757,-0.42043471,-0.196282093,-0.122669973,-0.13050371,0.0595944497,-0.31704043,0.329348476,-0.444361455,0.0540622663,-0.160005447,0.108039995,0.148756321,-0.438779867,-0.196174111,0.049027538,0.533654155,-0.315700023,0.165191966,-0.633230898,-0.305403515,-0.246329553,1.05210456,-0.224872909,0.0290677282
-0.0161486109,1.06526237,0.824129846,-0.0184320601,0.0710556647,0.668735079,0.739868059,-0.134472675,0.249459287,-0.378294579,-0.446597968,-0.191312636,-0.135968983,-0.11557217,0.0420306779,-0.311741139,0.307058403,-0.420251944,0.0361598939,-0.162510778,0.104957291,0.146774096,-0.334575385,-0.198018387,0.0528865175,0.404842804,-0.298139722,0.151345872,-0.716478521,-0.293565118,-0.248168161,0.868108111,-0.189631794,0.0467535829
-0.0155747723,1.09916172,0.823309196,-0.0138531418,0.0760913244,0.663221084,0.744416546,-0.166696391,0.272805345,-0.378049902,-0.48176981,-0.197377716,-0.151531147,-0.111993009,0.0561830002,-0.318469543,0.303981037,-0.41179263,0.0522916803,-0.161751173,0.0983270719,0.147340481,-0.23212584,-0.212082698,0.0582169732,0.313598345,-0.306856357,0.147752654,-0.757536738,-0.266668583,-0.224967254,0.638896296,-0.128467336,0.0825408066
-0.0144143084,1.13237686,0.819425023,-0.0100110271,0.0799374276,0.65855748,0.748205742,-0.198396029,0.29342999,-0.375101675,-0.509649059,-0.194904565,-0.165548458,-0.0972369442,0.0629307719,-0.319472475,0.301868141,-0.390023965,0.0636907049,-0.148970997,0.125335795,0.144381484,-0.140226393,-0.222722721,0.0676803451,0.248339675,-0.326227385,0.134714203,-0.770269642,-0.21889929,-0.17827459,0.363052672,-0.0168993617,0.125442707
-0.013371164,1.16636865,0.812737832,0.00342810665,0.0794025809,0.654729772,0.75167307,-0.182463528,0.297195046,-0.362078673,-0.543427225,-0.195534931,-0.169314852,-0.0841503145,0.101824235,-0.329594437,0.290511608,-0.382339657,0.0935942057,-0.149919066,0.122455311,0.118110961,-0.0489557068,-0.240438801,0.095746333,0.233272429,-0.36269908,0.132437125,-0.774350539,-0.172218024,-0.0787857342,0.157508476,0.0697379177,0.153654176
-0.0115161853,1.20108964,0.805000716,0.0058430832,0.0813363183,0.649805719,0.755713431,-0.192895456,0.309118328,-0.342033743,-0.566898049,-0.182566739,-0.165396092,-0.054479748,0.11134148,-0.333675076,0.292017203,-0.385661502,0.0915104725,-0.14391127,0.136189351,0.102033957,-0.0161368671,-0.244432491,0.11163167,0.291711765,-0.415565462,0.124680632,-0.808950156,-0.127461963,0.00273621431,0.103301664,0.0573374859,0.167924098
-0.00890681696,1.23693406,0.797461794,0.00845396315,0.0765762248,0.64657447,0.758950635,-0.192087689,0.318916454,-0.320221182,-0.573369392,-0.171367983,-0.155284753,-0.0382960896,0.116079972,-0.332240939,0.299905192,-0.378521151,0.105954387,-0.134947851,0.149106524,0.104494327,0.00827517959,-0.234116621,0.113438177,0.396552672,-0.465014252,0.108517708,-0.834044908,-0.0970758005,0.0523742869,0.209719376,0.0157544288,0.153245559
-0.00526231315,1.27536197,0.789942729,0.0119766179,0.0687932183,0.64371813,0.762070222,-0.180388007,0.316289276,-0.298854464,-0.561057444,-0.153783084,-0.140917788,-0.0244546148,0.116235165,-0.325125443,0.304780068,-0.362586565,0.114826517,-0.129230294,0.15150825,0.142264588,0.0272277162,-0.215980532,0.0848362476,0.535840806,-0.485773898,0.0846304633,-0.850557258,-0.0854820025,0.0818358214,0.40531738,0.00274210989,0.12972862
-0.000839453018,1.3140166,0.785727433,0.00874985294,0.0593957469,0.643658565,0.762954282,-0.161676896,0.312458284,-0.28858473,-0.549765596,-0.134678894,-0.12723476,-0.0173318035,0.118157093,-0.306512591,0.293553197,-0.362567031,0.115817498,-0.125472861,0.149921805,0.168025796,0.0273499609,-0.178622189,0.0722897695,0.677896929,-0.424062482,0.0358429175,-0.854759656,-0.0716419167,0.0777426909,0.55741657,-0.00929375544,0.091151487
0.0025402232,1.35186216,0.786180961,0.00581623495,0.0451763169,0.644749462,0.76303565,-0.119374947,0.312970408,-0.28553612,-0.536329882,-0.123141066,-0.114303383,-0.0268236757,0.125894065,-0.282129273,0.292661492,-0.363238678,0.124810209,-0.114954596,0.149654185,0.185079427,0.030192161,-0.124547441,0.0845118183,0.79811351,-0.229905922,-0.0175515975,-0.830793416,-0.0463727896,0.0553331047,0.68030916,-0.0716700217,0.0210904423
0.00637606625,1.3856867,0.788380946,-0.00173922467,0.041807191,0.64940664,0.75928924,-0.108071251,0.305752977,-0.296830649,-0.506863964,-0.113971759,-0.109136883,-0.0451640809,0.107478472,-0.264966632,0.285586751,-0.375386171,0.120302681,-0.115016615,0.144697212,0.191195049,-0.0433053844,-0.0742645245,0.105324818,0.946349016,-0.0386165824,-0.0406227672,-0.810594847,-0.0305291002,0.039360302,0.742147178,-0.132027243,-0.0509197702
0.00940064845,1.41792236,0.794231992,-0.00773016864,0.0413356667,0.658398236,0.751494092,-0.0920696222,0.294312733,-0.316513176,-0.49221116,-0.113695248,-0.105097258,-0.0559076698,0.0986016291,-0.254838221,0.284253599,-0.408848638,0.116515869,-0.117359056,0.127310058,0.164705641,-0.183664736,-0.0164935662,0.158570175,1.12472662,-0.0749727727,-0.0154273204,-0.776286243,-0.0148477097,0.0307743627,0.76720647,-0.197875003,-0.0867370617
0.010958682,1.45039259,0.802084821,-0.0143364979,0.0434577924,0.667714146,0.743009895,-0.0929932865,0.277521093,-0.342176447,-0.44748542,-0.136228973,-0.110064615,-0.0932478779,0.0647263505,-0.251610777,0.294252955,-0.419799342,0.0916817822,-0.137578615,0.124523781,0.136757502,-0.341172027,0.0248957222,0.200163409,1.21587284,-0.132075061,-0.00166996867,-0.724987648,-0.0111534137,0.00769808314,0.744249215,-0.235291948,-0.0919948741
0.0120547993,1.48375665,0.810280222,-0.0184500139,0.0465779374,0.675384281,0.735762302,-0.0769708063,0.25545075,-0.353597753,-0.420433732,-0.151610643,-0.109485643,-0.103882163,0.0301255231,-0.261348251,0.313333854,-0.442660787,0.0853890485,-0.146477921,0.115454241,0.103694077,-0.478007411,0.0434355523,0.23281703,1.20311131,-0.171649807,0.00557546138,-0.66101849,0.00092841782,0.0133316295,0.699861044,-0.261315754,-0.0908561741
0.0130218918,1.51535381,0.81706688,-0.0219385266,0.0448950477,0.681937795,0.729701294,-0.0389927534,0.24817381,-0.355264447,-0.404186248,-0.136270895,-0.098612111,-0.105189103,0.00550273751,-0.269759656,0.340942793,-0.476630156,0.0760845533,-0.154163195,0.114433337,0.0592237304,-0.589382483,0.0743376897,0.267957288,1.12407243,-0.212090974,0.0102599565,-0.58684666,0.0207961963,0.00692675801,0.643841261,-0.279034154,-0.085547458
0.0129615016,1.54831639,0.822292746,-0.0256903491,0.0430830123,0.687973985,0.723999762,0.000614815936,0.237481614,-0.329465335,-0.388790857,-0.0961817171,-0.0978593173,-0.106538033,-0.0141375248,-0.280757799,0.351268468,-0.518941943,0.0602792718,-0.16060147,0.101286054,0.0363958779,-0.665774375,0.0770389201,0.269132357,0.955926494,-0.202188359,0.00531590728,-0.500384614,0.0286073193,-0.00411037695,0.57150274,-0.288377871,-0.0702860184
0.0130231639,1.58167933,0.825511429,-0.0310096404,0.0417124959,0.694369134,0.71773949,0.0288669418,0.231444637,-0.301348111,-0.370977453,-0.104013537,-0.104997815,-0.115390227,-0.029604894,-0.295531313,0.352604388,-0.568883509,0.0342617671,-0.164834909,0.0985032014,0.0322385845,-0.713511151,0.0656255046,0.257283332,0.71516576,-0.186195597,-0.00742446048,-0.397780358,0.0323344244,-0.0301477534,0.466309152,-0.284181134,-0.0572239953
0.0118430827,1.61454752,0.826385742,-0.035506005,0.0399676082,0.701164524,0.710992422,0.0528414132,0.237459711,-0.303281323,-0.358470539,-0.123325086,-0.112095421,-0.135774196,-0.0445869137,-0.311765872,0.344603657,-0.605701895,0.0191456854,-0.172807051,0.0898336001,0.0537334409,-0.713476252,0.0330293815,0.239263576,0.392608019,-0.13422254,0.0120328796,-0.278930351,0.0285300757,-0.0842223072,0.339140391,-0.279420433,-0.0332492369
0.0103302724,1.64812876,0.823413476,-0.0394548707,0.0374927311,0.706808194,0.705308291,0.0823163964,0.246175166,-0.329492853,-0.363069475,-0.167192817,-0.100777846,-0.143955306,-0.0543239337,-0.329561072,0.33556612,-0.640257331,0.0165443088,-0.17326166,0.0826247295,0.0875102254,-0.673652128,-0.0160415341,0.22479486,0.0446123173,-0.062585076,0.0314237941,-0.167696542,0.0335003441,-0.147177862,0.237805512,-0.285086064,-0.00887158611
0.00787277664,1.6834394,0.816132065,-0.0439238365,0.0410163901,0.712322098,0.699275039,0.0950319491,0.245998344,-0.328262169,-0.368100601,-0.165227224,-0.104059887,-0.144578335,-0.0753068716,-0.353746637,0.319328169,-0.662070283,0.0197796501,-0.179526099,0.0649455217,0.0914629775,-0.707355262,-0.0404472909,0.264435279,-0.0315688898,-0.0639385303,0.01157749,-0.127209462,0.0325537195,-0.163124187,0.254254614,-0.333191162,0.00310030389
0.00534523135,1.71749197,0.808901173,-0.0433907829,0.0373595864,0.717891564,0.693796226,0.103661127,0.238613025,-0.323426484,-0.344360217,-0.165482579,-0.0944626082,-0.147610375,-0.0852883777,-0.370046332,0.299227438,-0.659541734,0.0121281314,-0.18068015,0.0500962432,0.0808511431,-0.702016515,-0.0542474339,0.247771995,-0.0154644659,-0.0378181303,0.0211384299,-0.0889489773,0.0393032321,-0.145099653,0.315473096,-0.383706196,0.00267166192
0.00174055668,1.75259995,0.801551608,-0.0413562448,0.0323995874,0.725673368,0.686030678,0.114945332,0.241428689,-0.318469645,-0.328282352,-0.171955827,-0.091567357,-0.152306058,-0.0700234461,-0.370335582,0.27428442,-0.649124728,0.00465854913,-0.184718127,0.0257314149,0.0735574888,-0.710110957,-0.0692233403,0.250209903,0.131224806,-0.0366038601,0.00429632798,-0.0712311652,0.0407855077,-0.152162064,0.4335979,-0.425753644,0.0132803701
-0.00305893974,1.78661522,0.793375904,-0.0320608171,0.0230163287,0.731710824,0.680471618,0.1581021,0.248690549,-0.317129136,-0.319831506,-0.181454724,-0.0879369445,-0.156164193,-0.0151333339,-0.353645642,0.255554294,-0.630622097,-0.000800234454,-0.183084072,0.0104323139,0.0806789971,-0.724659515,-0.0944514683,0.179980145,0.285143045,-0.0384501594,0.0339060374,-0.0852714982,0.0269357036,-0.176841145,0.662159273,-0.462020869,0.0354284538
-0.00930451875,1.82100482,0.789058816,-0.0275031239,0.0308179254,0.735679312,0.676069363,0.148597349,0.227713096,-0.303400229,-0.301061638,-0.181897743,-0.090317453,-0.150834443,-0.00297914881,-0.356625093,0.23985011,-0.595296177,-0.00106138555,-0.185682008,-0.000495399366,0.0713403358,-0.76020791,-0.112727077,0.175265011,0.440649851,-0.0612268381,0.0865988034,-0.105633543,-0.00770869948,-0.165833487,0.808248392,-0.306942076,0.0942800407
-0.0159936565,1.85552212,0.787991671,-0.0211904875,0.0315348018,0.740953584,0.670480653,0.151643868,0.222168048,-0.30134099,-0.302339235,-0.165957961,-0.0921520527,-0.15278832,0.0298284584,-0.358929257,0.235292519,-0.56359402,-0.0097812351,-0.172496158,0.0138337226,0.0557979388,-0.766294629,-0.135189994,0.150529528,0.575232933,-0.10908987,0.122153524,-0.129966068,-0.0187744725,-0.116247285,0.92707054,-0.115294181,0.128918783
-0.0220279329,1.88492173,0.790042122,-0.0267790848,0.0393992978,0.744389986,0.666043636,0.111551764,0.220853894,-0.28690795,-0.304314662,-0.153559049,-0.0933508603,-0.161076733,0.0268638721,-0.353356995,0.235089397,-0.534230309,-0.0164690156,-0.172622331,0.0453592803,0.0492498484,-0.753147801,-0.150350407,0.143937453,0.597832801,-0.127329645,0.164843477,-0.282794593,-0.0741068068,-0.107185445,1.10327662,-0.142903426,0.109179758
-0.0282522674,1.91370733,0.795406508,-0.0245071072,0.0430189712,0.744392412,0.665904428,0.110931053,0.222631039,-0.28123766,-0.340021057,-0.144579213,-0.0967188572,-0.151235095,0.0440050262,-0.353160037,0.248984626,-0.509286332,-0.00222359887,-0.175319632,0.0774439456,0.0668851169,-0.708930972,-0.17273913,0.144061457,0.609086529,-0.155110196,0.181927505,-0.431709724,-0.12276082,-0.0839660863,1.17289758,-0.216235203,0.0893382555
-0.034524443,1.94255112,0.802348699,-0.023259964,0.0483379301,0.746814342,0.662865565,0.0877417344,0.229073359,-0.298045364,-0.364705532,-0.142084911,-0.102848176,-0.134612537,0.0573463031,-0.35295424,0.260945794,-0.489835729,0.0251142509,-0.169970983,0.0907007749,0.0976645442,-0.651202566,-0.211946152,0.122183094,0.580070185,-0.181528902,0.186719733,-0.570839531,-0.143717336,-0.0459904865,1.13845815,-0.284305131,0.101718846
-0.040372393,1.97101544,0.808764371,-0.0209797373,0.0527931016,0.750147741,0.65882555,0.0633758702,0.241867167,-0.317392972,-0.395417148,-0.137539351,-0.110913433,-0.116370815,0.0778799308,-0.353641383,0.25574036,-0.480844426,0.0506222386,-0.164236211,0.1000025,0.121396232,-0.591262159,-0.246134906,0.0942962513,0.558019307,-0.204772871,0.188357481,-0.676673892,-0.168728194,-0.0121833413,1.02381688,-0.323418653,0.105042771
-0.0454393687,1.99918799,0.813777609,-0.0240415159,0.0613013288,0.755175941,0.652206602,0.0168111645,0.257914655,-0.323535337,-0.423805187,-0.134699721,-0.124581724,-0.109942312,0.0902202926,-0.348663081,0.226690619,-0.479380355,0.048394021,-0.163301732,0.108046951,0.120311292,-0.537628312,-0.26386457,0.0878189808,0.509872402,-0.221966999,0.185458488,-0.76334721,-0.182166538,0.0292627334,0.828562923,-0.292625763,0.111845827
-0.0515172855,2.02876489,0.816330175,-0.0227427575,0.0676386608,0.76086607,0.644973334,-0.00777199983,0.27594449,-0.326141821,-0.466411625,-0.147545556,-0.144186801,-0.0964576852,0.11618093,-0.344495534,0.198511341,-0.479360356,0.0462311643,-0.167813167,0.101817829,0.108705945,-0.479375985,-0.282931311,0.0767685049,0.481161475,-0.24780557,0.194689243,-0.766621235,-0.180461354,0.0865072881,0.532165685,-0.112034384,0.148706715
-0.056967681,2.05822361,0.813514033,-0.0155809127,0.0700447239,0.769888635,0.634131265,-0.011270612,0.297115436,-0.334748712,-0.519551172,-0.155779819,-0.170675313,-0.0889358147,0.166353632,-0.341603926,0.17585963,-0.494813434,0.0451249266,-0.168017128,0.0959191192,0.11415861,-0.436405189,-0.310677178,0.0462459243,0.519408507,-0.304911473,0.205156948,-0.723517208,-0.173323479,0.202311877,0.287184298,0.131933229,0.196914504
-0.0621424044,2.08814842,0.808025226,-0.00794148437,0.075210486,0.782609187,0.617902238,-0.0318548387,0.33031241,-0.364785399,-0.565669116,-0.144998188,-0.178481962,-0.0858175073,0.20415399,-0.338505121,0.114148175,-0.507990817,0.041146362,-0.150880685,0.0925543089,0.131145291,-0.404345738,-0.346711059,0.00237911429,0.582303928,-0.389309434,0.222037705,-0.718420898,-0.189432568,0.291126478,0.273498564,0.241877967,0.229888104
-0.0701073585,2.11747446,0.803603021,-0.0055545786,0.0768698086,0.792709245,0.604708386,-0.055221618,0.333728344,-0.338349183,-0.574211432,-0.0875210039,-0.18051009,-0.0997493068,0.216642503,-0.33649824,0.105247638,-0.49638558,0.0577418878,-0.126551438,0.112624463,0.139267509,-0.36959984,-0.360515584,-0.0200174568,0.63391145,-0.451277814,0.224730558,-0.719280407,-0.197820086,0.344211352,0.376254733,0.156760159,0.21657058
-0.0776846332,2.14502367,0.798821989,-0.00618549721,0.0787323704,0.801109038,0.593285145,-0.0627520045,0.337169401,-0.314052019,-0.587773263,-0.0773793055,-0.177081102,-0.0825369734,0.221187635,-0.336608408,0.113843249,-0.497189901,0.0623153616,-0.120156654,0.111631979,0.139317566,-0.360129184,-0.353509692,0.00549343108,0.707092503,-0.501249156,0.20968419,-0.737774722,-0.183557382,0.367638805,0.528350206,0.00277664568,0.201745012
-0.0847627926,2.16730078,0.795512976,-0.0100666732,0.0831533337,0.812115973,0.577452882,-0.0626892172,0.32353132,-0.301967162,-0.601087763,-0.0584107141,-0.177822949,-0.0627750434,0.217101922,-0.333713077,0.111222385,-0.494118785,0.05588243,-0.121690724,0.0971337179,0.137157942,-0.373269038,-0.331812371,0.072409361,0.783306051,-0.505453175,0.18046412,-0.764115132,-0.193164505,0.352841781,0.646318473,-0.110994456,0.155135939
-0.0932766254,2.18497076,0.794953769,-0.0159819823,0.0934097261,0.825831213,0.555897479,-0.0960847638,0.292753652,-0.308492148,-0.562121214,-0.0208520099,-0.166393843,-0.0387830217,0.180321484,-0.344139086,0.107447405,-0.464449953,0.0513778768,-0.11652543,0.0778226668,0.159443369,-0.401128795,-0.299728094,0.165168476,0.855241049,-0.48884876,0.175254383,-0.774791448,-0.250886233,0.314327104,0.723244429,-0.1917642,0.157931832
-0.101466196,2.20000821,0.797307429,-0.0226221832,0.102040272,0.840598799,0.531478765,-0.0978964623,0.276479321,-0.334665453,-0.557593354,-0.0243770626,-0.169484133,-0.0445444893,0.165856795,-0.353735605,0.108685216,-0.472789107,0.048868678,-0.119862501,0.0676828637,0.146722156,-0.428385032,-0.244800287,0.289396462,0.890563606,-0.48592077,0.171644341,-0.775483992,-0.29088728,0.283094747,0.754115279,-0.239056574,0.152784079
-0.110076716,2.21400877,0.800867556,-0.0323310172,0.109102288,0.85695037,0.502680275,-0.0933917873,0.265138365,-0.355509246,-0.562115639,-0.0392477493,-0.171899738,-0.0569376099,0.145363235,-0.362431122,0.108836791,-0.483649703,0.0501822388,-0.124006605,0.0568452319,0.114839075,-0.476841573,-0.199386014,0.380801496,0.901684212,-0.463641249,0.156123742,-0.767991404,-0.322733255,0.248070922,0.751348112,-0.265101287,0.149030532
-0.120577561,2.22648991,0.804180306,-0.0402774174,0.108491192,0.874940023,0.470199264,-0.0618832781,0.269715091,-0.390664887,-0.570401852,-0.0594529831,-0.170099632,-0.0709915558,0.145372205,-0.359641749,0.115258258,-0.51033106,0.055031171,-0.122025108,0.0466864152,0.0759199255,-0.530428148,-0.153469761,0.433311371,0.899246166,-0.431409897,0.120532256,-0.739430557,-0.343502599,0.199276279,0.740073549,-0.280578668,0.151721817
-0.132354341,2.23832745,0.808942734,-0.0517190098,0.117473701,0.889738114,0.438053834,-0.0711469036,0.233342712,-0.388171418,-0.51897935,-0.122742603,-0.174580139,-0.083056345,0.103340327,-0.377526201,0.116242529,-0.505634575,0.0441989296,-0.135827493,0.0373136567,0.0816112174,-0.59571708,-0.158142131,0.438099078,0.835505494,-0.389231031,0.099241979,-0.674911077,-0.416320191,0.113200107,0.653101608,-0.252050977,0.159806756
-0.144161781,2.24864093,0.810986736,-0.0616885559,0.11612486,0.906099996,0.402109856,-0.0501071666,0.223776832,-0.400966128,-0.485280589,-0.119664579,-0.163862583,-0.0675255037,0.100376575,-0.376375338,0.109515213,-0.538656937,0.018455817,-0.142806634,0.0464371757,0.0601016333,-0.65915212,-0.12005144,0.446228466,0.788052412,-0.355568206,0.0672998235,-0.630883203,-0.444138859,0.0317376278,0.629219225,-0.257502786,0.164332892
-0.158813333,2.25981165,0.812549062,-0.0708809014,0.111444411,0.920859259,0.366843654,-0.0181477962,0.212945692,-0.381115788,-0.454489623,-0.118507968,-0.145580201,-0.0599666161,0.101342174,-0.374885665,0.11861551,-0.577269447,0.0145796823,-0.151382096,0.036249496,0.0437412204,-0.711929701,-0.0748426484,0.446010353,0.72467347,-0.31588461,0.0520483002,-0.565411257,-0.45944701,-0.0500655063,0.596230175,-0.267718097,0.166983248
-0.173753646,2.26979524,0.812655102,-0.0806214089,0.102998262,0.934322112,0.331562569,0.0157806188,0.217683189,-0.357804774,-0.428495347,-0.126189558,-0.145494944,-0.0723276258,0.0936943841,-0.366792358,0.125314228,-0.6095223,0.00785893353,-0.153811303,0.0463560962,0.0286569642,-0.758782227,-0.0353501487,0.424718687,0.630019846,-0.248065112,0.0279956616,-0.490147514,-0.457184413,-0.135464116,0.55450173,-0.271803335,0.166274358
-0.190048945,2.27849904,0.811083805,-0.090913525,0.0918367986,0.946294279,0.296357675,0.0506416918,0.225968185,-0.336634426,-0.407363544,-0.150437447,-0.143128926,-0.0648777579,0.0870088611,-0.354363487,0.135526311,-0.638452596,-0.014066564,-0.166852752,0.0284017132,0.0134224526,-0.805849593,-0.00551142149,0.380939196,0.517550934,-0.168198043,0.0117273393,-0.407692406,-0.436893188,-0.218972508,0.499772731,-0.263876941,0.168301804
-0.208135011,2.28639696,0.808005947,-0.0997429399,0.0790019598,0.956220306,0.263538921,0.086567173,0.242796503,-0.327650441,-0.385077974,-0.162100525,-0.136630142,-0.0802416829,0.0691327027,-0.347960039,0.151634134,-0.653943681,-0.0525688502,-0.171755064,0.0264853222,0.00522064114,-0.844144056,0.0196663987,0.342655673,0.408226037,-0.110633161,0.00673354152,-0.323668447,-0.409085088,-0.294995301,0.449239703,-0.278250366,0.150836382
-0.228171385,2.29270445,0.802827841,-0.107927838,0.0669640478,0.963846904,0.234236086,0.119550614,0.251344937,-0.312990028,-0.354940668,-0.159437356,-0.129285734,-0.10856336,0.0477643453,-0.355680944,0.174680653,-0.670270755,-0.0311883709,-0.173340431,0.0363493275,0.00584788309,-0.882525218,0.040869634,0.32936704,0.329546641,-0.0967784483,0.00311979047,-0.240040099,-0.380398244,-0.370107783,0.398410439,-0.287858792,0.154811224
-0.249074912,2.29775493,0.795299263,-0.119377082,0.0541686112,0.969121873,0.208848436,0.153447101,0.259367414,-0.29197571,-0.327802147,-0.182326332,-0.133114004,-0.103775277,0.0137396334,-0.359855178,0.18726304,-0.68905756,-0.0309367548,-0.171976227,0.0517881857,-0.00546847484,-0.924565292,0.0708439846,0.319635479,0.277339754,-0.0662926607,0.0058708481,-0.20031627,-0.345786379,-0.40876257,0.393169089,-0.310116437,0.168490021
-0.272282885,2.30123564,0.787020812,-0.126966781,0.0399421156,0.973489792,0.186015289,0.187714108,0.268971036,-0.281169495,-0.298219177,-0.198625281,-0.130419276,-0.100020121,-0.0140634724,-0.366838767,0.222832348,-0.69834845,-0.0177631549,-0.180027464,0.0266229312,-0.0360822931,-0.967241046,0.114511009,0.307998927,0.314479738,-0.0175650678,-0.00396851029,-0.177180227,-0.316206424,-0.415883771,0.425868547,-0.34342018,0.163200091
-0.29934377,2.30313003,0.779909341,-0.132688506,0.0260788091,0.977128852,0.164112349,0.212445552,0.274788133,-0.271911009,-0.268107363,-0.182844371,-0.119027558,-0.112781532,-0.0343122178,-0.374173297,0.250948109,-0.703406922,-0.00310322365,-0.16886757,0.0272984624,-0.063965388,-1.02218138,0.143066549,0.26666513,0.466778276,-0.000300134593,-0.00657483241,-0.134491876,-0.285339762,-0.417897484,0.431097416,-0.325734399,0.162888991
-0.329563242,2.30298836,0.777212142,-0.138701221,0.0197919537,0.980644015,0.136775607,0.211222367,0.270268745,-0.285923298,-0.230531274,-0.162336672,-0.113122397,-0.129167387,-0.0326197009,-0.388996532,0.254740483,-0.710392621,-0.00179738859,-0.160177678,0.027341691,-0.0778065914,-1.07118171,0.132870031,0.23375578,0.609807238,-0.0595191352,0.00253589824,-0.0875351708,-0.273909639,-0.429644598,0.431879943,-0.271090818,0.173780257
-0.363211368,2.30162112,0.777824969,-0.146506306,0.0234895942,0.982649714,0.111281987,0.177308024,0.248835554,-0.306386725,-0.19839326,-0.191266804,-0.106406719,-0.149582725,-0.0371268052,-0.417158134,0.238375845,-0.705648795,0.00405840941,-0.154928256,0.0338462844,-0.0950509474,-1.06551432,0.0999998805,0.235167251,0.650380471,-0.0930378206,0.024919694,-0.0619521174,-0.289304246,-0.419511952,0.44803825,-0.163723006,0.187215835
-0.398339337,2.29917773,0.780199976,-0.141075459,0.0235431496,0.985169152,0.0947901768,0.182307695,0.233000714,-0.311245864,-0.185314345,-0.191502055,-0.0983081243,-0.17021017,-0.0118693576,-0.425564683,0.23914655,-0.684901775,0.00770690119,-0.147511915,0.0460642819,-0.0871901545,-1.02869625,0.0569002485,0.237607751,0.701215252,-0.157231872,0.0521251626,-0.0322638972,-0.320299835,-0.419013888,0.526057125,-0.0335139223,0.183720977
-0.432460802,2.29630209,0.783881594,-0.137377519,0.0241801503,0.986254698,0.0885686628,0.191146133,0.217997768,-0.299629068,-0.209353125,-0.17579538,-0.0958847756,-0.181472466,-0.00290101907,-0.429758958,0.241817417,-0.651943195,0.00988736773,-0.138424681,0.0657439882,-0.0520436881,-0.983168162,0.00394771743,0.235132195,0.725467132,-0.210787827,0.0729293851,-0.0517364348,-0.344474087,-0.363500035,0.6477089,0.0591968802,0.123500597
-0.465748473,2.29480105,0.788621742,-0.136732371,0.0226645646,0.986704859,0.084876959,0.182877444,0.211598823,-0.311137923,-0.238544021,-0.174672879,-0.103852505,-0.18990665,0.00905103138,-0.424631754,0.245025102,-0.630982766,0.00349155319,-0.137717432,0.086113604,0.00573331639,-0.934677486,-0.0573035348,0.214732942,0.727274696,-0.253599085,0.085565556,-0.148224696,-0.313782805,-0.26001228,0.818737068,0.00635016678,0.0946496275
-0.496955421,2.29277943,0.793632717,-0.130817011,0.0248712419,0.987651391,0.0825412642,0.171473227,0.203005615,-0.3468717,-0.266448883,-0.172117692,-0.109442255,-0.205268595,0.0485299287,-0.424019751,0.253485674,-0.620768678,0.00144495776,-0.139148391,0.0992114965,0.0650059849,-0.874013428,-0.122780928,0.189947354,0.728166946,-0.295043197,0.119316653,-0.261153511,-0.296633634,-0.203508896,0.983588588,-0.0584884304,0.0935675208
-0.529883951,2.29088495,0.800387877,-0.129741539,0.0280419738,0.988104665,0.0776527694,0.116244754,0.200555666,-0.370071785,-0.291326116,-0.195995853,-0.123995785,-0.189907419,0.0738544494,-0.421440835,0.25395646,-0.601075868,0.0126481781,-0.149036517,0.0931979463,0.106717669,-0.794705827,-0.178502891,0.166653218,0.680598751,-0.317336616,0.140002889,-0.402133647,-0.280883527,-0.153327285,1.09284714,-0.121831044,0.0870143079
-0.561846556,2.28880103,0.808041484,-0.126288456,0.0326903161,0.98857788,0.075474127,0.0661105421,0.198862846,-0.36847254,-0.335106274,-0.213662152,-0.129054191,-0.163452857,0.0989793358,-0.421245177,0.257555902,-0.579287371,0.0237663219,-0.155893721,0.102190843,0.142457572,-0.696212947,-0.224481045,0.149829546,0.609441917,-0.335391943,0.143512106,-0.548880832,-0.281272056,-0.114327477,1.15163589,-0.192870735,0.0726166421
-0.593862794,2.28716746,0.814740582,-0.122099286,0.0364410736,0.989034572,0.0746620875,0.0261779499,0.201520158,-0.34646353,-0.395493774,-0.218366958,-0.143064763,-0.12708226,0.122299129,-0.421567638,0.27597786,-0.545081281,0.0751049363,-0.169484181,0.0956591907,0.182586924,-0.590078551,-0.26271026,0.12148999,0.531262807,-0.336196477,0.142271409,-0.675086454,-0.280057358,-0.0844156378,1.13670616,-0.215381136,0.0551107271
-0.626860146,2.28701918,0.819692088,-0.119031377,0.036472833,0.98918949,0.0774946207,-0.00236386269,0.222129572,-0.328353533,-0.485057023,-0.141346426,-0.141691842,-0.0908432899,0.133300534,-0.414071092,0.319375533,-0.507655297,0.0814007779,-0.175082198,0.117778926,0.220990079,-0.480485751,-0.279172087,0.0901505468,0.443383255,-0.304907724,0.133264613,-0.782562381,-0.267664466,-0.0705330156,1.05265212,-0.215319423,0.0432175947
-0.660893633,2.28679075,0.821446077,-0.11586633,0.0384825619,0.989650158,0.0754098914,-0.045109869,0.238493365,-0.309262662,-0.550178528,-0.110949532,-0.158333084,-0.0658172217,0.157125362,-0.406513103,0.314601881,-0.483497188,0.0614112297,-0.162254913,0.139043952,0.24428133,-0.376356605,-0.291537109,0.0563129269,0.373287313,-0.3074794,0.11190482,-0.866286279,-0.256014877,-0.068097247,0.922064309,-0.205411501,0.03873264
-0.696110278,2.28680982,0.820370236,-0.113157636,0.0411846643,0.990199542,0.0707392357,-0.0891487159,0.256311519,-0.301586639,-0.613605409,-0.0902303327,-0.18131122,-0.0270317153,0.187154718,-0.401609044,0.307502441,-0.464912523,0.0681637299,-0.158378628,0.144028489,0.251634427,-0.265503084,-0.298473348,0.0240103076,0.28530585,-0.293354604,0.0984872529,-0.912610178,-0.225640728,-0.0627867292,0.727355256,-0.159369612,0.072093046
-0.732413097,2.28648478,0.816143179,-0.110300096,0.0448646378,0.990624175,0.066968628,-0.135085949,0.273628635,-0.283696357,-0.668626571,-0.0794780889,-0.194111964,-0.0243906555,0.214339673,-0.400015998,0.299246494,-0.453505113,0.0731108455,-0.152801056,0.154007381,0.238633101,-0.135449398,-0.301485503,0.010357129,0.163165646,-0.268495278,0.082209623,-0.927498611,-0.187764876,-0.0599534991,0.475780864,-0.0786576009,0.10485305
-0.769855669,2.2851488,0.808244236,-0.108145925,0.0474534807,0.991056314,0.0621289637,-0.178682039,0.294775078,-0.275692987,-0.712893133,-0.0865351044,-0.210939931,-0.00896219013,0.239594265,-0.399788489,0.289987594,-0.449490715,0.0809839815,-0.149162393,0.159288995,0.217013327,-0.0284379923,-0.303614524,0.0047882381,0.08492343,-0.260075056,0.071861523,-0.937308782,-0.154566752,-0.0694167623,0.253569717,-0.0238767352,0.138129399
-0.808525592,2.28540203,0.798553262,-0.114771391,0.0446586566,0.990583502,0.0598118576,-0.23640997,0.328711844,-0.260171548,-0.751992206,-0.0902172497,-0.220813031,0.00861709948,0.2307792,-0.391208151,0.288026721,-0.449304888,0.0889185148,-0.14795516,0.164915796,0.221216262,0.019414381,-0.292430584,-0.020767593,0.091125759,-0.280695943,0.053050503,-0.977950559,-0.132916314,-0.0913348629,0.162654826,-0.0287679537,0.130728718
-0.848101566,2.28608221,0.789651024,-0.109939815,0.0451511023,0.991313633,0.0563195914,-0.2521863,0.342218313,-0.249514815,-0.776350236,-0.0808469909,-0.217718104,0.0175631557,0.243293556,-0.391326653,0.282919558,-0.445243977,0.094396434,-0.142346779,0.175196388,0.231802645,0.0727487661,-0.27950574,-0.0435522992,0.146363009,-0.298241934,0.0280044839,-0.980764199,-0.123036661,-0.0812288818,0.170875073,-0.0369776407,0.110410541
-0.889763072,2.2864182,0.781170811,-0.102973385,0.0456466114,0.992369896,0.0501483625,-0.251977651,0.340384531,-0.243610208,-0.783190332,-0.0609575504,-0.213307781,0.0322557085,0.250612546,-0.387563653,0.28056088,-0.429170079,0.0920427853,-0.13522578,0.180686948,0.265031516,0.0938101224,-0.26572265,-0.0905137819,0.286195974,-0.306613143,-0.0210085814,-0.993105761,-0.1377814,-0.0625949476,0.32355362,0.00892161894,0.0877766542
-0.931398908,2.28677907,0.775955321,-0.0807262795,0.0402610642,0.99502362,0.0423120472,-0.168011767,0.323477518,-0.258944608,-0.791802856,-0.037438817,-0.198184539,0.0419787462,0.308386543,-0.376125822,0.294822082,-0.426474739,0.0917416921,-0.11691491,0.169621042,0.251983584,0.103984261,-0.241051478,-0.102509233,0.493278383,-0.287281956,-0.0737724405,-1.00624358,-0.114387247,-0.0359392746,0.571486182,-0.00815184717,0.0411038411
-0.975225531,2.28813438,0.776852015,-0.0748652592,0.0275212646,0.995967431,0.0410688445,-0.130438117,0.362961019,-0.272969551,-0.770620259,0.0670259416,-0.17298003,0.0109828238,0.277274694,-0.352796874,0.329784924,-0.408450262,0.0638730305,-0.0686587592,0.178009377,0.28081579,0.0987185035,-0.191693645,-0.110250798,0.617125325,-0.103734482,-0.187024775,-0.96964636,-0.105620351,-0.0724292977,0.674680924,-0.0477631696,0.0648943303
-1.01506948,2.28892047,0.779934398,-0.0734764098,0.021074731,0.996541546,0.0325886618,-0.11544884,0.367585072,-0.300700127,-0.727266919,0.0925168184,-0.141352592,-0.00720020492,0.249806846,-0.330343267,0.332720998,-0.419448267,0.0356713858,-0.0503710771,0.175114397,0.268865675,0.0482490808,-0.156161715,-0.102242102,0.770212075,0.0848230931,-0.182679336,-0.943525317,-0.0928929391,-0.0998406076,0.756238078,-0.137421444,-0.0159084892
-1.05271519,2.2901347,0.787047416,-0.0750083952,0.0168088322,0.99688005,0.0179267997,-0.113936733,0.356230352,-0.311667936,-0.663779182,0.0599195144,-0.125511452,-0.0343037936,0.224523747,-0.314373278,0.327413986,-0.46100956,0.00261841716,-0.0536175709,0.157170479,0.221519704,-0.0760171298,-0.0808334373,-0.011294559,0.967682282,0.0821241989,-0.155553192,-0.9002274,-0.0640909001,-0.115438554,0.783947216,-0.209175338,-0.045478765
-1.08981053,2.29044063,0.797079784,-0.0734625426,0.0140197109,0.997165036,0.00828209014,-0.0867070073,0.34326069,-0.318750916,-0.611110698,0.031015456,-0.106231988,-0.0665638329,0.195428596,-0.307280015,0.335614262,-0.513649011,-0.0257719747,-0.0649777204,0.136674224,0.150600575,-0.220661848,-0.0105001919,0.0718601117,1.12681926,-0.0295001724,-0.0880633157,-0.828296515,-0.0135814746,-0.113745671,0.754262609,-0.230252692,-0.0653424614
-1.12707425,2.29099091,0.806995392,-0.0712235872,0.0102777939,0.997397767,0.00438895307,-0.0416086505,0.333926427,-0.326016927,-0.562375679,-0.00441543859,-0.096937986,-0.0775674683,0.154979355,-0.303269663,0.350422396,-0.569452471,-0.0399580576,-0.0862859702,0.123318872,0.0957782907,-0.357323939,0.0527505513,0.119695045,1.20691934,-0.0947607499,-0.0473102029,-0.747021251,0.0360378925,-0.100789118,0.716899005,-0.256340299,-0.0834076865
-1.16374037,2.2911047,0.817288957,-0.0693766853,0.00692827422,0.997562187,0.00292520651,0.00289834008,0.316220548,-0.323102189,-0.499958898,-0.0259827929,-0.0892746015,-0.089452815,0.112476167,-0.303947492,0.353856325,-0.635123483,-0.0629050435,-0.107141829,0.105699703,0.0523507414,-0.491047092,0.0851340052,0.132330942,1.21333798,-0.155957169,-0.0218656832,-0.652374527,0.0735148306,-0.0902599294,0.650281524,-0.267168284,-0.0860725645
-1.20084721,2.29084524,0.825754682,-0.0701638717,0.00475884065,0.997516824,0.00381710092,0.0392599461,0.29607938,-0.320081282,-0.434872957,-0.0421315942,-0.0952402663,-0.092969684,0.0617049629,-0.312291649,0.349926774,-0.702892472,-0.0491789714,-0.127103517,0.0668501014,0.0204202241,-0.607812633,0.0957738297,0.130926555,1.13509159,-0.180121907,-0.0230714756,-0.552549023,0.0999559296,-0.0772297314,0.560864602,-0.265748899,-0.0775844984
-1.23684378,2.28962541,0.830929718,-0.0691424662,0.00137577109,0.997589326,0.00574128545,0.0882065509,0.286187278,-0.312550355,-0.390771778,-0.0629299699,-0.0993393291,-0.116377756,0.0197756164,-0.323491966,0.34218743,-0.780779975,-0.0538363657,-0.149351323,0.0692437738,0.000879461217,-0.701478243,0.109558251,0.130537144,1.00014706,-0.19441068,-0.0198943433,-0.451360584,0.114970695,-0.0735503044,0.476981167,-0.264370463,-0.0653367888
-1.27306691,2.28805559,0.832884264,-0.0689633361,-0.00117783555,0.997583912,0.00830724159,0.131312131,0.274778902,-0.313439944,-0.348494429,-0.0941522851,-0.100264041,-0.12774434,-0.0208339037,-0.333714667,0.359231792,-0.841326878,-0.114200753,-0.158653289,0.043214389,-0.000252539291,-0.765040978,0.108667397,0.132002797,0.803334505,-0.181155051,-0.0225299864,-0.342147283,0.123329444,-0.0687751266,0.379520518,-0.256351617,-0.049634454
-1.30895314,2.2854804,0.83080641,-0.0718357319,-0.00203922537,0.997353615,0.0110106916,0.170504153,0.265010253,-0.322684969,-0.322782523,-0.122433645,-0.0964166132,-0.146126472,-0.0617950795,-0.365876898,0.380960402,-0.914357497,-0.135187129,-0.160921231,0.036500108,0.00595707095,-0.80053361,0.0815013087,0.125989712,0.546193484,-0.136963294,-0.044521163,-0.25421006,0.119341637,-0.0749196797,0.30588381,-0.272943274,-0.0331781461
-1.34563448,2.28349871,0.825213569,-0.0740551703,-0.003028814,0.997167276,0.0128094675,0.211491624,0.258539095,-0.330563736,-0.30711926,-0.164189943,-0.104664835,-0.153022371,-0.0959587413,-0.384433517,0.386006739,-0.965523115,-0.144789099,-0.176215103,0.0135530281,0.0156788058,-0.806727983,0.0427950636,0.0954377978,0.267370298,-0.0781899461,-0.0630408155,-0.17642783,0.11479741,-0.0915555868,0.267888892,-0.300724831,-0.0172132722
-1.38285309,2.28067198,0.816441711,-0.0759969087,-0.00358211512,0.997003268,0.0140043785,0.24384956,0.252351309,-0.318892141,-0.299313021,-0.158394043,-0.0955735744,-0.167321231,-0.123646019,-0.399182599,0.376093978,-1.00056641,-0.140375491,-0.177886751,0.00199890354,0.0196997014,-0.824886025,0.0138104836,0.0806423748,0.101247497,-0.0504545794,-0.0655425094,-0.135265397,0.107852967,-0.0933687062,0.306229738,-0.364402041,-0.00495629055
-1.42120544,2.27760971,0.807807888,-0.0822970972,-0.00101788827,0.996520559,0.01315016,0.255496478,0.24652063,-0.318661785,-0.302559309,-0.166358135,-0.0962676633,-0.172648991,-0.148386139,-0.41593091,0.359808779,-1.01854943,-0.131941261,-0.183832067,-0.00694876377,0.0110639072,-0.859101783,-0.00457009389,0.0909198423,0.076051718,-0.0652079512,-0.0700732826,-0.109054549,0.0919962267,-0.093487093,0.35577534,-0.402797213,0.00589311617
-1.4608484,2.27460258,0.800203987,-0.0827929683,0.00102438052,0.996455373,0.0148649003,0.255448545,0.234636831,-0.311104,-0.277003692,-0.186508915,-0.0880702655,-0.177801416,-0.165125335,-0.420066127,0.353901031,-0.993959008,-0.128786875,-0.172691977,-0.0201915843,-0.00830443868,-0.872485095,-0.0140019838,0.0819153283,0.157763801,-0.0637986745,-0.0518068793,-0.0821934406,0.0773187499,-0.0771053688,0.436022084,-0.423692763,0.0356448015
-1.50217375,2.27244047,0.79231184,-0.0632612887,0.000431345342,0.997880618,0.01523467,0.299441673,0.234155867,-0.335903492,-0.259136454,-0.185071516,-0.0794016644,-0.171775027,-0.112928095,-0.402391725,0.357711558,-0.946638258,-0.114730832,-0.162658669,-0.0259876266,-0.000499730798,-0.872075787,-0.038482793,0.0404514755,0.338988865,-0.0212085875,-0.0213853708,-0.0290190024,0.0732878091,-0.0737208706,0.569210248,-0.414609528,0.0580012592
-1.54420191,2.26825229,0.789355983,-0.0577325477,0.0062008101,0.998194381,0.0153779109,0.287060546,0.219365794,-0.348330383,-0.240148407,-0.184353802,-0.0714144623,-0.172279912,-0.0923017829,-0.375230818,0.329383621,-0.849485316,-0.105728466,-0.155115003,-0.0152526744,-0.0197396171,-0.87702412,-0.0444939954,0.0487435168,0.497890551,-0.00990237466,0.0029853895,0.003852752,0.0464571233,-0.0539487177,0.650338695,-0.272827625,0.103776489
-1.58588732,2.2650194,0.790703861,-0.0477045428,0.0148965857,0.9986286,0.0155976619,0.282785402,0.210010675,-0.368491331,-0.250784052,-0.185827314,-0.0718078319,-0.184116241,-0.0396619035,-0.352368234,0.302455003,-0.763407745,-0.0960105663,-0.149439058,0.000299601324,-0.0282807418,-0.85249976,-0.0762250834,0.0527551667,0.630431997,-0.0617228841,0.0623408853,0.0525812171,0.00925473219,-0.0547914953,0.701425558,-0.0150189133,0.141912324
-1.62315529,2.26185897,0.795083464,-0.0513226912,0.0207387416,0.998285255,0.0190377532,0.232301784,0.204982627,-0.376393547,-0.268766888,-0.164950439,-0.0705409743,-0.184200248,-0.0383658828,-0.340301175,0.306730373,-0.657604264,-0.0940690544,-0.130418109,0.0308622653,-0.0409436813,-0.823513122,-0.0871727567,0.0720729609,0.679062108,-0.106394184,0.119213299,-0.0165147657,-0.0420385248,-0.0572023692,0.854960248,0.154553436,0.125390934
-1.65806734,2.25806405,0.802226994,-0.0521891381,0.0256526603,0.997778081,0.0325136136,0.196652832,0.206148756,-0.369220835,-0.310825764,-0.136187271,-0.07381487,-0.178432239,-0.0371076778,-0.327163143,0.325442047,-0.555314352,-0.0741146665,-0.105408613,0.0839703018,-0.0114563706,-0.77235721,-0.111106506,0.0854526212,0.690308877,-0.153410652,0.149719486,-0.139255168,-0.127941633,-0.105214861,1.03959988,0.123022009,0.0882592942
-1.6927101,2.25536163,0.811378829,-0.0501027544,0.0322298419,0.997347634,0.0418168398,0.151588907,0.209705961,-0.374516148,-0.356196953,-0.106980448,-0.0835644205,-0.163769387,-0.016408358,-0.325518314,0.330679794,-0.477949916,-0.0477394107,-0.097428825,0.131305836,0.0360109583,-0.696676318,-0.153998549,0.0863926886,0.660938727,-0.184859362,0.164715849,-0.271617121,-0.214032092,-0.148170826,1.16397376,0.0114658918,0.044945289
-1.727404,2.25366927,0.82082772,-0.0443852632,0.0364031598,0.99711003,0.0497629085,0.0908376946,0.20271423,-0.362250907,-0.3765779,-0.12472482,-0.113489168,-0.143278927,0.023367397,-0.31883164,0.32631928,-0.418700487,0.018861788,-0.131050649,0.137479579,0.0826743435,-0.601149891,-0.186976731,0.0779514456,0.616574188,-0.193340405,0.162310554,-0.38292295,-0.263887054,-0.170340519,1.20048688,-0.0633327663,0.0340847548
-1.75999308,2.25349251,0.829425164,-0.0416985322,0.0409827512,0.99676905,0.0550736517,0.0338774381,0.207165761,-0.341489844,-0.425446876,-0.141929347,-0.124882998,-0.120414988,0.066845072,-0.317855114,0.314831471,-0.386109744,0.0291763597,-0.139651254,0.13953983,0.131471757,-0.507311358,-0.220740779,0.0523809632,0.552687738,-0.199635143,0.157061,-0.496632327,-0.283887647,-0.173748075,1.17101704,-0.129887695,0.0337213892
-1.79407422,2.25358182,0.836328177,-0.0376241943,0.0451001938,0.996647137,0.0569638178,-0.0108925162,0.231115729,-0.334472496,-0.496248469,-0.140448966,-0.141892021,-0.0810116159,0.116042824,-0.322770511,0.30272841,-0.367557365,0.0461119985,-0.138327347,0.13590391,0.154939458,-0.405517151,-0.240177996,0.0291258382,0.487921945,-0.211619801,0.144759098,-0.592081146,-0.290658592,-0.166794326,1.07314842,-0.173160417,0.0364571791
-1.82700816,2.25418584,0.840152352,-0.036328704,0.0482653362,0.996413369,0.0592543693,-0.0562129951,0.256845424,-0.323503143,-0.561364521,-0.131497608,-0.161307887,-0.0556489796,0.159155102,-0.326457969,0.291633059,-0.358818496,0.0482739847,-0.14047537,0.133767622,0.169855117,-0.312031724,-0.249637304,0.0103226928,0.421315039,-0.217075166,0.128726474,-0.665591626,-0.281870669,-0.160812327,0.914191295,-0.169504827,0.064769568
-1.86009135,2.25468373,0.840981072,-0.0361574198,0.0532406013,0.996080588,0.060675715,-0.104284091,0.274810107,-0.306948645,-0.614337067,-0.100002797,-0.17380733,-0.0548763787,0.195638475,-0.333692966,0.283408937,-0.354227444,0.0522798516,-0.139012645,0.135743677,0.170915449,-0.206598267,-0.257916937,0.00272666856,0.323917967,-0.220859499,0.120400724,-0.706122125,-0.261589361,-0.145945078,0.68596364,-0.0941891699,0.0952646373
-1.8940712,2.25530566,0.837727069,-0.0348691833,0.0592690727,0.995579353,0.0639770962,-0.143300061,0.288387857,-0.286051914,-0.667526786,-0.0858408093,-0.187477291,-0.0398858636,0.222845136,-0.342082319,0.277539977,-0.343559159,0.0579547021,-0.116079369,0.15826594,0.163638442,-0.0951876537,-0.267998211,0.00108847445,0.225270229,-0.217386996,0.113114683,-0.697499325,-0.234110966,-0.143737471,0.394804967,0.0846024596,0.147925843
-1.92566825,2.25642305,0.830239058,-0.0294227387,0.0670885681,0.995098924,0.0664195552,-0.156670064,0.291995507,-0.266301383,-0.727019877,-0.0776424568,-0.203739653,-0.0196290984,0.267696555,-0.35993853,0.263119772,-0.360805012,0.0832388053,-0.131481286,0.148839332,0.177672921,-0.021766172,-0.285305022,-0.0126993646,0.223806133,-0.259016697,0.113827737,-0.68022868,-0.225229836,-0.151901889,0.1607785,0.261321141,0.191879931
-1.95843678,2.25874462,0.821521662,-0.0300394191,0.0694673315,0.994746032,0.0689365941,-0.179360417,0.304585664,-0.243868687,-0.778502514,-0.078003091,-0.215756399,0.00309412152,0.283176211,-0.363350427,0.252154474,-0.360364677,0.081867924,-0.125609425,0.154948242,0.193011013,0.014631368,-0.285408171,-0.0241098084,0.267383487,-0.313236995,0.108639987,-0.710327646,-0.213772555,-0.169452136,0.0862961215,0.337869268,0.220476944
-1.99348436,2.26100976,0.813573921,-0.0269924873,0.070263955,0.994534001,0.072363689,-0.188018585,0.306999346,-0.224441442,-0.796379603,-0.0749068375,-0.225823742,0.0213725007,0.29492358,-0.364209872,0.237733493,-0.358827608,0.0834259232,-0.128269273,0.151514679,0.192284063,0.0543739119,-0.284464918,-0.0370216579,0.329639499,-0.35814881,0.0859099515,-0.709111277,-0.195278959,-0.193393551,0.086877164,0.384239786,0.219055543
-2.02855003,2.26367852,0.807272236,-0.0238541485,0.0667489363,0.994515253,0.076908852,-0.197839374,0.300972179,-0.207395906,-0.78936258,-0.0543202479,-0.208300382,0.0466587131,0.283736701,-0.355425521,0.230403223,-0.340140027,0.0930683078,-0.126982907,0.13441211,0.20814342,0.0680491255,-0.265682856,-0.0360877777,0.439022158,-0.394964186,0.0640427078,-0.694224545,-0.178673215,-0.21832635,0.164927583,0.382864088,0.194941785
-2.06502853,2.26670414,0.803526965,-0.021609624,0.055898412,0.994918052,0.0809102088,-0.181753146,0.296925611,-0.192298585,-0.776378385,-0.0473194639,-0.193258188,0.0665222373,0.275791842,-0.336316678,0.218344505,-0.331613732,0.106527642,-0.133150325,0.125190781,0.201074087,0.0730046853,-0.233951166,-0.0237186038,0.551961867,-0.380829262,0.0140930493,-0.701624796,-0.133572815,-0.189889349,0.280649134,0.259338575,0.0905744916
-2.10048217,2.27070821,0.801400442,-0.0165113633,0.0432621699,0.995601487,0.0814459278,-0.158511506,0.296439563,-0.194266199,-0.748130286,-0.0390130459,-0.19241326,0.048084055,0.271986371,-0.311053198,0.212735762,-0.332766657,0.0899046607,-0.126802745,0.131564516,0.198078059,0.0717557695,-0.186980721,0.000508687916,0.677361152,-0.290932528,-0.0472842733,-0.727820067,-0.0999344748,-0.162683139,0.455684509,0.103235638,0.000113106691
-2.1354371,2.27404509,0.802412108,-0.00880572403,0.0321786785,0.996078662,0.0819407739,-0.117884975,0.297362179,-0.209797314,-0.706528169,-0.0359790666,-0.175355302,0.0102664146,0.269102918,-0.288423626,0.214107342,-0.342649401,0.0804819876,-0.106091225,0.150339424,0.195134523,0.0815823401,-0.150087311,0.00940989775,0.762240394,-0.098177698,-0.119908126,-0.714906676,-0.0775008305,-0.17477767,0.583545557,-0.0223048191,-0.0484406437
-2.16717042,2.27564072,0.806205468,-0.0063144454,0.0294002756,0.99604948,0.0835534854,-0.106193652,0.280799142,-0.234603705,-0.619679309,-0.0523513468,-0.159429392,-0.0264945419,0.246157528,-0.281503555,0.222819985,-0.37840641,0.0832263523,-0.134702248,0.124807717,0.201521315,0.0382568787,-0.120053141,0.0248120171,0.878967712,0.0520799192,-0.126059485,-0.690336344,-0.0745171568,-0.178294253,0.659305811,-0.107832011,-0.0676391999
-2.19416217,2.27762865,0.81043983,-0.0106119455,0.0286945477,0.995858497,0.0856146223,-0.118723737,0.265609862,-0.274205972,-0.516543641,-0.0680518288,-0.13805165,-0.0715504611,0.189013346,-0.278007299,0.22320978,-0.390425281,0.0572954131,-0.10854416,0.117927919,0.189073469,-0.0875581996,-0.0548388294,0.0985145255,1.05005546,0.0102230476,-0.0951440381,-0.668087636,-0.0658690952,-0.17663053,0.680099347,-0.160292148,-0.0879185387
-2.21986513,2.28189177,0.815052146,-0.0141122528,0.0253690051,0.995393039,0.0913780942,-0.102239094,0.262275183,-0.304691002,-0.450791536,-0.114511798,-0.117139887,-0.119495712,0.145148402,-0.271626225,0.229900766,-0.457015033,0.0511324614,-0.136815697,0.135818064,0.144530483,-0.21289552,0.0357202909,0.183872019,1.16582056,-0.0560352012,-0.0584232927,-0.644249807,-0.0188684253,-0.148611346,0.677704601,-0.190091645,-0.102618875
-2.24464776,2.28260047,0.820993438,-0.0155655622,0.0246193216,0.994385726,0.101728213,-0.0792011028,0.24436448,-0.319826303,-0.376373376,-0.137981333,-0.101823062,-0.144917167,0.0976819711,-0.271385808,0.24493433,-0.520118161,0.0329087682,-0.151089137,0.117287085,0.105209705,-0.328745833,0.0817312743,0.219298758,1.20006526,-0.11444229,-0.0306555803,-0.60913884,0.0140815861,-0.115388936,0.66664716,-0.202349012,-0.0959646677
-2.26858349,2.28264315,0.826751715,-0.0136590934,0.0248578304,0.992809772,0.116293917,-0.0279225795,0.22624479,-0.318044522,-0.325018451,-0.115118735,-0.0743501531,-0.123118781,0.0681477215,-0.277345659,0.255336947,-0.605639213,0.0224309958,-0.16520815,0.0930165992,0.0810690349,-0.434787131,0.0948344515,0.213664084,1.16580622,-0.178527728,-0.0207212373,-0.562641379,0.0346138483,-0.0830209128,0.649324562,-0.221872215,-0.0867648564
-2.29156802,2.28296326,0.831719855,-0.0157449516,0.0241638348,0.991014206,0.130610294,0.0241894279,0.215856584,-0.301946735,-0.304548822,-0.0849197283,-0.0451790792,-0.0606314078,0.0391316276,-0.27832457,0.256495203,-0.709046361,-0.00357011995,-0.171796645,0.068032425,0.0650123635,-0.529406251,0.115408995,0.198785668,1.06332304,-0.200856722,-0.019486895,-0.523727463,0.049442893,-0.0604708033,0.625527399,-0.233582051,-0.0726587337
