0.795000017,-0.783999979,0.853999972,0.0104991229,0.0097891819,0.643946206,0.764936092,0.118000001,0.187000006,0.119000003,-0.389999986,0,0,0,0.107000001,-0.202999994,0.126000002,-0.441000015,0,0,0,-0.0755999982,-0.0295000002,-0.0201999992,0.234999999,0.122000001,-0.0683000013,0.0353999995,-0.0610000007,-0.00254000002,-0.125,0.178000003,-0.130999997,-0.0208000001
0.796999991,-0.783999979,0.853999972,0.0111956594,0.0100960857,0.647748889,0.761704735,0.127000004,0.178000003,0.126000002,-0.388999999,0,0,0,0.104000002,-0.202000007,0.114,-0.439999998,0,0,0,-0.079400003,-0.0209999997,-0.0219000001,0.231999993,0.104999997,-0.0593999997,0.0313999988,-0.0504000001,-0.00130999996,-0.136000007,0.164000005,-0.128000006,-0.0194000006
0.799000025,-0.783999979,0.852999985,0.0118940034,0.0100949098,0.653670407,0.756618546,0.127000004,0.175999999,0.114,-0.389999986,0,0,0,0.104999997,-0.202000007,0.103,-0.43900001,0,0,0,-0.0833000019,-0.0218000002,-0.0196000002,0.221000001,0.104000002,-0.0610000007,0.0291000009,-0.0408999994,0.000615999976,-0.150999993,0.155000001,-0.135000005,-0.0206000004
0.800999999,-0.783999979,0.851999998,0.0123996838,0.0105997291,0.658983158,0.751980779,0.123000003,0.179000005,0.0898000002,-0.391000003,0,0,0,0.105999999,-0.202999994,0.0970000029,-0.43900001,0,0,0,-0.0841000006,-0.0285,-0.0172000006,0.213,0.112999998,-0.0665000007,0.0254999995,-0.0372000001,0.00158000004,-0.160999998,0.153999999,-0.143000007,-0.0229000002
0.801999986,-0.782999992,0.851999998,0.0137019399,0.0104014726,0.661093608,0.750106197,0.119000003,0.182999998,0.0746999979,-0.393000007,0,0,0,0.108999997,-0.203999996,0.0938000008,-0.437999994,0,0,0,-0.0798999965,-0.0289999992,-0.0161000006,0.208000004,0.116999999,-0.0671000034,0.0237000007,-0.0362000018,0.00190000003,-0.165999994,0.159999996,-0.143999994,-0.0252
0.802999973,-0.782999992,0.851999998,0.0139938559,0.0105953474,0.662709002,0.748671283,0.119000003,0.182999998,0.0833000019,-0.393000007,0,0,0,0.108000003,-0.201000005,0.0984999985,-0.437999994,0,0,0,-0.0755999982,-0.0313000008,-0.0147000002,0.206,0.119999997,-0.0644999966,0.0222999994,-0.0397000015,0.00306000002,-0.169,0.165999994,-0.140000001,-0.0277999993
0.80400002,-0.783999979,0.852999985,0.0134041231,0.0115035389,0.66320401,0.748230205,0.125,0.179000005,0.101999998,-0.39199999,0,0,0,0.100000001,-0.194999993,0.111000001,-0.437999994,0,0,0,-0.0737999976,-0.0375000015,-0.0121999998,0.204999998,0.125,-0.0631000027,0.0211999994,-0.0452000014,0.00505999988,-0.170000002,0.171000004,-0.137999997,-0.0304000005
0.805999994,-0.783999979,0.852999985,0.0134939385,0.0120945667,0.662702282,0.74866369,0.133000001,0.173999995,0.116999999,-0.389999986,0,0,0,0.0922000036,-0.189999998,0.126000002,-0.437999994,0,0,0,-0.0697000027,-0.0425999984,-0.00961000007,0.201000005,0.133000001,-0.0636000037,0.0231999997,-0.0461999997,0.00620999979,-0.170000002,0.172000006,-0.141000003,-0.0318999998
0.806999981,-0.783999979,0.852999985,0.013102732,0.0129026907,0.662138057,0.749156213,0.138999999,0.172000006,0.120999999,-0.388999999,0,0,0,0.0833000019,-0.187000006,0.137999997,-0.437000006,0,0,0,-0.0662999973,-0.0491000004,-0.00669000018,0.199000001,0.141000003,-0.0632999986,0.0223999992,-0.0498000011,0.00780999986,-0.170000002,0.175999999,-0.143999994,-0.0333000012
0.809000015,-0.783999979,0.851999998,0.0125929199,0.0148916274,0.661628015,0.749578566,0.142000005,0.172000006,0.122000001,-0.388999999,0,0,0,0.0724999979,-0.184,0.148000002,-0.437000006,0,0,0,-0.060899999,-0.0566999987,-0.00522999978,0.199000001,0.147,-0.061900001,0.0230999999,-0.057599999,0.00851000007,-0.169,0.181999996,-0.149000004,-0.0348000005
0.81099999,-0.786000013,0.852999985,0.010801659,0.018202796,0.662101674,0.749115048,0.145999998,0.172999993,0.127000004,-0.388000011,0,0,0,0.0581,-0.180999994,0.162,-0.43599999,0,0,0,-0.0555999987,-0.0693999976,-0.00298000011,0.195999995,0.153999999,-0.0593000017,0.023,-0.0693000033,0.0105999997,-0.167999998,0.187999994,-0.150000006,-0.0377999991
0.81400001,-0.787,0.852999985,0.00912081579,0.0222019863,0.662059246,0.749067045,0.148000002,0.170000002,0.141000003,-0.386999995,0,0,0,0.0432999991,-0.179000005,0.179000005,-0.43599999,0,0,0,-0.0461000018,-0.0838999972,-0.00182,0.192000002,0.160999998,-0.0553000011,0.0229000002,-0.0797000006,0.0121999998,-0.169,0.188999996,-0.149000004,-0.0406000018
0.815999985,-0.787999988,0.852999985,0.00767176611,0.0272062628,0.665153129,0.746171749,0.150999993,0.165999994,0.153999999,-0.386000007,0,0,0,0.0296,-0.179000005,0.197999999,-0.435000002,0,0,0,-0.0364999995,-0.100000001,-0.00315,0.184,0.165999994,-0.0496000014,0.0234999992,-0.0850000009,0.0116999997,-0.180999994,0.180999994,-0.145999998,-0.0412000008
0.819000006,-0.790000021,0.852999985,0.00460913629,0.0341935926,0.671874062,0.739861338,0.147,0.166999996,0.158000007,-0.382999986,0,0,0,0.0198999997,-0.184,0.209999993,-0.432000011,0,0,0,-0.0205000006,-0.126000002,-0.00484000007,0.171000004,0.173999995,-0.0410999991,0.0239000004,-0.0916000009,0.0114000002,-0.203999996,0.166999996,-0.137999997,-0.0408999994
0.82099998,-0.791999996,0.852999985,0.0011900266,0.0428009593,0.68101523,0.73101636,0.141000003,0.170000002,0.155000001,-0.375,0,0,0,0.0131000001,-0.192000002,0.221000001,-0.428000003,0,0,0,-0.00270999991,-0.157000005,-0.0103000002,0.152999997,0.181999996,-0.0344999991,0.0274999999,-0.100000001,0.00808000006,-0.231999993,0.152999997,-0.133000001,-0.0386999995
0.823000014,-0.795000017,0.853999972,-0.00265011549,0.0524022856,0.694030272,0.718031308,0.129999995,0.171000004,0.152999997,-0.367000014,0,0,0,0.0163000003,-0.202000007,0.216000006,-0.425000012,0,0,0,0.0176999997,-0.195999995,-0.0190999992,0.126000002,0.200000003,-0.0370000005,0.0298999995,-0.109999999,0.00173999998,-0.263999999,0.141000003,-0.130999997,-0.0355999991
0.825999975,-0.796000004,0.853999972,-0.00543226402,0.0597248938,0.713297295,0.698291055,0.116999999,0.170000002,0.150999993,-0.361999989,0,0,0,0.0287999995,-0.210999995,0.209000006,-0.425000012,0,0,0,0.0350000001,-0.232999995,-0.0284000002,0.114,0.223000005,-0.0509000011,0.0261000004,-0.112000003,-0.00365000009,-0.307000011,0.129999995,-0.134000003,-0.0335000008
0.828000009,-0.796999991,0.855000019,-0.00792886672,0.0651906807,0.735894791,0.673903677,0.105999999,0.166999996,0.156000003,-0.361000001,0,0,0,0.0297999997,-0.219999999,0.224000007,-0.430999994,0,0,0,0.0416000001,-0.261000007,-0.0340999998,0.169,0.248999998,-0.0846000016,0.0171000008,-0.108000003,-0.00548999989,-0.360000014,0.115999997,-0.138999999,-0.0355999991
0.83099997,-0.796999991,0.853999972,-0.0071594807,0.0640953479,0.75894495,0.647953,0.107000001,0.166999996,0.165000007,-0.363999993,0,0,0,0.0421000011,-0.226999998,0.244000003,-0.435000002,0,0,0,0.0386000015,-0.282000005,-0.0218000002,0.263999999,0.305999994,-0.127000004,0.0140000004,-0.0923999995,-0.00171999994,-0.409000009,0.112000003,-0.150999993,-0.0412000008
0.833000004,-0.797999978,0.855000019,-0.00765738303,0.063978137,0.779733479,0.622787174,0.109999999,0.165000007,0.165999994,-0.365999997,0,0,0,0.0373999998,-0.231999993,0.254999995,-0.441000015,0,0,0,0.0342999995,-0.282000005,-0.00691,0.395000011,0.335000008,-0.150000006,0.0304000005,-0.0754000023,0.00505999988,-0.458999991,0.0943000019,-0.152999997,-0.0441000015
0.834999979,-0.796999991,0.855000019,-0.00688879353,0.0623890732,0.799859947,0.596895479,0.112999998,0.163000003,0.164000005,-0.370000005,0,0,0,0.0342000015,-0.232999995,0.248999998,-0.44600001,0,0,0,0.0285999998,-0.26699999,0.0115,0.528999984,0.356000006,-0.160999998,0.0515000001,-0.0559,0.0127999997,-0.507000029,0.0800999999,-0.158000007,-0.0485000014
0.836000025,-0.796000004,0.853999972,-0.00608068735,0.0598067575,0.820092668,0.569064313,0.114,0.164000005,0.153999999,-0.374000013,0,0,0,0.0359000005,-0.232999995,0.226999998,-0.448000014,0,0,0,0.0197000001,-0.246999994,0.0237000007,0.639999986,0.367000014,-0.172999993,0.0737999976,-0.0377999991,0.0200999994,-0.555999994,0.0737999976,-0.167999998,-0.0533999987
0.834999979,-0.79400003,0.852999985,-0.005518989,0.055989744,0.839846107,0.539901107,0.115000002,0.167999998,0.143000007,-0.379000008,0,0,0,0.0416000001,-0.232999995,0.202999994,-0.446999997,0,0,0,0.0105999997,-0.223000005,0.0315999985,0.731000006,0.365999997,-0.189999998,0.0861999989,-0.0205000006,0.0277999993,-0.605000019,0.0734999999,-0.180999994,-0.0582999997
0.832000017,-0.791000009,0.851999998,-0.00516866186,0.0500870335,0.858777729,0.509868009,0.115000002,0.175999999,0.131999999,-0.382999986,0,0,0,0.0496000014,-0.230000004,0.186000004,-0.442999989,0,0,0,-1.77000002e-05,-0.199000001,0.0353999995,0.799000025,0.352999985,-0.193000004,0.0895999968,-0.00313000008,0.0370999984,-0.652999997,0.0799999982,-0.194999993,-0.0627000034
0.828999996,-0.787999988,0.850000024,-0.00585099697,0.0430073308,0.8761493,0.480081805,0.114,0.186000004,0.123999998,-0.386999995,0,0,0,0.061999999,-0.225999996,0.162,-0.43900001,0,0,0,-0.00227000006,-0.178000003,0.0392000005,0.819000006,0.331,-0.163000003,0.067900002,0.0142999999,0.0498000011,-0.694999993,0.0874999985,-0.211999997,-0.0680999979
0.823000014,-0.786000013,0.84799999,-0.00537135522,0.0358090342,0.891224848,0.45211407,0.109999999,0.192000002,0.114,-0.389999986,0,0,0,0.0790000036,-0.224000007,0.136999995,-0.43599999,0,0,0,0.00132000004,-0.165999994,0.0295000002,0.768000007,0.303000003,-0.143999994,0.0531000011,0.0313000008,0.0546999983,-0.736999989,0.101999998,-0.224000007,-0.0697999969
0.814999998,-0.783999979,0.847000003,-0.00502071759,0.0298042592,0.905129331,0.424060601,0.104999997,0.194000006,0.108000003,-0.391000003,0,0,0,0.0984999985,-0.225999996,0.123999998,-0.433999985,0,0,0,0.00644000014,-0.156000003,0.0174000002,0.714999974,0.284000009,-0.142000005,0.0577000007,0.0395000018,0.0465999991,-0.768999994,0.137999997,-0.238000005,-0.072800003
0.80400002,-0.782000005,0.84799999,-0.00560856011,0.0249935843,0.915764924,0.40089708,0.104999997,0.191,0.115000002,-0.389999986,0,0,0,0.108999997,-0.230000004,0.131999999,-0.433999985,0,0,0,0.0148,-0.147,0.00463999994,0.666000009,0.270000011,-0.141000003,0.0584000014,0.0300999992,0.0189999994,-0.777999997,0.209999993,-0.248999998,-0.0799999982
0.790000021,-0.781000018,0.850000024,-0.00546108307,0.0192038091,0.927183848,0.374074192,0.112000003,0.188999996,0.127000004,-0.388000011,0,0,0,0.112999998,-0.231000006,0.147,-0.43599999,0,0,0,0.00872000027,-0.129999995,-0.0120999999,0.611000001,0.25,-0.143999994,0.060800001,0.00194999995,-0.0377999991,-0.782999992,0.344999999,-0.250999987,-0.0846000016
0.773000002,-0.782000005,0.851000011,-0.00553969378,0.0140992214,0.939948071,0.340981154,0.119999997,0.187999994,0.135000005,-0.38499999,0,0,0,0.109999999,-0.231999993,0.162,-0.437000006,0,0,0,-0.00851000007,-0.112000003,-0.0320999995,0.555999994,0.232999995,-0.153999999,0.0665000007,-0.0579999983,-0.127000004,-0.754000008,0.546999991,-0.237000003,-0.0951000005
0.760999978,-0.782000005,0.851999998,-0.00638773132,0.0107961655,0.951661994,0.306891004,0.119000003,0.188999996,0.128999993,-0.382999986,0,0,0,0.101000004,-0.232999995,0.165000007,-0.437000006,0,0,0,-0.0253999997,-0.104000002,-0.0449000001,0.509000003,0.222000003,-0.158000007,0.0697000027,-0.138999999,-0.192000002,-0.677999973,0.727999985,-0.209999993,-0.133000001
0.757000029,-0.781000018,0.852999985,-0.0100019561,0.00899175873,0.96218821,0.272053227,0.104000002,0.193000004,0.115999997,-0.38499999,0,0,0,0.0900999978,-0.236000001,0.149000004,-0.435000002,0,0,0,-0.0362999998,-0.115999997,-0.0439000018,0.460999995,0.224000007,-0.149000004,0.070100002,-0.247999996,-0.201000005,-0.54400003,0.860000014,-0.197999999,-0.144999996
0.758000016,-0.774999976,0.855000019,-0.0145949575,0.00607790017,0.970664634,0.239917099,0.0886000022,0.200000003,0.111000001,-0.386000007,0,0,0,0.0817999989,-0.233999997,0.127000004,-0.42899999,0,0,0,-0.0441999994,-0.130999997,-0.0304000005,0.412,0.226999998,-0.131999999,0.0604000017,-0.340000004,-0.162,-0.416000009,0.912999988,-0.194999993,-0.136999995
0.754999995,-0.76700002,0.856999993,-0.0188989508,0.00240986622,0.977945715,0.207988462,0.0820000023,0.202999994,0.115000002,-0.386000007,0,0,0,0.0781999975,-0.229000002,0.112999998,-0.423000008,0,0,0,-0.0535000004,-0.137999997,-0.0189999994,0.361000001,0.223000005,-0.115999997,0.0522999987,-0.400999993,-0.122000001,-0.328999996,0.904999971,-0.194000006,-0.128999993
0.75,-0.75999999,0.859000027,-0.0222030514,-0.000469064466,0.984135299,0.176024194,0.0773999989,0.203999996,0.112999998,-0.38499999,0,0,0,0.0753000006,-0.224999994,0.108999997,-0.419,0,0,0,-0.0593000017,-0.141000003,-0.0115999999,0.307000011,0.216999993,-0.103,0.0469999984,-0.432999998,-0.0904000029,-0.261999995,0.841000021,-0.200000003,-0.123999998
0.744000018,-0.751999974,0.860000014,-0.0253919043,-0.00339891641,0.989684479,0.140955063,0.070100002,0.209000006,0.0957000032,-0.381999999,0,0,0,0.0689999983,-0.222000003,0.120999999,-0.418000013,0,0,0,-0.0648000017,-0.143999994,-0.00368999992,0.252999991,0.209999993,-0.0935000032,0.0410000011,-0.442999989,-0.0610000007,-0.196999997,0.731999993,-0.195999995,-0.122000001
0.736999989,-0.741999984,0.861000001,-0.0284073809,-0.0053713955,0.994258344,0.103026768,0.0615999997,0.215000004,0.0746000037,-0.379000008,0,0,0,0.0658000037,-0.221000001,0.123999998,-0.416999996,0,0,0,-0.0729999989,-0.147,0.0035600001,0.192000002,0.204999998,-0.0857999995,0.0348000005,-0.43900001,-0.0298999995,-0.0974000022,0.598999977,-0.160999998,-0.0974999964
0.727999985,-0.73299998,0.861999989,-0.0321894362,-0.00717764439,0.997672577,0.0596804131,0.0489999987,0.216999993,0.0653000027,-0.377000004,0,0,0,0.057,-0.216999993,0.118000001,-0.416000009,0,0,0,-0.0869000033,-0.143999994,0.00939999986,0.123000003,0.180999994,-0.068599999,0.0284000002,-0.416000009,-0.000319000013,0.0516999997,0.44600001,-0.123000003,-0.0667999983
0.714999974,-0.723999977,0.861000001,-0.0299133177,-0.00615273915,0.999444991,0.0133059239,0.052099999,0.211999997,0.0621999986,-0.375999987,0,0,0,0.070100002,-0.223000005,0.107000001,-0.414000005,0,0,0,-0.104000002,-0.141000003,0.0105999997,0.0461999997,0.185000002,-0.0688999966,0.0228000004,-0.388999999,0.0102000004,0.246999994,0.340999991,-0.116999999,-0.0173000004
0.700999975,-0.717000008,0.860000014,-0.0225046034,-0.00458093682,0.999204365,-0.032606669,0.0612000003,0.206,0.0612000003,-0.377000004,0,0,0,0.0899000019,-0.231999993,0.107000001,-0.416000009,0,0,0,-0.115000002,-0.131999999,0.00997999962,-0.0278999992,0.201000005,-0.0859000012,0.0207000002,-0.358999997,0.0138999997,0.414999992,0.286000013,-0.137999997,0.0357999988
0.68900001,-0.711000025,0.85799998,-0.0172988492,-0.0017798816,0.996933632,-0.0762949251,0.068400003,0.200000003,0.058600001,-0.377000004,0,0,0,0.105999999,-0.238000005,0.104999997,-0.418000013,0,0,0,-0.115999997,-0.129999995,0.00798000023,-0.0966999978,0.216999993,-0.0979999974,0.0183000006,-0.333000004,0.0121999998,0.469000012,0.261000007,-0.152999997,0.0837000012
0.67900002,-0.703000009,0.856999993,-0.0144986538,0.00156985424,0.992907805,-0.117989048,0.067400001,0.199000001,0.0526000001,-0.375999987,0,0,0,0.115000002,-0.241999999,0.0997999981,-0.419,0,0,0,-0.108000003,-0.137999997,0.00865000021,-0.165999994,0.231999993,-0.103,0.0116999997,-0.307999998,0.00884999987,0.402999997,0.25999999,-0.107000001,0.065200001
0.671000004,-0.694000006,0.855000019,-0.0133979163,0.00643899892,0.986846541,-0.160974968,0.0617999993,0.196999997,0.0463000014,-0.374000013,0,0,0,0.125,-0.248999998,0.0865999982,-0.418000013,0,0,0,-0.0979000032,-0.159999996,0.00313999993,-0.234999999,0.261999995,-0.115000002,0.00212999992,-0.277999997,-0.00334000005,0.331,0.256999999,-0.103,0.0425999984
0.665000021,-0.686999977,0.856000006,-0.0148003975,0.0111002979,0.98002634,-0.198005317,0.0513999984,0.192000002,0.0498999991,-0.374000013,0,0,0,0.135000005,-0.257999986,0.070600003,-0.414999992,0,0,0,-0.0766000003,-0.187999994,-0.0082299998,-0.296000004,0.289000005,-0.116999999,-0.00573999994,-0.27700001,-0.0121999998,0.275000006,0.286000013,-0.105999999,0.0272000004
0.661000013,-0.680000007,0.856999993,-0.0169917564,0.0141931135,0.971528612,-0.235885548,0.0507999994,0.184,0.064199999,-0.372000009,0,0,0,0.143000007,-0.268000007,0.0582999997,-0.411000013,0,0,0,-0.0610999987,-0.219999999,-0.0186999999,-0.319000006,0.319999993,-0.119000003,-0.00951000024,-0.270000011,-0.0220999997,0.216999993,0.300000012,-0.109999999,0.0187999997
0.656000018,-0.672999978,0.859000027,-0.0195938232,0.0156950515,0.959697429,-0.279911758,0.0493000001,0.175999999,0.0639000013,-0.370000005,0,0,0,0.147,-0.27700001,0.0579999983,-0.409999996,0,0,0,-0.0573000014,-0.261000007,-0.0298999995,-0.291999996,0.363000005,-0.112000003,-0.00107999996,-0.239999995,-0.0344000012,0.138999999,0.275000006,-0.112000003,0.00477
0.653999984,-0.666000009,0.860000014,-0.023105516,0.0164039163,0.944225425,-0.328078333,0.0410999991,0.170000002,0.0527999997,-0.368999988,0,0,0,0.151999995,-0.284999996,0.0425999984,-0.411000013,0,0,0,-0.0593000017,-0.301999986,-0.0399000011,-0.236000001,0.405999988,-0.145999998,-0.0022799999,-0.208000004,-0.0447999984,0.057599999,0.241999999,-0.115000002,-0.0093299998
0.652999997,-0.657999992,0.862999976,-0.0301937165,0.0172964004,0.926807085,-0.373922186,0.0223999992,0.159999996,0.0452000014,-0.370000005,0,0,0,0.147,-0.291000009,0.0258000009,-0.411000013,0,0,0,-0.0637999997,-0.324000001,-0.0438000001,-0.131999999,0.409000009,-0.143000007,0.00934999995,-0.179000005,-0.0571999997,-0.0187999997,0.194000006,-0.101999998,-0.0156999994
0.649999976,-0.649999976,0.864000022,-0.0327882139,0.0174937117,0.908673343,-0.415850525,0.0164000001,0.160999998,0.0373999998,-0.368999988,0,0,0,0.150000006,-0.291000009,0.0168999992,-0.412,0,0,0,-0.067400001,-0.338,-0.0335999988,0.0181000009,0.433999985,-0.150999993,0.0267999992,-0.158000007,-0.0606000014,-0.0956000015,0.175999999,-0.105999999,-0.0208000001
0.647000015,-0.643999994,0.864000022,-0.0344202845,0.0171100835,0.889524181,-0.455268295,0.0179999992,0.162,0.0395999998,-0.367000014,0,0,0,0.150999993,-0.287999988,0.0166999996,-0.412999988,0,0,0,-0.0707999989,-0.338999987,-0.0171000008,0.165999994,0.453999996,-0.163000003,0.0524000004,-0.136000007,-0.058600001,-0.165000007,0.159999996,-0.115000002,-0.0289999992
0.64200002,-0.638999999,0.862999976,-0.0309973414,0.0156986532,0.869925407,-0.491957827,0.0274999999,0.169,0.0441999994,-0.367000014,0,0,0,0.163000003,-0.282000005,0.0173000004,-0.414000005,0,0,0,-0.0698999986,-0.337000012,0.00954,0.272000015,0.49000001,-0.188999996,0.0710999966,-0.112999998,-0.0485000014,-0.225999996,0.158000007,-0.134000003,-0.0392000005
0.637000024,-0.63499999,0.861999989,-0.0291909551,0.0134958183,0.848736974,-0.527836433,0.0333000012,0.173999995,0.0467999987,-0.367000014,0,0,0,0.169,-0.275999993,0.0197000001,-0.414000005,0,0,0,-0.0706999972,-0.328000009,0.0275999997,0.338,0.500999987,-0.195999995,0.0800999999,-0.0908999965,-0.0383000001,-0.289999992,0.149000004,-0.147,-0.0454999991
0.634000003,-0.634000003,0.861000001,-0.0268065049,0.0121029372,0.827200777,-0.561136173,0.0375000015,0.178000003,0.0472999997,-0.370000005,0,0,0,0.172000006,-0.268999994,0.0164000001,-0.414999992,0,0,0,-0.0737999976,-0.310000002,0.0377999991,0.393000007,0.493999988,-0.202000007,0.0851999968,-0.0628999993,-0.0285,-0.354000002,0.131999999,-0.158999994,-0.0476000011
0.630999982,-0.632000029,0.859000027,-0.0244006171,0.0101002552,0.80402037,-0.594015016,0.0401999988,0.185000002,0.0384999998,-0.372000009,0,0,0,0.173999995,-0.259000003,0.00644000014,-0.416999996,0,0,0,-0.0781000033,-0.289000005,0.0489000008,0.456,0.48300001,-0.209999993,0.0895000026,-0.0329999998,-0.0140000004,-0.416999996,0.107000001,-0.172000006,-0.0498000011
0.629000008,-0.632000029,0.856999993,-0.021401489,0.00812056501,0.781054327,-0.624043404,0.0414999984,0.193000004,0.0260000005,-0.375999987,0,0,0,0.177000001,-0.248999998,-0.000128999993,-0.418000013,0,0,0,-0.0800999999,-0.259000003,0.0617000014,0.537999988,0.463,-0.215000004,0.0957999974,-0.00270999991,0.00316000008,-0.474999994,0.0829999968,-0.180999994,-0.0505000018
0.626999974,-0.633000016,0.855000019,-0.0184976662,0.00529933118,0.758904245,-0.65091789,0.0432000011,0.200000003,0.0218000002,-0.381000012,0,0,0,0.175999999,-0.241999999,0.00328999991,-0.416999996,0,0,0,-0.0829999968,-0.226999998,0.0658999979,0.620999992,0.423999995,-0.197999999,0.0962999985,0.0192000009,0.0196000002,-0.527999997,0.0672999993,-0.187999994,-0.0522999987
0.628000021,-0.634000003,0.853999972,-0.0159947532,0.00178941294,0.73875765,-0.67377897,0.0472000018,0.203999996,0.0283000004,-0.384000003,0,0,0,0.165999994,-0.233999997,0.0070199999,-0.419,0,0,0,-0.0825000033,-0.189999998,0.0533999987,0.691999972,0.35800001,-0.175999999,0.0848999992,0.0289999992,0.0304000005,-0.57099998,0.0676999986,-0.194000006,-0.0568000004
0.630999982,-0.635999978,0.851999998,-0.0132982136,-0.00130982403,0.720903185,-0.692906949,0.0566999987,0.204999998,0.0373000018,-0.386999995,0,0,0,0.153999999,-0.230000004,0.0168999992,-0.421000004,0,0,0,-0.0795999989,-0.156000003,0.0317000002,0.709999979,0.289999992,-0.158000007,0.0593999997,0.0346000008,0.0337999985,-0.612999976,0.076700002,-0.200000003,-0.0584000014
0.635999978,-0.639999986,0.851999998,-0.0104008601,-0.00324026794,0.704058217,-0.710058695,0.067400001,0.203999996,0.0436000004,-0.389999986,0,0,0,0.143999994,-0.229000002,0.0262000002,-0.421000004,0,0,0,-0.0776999965,-0.136999995,0.0120999999,0.675999999,0.243000001,-0.142000005,0.0449000001,0.0379999988,0.0285999998,-0.648000002,0.0995000005,-0.208000004,-0.0581
0.64200002,-0.643999994,0.851999998,-0.00816352886,-0.00490211926,0.687297098,-0.726313999,0.075000003,0.200000003,0.0463999994,-0.393999994,0,0,0,0.136999995,-0.230000004,0.0320000015,-0.421000004,0,0,0,-0.072300002,-0.128999993,-0.0055300002,0.632000029,0.215000004,-0.128999993,0.0485000014,0.0366999991,0.0187999997,-0.675000012,0.130999997,-0.216000006,-0.0632999986
0.648000002,-0.648000002,0.851999998,-0.00554168193,-0.00635192798,0.67120374,-0.741224987,0.0812000036,0.197999999,0.0443000011,-0.398000002,0,0,0,0.130999997,-0.231999993,0.0432999991,-0.421000004,0,0,0,-0.0675000027,-0.119000003,-0.0233999994,0.583000004,0.192000002,-0.123999998,0.057500001,0.0263,5.79000007e-05,-0.694000006,0.184,-0.224000007,-0.0720999986
0.657000005,-0.653999984,0.851999998,-0.00137969295,-0.00906798144,0.655854046,-0.754831994,0.0913999975,0.201000005,0.0469999984,-0.398999989,0,0,0,0.123000003,-0.230000004,0.0610999987,-0.419,0,0,0,-0.0661000013,-0.104999997,-0.0353999995,0.54400003,0.171000004,-0.126000002,0.0566000007,-0.00707999989,-0.0408000015,-0.709999979,0.296000004,-0.232999995,-0.0813999996
0.66900003,-0.660000026,0.851999998,0.00279059868,-0.0118025323,0.640137305,-0.76816479,0.104999997,0.202999994,0.0568999983,-0.398999989,0,0,0,0.114,-0.230000004,0.0838999972,-0.418000013,0,0,0,-0.0700000003,-0.0923999995,-0.0452000014,0.518999994,0.162,-0.133000001,0.0573999994,-0.0729999989,-0.115000002,-0.702000022,0.481000006,-0.237000003,-0.0949999988
0.681999981,-0.663999975,0.851000011,0.00381975783,-0.0117992524,0.62196055,-0.782950357,0.118000001,0.200000003,0.0623999983,-0.395999998,0,0,0,0.104999997,-0.237000003,0.0969000012,-0.418000013,0,0,0,-0.0785999969,-0.0873999968,-0.0632999986,0.493000001,0.164000005,-0.143999994,0.0601000004,-0.160999998,-0.202999994,-0.654999971,0.688000023,-0.226999998,-0.119999997
0.688000023,-0.666000009,0.850000024,0.00355824041,-0.0130935249,0.601702433,-0.798605084,0.116999999,0.202000007,0.0621000007,-0.395999998,0,0,0,0.0983999968,-0.239999995,0.0948999971,-0.416999996,0,0,0,-0.0847999975,-0.0936999992,-0.0729999989,0.458999991,0.170000002,-0.144999996,0.0625,-0.261000007,-0.240999997,-0.556999981,0.841000021,-0.197999999,-0.143000007
0.686999977,-0.666999996,0.851999998,0.00363872268,-0.0169940354,0.583795056,-0.811715033,0.109999999,0.207000002,0.0691,-0.395999998,0,0,0,0.0894000009,-0.234999999,0.0881000012,-0.416000009,0,0,0,-0.0816999972,-0.104999997,-0.0671999976,0.430000007,0.174999997,-0.134000003,0.0562999994,-0.356999993,-0.219999999,-0.432999998,0.925999999,-0.173999995,-0.136999995
0.685000002,-0.671000004,0.853999972,0.00588060272,-0.0207021218,0.566057995,-0.824084454,0.107000001,0.213,0.0829999968,-0.395999998,0,0,0,0.0837000012,-0.224000007,0.0885000005,-0.416000009,0,0,0,-0.0826999992,-0.108999997,-0.0562999994,0.39199999,0.172000006,-0.120999999,0.0472999997,-0.421999991,-0.178000003,-0.347000003,0.950999975,-0.172000006,-0.135000005
0.683000028,-0.675999999,0.856000006,0.00904769304,-0.0238939067,0.543861329,-0.838786072,0.103,0.219999999,0.0839999989,-0.395000011,0,0,0,0.0842000023,-0.213,0.0914999992,-0.416000009,0,0,0,-0.0870999992,-0.108999997,-0.0463000014,0.351999998,0.170000002,-0.112999998,0.0399999991,-0.451999992,-0.135000005,-0.289999992,0.922999978,-0.175999999,-0.131999999
0.683000028,-0.683000028,0.856999993,0.0118985641,-0.0273966933,0.517937493,-0.854896835,0.0980999991,0.229000002,0.0768999979,-0.393000007,0,0,0,0.0856000036,-0.202000007,0.0925000012,-0.414999992,0,0,0,-0.0974999964,-0.112000003,-0.0370000005,0.305000007,0.171000004,-0.108000003,0.0351000018,-0.460000008,-0.0926000029,-0.240999997,0.851999998,-0.165999994,-0.123000003
0.683000028,-0.690999985,0.85799998,0.0147008731,-0.0304018057,0.490029107,-0.871051714,0.0899000019,0.238000005,0.0610000007,-0.391000003,0,0,0,0.0910999998,-0.193000004,0.0851999968,-0.412999988,0,0,0,-0.105999999,-0.115999997,-0.0267999992,0.254000008,0.175999999,-0.104999997,0.0293000005,-0.449000001,-0.0485000014,-0.184,0.745999992,-0.148000002,-0.112999998
0.684000015,-0.699999988,0.859000027,0.0163950042,-0.0333898246,0.458860168,-0.887729503,0.0791999996,0.245000005,0.0465000011,-0.388999999,0,0,0,0.100000001,-0.186000004,0.0691,-0.411000013,0,0,0,-0.115999997,-0.122000001,-0.0176999997,0.197999999,0.184,-0.105999999,0.0225000009,-0.425999999,-0.00246999995,-0.103,0.619000018,-0.138999999,-0.0991000012
0.685000002,-0.709999979,0.860000014,0.0174031206,-0.0387069396,0.425076228,-0.904162101,0.0612000003,0.25,0.0394000001,-0.388000011,0,0,0,0.103,-0.172999993,0.0533000007,-0.409000009,0,0,0,-0.129999995,-0.123000003,-0.00951000024,0.135000005,0.172000006,-0.0954999998,0.0165999997,-0.386000007,0.0379000008,-0.00124000001,0.467000008,-0.107000001,-0.0719000027
0.68900001,-0.721000016,0.859000027,0.0162072082,-0.0375166861,0.391173968,-0.919408914,0.0560999997,0.245000005,0.0318999998,-0.386000007,0,0,0,0.118000001,-0.173999995,0.0434999987,-0.409999996,0,0,0,-0.141000003,-0.122000001,-0.0118000004,0.0729999989,0.181999996,-0.101000004,0.0121999998,-0.356000006,0.0553000011,0.122000001,0.375999987,-0.101999998,-0.0381999984
0.69599998,-0.731000006,0.856999993,0.0145006768,-0.0323015077,0.35801673,-0.933043602,0.0590000004,0.233999997,0.0252,-0.38499999,0,0,0,0.133000001,-0.185000002,0.0450000018,-0.414000005,0,0,0,-0.143999994,-0.118000001,-0.0187999997,0.0219999999,0.202000007,-0.112999998,0.0083999997,-0.331999987,0.0627999976,0.214000002,0.337000012,-0.125,-0.00662000012
0.702000022,-0.74000001,0.856000006,0.0112985097,-0.0288961869,0.325956999,-0.94487533,0.0604999997,0.224000007,0.0205000006,-0.381999999,0,0,0,0.144999996,-0.194999993,0.0516000018,-0.416000009,0,0,0,-0.143000007,-0.118000001,-0.0275999997,-0.0274999999,0.221000001,-0.123000003,0.0072300001,-0.305999994,0.0603,0.246999994,0.305999994,-0.136999995,0.0262000002
0.70599997,-0.749000013,0.853999972,0.008318437,-0.025795154,0.295944396,-0.954820574,0.0595000014,0.216999993,0.0184000004,-0.381000012,0,0,0,0.151999995,-0.201000005,0.0487999991,-0.419,0,0,0,-0.134000003,-0.116999999,-0.0331000015,-0.0737000033,0.232999995,-0.129999995,0.00276000006,-0.275999993,0.0577000007,0.243000001,0.282999992,-0.0931999981,0.0214000009
0.708999991,-0.755999982,0.852999985,0.0042592475,-0.0245956547,0.268952487,-0.962829929,0.057,0.209999993,0.0240000002,-0.379000008,0,0,0,0.160999998,-0.208000004,0.0454000011,-0.419,0,0,0,-0.116999999,-0.122000001,-0.0390999988,-0.119999997,0.241999999,-0.131999999,-0.000319000013,-0.250999987,0.0439000018,0.187999994,0.272000015,-0.0885000005,0.00498999981
0.711000025,-0.763999999,0.853999972,-0.000850194104,-0.0237054125,0.241055028,-0.970221523,0.0527999997,0.203999996,0.0318000019,-0.377999991,0,0,0,0.167999998,-0.214000002,0.0456000008,-0.419,0,0,0,-0.0987000018,-0.128999993,-0.0471000001,-0.165999994,0.252999991,-0.135000005,-0.00322000007,-0.230000004,0.0320999995,0.142000005,0.263000011,-0.0820000023,-0.0102000004
0.712000012,-0.771000028,0.853999972,-0.0061208494,-0.0252034974,0.211029279,-0.977135591,0.050999999,0.197999999,0.0491000004,-0.377000004,0,0,0,0.169,-0.217999995,0.0502000004,-0.418000013,0,0,0,-0.0824000016,-0.141000003,-0.0535999984,-0.209999993,0.263000011,-0.142000005,-0.0124000004,-0.219999999,0.0209999997,0.0974999964,0.263999999,-0.0826999992,-0.0172000006
0.713,-0.776000023,0.856000006,-0.0110948224,-0.0294862405,0.177916978,-0.983541059,0.0478000008,0.193000004,0.0593999997,-0.374000013,0,0,0,0.166999996,-0.224999994,0.0617999993,-0.416000009,0,0,0,-0.0714000016,-0.172000006,-0.0617999993,-0.247999996,0.289000005,-0.155000001,-0.0240000002,-0.209999993,0.00905000046,0.0458000004,0.257999986,-0.0909999982,-0.0200999994
0.713,-0.782000005,0.856000006,-0.0144984414,-0.033696379,0.136985272,-0.989893623,0.0430999994,0.189999998,0.0555000007,-0.372000009,0,0,0,0.170000002,-0.231999993,0.0680000037,-0.414000005,0,0,0,-0.067400001,-0.207000002,-0.0610000007,-0.218999997,0.326000005,-0.180000007,-0.0377999991,-0.187999994,0.000893999997,-0.0192000009,0.237000003,-0.101000004,-0.0260000005
0.713,-0.787999988,0.85799998,-0.0172012152,-0.0372026271,0.090306378,-0.995070269,0.0340000018,0.191,0.0390000008,-0.372000009,0,0,0,0.172999993,-0.238999993,0.0644999966,-0.412999988,0,0,0,-0.0700000003,-0.243000001,-0.0500000007,-0.116999999,0.370999992,-0.202000007,-0.0252,-0.159999996,-0.00380000006,-0.0904000029,0.209999993,-0.108000003,-0.0333000012
0.711000025,-0.792999983,0.860000014,-0.021593382,-0.0444863653,0.0464857528,-0.997694224,0.0140000004,0.186000004,0.0299999993,-0.372999996,0,0,0,0.156000003,-0.248999998,0.0733999982,-0.414000005,0,0,0,-0.0762000009,-0.259000003,-0.0307999998,0.0311999992,0.374000013,-0.207000002,0.00300000003,-0.140000001,-0.00774999987,-0.157000005,0.170000002,-0.0962999985,-0.0373999998
0.712000012,-0.800000012,0.860000014,-0.0205977337,-0.0415954227,0.00800911861,-0.998890088,0.0242999997,0.193000004,0.0222999994,-0.372000009,0,0,0,0.164000005,-0.252999991,0.0806000009,-0.416000009,0,0,0,-0.0763000026,-0.272000015,0.00399000011,0.187000006,0.433999985,-0.238000005,0.0364000015,-0.112999998,-3.32999989e-05,-0.214000002,0.163000003,-0.112999998,-0.0439999998
0.712000012,-0.805000007,0.860000014,-0.0213072539,-0.0421143403,-0.0330112396,-0.998339943,0.0274,0.194999993,0.0214000009,-0.370000005,0,0,0,0.160999998,-0.254000008,0.076700002,-0.419,0,0,0,-0.0838000029,-0.273000002,0.0269000009,0.317000002,0.456,-0.246999994,0.0631000027,-0.0878000036,0.00598999998,-0.279000014,0.143000007,-0.122000001,-0.0469999984
0.713999987,-0.809000015,0.859000027,-0.0218068595,-0.0417131226,-0.0717225594,-0.99631338,0.0313999988,0.196999997,0.0219999999,-0.368999988,0,0,0,0.162,-0.252999991,0.0645999983,-0.419999987,0,0,0,-0.0869999975,-0.26699999,0.0441000015,0.426999986,0.467000008,-0.248999998,0.0725999996,-0.0595999993,0.0144999996,-0.338,0.120999999,-0.135000005,-0.0515000001
0.716000021,-0.811999977,0.85799998,-0.021900842,-0.0416015995,-0.108004155,-0.993038148,0.0333999991,0.202000007,0.0166999996,-0.368999988,0,0,0,0.164000005,-0.250999987,0.0524999984,-0.419999987,0,0,0,-0.0878000036,-0.256000012,0.0566000007,0.51700002,0.463999987,-0.228,0.0688000023,-0.0370000005,0.0233999994,-0.395000011,0.105999999,-0.150999993,-0.0546000004
0.718999982,-0.81400001,0.856000006,-0.021607386,-0.0410140198,-0.145049574,-0.988337792,0.0324999988,0.204999998,0.0120999999,-0.372000009,0,0,0,0.165999994,-0.248999998,0.0428999998,-0.419,0,0,0,-0.0907000005,-0.238000005,0.0577000007,0.596000016,0.439999998,-0.215000004,0.0702000037,-0.0171000008,0.0310999993,-0.451000005,0.0970000029,-0.166999996,-0.0579999983
0.722000003,-0.81400001,0.855000019,-0.0206005998,-0.0393011419,-0.178005182,-0.983028581,0.0315999985,0.208000004,0.0103000002,-0.375999987,0,0,0,0.167999998,-0.247999996,0.0425999984,-0.419999987,0,0,0,-0.0900999978,-0.211999997,0.0520000011,0.671000004,0.398999989,-0.204999998,0.0722000003,0.000661999977,0.0388999991,-0.499000013,0.0948000029,-0.182999998,-0.0612999983
0.725000024,-0.813000023,0.851999998,-0.0181972066,-0.0366943647,-0.209967753,-0.976850003,0.0333999991,0.215000004,0.00395999989,-0.379999995,0,0,0,0.167999998,-0.243000001,0.0392999984,-0.421999991,0,0,0,-0.0901999995,-0.181999996,0.0390999988,0.723999977,0.342999995,-0.167999998,0.0617999993,0.0174000002,0.0483999997,-0.545000017,0.0988999978,-0.202000007,-0.0658999979
0.727999985,-0.810000002,0.850000024,-0.0154964796,-0.0346921181,-0.236946179,-0.970779493,0.0329000019,0.217999995,0.00126000005,-0.384000003,0,0,0,0.164000005,-0.237000003,0.0375000015,-0.423999995,0,0,0,-0.0842999965,-0.160999998,0.0203000009,0.717999995,0.287999988,-0.140000001,0.0482000001,0.0274,0.0546999983,-0.586000025,0.108000003,-0.217999995,-0.0709000006
0.730000019,-0.805999994,0.848999977,-0.012805211,-0.0329133967,-0.262106665,-0.964392467,0.0351999998,0.217999995,0.00547999982,-0.386999995,0,0,0,0.158000007,-0.234999999,0.0372000001,-0.426999986,0,0,0,-0.0798000023,-0.150999993,0.00622999994,0.675000012,0.256000012,-0.126000002,0.0491000004,0.0267999992,0.052099999,-0.621999979,0.137999997,-0.236000001,-0.0776999965
0.731000006,-0.800000012,0.848999977,-0.0100967605,-0.0312899628,-0.285908292,-0.95769277,0.0419000015,0.215000004,0.0153999999,-0.389999986,0,0,0,0.152999997,-0.234999999,0.0366000012,-0.428000003,0,0,0,-0.0751999989,-0.145999998,-0.00456999987,0.629999995,0.238999993,-0.115000002,0.0505999997,0.0144999996,0.0375999995,-0.654999971,0.193000004,-0.25,-0.0847999975
0.73299998,-0.792999983,0.851000011,-0.00622955805,-0.0296978932,-0.31097793,-0.949932605,0.0472000018,0.215000004,0.0209999997,-0.393000007,0,0,0,0.150000006,-0.231999993,0.0373000018,-0.428000003,0,0,0,-0.0741000026,-0.141000003,-0.0142000001,0.579999983,0.223000005,-0.108000003,0.0527000017,-0.0163000003,0.00588000007,-0.684000015,0.294,-0.261000007,-0.0947000012
0.736000001,-0.782000005,0.851999998,-0.00236889106,-0.0258878832,-0.335842796,-0.941559251,0.0584000014,0.218999997,0.0229000002,-0.395000011,0,0,0,0.143000007,-0.229000002,0.0500999987,-0.428000003,0,0,0,-0.0771000013,-0.123000003,-0.0256999992,0.536000013,0.203999996,-0.115000002,0.0551000014,-0.070100002,-0.057500001,-0.704999983,0.463,-0.261000007,-0.0989999995
0.735000014,-0.768999994,0.851000011,-0.000786903774,-0.0239970658,-0.361955728,-0.93188603,0.0670000017,0.217999995,0.0271000005,-0.395999998,0,0,0,0.130999997,-0.231999993,0.0689999983,-0.42899999,0,0,0,-0.0837000012,-0.112000003,-0.0430000015,0.495999992,0.192000002,-0.126000002,0.0612000003,-0.149000004,-0.145999998,-0.694000006,0.666999996,-0.239999995,-0.108999997
0.734000027,-0.760999978,0.850000024,-0.00078924816,-0.024207611,-0.388122041,-0.921289667,0.067900002,0.215000004,0.0303000007,-0.397000015,0,0,0,0.115999997,-0.241999999,0.0869000033,-0.428000003,0,0,0,-0.0873000026,-0.115999997,-0.0559,0.458000004,0.195999995,-0.128999993,0.0662999973,-0.238999993,-0.207000002,-0.629999995,0.829999983,-0.215000004,-0.150000006
0.736999989,-0.763000011,0.851999998,0.0016990378,-0.0252856797,-0.412766223,-0.910484373,0.0604000017,0.219999999,0.0392999984,-0.398999989,0,0,0,0.101999998,-0.241999999,0.0904000029,-0.425999999,0,0,0,-0.0806000009,-0.131999999,-0.0482000001,0.421999991,0.206,-0.119000003,0.0615000017,-0.324000001,-0.206,-0.535000026,0.916999996,-0.232999995,-0.169
0.742999971,-0.764999986,0.853999972,0.00458838031,-0.025291072,-0.437845432,-0.89868275,0.0546000004,0.225999996,0.054299999,-0.400000006,0,0,0,0.0931999981,-0.238000005,0.0943000019,-0.423999995,0,0,0,-0.075000003,-0.145999998,-0.0359999985,0.375999987,0.215000004,-0.101999998,0.0542000011,-0.386999995,-0.175999999,-0.442000002,0.941999972,-0.244000003,-0.172000006
0.749000013,-0.764999986,0.855000019,0.0068398,-0.023699308,-0.464986412,-0.884974122,0.0568000004,0.226999998,0.0710000023,-0.400000006,0,0,0,0.0861999989,-0.232999995,0.103,-0.421999991,0,0,0,-0.0747999996,-0.148000002,-0.0286999997,0.326999992,0.211999997,-0.0888999999,0.0476000011,-0.419999987,-0.141000003,-0.358999997,0.91900003,-0.244000003,-0.162
0.757000029,-0.763999999,0.856000006,0.0103958867,-0.0222911795,-0.494804228,-0.868656321,0.0584000014,0.232999995,0.0706999972,-0.398999989,0,0,0,0.0776999965,-0.226999998,0.118000001,-0.421000004,0,0,0,-0.0777999982,-0.150999993,-0.0199999996,0.275000006,0.209000006,-0.0816999972,0.0412000008,-0.432000011,-0.103,-0.282999992,0.853999972,-0.231000006,-0.145999998
0.764999986,-0.760999978,0.856999993,0.0131945408,-0.0205914809,-0.526782059,-0.84964849,0.0582000017,0.239999995,0.0612999983,-0.397000015,0,0,0,0.072800003,-0.222000003,0.123000003,-0.419999987,0,0,0,-0.0847000033,-0.153999999,-0.0115999999,0.219999999,0.208000004,-0.0766000003,0.0339000002,-0.421999991,-0.065700002,-0.202999994,0.75999999,-0.218999997,-0.135000005
0.773999989,-0.758000016,0.85799998,0.0149976901,-0.018997074,-0.558913946,-0.828872355,0.056400001,0.246999994,0.0467000008,-0.395000011,0,0,0,0.072300002,-0.218999997,0.115999997,-0.419,0,0,0,-0.0920000002,-0.158999994,-0.00399000011,0.158999994,0.210999995,-0.072300002,0.0252999999,-0.398000002,-0.0317000002,-0.111000001,0.652999997,-0.213,-0.118000001
0.782000005,-0.754000008,0.859000027,0.0187070845,-0.0201076144,-0.59222429,-0.805304985,0.0471000001,0.25,0.0430000015,-0.393000007,0,0,0,0.0644000024,-0.210999995,0.104999997,-0.418000013,0,0,0,-0.100000001,-0.160999998,0.000952999981,0.0931999981,0.192000002,-0.0538000017,0.0181000009,-0.35800001,0.00107,0.00577000016,0.513999999,-0.185000002,-0.0860000029
0.790000021,-0.746999979,0.856999993,0.0162000046,-0.0200000047,-0.624000174,-0.781000219,0.0516000018,0.245000005,0.0461999997,-0.39199999,0,0,0,0.0709000006,-0.213,0.0995000005,-0.416999996,0,0,0,-0.109999999,-0.162,-0.00222999998,0.0278999992,0.195999995,-0.0538999997,0.00987000018,-0.317999989,0.0193000007,0.156000003,0.416999996,-0.178000003,-0.0412999988
0.796000004,-0.739000022,0.856000006,0.0116996652,-0.0214993861,-0.652981329,-0.756978387,0.057,0.234999999,0.0551999994,-0.389999986,0,0,0,0.0754999965,-0.222000003,0.108999997,-0.416000009,0,0,0,-0.112999998,-0.164000005,-0.0122999996,-0.0320000015,0.201000005,-0.0533999987,0.00461000018,-0.287,0.0226000007,0.277999997,0.352999985,-0.187999994,0.00999999978
0.800999999,-0.731999993,0.853999972,0.00423944852,-0.0210972544,-0.678911681,-0.733904532,0.0656000003,0.224999994,0.0515000001,-0.391000003,0,0,0,0.0886000022,-0.233999997,0.119000003,-0.416999996,0,0,0,-0.108000003,-0.169,-0.0255999994,-0.0815000013,0.228,-0.0684999973,0.00136999995,-0.263999999,0.0237000007,0.314999998,0.342999995,-0.208000004,0.0410000011
0.808000028,-0.727999985,0.852999985,0.00163092746,-0.0227129173,-0.701398858,-0.712405155,0.0634000003,0.221000001,0.0577000007,-0.391000003,0,0,0,0.0891000032,-0.237000003,0.130999997,-0.419,0,0,0,-0.0921000019,-0.174999997,-0.0288999993,-0.123999998,0.231999993,-0.0659999996,-0.00466000009,-0.246000007,0.0239000004,0.277999997,0.337000012,-0.179000005,0.023
0.81400001,-0.725000024,0.851999998,-0.00158929824,-0.0258885695,-0.722680887,-0.690695006,0.064199999,0.215000004,0.063000001,-0.389999986,0,0,0,0.0885000005,-0.243000001,0.135000005,-0.419999987,0,0,0,-0.0756999999,-0.184,-0.0372000001,-0.167999998,0.234999999,-0.0606999993,-0.0072300001,-0.219999999,0.0108000003,0.222000003,0.314999998,-0.160999998,0.00536999991
0.819999993,-0.722000003,0.851999998,-0.00373117703,-0.0305096248,-0.744234792,-0.667210473,0.0637999997,0.209000006,0.0715999976,-0.388000011,0,0,0,0.0860000029,-0.250999987,0.137999997,-0.419999987,0,0,0,-0.060800001,-0.191,-0.0461000018,-0.213,0.228,-0.0533000007,-0.00749999983,-0.202999994,-0.000475000008,0.169,0.300000012,-0.147,-0.00668000011
0.825999975,-0.720000029,0.852999985,-0.00452292852,-0.0360233233,-0.765495639,-0.642415979,0.060800001,0.202999994,0.0750999972,-0.386000007,0,0,0,0.0856000036,-0.259000003,0.136999995,-0.418000013,0,0,0,-0.0476000011,-0.204999998,-0.054299999,-0.256000012,0.225999996,-0.0579000004,-0.0153000001,-0.195999995,-0.00999999978,0.116999999,0.298000008,-0.145999998,-0.0129000004
0.832000017,-0.718999982,0.852999985,-0.00382996452,-0.0413996163,-0.788992653,-0.612994287,0.0533999987,0.197999999,0.0771000013,-0.386000007,0,0,0,0.0856999978,-0.268999994,0.138999999,-0.416999996,0,0,0,-0.0392000005,-0.228,-0.0604000017,-0.275999993,0.232999995,-0.0654999986,-0.0217000004,-0.182999998,-0.0189999994,0.0577999987,0.287999988,-0.150999993,-0.0203000009
0.838,-0.718999982,0.853999972,-0.00314980795,-0.044697275,-0.816950159,-0.57496493,0.0463999994,0.196999997,0.068599999,-0.386000007,0,0,0,0.0873999968,-0.279000014,0.143000007,-0.416000009,0,0,0,-0.0439000018,-0.250999987,-0.0535999984,-0.202999994,0.25,-0.0793000013,-0.0256999992,-0.159999996,-0.0255999994,-0.0141000003,0.263999999,-0.155000001,-0.0269000009
0.845000029,-0.721000016,0.855000019,0.000870582649,-0.0504758042,-0.841596555,-0.5377422,0.0281000007,0.192000002,0.059700001,-0.38499999,0,0,0,0.0751999989,-0.289000005,0.143000007,-0.416999996,0,0,0,-0.0487000011,-0.266000003,-0.0405000001,-0.068599999,0.248999998,-0.0842999965,-0.00592999998,-0.143999994,-0.0296999998,-0.0819000006,0.226999998,-0.142000005,-0.0346000008
0.851000011,-0.721000016,0.856000006,0.000655147193,-0.0527118461,-0.863193935,-0.502112799,0.0228000004,0.189999998,0.052099999,-0.386000007,0,0,0,0.0729999989,-0.298999995,0.143999994,-0.419999987,0,0,0,-0.0557999983,-0.270999998,-0.0265999995,0.0961999968,0.275000006,-0.104000002,0.0140000004,-0.126000002,-0.0302000009,-0.150999993,0.211999997,-0.145999998,-0.0449000001
0.856000006,-0.720000029,0.856000006,-0.00357072759,-0.0513104564,-0.8821798,-0.468095383,0.0364999995,0.192000002,0.0480000004,-0.38499999,0,0,0,0.0843999982,-0.305999994,0.141000003,-0.421999991,0,0,0,-0.0634000003,-0.272000015,-0.00711000012,0.241999999,0.330000013,-0.133000001,0.0333000012,-0.109999999,-0.0302000009,-0.203999996,0.221000001,-0.166999996,-0.0535000004
0.860000014,-0.717999995,0.856000006,-0.00558236595,-0.0512217067,-0.89838074,-0.436184847,0.0439999998,0.193000004,0.0452999994,-0.382999986,0,0,0,0.0886000022,-0.307999998,0.127000004,-0.425000012,0,0,0,-0.0671000034,-0.263000011,0.00954999961,0.361000001,0.361999989,-0.143999994,0.0487999991,-0.0905999988,-0.0283000004,-0.25999999,0.213,-0.179000005,-0.0601000004
0.862999976,-0.717000008,0.855000019,-0.00745299717,-0.0506203569,-0.912366912,-0.406163328,0.0513000004,0.194999993,0.0432000011,-0.382999986,0,0,0,0.0934000015,-0.305000007,0.112000003,-0.425999999,0,0,0,-0.0675000027,-0.25,0.0249000005,0.448000014,0.388000011,-0.153999999,0.0538000017,-0.070600003,-0.0247000009,-0.310000002,0.202999994,-0.189999998,-0.0662999973
0.86500001,-0.714999974,0.853999972,-0.00983270478,-0.0485133471,-0.925254542,-0.37610345,0.0593000017,0.196999997,0.0405000001,-0.38499999,0,0,0,0.0987000018,-0.300000012,0.104999997,-0.425999999,0,0,0,-0.0709000006,-0.234999999,0.0397000015,0.50999999,0.407999992,-0.162,0.0513999984,-0.0465999991,-0.0181000009,-0.360000014,0.191,-0.202999994,-0.070600003
0.86500001,-0.713999987,0.852999985,-0.0113004555,-0.0459018472,-0.937037718,-0.346013923,0.0653999969,0.200000003,0.0410999991,-0.388999999,0,0,0,0.103,-0.294,0.101000004,-0.425000012,0,0,0,-0.0737000033,-0.214000002,0.0527999997,0.565999985,0.412999988,-0.165999994,0.0522000007,-0.0256999992,-0.00984000042,-0.405999988,0.180999994,-0.214000002,-0.0744000003
0.864000022,-0.713,0.851999998,-0.0122966078,-0.0428881699,-0.947738599,-0.315912876,0.0680999979,0.202999994,0.0359000005,-0.393999994,0,0,0,0.108999997,-0.284999996,0.0898000002,-0.423999995,0,0,0,-0.0776999965,-0.189999998,0.0601000004,0.616999984,0.40200001,-0.172999993,0.0637999997,-0.0071899998,-0.00228999997,-0.451999992,0.174999997,-0.224000007,-0.076700002
0.861999989,-0.713999987,0.850000024,-0.0136002501,-0.0395007278,-0.957017606,-0.287005275,0.0709000006,0.206,0.0329000019,-0.398000002,0,0,0,0.112999998,-0.273999989,0.0829999968,-0.423999995,0,0,0,-0.0812000036,-0.162,0.0584999993,0.654999971,0.375,-0.181999996,0.0763999969,0.0119000003,0.00480999984,-0.497000009,0.170000002,-0.234999999,-0.0788000003
0.859000027,-0.713999987,0.84799999,-0.0138981635,-0.0352953385,-0.964872501,-0.259965645,0.0731000006,0.209999993,0.0294000003,-0.400999993,0,0,0,0.114,-0.261999995,0.0816999972,-0.423999995,0,0,0,-0.0832000002,-0.138999999,0.0511000007,0.662,0.335000008,-0.167999998,0.0680999979,0.0276999995,0.0126999998,-0.541000009,0.167999998,-0.246999994,-0.0816000029
0.853999972,-0.716000021,0.846000016,-0.0146915604,-0.0303825469,-0.971441946,-0.234865078,0.0756999999,0.213,0.0302000009,-0.404000014,0,0,0,0.112999998,-0.250999987,0.0838999972,-0.425999999,0,0,0,-0.0820999965,-0.119000003,0.0395999998,0.625999987,0.289999992,-0.142000005,0.0421999991,0.0399999991,0.0165999997,-0.578999996,0.177000001,-0.257999986,-0.0842999965
0.84799999,-0.720000029,0.846000016,-0.0163964884,-0.02619439,-0.976790794,-0.211954602,0.079400003,0.210999995,0.0340999998,-0.407000005,0,0,0,0.109999999,-0.245000005,0.0863000005,-0.428000003,0,0,0,-0.0806000009,-0.104999997,0.0277999993,0.592999995,0.263000011,-0.128999993,0.0355000012,0.0436000004,0.0087799998,-0.611999989,0.206,-0.266000003,-0.0870999992
0.841000021,-0.723999977,0.847000003,-0.0166032343,-0.0222043252,-0.981191155,-0.191037216,0.0857999995,0.209999993,0.0375999995,-0.407000005,0,0,0,0.105999999,-0.238000005,0.0865999982,-0.42899999,0,0,0,-0.0790999979,-0.0996000022,0.0167999994,0.555999994,0.246000007,-0.122000001,0.0372000001,0.0249000005,-0.0126999998,-0.626999974,0.275000006,-0.272000015,-0.0952999964
0.832000017,-0.728999972,0.84799999,-0.0165996317,-0.0173996144,-0.984978173,-0.170996212,0.0961000025,0.211999997,0.0395999998,-0.405000001,0,0,0,0.101999998,-0.229000002,0.0895000026,-0.42899999,0,0,0,-0.0790000036,-0.0901999995,0.00492999982,0.515999973,0.229000002,-0.125,0.0417000018,-0.0205000006,-0.056400001,-0.639999986,0.402999997,-0.275000006,-0.105999999
0.822000027,-0.736000001,0.848999977,-0.016396247,-0.0127970705,-0.988773696,-0.147966133,0.104999997,0.216000006,0.0383000001,-0.400999993,0,0,0,0.0988999978,-0.221000001,0.0989999995,-0.425999999,0,0,0,-0.0830999985,-0.0813999996,-0.00712999981,0.476999998,0.217999995,-0.136000007,0.0463000014,-0.0974000022,-0.126000002,-0.629999995,0.592000008,-0.25999999,-0.119000003
0.81400001,-0.741999984,0.848999977,-0.0164016314,-0.00960095538,-0.992098659,-0.124012332,0.109999999,0.218999997,0.0399000011,-0.398999989,0,0,0,0.0910999998,-0.216999993,0.114,-0.425000012,0,0,0,-0.0885000005,-0.0803999975,-0.0148999998,0.449999988,0.218999997,-0.147,0.0507999994,-0.191,-0.174999997,-0.564999998,0.763000011,-0.237000003,-0.165000007
0.81099999,-0.74000001,0.848999977,-0.014401452,-0.00634063925,-0.995100353,-0.0976098414,0.101999998,0.226999998,0.0381999984,-0.398000002,0,0,0,0.0816000029,-0.209000006,0.119000003,-0.425000012,0,0,0,-0.0900000036,-0.0925000012,-0.00762999989,0.421000004,0.225999996,-0.143000007,0.0463999994,-0.280000001,-0.166999996,-0.458000004,0.861999989,-0.207000002,-0.165000007
0.810000002,-0.735000014,0.851000011,-0.012297064,-0.00237943194,-0.997761841,-0.0656843219,0.0882999972,0.238999993,0.0299999993,-0.398000002,0,0,0,0.0798999965,-0.194999993,0.100000001,-0.423999995,0,0,0,-0.0936999992,-0.107000001,0.00512999995,0.370999992,0.231999993,-0.128999993,0.0381000005,-0.347000003,-0.123000003,-0.352999985,0.888000011,-0.174999997,-0.145999998
0.805999994,-0.728999972,0.852999985,-0.0110044803,0.00105042763,-0.99940691,-0.0326132786,0.0763999969,0.247999996,0.0267999992,-0.397000015,0,0,0,0.0838999972,-0.180999994,0.0819000006,-0.423999995,0,0,0,-0.0970999971,-0.115999997,0.0131000001,0.316000015,0.229000002,-0.114,0.0315000005,-0.375999987,-0.0869000033,-0.282000005,0.848999977,-0.178000003,-0.125
0.800000012,-0.723999977,0.855000019,-0.010099397,0.00378977387,-0.999940339,0.00171989733,0.0680999979,0.252999991,0.0237000007,-0.395000011,0,0,0,0.0886999965,-0.171000004,0.0785999969,-0.423999995,0,0,0,-0.100000001,-0.122000001,0.0168999992,0.259000003,0.225999996,-0.101000004,0.0266999993,-0.375,-0.060899999,-0.224000007,0.759000003,-0.187999994,-0.115000002
0.792999983,-0.720000029,0.856000006,-0.00786186745,0.00578137286,-0.999237333,0.0378089788,0.0628999993,0.256999999,0.0192000009,-0.391000003,0,0,0,0.0908000022,-0.165999994,0.0856000036,-0.423000008,0,0,0,-0.105999999,-0.129999995,0.0194000006,0.199000001,0.224000007,-0.0899000019,0.0239000004,-0.361000001,-0.0370999984,-0.147,0.638999999,-0.186000004,-0.107000001
0.783999979,-0.714999974,0.856999993,-0.00342997923,0.00789995169,-0.996993931,0.0769995325,0.0487999991,0.25999999,0.0130000003,-0.386999995,0,0,0,0.0865999982,-0.157000005,0.0882999972,-0.421999991,0,0,0,-0.112999998,-0.130999997,0.0208000001,0.136000007,0.197999999,-0.066399999,0.0183000006,-0.335000008,-0.0093299998,-0.0218000002,0.497000009,-0.158000007,-0.0888999999
0.773000002,-0.709999979,0.856999993,-0.00421840179,0.00707731853,-0.992623899,0.120954174,0.0505999997,0.261999995,0.00610999996,-0.381999999,0,0,0,0.100000001,-0.157000005,0.0799999982,-0.421999991,0,0,0,-0.127000004,-0.133000001,0.0187999997,0.0617999993,0.199000001,-0.0621999986,0.0119000003,-0.308999985,0.00766000012,0.153999999,0.407000005,-0.150999993,-0.0452999994
0.760999978,-0.707000017,0.856000006,-0.00694292032,0.0043418261,-0.986414874,0.16406901,0.0542000011,0.257999986,0.00582000008,-0.382999986,0,0,0,0.115999997,-0.163000003,0.0759999976,-0.423000008,0,0,0,-0.136000007,-0.143000007,0.0126999998,-0.0141000003,0.222000003,-0.0710000023,0.00798000023,-0.289000005,0.0196000002,0.316000015,0.368999988,-0.172999993,0.0040099998
0.750999987,-0.704999983,0.856000006,-0.00717960781,0.000899950801,-0.978946471,0.203988848,0.0476999991,0.254000008,0.00340999989,-0.386999995,0,0,0,0.123999998,-0.170000002,0.0885000005,-0.423000008,0,0,0,-0.135000005,-0.152999997,0.00267999992,-0.0778999999,0.237000003,-0.0698999986,0.00771000003,-0.270000011,0.0273000002,0.397000015,0.351000011,-0.189999998,0.0379999988
0.741999984,-0.700999975,0.853999972,-0.00693996614,-0.00354998259,-0.969995265,0.242998807,0.0375999995,0.250999987,-0.00625000009,-0.393000007,0,0,0,0.129999995,-0.179000005,0.103,-0.423999995,0,0,0,-0.127000004,-0.171000004,-0.00960000046,-0.143000007,0.259000003,-0.0716999993,0.0074,-0.246000007,0.0297999997,0.36500001,0.340000004,-0.150000006,0.0189999994
0.735000014,-0.697000027,0.852999985,-0.00571199426,-0.0080228004,-0.9593349,0.282098487,0.0240000002,0.247999996,-0.0156999994,-0.397000015,0,0,0,0.135000005,-0.187999994,0.109999999,-0.425999999,0,0,0,-0.115999997,-0.188999996,-0.0223999992,-0.209000006,0.273000002,-0.0658000037,0.00230999989,-0.218999997,0.0126999998,0.287999988,0.328999996,-0.152999997,0.000375000003
0.728999972,-0.691999972,0.852999985,-0.00237076307,-0.0119038323,-0.947304979,0.320103039,0.0118000004,0.245000005,-0.0232999995,-0.400000006,0,0,0,0.136999995,-0.200000003,0.112999998,-0.425999999,0,0,0,-0.104000002,-0.209999993,-0.0351999998,-0.263000011,0.282999992,-0.061900001,-0.00350999995,-0.206,0.00126000005,0.224999994,0.331999987,-0.156000003,-0.0138999997
0.723999977,-0.686999977,0.852999985,0.00353920333,-0.0136969171,-0.934789596,0.354920102,0.00374000007,0.239999995,-0.0167999994,-0.400000006,0,0,0,0.134000003,-0.215000004,0.125,-0.423999995,0,0,0,-0.0866999999,-0.237000003,-0.0454000011,-0.305999994,0.291999996,-0.0617000014,-0.0109999999,-0.204999998,-0.00882999972,0.175999999,0.338,-0.162,-0.0141000003
0.721000016,-0.681999981,0.853999972,0.00853966961,-0.0143994429,-0.918964493,0.393984758,0.00245000003,0.236000001,-0.0143999998,-0.397000015,0,0,0,0.131999999,-0.230000004,0.128999993,-0.421000004,0,0,0,-0.0784000009,-0.263000011,-0.0465999991,-0.275999993,0.300999999,-0.0737000033,-0.0144999996,-0.188999996,-0.0194000006,0.105999999,0.321999997,-0.165999994,-0.0170000009
0.717999995,-0.674000025,0.856000006,0.0144954435,-0.0137956637,-0.901716592,0.431864272,0.000188999998,0.231000006,-0.0137999998,-0.393000007,0,0,0,0.125,-0.243000001,0.120999999,-0.421999991,0,0,0,-0.0744000003,-0.291000009,-0.0384000018,-0.172999993,0.31400001,-0.0930999964,-0.0105999997,-0.172000006,-0.0252,0.0331000015,0.293000013,-0.163000003,-0.0265999995
0.716000021,-0.666000009,0.856999993,0.0237969897,-0.0118984948,-0.883888171,0.466940929,-0.00530999992,0.221000001,-0.0105999997,-0.391000003,0,0,0,0.103,-0.256000012,0.123000003,-0.423000008,0,0,0,-0.0742999986,-0.301999986,-0.0303000007,-0.0571999997,0.300999999,-0.101999998,0.00273999991,-0.158999994,-0.0296999998,-0.0300999992,0.25,-0.145999998,-0.0353999995
0.713,-0.660000026,0.859000027,0.0281909531,-0.0123960221,-0.866721825,0.497840223,0.00626000017,0.211999997,-0.00625000009,-0.388999999,0,0,0,0.0891999975,-0.270999998,0.137999997,-0.423999995,0,0,0,-0.074000001,-0.307000011,-0.0263999999,0.0694999993,0.319999993,-0.115000002,0.0240000002,-0.150999993,-0.0340999998,-0.0854000002,0.238000005,-0.148000002,-0.0417000018
0.709999979,-0.654999971,0.859000027,0.0300899529,-0.0132955607,-0.848716613,0.527823771,0.0208999999,0.206,-0.00181000005,-0.389999986,0,0,0,0.0791999996,-0.282000005,0.147,-0.425000012,0,0,0,-0.0768999979,-0.300999999,-0.0211999994,0.185000002,0.344000012,-0.115000002,0.0410000011,-0.136999995,-0.0359999985,-0.141000003,0.226999998,-0.152999997,-0.0489999987
0.70599997,-0.651000023,0.85799998,0.0273060791,-0.0143031841,-0.829184591,0.558124279,0.0443000011,0.207000002,0.000838999986,-0.39199999,0,0,0,0.0900000036,-0.287,0.138999999,-0.423999995,0,0,0,-0.0804999992,-0.301999986,-0.00427999999,0.266000003,0.402999997,-0.136000007,0.0441999994,-0.128000006,-0.0344000012,-0.194000006,0.244000003,-0.174999997,-0.0579000004
0.703999996,-0.648000002,0.85799998,0.0267944277,-0.014197048,-0.80983161,0.585878201,0.0577999987,0.203999996,0.00982999988,-0.395999998,0,0,0,0.0926999971,-0.286000013,0.123000003,-0.421999991,0,0,0,-0.0813999996,-0.287999988,0.00760000013,0.328000009,0.426999986,-0.141000003,0.0441999994,-0.114,-0.0326999985,-0.246000007,0.239999995,-0.184,-0.0632999986
0.700999975,-0.646000028,0.85799998,0.0262016228,-0.0137008485,-0.791048998,0.611037843,0.0670000017,0.201000005,0.0136000002,-0.402999997,0,0,0,0.0970000029,-0.284000009,0.104999997,-0.419999987,0,0,0,-0.0810000002,-0.268000007,0.0196000002,0.384000003,0.437999994,-0.149000004,0.0469999984,-0.101999998,-0.0297999997,-0.289000005,0.237000003,-0.194999993,-0.0691
0.699999988,-0.643999994,0.856999993,0.0242121468,-0.0139069766,-0.773388002,0.633317745,0.0777999982,0.197999999,0.0171000008,-0.409000009,0,0,0,0.101000004,-0.277999997,0.0894000009,-0.419,0,0,0,-0.0808999985,-0.240999997,0.0296999998,0.425999999,0.43900001,-0.160999998,0.0500000007,-0.0864000022,-0.0274999999,-0.331,0.231000006,-0.203999996,-0.0722000003
0.700999975,-0.643000007,0.856000006,0.0229005355,-0.0133003106,-0.756017653,0.654015271,0.0873999968,0.194000006,0.0226000007,-0.414000005,0,0,0,0.101000004,-0.270999998,0.0863000005,-0.419,0,0,0,-0.0832000002,-0.215000004,0.0342999995,0.449999988,0.428000003,-0.180000007,0.0549999997,-0.0729999989,-0.0261000004,-0.372000009,0.225999996,-0.214000002,-0.0741999969
0.702000022,-0.643000007,0.855000019,0.0211035154,-0.0131021829,-0.739123162,0.67311212,0.0964000002,0.193000004,0.0211999994,-0.418000013,0,0,0,0.0993999988,-0.261999995,0.0904000029,-0.419999987,0,0,0,-0.0864999965,-0.186000004,0.0342999995,0.472000003,0.405999988,-0.189999998,0.0631000027,-0.056400001,-0.0244999994,-0.412,0.216999993,-0.221000001,-0.0754999965
0.703999996,-0.643000007,0.855000019,0.018793331,-0.0120957078,-0.722743529,0.690754874,0.104000002,0.193000004,0.0153999999,-0.419999987,0,0,0,0.0967999995,-0.252000004,0.0965000018,-0.421999991,0,0,0,-0.0873999968,-0.155000001,0.0317000002,0.49000001,0.372999996,-0.184,0.0649999976,-0.0410999991,-0.0216000006,-0.446999997,0.209000006,-0.226999998,-0.0754999965
0.70599997,-0.643999994,0.852999985,0.0150997577,-0.0102998346,-0.706988653,0.706988653,0.112000003,0.194999993,0.0153999999,-0.421000004,0,0,0,0.0948000029,-0.239999995,0.103,-0.423000008,0,0,0,-0.0886999965,-0.122000001,0.0263,0.504000008,0.32100001,-0.153999999,0.0485999994,-0.0274999999,-0.0164999999,-0.481999993,0.207000002,-0.233999997,-0.0762000009
0.711000025,-0.644999981,0.851000011,0.0110984666,-0.00793890323,-0.6929043,0.720900429,0.116999999,0.194999993,0.0194000006,-0.421999991,0,0,0,0.0905999988,-0.229000002,0.108000003,-0.423999995,0,0,0,-0.0886000022,-0.0957000032,0.0131000001,0.486000001,0.263999999,-0.144999996,0.0329000019,-0.0194000006,-0.0157999992,-0.513999999,0.214000002,-0.240999997,-0.0763999969
0.717000008,-0.646000028,0.850000024,0.00710996977,-0.00699997034,-0.677997079,0.734996877,0.118000001,0.193000004,0.0221999995,-0.423000008,0,0,0,0.0874999985,-0.224999994,0.109999999,-0.425999999,0,0,0,-0.0907000005,-0.0784000009,0.00215000007,0.465000004,0.228,-0.133000001,0.0267999992,-0.0136000002,-0.0214000009,-0.54400003,0.231000006,-0.248999998,-0.0781000033
0.72299999,-0.647000015,0.850000024,0.00433188769,-0.0060726465,-0.66328904,0.748326137,0.118000001,0.189999998,0.0212999992,-0.421999991,0,0,0,0.0882999972,-0.224999994,0.104000002,-0.425999999,0,0,0,-0.0898000002,-0.0737999976,-0.00755999982,0.430999994,0.213,-0.122000001,0.0286999997,-0.0188999996,-0.0353000015,-0.568000019,0.266000003,-0.254999995,-0.0833000019
0.731000006,-0.648000002,0.850000024,0.00173989423,-0.00430973829,-0.649960473,0.759953803,0.115000002,0.189999998,0.0161000006,-0.419,0,0,0,0.0912000015,-0.224000007,0.100000001,-0.425000012,0,0,0,-0.0861999989,-0.072800003,-0.0170000009,0.395000011,0.202000007,-0.116999999,0.0320000015,-0.0447999984,-0.0593999997,-0.577000022,0.337000012,-0.257999986,-0.0953999981
0.74000001,-0.649999976,0.850000024,-0.00134967335,-0.00152962976,-0.635846071,0.771813198,0.112000003,0.194000006,0.0132999998,-0.414000005,0,0,0,0.0921000019,-0.221000001,0.108999997,-0.425000012,0,0,0,-0.0842000023,-0.0714000016,-0.0244999994,0.360000014,0.196999997,-0.123999998,0.0340999998,-0.105999999,-0.109999999,-0.573000014,0.481999993,-0.254999995,-0.104000002
0.75,-0.651000023,0.850000024,-0.00226002474,0.000132001447,-0.622006794,0.783008571,0.108999997,0.194000006,0.0146000003,-0.409000009,0,0,0,0.0900999978,-0.222000003,0.126000002,-0.423999995,0,0,0,-0.0851999968,-0.0746999979,-0.0379000008,0.331999987,0.197999999,-0.130999997,0.0392999984,-0.199000001,-0.173999995,-0.527999997,0.665000021,-0.238000005,-0.126000002
0.757000029,-0.651000023,0.850000024,-0.00175030897,0.00172030356,-0.605106815,0.796140515,0.103,0.194999993,0.0190999992,-0.40200001,0,0,0,0.0877000019,-0.224000007,0.140000001,-0.423999995,0,0,0,-0.0878999978,-0.0828000009,-0.0480000004,0.303000003,0.201000005,-0.129999995,0.0408000015,-0.294999987,-0.204999998,-0.44600001,0.81099999,-0.210999995,-0.164000005
0.755999982,-0.652999997,0.851000011,-0.00293003308,0.00478005411,-0.585006592,0.811009158,0.0942000002,0.201000005,0.0297999997,-0.395999998,0,0,0,0.0872000009,-0.216999993,0.140000001,-0.425000012,0,0,0,-0.0903000012,-0.0931999981,-0.0419999994,0.26699999,0.202000007,-0.119999997,0.0315999985,-0.370999992,-0.179000005,-0.337000012,0.885999978,-0.189999998,-0.170000002
0.751999974,-0.656000018,0.852999985,-0.00451151838,0.00785264277,-0.563189583,0.826278086,0.0838999972,0.207000002,0.0419000015,-0.393000007,0,0,0,0.0900999978,-0.203999996,0.134000003,-0.425999999,0,0,0,-0.0914999992,-0.101000004,-0.0313000008,0.225999996,0.200000003,-0.107000001,0.0188999996,-0.421000004,-0.127000004,-0.233999997,0.904999971,-0.191,-0.157000005
0.75,-0.661000013,0.853999972,-0.00590795349,0.00968664458,-0.539813046,0.841708465,0.0816999972,0.208000004,0.0593000017,-0.388999999,0,0,0,0.0939000025,-0.193000004,0.135000005,-0.425999999,0,0,0,-0.0949999988,-0.101999998,-0.0258000009,0.184,0.194000006,-0.0982000008,0.0105999997,-0.442000002,-0.0854000002,-0.159999996,0.878000021,-0.194000006,-0.143000007
0.749000013,-0.665000021,0.856000006,-0.00803406497,0.0167084532,-0.514260188,0.857433811,0.068400003,0.215000004,0.0666999966,-0.386999995,0,0,0,0.0825999975,-0.171000004,0.137999997,-0.428000003,0,0,0,-0.0987000018,-0.103,-0.0152000003,0.136999995,0.169,-0.0781000033,0.0060800002,-0.437000006,-0.0434999987,-0.104999997,0.786000013,-0.163000003,-0.131999999
0.748000026,-0.671999991,0.856999993,-0.00915219869,0.0183043974,-0.485116541,0.874210002,0.0614,0.218999997,0.0544999987,-0.386000007,0,0,0,0.0863000005,-0.164000005,0.138999999,-0.428000003,0,0,0,-0.103,-0.107000001,-0.00999000017,0.0816000029,0.170000002,-0.0776000023,-0.000608999981,-0.419999987,-0.00999999978,-0.0262000002,0.698000014,-0.155000001,-0.118000001
0.749000013,-0.680999994,0.856999993,-0.00917222985,0.0191046428,-0.451109652,0.892216882,0.0566999987,0.223000005,0.0401999988,-0.386999995,0,0,0,0.0896999985,-0.160999998,0.144999996,-0.428000003,0,0,0,-0.112000003,-0.112000003,-0.00765000004,0.0186000001,0.173999995,-0.0833000019,-0.00786999986,-0.393000007,0.0226000007,0.0842999965,0.606999993,-0.150999993,-0.0939000025
0.75,-0.689999998,0.856000006,-0.00715382983,0.0193103387,-0.415222285,0.909486882,0.0546000004,0.221000001,0.0335999988,-0.388000011,0,0,0,0.0917999968,-0.163000003,0.141000003,-0.428000003,0,0,0,-0.123999998,-0.120999999,-0.0100999996,-0.0427000001,0.182999998,-0.0860999972,-0.0153999999,-0.361000001,0.0454999991,0.213,0.519999981,-0.158000007,-0.0467000008
0.754999995,-0.700999975,0.853999972,-0.00423789932,0.0136932119,-0.380811234,0.924541692,0.066399999,0.211999997,0.0275999997,-0.388999999,0,0,0,0.105999999,-0.178000003,0.137999997,-0.42899999,0,0,0,-0.128000006,-0.125,-0.0216000006,-0.0912000015,0.210999995,-0.105999999,-0.0206000004,-0.333000004,0.058600001,0.32100001,0.481999993,-0.197999999,-0.00571999978
0.757000029,-0.708000004,0.852999985,-0.000294009717,0.0128004228,-0.349011544,0.937030952,0.0688999966,0.203999996,0.0289999992,-0.389999986,0,0,0,0.104000002,-0.185000002,0.140000001,-0.430000007,0,0,0,-0.123999998,-0.128000006,-0.0296999998,-0.140000001,0.210999995,-0.104999997,-0.0231999997,-0.305000007,0.0610999987,0.374000013,0.432999998,-0.207000002,0.0236000009
0.758000016,-0.714999974,0.851999998,0.00307095649,0.0126039253,-0.320099682,0.947295046,0.0720999986,0.201000005,0.0322999991,-0.391000003,0,0,0,0.101999998,-0.192000002,0.150999993,-0.430000007,0,0,0,-0.112000003,-0.130999997,-0.0324999988,-0.182999998,0.207000002,-0.104999997,-0.0285,-0.289000005,0.0632999986,0.354000002,0.416000009,-0.172000006,0.00824000034
0.757000029,-0.722000003,0.851999998,0.00724202806,0.0137038373,-0.292081783,0.95626774,0.0768000036,0.199000001,0.0406000018,-0.389999986,0,0,0,0.0962999985,-0.197999999,0.159999996,-0.430000007,0,0,0,-0.0939000025,-0.137999997,-0.0350000001,-0.223000005,0.202999994,-0.105999999,-0.0344999991,-0.268999994,0.0489000008,0.296999991,0.400000006,-0.167999998,-0.00824999996
0.754999995,-0.727999985,0.851999998,0.0123950203,0.0159935749,-0.262894387,0.964612415,0.0772999972,0.197999999,0.0527999997,-0.389999986,0,0,0,0.0892999992,-0.206,0.165999994,-0.428000003,0,0,0,-0.0768999979,-0.152999997,-0.0395000018,-0.264999986,0.202999994,-0.107000001,-0.0403000005,-0.25,0.0331000015,0.248999998,0.374000013,-0.155000001,-0.0184000004
0.753000021,-0.735000014,0.852999985,0.0172972304,0.0197968296,-0.229963177,0.972844195,0.0776000023,0.199000001,0.0653000027,-0.388999999,0,0,0,0.0830999985,-0.215000004,0.167999998,-0.425999999,0,0,0,-0.0615000017,-0.172999993,-0.0436000004,-0.30399999,0.206,-0.112999998,-0.0478999987,-0.238000005,0.0217000004,0.193000004,0.354000002,-0.142000005,-0.0263999999
0.75,-0.740999997,0.853999972,0.0213094336,0.0250110736,-0.194085934,0.98043409,0.0768000036,0.201000005,0.0741000026,-0.388999999,0,0,0,0.0777999982,-0.225999996,0.178000003,-0.421999991,0,0,0,-0.0511000007,-0.202000007,-0.0454000011,-0.31400001,0.219999999,-0.116999999,-0.0487000011,-0.223000005,0.0126,0.138999999,0.330000013,-0.136000007,-0.0337000005
0.745999992,-0.745999992,0.856000006,0.0239943671,0.0307927707,-0.150964552,0.98776808,0.0742999986,0.202999994,0.0759999976,-0.388999999,0,0,0,0.0727000013,-0.240999997,0.184,-0.416999996,0,0,0,-0.0526000001,-0.233999997,-0.0344999991,-0.216000006,0.245000005,-0.122000001,-0.0351000018,-0.202999994,0.00448000012,0.0720999986,0.294,-0.130999997,-0.0383000001
0.740999997,-0.751999974,0.856999993,0.0255923689,0.0359892681,-0.1029693,0.993703742,0.0676999986,0.208000004,0.0661000013,-0.391000003,0,0,0,0.072800003,-0.254000008,0.172999993,-0.412999988,0,0,0,-0.0610000007,-0.266000003,-0.0197999999,-0.0771000013,0.286000013,-0.133000001,-0.00997999962,-0.180999994,0.000358999998,-0.00271999999,0.257999986,-0.128000006,-0.0438000001
0.735000014,-0.757000029,0.859000027,0.0278977221,0.0437964254,-0.0587952018,0.99691861,0.0515000001,0.208000004,0.0540999994,-0.393000007,0,0,0,0.0568000004,-0.264999986,0.163000003,-0.414999992,0,0,0,-0.067900002,-0.280000001,-0.00627999986,0.0675000027,0.296000004,-0.122000001,0.0153000001,-0.164000005,-0.00188999996,-0.0753000006,0.210999995,-0.112000003,-0.0463999994
0.731000006,-0.763000011,0.860000014,0.0285113842,0.0452180563,-0.0185073899,0.99839867,0.0494999997,0.213,0.0452000014,-0.395000011,0,0,0,0.0555000007,-0.273999989,0.162,-0.418000013,0,0,0,-0.0725999996,-0.286000013,0.00687000016,0.200000003,0.337000012,-0.134000003,0.0370000005,-0.145999998,0.000951000024,-0.142000005,0.189999998,-0.111000001,-0.0507000014
0.728999972,-0.769999981,0.859000027,0.025989022,0.0419822649,0.0200915122,0.998578185,0.063500002,0.222000003,0.0427000001,-0.395000011,0,0,0,0.0697999969,-0.273000002,0.157000005,-0.421000004,0,0,0,-0.076700002,-0.294999987,0.0359999985,0.30399999,0.414000005,-0.163000003,0.0434000008,-0.128000006,0.0119000003,-0.199000001,0.188999996,-0.123999998,-0.0588000007
0.726999998,-0.774999976,0.859000027,0.0261036934,0.0423059861,0.0569080495,0.997141051,0.0661000013,0.222000003,0.0467999987,-0.395999998,0,0,0,0.0720999986,-0.270999998,0.148000002,-0.423999995,0,0,0,-0.0788000003,-0.287999988,0.0507000014,0.386999995,0.444999993,-0.167999998,0.0403999984,-0.112999998,0.0163000003,-0.259000003,0.174999997,-0.134000003,-0.0648000017
0.726999998,-0.777999997,0.85799998,0.0263094819,0.0405146015,0.0944340373,0.994358381,0.0706999972,0.223000005,0.0410999991,-0.395999998,0,0,0,0.0808999985,-0.268000007,0.136999995,-0.425000012,0,0,0,-0.0812999979,-0.266000003,0.057,0.449000001,0.453000009,-0.169,0.0414000005,-0.0938000008,0.0196000002,-0.317000002,0.165000007,-0.149000004,-0.0693999976
0.726000011,-0.779999971,0.856999993,0.0269997886,0.0386996955,0.132998957,0.989992234,0.066399999,0.222000003,0.0333999991,-0.398999989,0,0,0,0.0908999965,-0.264999986,0.125,-0.423999995,0,0,0,-0.0846000016,-0.240999997,0.0582000017,0.493999988,0.446999997,-0.174999997,0.0436999984,-0.0749000013,0.0209999997,-0.375,0.156000003,-0.164000005,-0.0724000037
0.726000011,-0.781000018,0.856000006,0.0274053525,0.036907207,0.171033408,0.984192247,0.0626000017,0.218999997,0.0288999993,-0.400999993,0,0,0,0.101000004,-0.261999995,0.111000001,-0.423000008,0,0,0,-0.0878999978,-0.210999995,0.0566999987,0.54400003,0.430000007,-0.182999998,0.0553000011,-0.0579999983,0.0221999995,-0.433999985,0.150000006,-0.178000003,-0.0737000033
0.725000024,-0.781000018,0.855000019,0.0272032944,0.0350042388,0.208025194,0.977118316,0.0592,0.216000006,0.0228000004,-0.402999997,0,0,0,0.108999997,-0.254999995,0.0944999978,-0.423999995,0,0,0,-0.0914999992,-0.179000005,0.053199999,0.598999977,0.405999988,-0.191,0.0671000034,-0.0419000015,0.0244999994,-0.49000001,0.143999994,-0.193000004,-0.0771000013
0.723999977,-0.781000018,0.853999972,0.0263029265,0.0328036498,0.24302704,0.969107803,0.057500001,0.214000002,0.0165999997,-0.402999997,0,0,0,0.112999998,-0.247999996,0.0859000012,-0.425000012,0,0,0,-0.0939999968,-0.149000004,0.0476000011,0.639999986,0.379000008,-0.195999995,0.0777999982,-0.0275999997,0.0273000002,-0.537999988,0.142000005,-0.206,-0.0798000023
0.72299999,-0.778999984,0.852999985,0.0242917537,0.0306895822,0.274906687,0.960673917,0.0568000004,0.215000004,0.00899999961,-0.40200001,0,0,0,0.116999999,-0.240999997,0.0847999975,-0.425999999,0,0,0,-0.0942000002,-0.123999998,0.0388000011,0.653999984,0.344999999,-0.186000004,0.071800001,-0.0170000009,0.0293000005,-0.586000025,0.145999998,-0.221000001,-0.0824000016
0.722000003,-0.776000023,0.851000011,0.0208881116,0.0275843003,0.305825936,0.951458507,0.0533999987,0.217999995,-0.00249999994,-0.40200001,0,0,0,0.119000003,-0.231999993,0.0834000036,-0.425999999,0,0,0,-0.0910999998,-0.104999997,0.0285999998,0.619000018,0.298000008,-0.167999998,0.0443000011,-0.00639999984,0.0329999998,-0.634000003,0.153999999,-0.236000001,-0.0860999972
0.720000029,-0.771000028,0.848999977,0.0182954725,0.0238940867,0.334917118,0.941766889,0.0511000007,0.217999995,-0.00903999992,-0.40200001,0,0,0,0.120999999,-0.228,0.0828000009,-0.426999986,0,0,0,-0.0886999965,-0.0918999985,0.0175000001,0.575999975,0.261000007,-0.152999997,0.0337000005,0.00167999999,0.0309999995,-0.676999986,0.171000004,-0.252000004,-0.0910999998
0.718999982,-0.764999986,0.848999977,0.016102925,0.0208037782,0.361065574,0.932169271,0.052099999,0.216999993,-0.0105999997,-0.400999993,0,0,0,0.119000003,-0.225999996,0.0778999999,-0.42899999,0,0,0,-0.0869999975,-0.0869999975,0.0080500003,0.532999992,0.241999999,-0.149000004,0.0322000012,-0.000717999996,0.0183000006,-0.707000017,0.209999993,-0.26699999,-0.101000004
0.717000008,-0.759000003,0.850000024,0.0133026168,0.0187036796,0.386075962,0.922181416,0.0549000017,0.216000006,-0.00688999984,-0.400000006,0,0,0,0.116999999,-0.224000007,0.0773999989,-0.42899999,0,0,0,-0.0846000016,-0.0859000012,0.000944999978,0.488000005,0.230000004,-0.143999994,0.0307999998,-0.0219999999,-0.00714999996,-0.694000006,0.284000009,-0.287,-0.120999999
0.716000021,-0.751999974,0.851000011,0.00965804357,0.0166966174,0.407917361,0.912815081,0.0610000007,0.217999995,0.00110999995,-0.398000002,0,0,0,0.109999999,-0.219999999,0.0890000015,-0.42899999,0,0,0,-0.0838999972,-0.0852999985,-0.00199000002,0.451999992,0.224000007,-0.140000001,0.0265999995,-0.0698999986,-0.0522000007,-0.648000002,0.414000005,-0.300000012,-0.147
0.714999974,-0.745000005,0.851999998,0.00685405663,0.0163096532,0.430254656,0.902534181,0.064199999,0.219999999,0.0119000003,-0.397000015,0,0,0,0.0992000028,-0.217999995,0.107000001,-0.42899999,0,0,0,-0.0851999968,-0.0931999981,-0.00510999979,0.419,0.228,-0.137999997,0.0272000004,-0.144999996,-0.0964000002,-0.564999998,0.566999972,-0.312000006,-0.187999994
0.716000021,-0.741999984,0.852999985,0.00512914206,0.0164972406,0.455923744,0.889851152,0.061900001,0.224999994,0.0164999999,-0.397000015,0,0,0,0.0901999995,-0.216000006,0.115000002,-0.426999986,0,0,0,-0.0873000026,-0.108000003,-0.00595000014,0.375999987,0.238000005,-0.129999995,0.0276999995,-0.215000004,-0.109999999,-0.463,0.67900002,-0.324000001,-0.197999999
0.718999982,-0.740999997,0.853999972,0.00237074401,0.0163051181,0.485152293,0.874274428,0.0544000007,0.232999995,0.0201999992,-0.398000002,0,0,0,0.0882000029,-0.211999997,0.114,-0.423999995,0,0,0,-0.0888999999,-0.126000002,-0.000661999977,0.324999988,0.248999998,-0.119000003,0.0239000004,-0.266000003,-0.0971999988,-0.372000009,0.735000014,-0.32100001,-0.187999994
0.72299999,-0.74000001,0.855000019,-0.000837174464,0.015803292,0.513106924,0.858178793,0.0540000014,0.238999993,0.0320000015,-0.398000002,0,0,0,0.0860999972,-0.206,0.108000003,-0.421000004,0,0,0,-0.0930999964,-0.143000007,0.00595000014,0.275000006,0.25999999,-0.108000003,0.0185000002,-0.294999987,-0.0785999969,-0.305000007,0.744000018,-0.31099999,-0.167999998
0.727999985,-0.737999976,0.856000006,-0.00370051684,0.0149020812,0.539075266,0.842117624,0.0581,0.243000001,0.0425000004,-0.397000015,0,0,0,0.0825999975,-0.199000001,0.111000001,-0.419,0,0,0,-0.0970000029,-0.155000001,0.0120000001,0.229000002,0.264999986,-0.0962999985,0.0140000004,-0.305000007,-0.054299999,-0.241999999,0.712000012,-0.301999986,-0.158999994
0.73299998,-0.735000014,0.856999993,-0.00554973922,0.0145993146,0.564973461,0.82496124,0.0617000014,0.247999996,0.0432999991,-0.395999998,0,0,0,0.0798999965,-0.195999995,0.115999997,-0.416999996,0,0,0,-0.0992000028,-0.164000005,0.0149999997,0.184,0.26699999,-0.0869999975,0.00879999995,-0.30399999,-0.0326000005,-0.178000003,0.658999979,-0.284999996,-0.144999996
0.739000022,-0.731999993,0.856999993,-0.00622124179,0.0146029155,0.590117777,0.807161112,0.0644999966,0.252999991,0.0390999988,-0.393999994,0,0,0,0.0772999972,-0.194999993,0.119999997,-0.416000009,0,0,0,-0.100000001,-0.170000002,0.0146000003,0.136999995,0.264999986,-0.0776999965,0.00549999997,-0.294,-0.0132999998,-0.108999997,0.592999995,-0.261000007,-0.127000004
0.745000005,-0.728999972,0.856999993,-0.00572964507,0.0148990773,0.61296202,0.789951106,0.0697000027,0.254000008,0.0388000011,-0.393000007,0,0,0,0.0751999989,-0.194999993,0.123000003,-0.416000009,0,0,0,-0.0991000012,-0.172999993,0.0131999999,0.0944999978,0.261000007,-0.0719000027,0.00182,-0.275999993,0.000711000001,-0.0476999991,0.526000023,-0.246000007,-0.104999997
0.75,-0.726000011,0.856000006,-0.00424929331,0.016297289,0.631894906,0.774871067,0.0798000023,0.25,0.0533000007,-0.39199999,0,0,0,0.0697999969,-0.201000005,0.136999995,-0.414999992,0,0,0,-0.0948000029,-0.172999993,0.00901999976,0.0601000004,0.252999991,-0.0694999993,-0.000245000003,-0.261000007,0.0041100001,-0.00903999992,0.474999994,-0.226999998,-0.0861999989
0.754000008,-0.72299999,0.853999972,-0.000841729406,0.0178942467,0.648791413,0.760755407,0.0920000002,0.239999995,0.0662999973,-0.391000003,0,0,0,0.0644999966,-0.210999995,0.149000004,-0.416000009,0,0,0,-0.0843999982,-0.172999993,0.00233000005,0.0318999998,0.25,-0.0688000023,-0.00318,-0.238999993,-0.00307999994,-0.0120000001,0.428000003,-0.208000004,-0.0678000003
0.758000016,-0.721000016,0.852999985,0.00322025863,0.0202016212,0.661053089,0.750060222,0.103,0.229000002,0.0838999972,-0.393000007,0,0,0,0.0549999997,-0.219999999,0.167999998,-0.416999996,0,0,0,-0.069600001,-0.172999993,-0.00407999987,0.0108000003,0.247999996,-0.0705000013,-0.00577000016,-0.216999993,-0.0137,-0.0428000018,0.393000007,-0.204999998,-0.0568000004
0.763000011,-0.720000029,0.851999998,0.00749995075,0.0221998543,0.669995632,0.741995128,0.122000001,0.218999997,0.101999998,-0.393999994,0,0,0,0.0449000001,-0.226999998,0.185000002,-0.419,0,0,0,-0.0533999987,-0.172000006,-0.00815999974,-0.00567999994,0.248999998,-0.074500002,-0.00844999962,-0.194999993,-0.0198999997,-0.0731000006,0.372999996,-0.203999996,-0.0571000017
0.769999981,-0.718999982,0.851000011,0.0114034648,0.0243073848,0.676205444,0.736223681,0.143000007,0.209999993,0.120999999,-0.393999994,0,0,0,0.0326000005,-0.231999993,0.202000007,-0.419999987,0,0,0,-0.0377000012,-0.172000006,-0.0109000001,-0.0231999997,0.252000004,-0.076700002,-0.00867999997,-0.175999999,-0.0233999994,-0.0925000012,0.354000002,-0.209000006,-0.0551999994
0.774999976,-0.717999995,0.851000011,0.0148071239,0.0264127074,0.681327791,0.731351871,0.165000007,0.200000003,0.147,-0.395000011,0,0,0,0.0243999995,-0.237000003,0.214000002,-0.419,0,0,0,-0.0211999994,-0.171000004,-0.0137999998,-0.0419000015,0.252000004,-0.0788000003,-0.00677999994,-0.160999998,-0.0247000009,-0.105999999,0.340000004,-0.209999993,-0.053199999
0.781000018,-0.717000008,0.851000011,0.0168991417,0.0290985243,0.687965115,0.724963238,0.185000002,0.189999998,0.170000002,-0.397000015,0,0,0,0.0166999996,-0.238999993,0.223000005,-0.416000009,0,0,0,-0.0141000003,-0.178000003,-0.0162000004,-0.0628999993,0.261000007,-0.0857999995,-0.00517999986,-0.150000006,-0.0250000004,-0.114,0.326000005,-0.208000004,-0.0489999987
0.787,-0.717000008,0.851999998,0.0181012409,0.0321021985,0.69604766,0.717049126,0.199000001,0.182999998,0.180999994,-0.398999989,0,0,0,0.00808000006,-0.240999997,0.233999997,-0.414000005,0,0,0,-0.0115,-0.193000004,-0.0181000009,-0.0746999979,0.280000001,-0.101999998,-0.00461999979,-0.137999997,-0.0249000005,-0.133000001,0.307999998,-0.203999996,-0.0469999984
0.791000009,-0.717999995,0.852999985,0.0189011413,0.0350021145,0.704042524,0.709042822,0.209000006,0.180999994,0.180999994,-0.400999993,0,0,0,0.00162,-0.243000001,0.234999999,-0.412999988,0,0,0,-0.0136000002,-0.213,-0.0152000003,-0.0474999994,0.312000006,-0.122000001,-0.00313999993,-0.128000006,-0.0240000002,-0.153999999,0.289999992,-0.201000005,-0.0474000014
0.795000017,-0.718999982,0.853999972,0.0183973533,0.0404941736,0.709897834,0.702898872,0.213,0.173999995,0.179000005,-0.40200001,0,0,0,-0.0215000007,-0.241999999,0.237000003,-0.416000009,0,0,0,-0.0175000001,-0.223000005,-0.0170000009,-0.00522999978,0.323000014,-0.140000001,0.00526000001,-0.115000002,-0.0240000002,-0.172999993,0.25,-0.180999994,-0.0465999991
0.796999991,-0.718999982,0.855000019,0.0202944707,0.0419885576,0.712805761,0.699809291,0.218999997,0.172000006,0.177000001,-0.405000001,0,0,0,-0.0231999997,-0.241999999,0.233999997,-0.416999996,0,0,0,-0.0186999999,-0.225999996,-0.0187999997,0.0465000011,0.349000007,-0.153999999,0.0109000001,-0.105999999,-0.0243999995,-0.180999994,0.237000003,-0.174999997,-0.0469000004
0.800000012,-0.717999995,0.856000006,0.0226089181,0.0416164144,0.71328133,0.699275808,0.224999994,0.169,0.177000001,-0.407999992,0,0,0,-0.0219000001,-0.237000003,0.231999993,-0.418000013,0,0,0,-0.0196000002,-0.214000002,-0.0206000004,0.0927999988,0.349999994,-0.153999999,0.0113000004,-0.0948000029,-0.023,-0.182999998,0.225999996,-0.171000004,-0.0478000008
0.800999999,-0.717000008,0.856000006,0.0241939629,0.0392901945,0.712822132,0.699825364,0.231000006,0.167999998,0.180000007,-0.411000013,0,0,0,-0.0172000006,-0.225999996,0.230000004,-0.419999987,0,0,0,-0.0219999999,-0.188999996,-0.0236000009,0.119999997,0.326000005,-0.155000001,0.00951000024,-0.0830999985,-0.0192000009,-0.184,0.218999997,-0.171000004,-0.0485999994
0.801999986,-0.713999987,0.853999972,0.0249150142,0.0354213442,0.711428729,0.70142265,0.236000001,0.169,0.182999998,-0.412,0,0,0,-0.0110999998,-0.213,0.229000002,-0.421999991,0,0,0,-0.0252,-0.157000005,-0.0244999994,0.129999995,0.286000013,-0.147,0.0085699996,-0.0724000037,-0.0124000004,-0.180999994,0.216999993,-0.174999997,-0.0500000007
0.801999986,-0.712000012,0.851999998,0.0245019659,0.0305024485,0.710056969,0.703056438,0.240999997,0.172999993,0.185000002,-0.411000013,0,0,0,-0.00176000001,-0.201000005,0.224000007,-0.423000008,0,0,0,-0.0278999992,-0.128000006,-0.0227000006,0.128000006,0.244000003,-0.105999999,0.0126,-0.0671000034,-0.00528999977,-0.179000005,0.224999994,-0.182999998,-0.0502999984
0.800999999,-0.709999979,0.850000024,0.0242053128,0.0262057522,0.708155439,0.70515476,0.244000003,0.174999997,0.187000006,-0.409999996,0,0,0,0.00529999984,-0.191,0.219999999,-0.425000012,0,0,0,-0.0331999995,-0.103,-0.0195000004,0.133000001,0.215000004,-0.100000001,0.0173000004,-0.0631999969,-0.000391000009,-0.178000003,0.233999997,-0.191,-0.0507000014
0.799000025,-0.708000004,0.850000024,0.0241900045,0.0232903759,0.706708003,0.706708003,0.244000003,0.173999995,0.187999994,-0.407999992,0,0,0,0.0142000001,-0.187000006,0.209999993,-0.425999999,0,0,0,-0.0366999991,-0.0917000026,-0.0185000002,0.133000001,0.204999998,-0.0882000029,0.0190999992,-0.0590000004,0.000945999986,-0.180000007,0.237000003,-0.191,-0.0496999994
0.796999991,-0.70599997,0.851000011,0.0255902087,0.0200923122,0.704730358,0.708728836,0.244000003,0.172000006,0.187000006,-0.405000001,0,0,0,0.0297999997,-0.182999998,0.197999999,-0.426999986,0,0,0,-0.0399999991,-0.0789000019,-0.0172000006,0.134000003,0.199000001,-0.0763000026,0.0138999997,-0.0465000011,0.00245000003,-0.178000003,0.228,-0.182999998,-0.0500000007
0.796000004,-0.70599997,0.851999998,0.0257902451,0.0189928149,0.702734184,0.710731175,0.238999993,0.170000002,0.182999998,-0.40200001,0,0,0,0.0427000001,-0.175999999,0.188999996,-0.428000003,0,0,0,-0.0419999994,-0.068599999,-0.0187999997,0.142000005,0.187000006,-0.0658999979,0.0120000001,-0.0397999994,0.00230000005,-0.173999995,0.218999997,-0.174999997,-0.0491999984
0.79400003,-0.704999983,0.851999998,0.0262080862,0.0181055871,0.700216027,0.71322005,0.234999999,0.167999998,0.181999996,-0.398999989,0,0,0,0.052099999,-0.169,0.185000002,-0.430000007,0,0,0,-0.0452999994,-0.057,-0.0219000001,0.150999993,0.174999997,-0.0639000013,0.0138999997,-0.0344999991,0.000251999998,-0.169,0.214000002,-0.172000006,-0.0471000001
0.791999996,-0.703999996,0.851999998,0.0263072914,0.017004714,0.697193261,0.716198522,0.231000006,0.169,0.179000005,-0.395999998,0,0,0,0.0584999993,-0.163000003,0.186000004,-0.432999998,0,0,0,-0.0483000018,-0.0467000008,-0.0239000004,0.158000007,0.165999994,-0.068599999,0.0160000008,-0.0297999997,-0.000860999979,-0.165000007,0.209999993,-0.174999997,-0.0456999987
0.790000021,-0.703000009,0.851000011,0.0257063756,0.0157038948,0.694172195,0.719178374,0.224999994,0.171000004,0.175999999,-0.393000007,0,0,0,0.064000003,-0.162,0.188999996,-0.435000002,0,0,0,-0.0496999994,-0.0386000015,-0.0241999999,0.163000003,0.158999994,-0.0736000016,0.0176999997,-0.0271000005,-0.000658000004,-0.160999998,0.207000002,-0.177000001,-0.0443000011
0.788999975,-0.702000022,0.851999998,0.0248049738,0.0148029678,0.69113855,0.722144785,0.218999997,0.171000004,0.174999997,-0.391000003,0,0,0,0.0689999983,-0.162,0.188999996,-0.435000002,0,0,0,-0.0505999997,-0.0318999998,-0.0241,0.171000004,0.151999995,-0.074500002,0.0181000009,-0.0275999997,-0.000413000002,-0.153999999,0.206,-0.173999995,-0.0425999984
0.787,-0.702000022,0.851999998,0.0237021705,0.0145013271,0.687062872,0.726066477,0.213,0.169,0.171000004,-0.388000011,0,0,0,0.0736000016,-0.160999998,0.182999998,-0.433999985,0,0,0,-0.0529000014,-0.0266999993,-0.0252,0.180999994,0.144999996,-0.0719999969,0.0186999999,-0.0302000009,-0.000891999982,-0.147,0.206,-0.169,-0.0414999984
0.786000013,-0.702000022,0.851999998,0.0223998659,0.0145999135,0.683995945,0.728995635,0.208000004,0.166999996,0.167999998,-0.386000007,0,0,0,0.0755999982,-0.158999994,0.178000003,-0.433999985,0,0,0,-0.058600001,-0.0236000009,-0.0265999995,0.188999996,0.138999999,-0.0700000003,0.0206000004,-0.0324999988,-0.000927000016,-0.140000001,0.202999994,-0.164000005,-0.0408999994
0.783999979,-0.700999975,0.851999998,0.0206975325,0.0149982114,0.680918809,0.731912728,0.200000003,0.167999998,0.156000003,-0.384000003,0,0,0,0.0746000037,-0.157000005,0.177000001,-0.435000002,0,0,0,-0.0628999993,-0.0241999999,-0.0275999997,0.194999993,0.136999995,-0.0702000037,0.0230999999,-0.0355999991,-0.00104,-0.133000001,0.201000005,-0.162,-0.0401000008
0.782999992,-0.700999975,0.851999998,0.019096248,0.015197015,0.678866664,0.733855869,0.189999998,0.169,0.143999994,-0.382999986,0,0,0,0.074500002,-0.158000007,0.180999994,-0.433999985,0,0,0,-0.0640999973,-0.0269000009,-0.0275999997,0.200000003,0.140000001,-0.0737000033,0.0241999999,-0.0386000015,-0.00113999995,-0.127000004,0.199000001,-0.159999996,-0.0384999998
0.781000018,-0.700999975,0.851999998,0.0171940927,0.0156946068,0.675767807,0.736746845,0.180999994,0.170000002,0.136999995,-0.381999999,0,0,0,0.072800003,-0.162,0.186000004,-0.432999998,0,0,0,-0.063699998,-0.0320999995,-0.0271000005,0.206,0.145999998,-0.0781000033,0.0239000004,-0.0428000018,-0.00150000001,-0.120999999,0.197999999,-0.157000005,-0.0370999984
0.778999984,-0.702000022,0.852999985,0.0157024861,0.0159025193,0.672106427,0.740117216,0.175999999,0.167999998,0.137999997,-0.381000012,0,0,0,0.0702000037,-0.165999994,0.189999998,-0.432999998,0,0,0,-0.063000001,-0.0344999991,-0.0274,0.214000002,0.149000004,-0.0807000026,0.0250000004,-0.0467000008,-0.00214,-0.115000002,0.195999995,-0.152999997,-0.0348999985
0.77700001,-0.700999975,0.852999985,0.0141985002,0.0157983304,0.667929425,0.743921433,0.173999995,0.165999994,0.137999997,-0.379999995,0,0,0,0.066399999,-0.167999998,0.193000004,-0.433999985,0,0,0,-0.0627000034,-0.0348000005,-0.0277999993,0.223000005,0.150999993,-0.0833000019,0.0274,-0.0504000001,-0.00215999992,-0.105999999,0.195999995,-0.150000006,-0.0337000005
0.776000023,-0.702000022,0.852999985,0.0116040129,0.0164056737,0.664229687,0.747258405,0.171000004,0.165999994,0.131999999,-0.379000008,0,0,0,0.0601000004,-0.169,0.195999995,-0.433999985,0,0,0,-0.0643000007,-0.0412000008,-0.0262000002,0.230000004,0.156000003,-0.0866999999,0.0285999998,-0.057500001,-0.000700999983,-0.0983000025,0.195999995,-0.145999998,-0.0335000008
