-0.004150782,0.033000403,0.850137332,0.026626189,0.029951558,-0.70822003,0.704853417,0.006525727,0.209497717,-0.103363185,-0.159492378,0.058954839,-0.022237155,0.034760435,0.065950175,-0.157917808,0.082718936,-0.198809723,-0.020996053,-0.050227569,-0.058353722,-0.011853613,-0.04896398,-0.032226787,0.020507998,0.050511902,-0.083926384,0.041572197,-0.048177156,0.087330946,0.007440318,0.05567585,-0.087854007,-0.10334693
-0.004201685,0.032560333,0.850178113,0.026867935,0.030075021,-0.708490463,0.704567152,0.008099709,0.209619044,-0.102999043,-0.161182996,0.059376945,-0.021905338,0.035343303,0.067252948,-0.15797338,0.084640884,-0.200174875,-0.020915171,-0.050090534,-0.058783623,-0.011725813,-0.048783838,-0.032521715,0.019602337,0.050360262,-0.084648469,0.041619525,-0.047611332,0.087136758,0.007437299,0.054925871,-0.088303946,-0.103489675
-0.004216056,0.032101233,0.850283865,0.027331106,0.030348106,-0.708596709,0.704430768,0.008780544,0.209982575,-0.103035004,-0.161958976,0.059813375,-0.021787203,0.035624994,0.067477429,-0.158139923,0.085039814,-0.200645743,-0.020815892,-0.050042537,-0.059079067,-0.011598583,-0.049164932,-0.032878498,0.019735194,0.050068304,-0.085149485,0.041758326,-0.048041273,0.086847033,0.007863406,0.054598215,-0.088743099,-0.103634824
-0.00422515,0.031627844,0.850429699,0.027925423,0.030732726,-0.708572088,0.704415549,0.00880359,0.210586957,-0.103387152,-0.162082751,0.060166604,-0.021805476,0.035659651,0.067077478,-0.158416922,0.084370945,-0.200563035,-0.0207118,-0.050048819,-0.059270679,-0.011866384,-0.04986955,-0.033188184,0.020598662,0.049704959,-0.08551808,0.041919141,-0.049027736,0.08658089,0.008638109,0.054412675,-0.089015199,-0.103748774
-0.004260221,0.031184304,0.850590726,0.028553391,0.031188012,-0.70844472,0.704498468,0.008380788,0.211429942,-0.103958916,-0.161782125,0.060324371,-0.021894502,0.035485254,0.066536903,-0.158803522,0.083100721,-0.200287429,-0.020624411,-0.050074429,-0.059399785,-0.012949276,-0.05066599,-0.033332572,0.02190399,0.049377028,-0.08583799,0.042031566,-0.050060212,0.08645916,0.009595854,0.053964005,-0.088875243,-0.103781275
-0.004360624,0.03064493,0.850742057,0.029106197,0.031660321,-0.708182,0.704718886,0.007741802,0.212508394,-0.104720385,-0.161364812,0.060137113,-0.021892167,0.035205382,0.0665545,-0.159298527,0.081695718,-0.200422053,-0.020608248,-0.050080379,-0.059545775,-0.015470688,-0.051322165,-0.033161772,0.023518418,0.049272887,-0.086196848,0.041984389,-0.050369175,0.086613209,0.010129218,0.052362643,-0.087735907,-0.10384472
-0.004567938,0.029909642,0.850858804,0.029487371,0.032127542,-0.707957297,0.70490764,0.007498172,0.213818301,-0.1057858,-0.161452629,0.059559507,-0.02173888,0.034955325,0.067423914,-0.159900407,0.080799566,-0.201126889,-0.020469348,-0.050048321,-0.059686719,-0.017698665,-0.051185679,-0.032560588,0.024726067,0.048821952,-0.086635964,0.041693957,-0.049842491,0.087242569,0.01143105,0.050189286,-0.085690203,-0.103803336
-0.004869966,0.029050687,0.850916077,0.029690808,0.032587972,-0.707979562,0.704855602,0.007420142,0.21535479,-0.106151077,-0.161666902,0.058707697,-0.021691298,0.034298334,0.068319486,-0.160607302,0.080682701,-0.201406976,-0.020204036,-0.049742779,-0.059309132,-0.018877498,-0.050292965,-0.031663104,0.024438355,0.048063521,-0.087279898,0.04136083,-0.049354789,0.088310052,0.015345129,0.049624628,-0.084973526,-0.102815097
-0.005261456,0.027866359,0.850896544,0.029784787,0.033060333,-0.708470436,0.704336228,0.007848277,0.217112145,-0.105245078,-0.161980335,0.057984734,-0.021817487,0.033377891,0.069185499,-0.161417028,0.081307525,-0.201054731,-0.020003053,-0.049328964,-0.058527171,-0.018138048,-0.049212533,-0.03062668,0.02227004,0.047530711,-0.088582068,0.04107482,-0.050564317,0.089809477,0.021733636,0.053789561,-0.088568723,-0.101474617
-0.005668877,0.026729055,0.8508131,0.029991433,0.033651379,-0.709541227,0.703220695,0.008673326,0.219083828,-0.103270195,-0.162411298,0.057875673,-0.022237484,0.032694417,0.069136975,-0.16232708,0.082032483,-0.199535089,-0.020160305,-0.049187903,-0.057682333,-0.015645979,-0.048799214,-0.029765654,0.018719588,0.047478438,-0.090695031,0.040956037,-0.055134765,0.091477764,0.029829439,0.0645464,-0.097724544,-0.100252227
-0.006056224,0.02594486,0.850686196,0.030579288,0.034442572,-0.71088426,0.701799249,0.009283167,0.221262506,-0.101021389,-0.162698713,0.058444962,-0.022824188,0.032578757,0.067910614,-0.163334647,0.082297586,-0.197365657,-0.020822936,-0.049542915,-0.057177179,-0.013342551,-0.049701913,-0.029300558,0.015116718,0.048095623,-0.093711988,0.04094451,-0.063046199,0.092939626,0.03848318,0.080425183,-0.111437821,-0.099265065
-0.006483709,0.0252845,0.850536283,0.031615267,0.035443247,-0.712026785,0.700544152,0.009304135,0.223640072,-0.099302023,-0.16265691,0.059031328,-0.02339382,0.032904717,0.066617796,-0.164436614,0.08248048,-0.196429879,-0.021960234,-0.050231672,-0.057153726,-0.010367407,-0.052111401,-0.028994359,0.012830366,0.049700709,-0.097625864,0.040735214,-0.072611271,0.094155102,0.046040771,0.097688238,-0.127580804,-0.098646506
-0.007052276,0.024213332,0.850383813,0.03303641,0.036625276,-0.712687976,0.699744978,0.008988075,0.226207683,-0.098982065,-0.162193407,0.059195914,-0.023525295,0.033577678,0.066042647,-0.165629574,0.082464645,-0.197285839,-0.023149651,-0.051084628,-0.057579162,-0.010083058,-0.055583943,-0.028518062,0.012549585,0.052118772,-0.10215485,0.040081995,-0.081611353,0.095252527,0.051308438,0.112337912,-0.143311801,-0.098585067
-0.007801914,0.022781951,0.850249235,0.034749228,0.037983905,-0.712906769,0.699366609,0.009268538,0.228955787,-0.099653646,-0.161326348,0.058928393,-0.023408478,0.034326295,0.066453453,-0.166909841,0.082410488,-0.199377345,-0.024135919,-0.051942823,-0.058364422,-0.013986301,-0.059090622,-0.027682754,0.014255123,0.054162411,-0.106515035,0.038936731,-0.088704805,0.096407301,0.05516021,0.122177492,-0.155705067,-0.09883011
-0.008735018,0.0210579,0.850153002,0.036720087,0.039507909,-0.712770917,0.699319942,0.010344621,0.23187416,-0.100339303,-0.160140222,0.058078787,-0.023348853,0.034537335,0.067725771,-0.168273458,0.082401488,-0.201894855,-0.024571374,-0.052452041,-0.059046744,-0.017536777,-0.062292796,-0.026553809,0.017026963,0.055335116,-0.110263176,0.037531967,-0.09391623,0.097624882,0.058868062,0.127530668,-0.164719173,-0.098737795
-0.009884077,0.019014497,0.850110984,0.039000875,0.041253312,-0.712555015,0.699315699,0.012583225,0.234951946,-0.101129396,-0.159330804,0.056900496,-0.023394377,0.034278577,0.070141244,-0.169716208,0.082478756,-0.204858441,-0.024477492,-0.052644382,-0.059521591,-0.019497079,-0.065636942,-0.025206019,0.020097606,0.055874542,-0.113546536,0.036036974,-0.098615294,0.098996698,0.062079312,0.130607557,-0.171520984,-0.098896826
-0.011239117,0.016701859,0.850099179,0.041708064,0.043320727,-0.712588219,0.69900056,0.015697015,0.238177696,-0.101897188,-0.159302954,0.055859162,-0.023643484,0.033904826,0.072879334,-0.171233633,0.08262002,-0.207977549,-0.0243331,-0.052587443,-0.059657844,-0.021729731,-0.069673879,-0.023835901,0.022878753,0.055817703,-0.116437061,0.034618553,-0.10421823,0.100433767,0.064700264,0.133198133,-0.176762824,-0.099371592
-0.01287012,0.01418879,0.850073058,0.044964832,0.045698917,-0.712823527,0.698407039,0.019403394,0.241539409,-0.102772815,-0.160439504,0.055134788,-0.023951453,0.033700081,0.076068863,-0.172821044,0.082772312,-0.211342809,-0.024230684,-0.053082251,-0.059556799,-0.02344342,-0.074815322,-0.022547974,0.025082977,0.055752276,-0.119624908,0.033183928,-0.11082024,0.10180047,0.06697211,0.135336023,-0.181227503,-0.100068319
-0.014934401,0.011493279,0.849987921,0.0490381,0.048568657,-0.71308922,0.697667625,0.022875325,0.24502458,-0.103886554,-0.163127724,0.054498849,-0.024234942,0.033591722,0.080274203,-0.174473532,0.082642377,-0.215564734,-0.025109988,-0.054563456,-0.059594632,-0.024066181,-0.08201458,-0.021105381,0.026511078,0.056250255,-0.123776459,0.031374982,-0.119138428,0.103294479,0.069324443,0.137254178,-0.186121901,-0.100817265
-0.01759175,0.008340836,0.849799069,0.054213296,0.052185803,-0.713377362,0.696728283,0.024953676,0.248620244,-0.10493828,-0.16716458,0.053584804,-0.023849815,0.033632206,0.084339921,-0.17618599,0.08186201,-0.219785004,-0.027968978,-0.057121327,-0.060196011,-0.024697198,-0.092220318,-0.019252309,0.027199625,0.057573842,-0.129185522,0.028802539,-0.129730347,0.105095813,0.071647665,0.138638406,-0.192170981,-0.101500143
-0.020913873,0.004702115,0.849461802,0.06058959,0.056703163,-0.713775596,0.695440905,0.026573677,0.252313024,-0.105557509,-0.17219491,0.053553447,-0.023155057,0.03445367,0.087186766,-0.177953125,0.081184401,-0.222577826,-0.032742699,-0.061538604,-0.061618587,-0.025897517,-0.105666346,-0.016828729,0.027450831,0.059576882,-0.13566464,0.025257077,-0.142808153,0.107354648,0.073828086,0.139411392,-0.199402532,-0.102305634
-0.024810236,0.000534863,0.848931419,0.068166575,0.062201837,-0.71420505,0.693826632,0.028545275,0.256089183,-0.10562417,-0.178755397,0.057249023,-0.023205499,0.037456496,0.086991554,-0.179769476,0.080770118,-0.222384014,-0.038308368,-0.068549051,-0.064452596,-0.02631096,-0.122579368,-0.013875822,0.027719632,0.062988228,-0.143991652,0.021138892,-0.158276994,0.110176935,0.077141954,0.139685594,-0.208675031,-0.103248944
-0.029116505,-0.004288006,0.848166709,0.07714127,0.068722586,-0.714570817,0.691892317,0.03029624,0.259934673,-0.104498006,-0.18810309,0.065579337,-0.025354777,0.044285256,0.080798237,-0.181629427,0.079869133,-0.218902175,-0.043833074,-0.077589285,-0.069955682,-0.025735633,-0.142998566,-0.010685421,0.029510562,0.06745519,-0.153991965,0.01699006,-0.176747748,0.113506837,0.083707823,0.139984507,-0.220432876,-0.104827381
-0.033759996,-0.009942255,0.847206659,0.087799401,0.076035263,-0.714518763,0.68990785,0.031974889,0.26383519,-0.103256368,-0.197152022,0.078041998,-0.035164757,0.060548021,0.066063616,-0.18352723,0.079227364,-0.208148636,-0.047059996,-0.086481716,-0.079346484,-0.027041993,-0.168406263,-0.007448133,0.034711741,0.076396464,-0.167283314,0.01310519,-0.199106361,0.116851703,0.092375008,0.141669267,-0.233653476,-0.107179817
-0.03871212,-0.016820861,0.846170457,0.100320648,0.0836261,-0.71284998,0.689048147,0.033497068,0.267776223,-0.108747938,-0.198953506,0.095332473,-0.056461705,0.092991386,0.043376,-0.185457019,0.083249108,-0.18926143,-0.04299153,-0.092579504,-0.099896829,-0.035927134,-0.205666514,-0.003920434,0.043304561,0.107333681,-0.193686514,0.00866274,-0.223965921,0.119497312,0.101600601,0.143993374,-0.247946739,-0.109282121
-0.043748399,-0.025013947,0.845180778,0.114547608,0.091330481,-0.709017085,0.689806032,0.032138954,0.27174311,-0.128466262,-0.189194048,0.117345886,-0.084480647,0.141032739,0.012826422,-0.187412829,0.094371362,-0.174023602,-0.033301218,-0.098383434,-0.137259211,-0.049986934,-0.262852539,0.000463132,0.056908304,0.176132526,-0.227608933,-0.001763648,-0.249338962,0.120249789,0.108610693,0.145524875,-0.263128832,-0.110366979
-0.048398234,-0.034928474,0.844360296,0.129607814,0.09901541,-0.703545104,0.691680598,0.028441558,0.275721096,-0.164227735,-0.166120934,0.133396258,-0.106394849,0.189723326,-0.024777397,-0.189388615,0.11008041,-0.174573502,-0.023883133,-0.106232181,-0.185312495,-0.070433913,-0.34143343,0.005728946,0.076623189,0.285366048,-0.256960208,-0.016260692,-0.2735793,0.117862678,0.107983942,0.146091593,-0.273907356,-0.112963677
-0.052051551,-0.047404503,0.843831687,0.143740427,0.105900626,-0.697618843,0.693867204,0.03103045,0.279695381,-0.211184607,-0.13009548,0.132078256,-0.109578936,0.214165423,-0.064939132,-0.191378269,0.129276026,-0.198579153,-0.022806274,-0.117706643,-0.229646087,-0.084095425,-0.433709586,0.009029295,0.09741059,0.427306361,-0.277448568,-0.029760715,-0.291687616,0.111472256,0.095658868,0.143816738,-0.276542399,-0.117173435
-0.054033705,-0.061996268,0.843717626,0.155093722,0.111332756,-0.69257311,0.695624498,0.048978852,0.283651181,-0.260241695,-0.086044578,0.113892733,-0.096532676,0.20269831,-0.104116831,-0.193375642,0.151340775,-0.247605547,-0.03329004,-0.13332091,-0.255732409,-0.071444605,-0.526826527,0.005195262,0.110607334,0.584585282,-0.285680379,-0.041200651,-0.298164555,0.100671311,0.066686384,0.136508256,-0.271115862,-0.120116376
-0.054037083,-0.077405294,0.844120804,0.162417481,0.115407208,-0.689779442,0.696064695,0.085118064,0.28757378,-0.30053096,-0.043917256,0.083532728,-0.075159193,0.160609542,-0.140426905,-0.19537456,0.17546745,-0.318317619,-0.052080809,-0.151092459,-0.256012374,-0.053970042,-0.606799905,0.004434685,0.109931551,0.731656659,-0.278447205,-0.051514605,-0.293045031,0.087134612,0.027650607,0.126699433,-0.25594046,-0.118539623
-0.052580729,-0.093737183,0.846322162,0.165731583,0.118676078,-0.689513385,0.694996635,0.139056163,0.291448586,-0.326196863,-0.012038515,0.051025334,-0.05684735,0.1086728,-0.172635464,-0.197368844,0.20073156,-0.398923595,-0.071519245,-0.167822956,-0.232670193,-0.030207225,-0.665303368,0.002239848,0.092514256,0.84758898,-0.262334381,-0.06060884,-0.281743979,0.073058864,-0.01248966,0.120178117,-0.225236158,-0.107090857
-0.050498659,-0.11043392,0.851233623,0.166227743,0.121927382,-0.690121666,0.693710413,0.205700075,0.295261184,-0.33963745,0.003523443,0.029356695,-0.048974893,0.069540796,-0.199495571,-0.19935233,0.226616944,-0.479278767,-0.083898875,-0.179773269,-0.201184216,0.000134184,-0.705889777,-0.001138502,0.058256601,0.930408196,-0.25011428,-0.069013403,-0.269423332,0.06063518,-0.044810004,0.119159988,-0.176573562,-0.081468711
-0.048443388,-0.128428726,0.858720956,0.165441863,0.126111785,-0.690079774,0.693191685,0.274820811,0.298997391,-0.345817948,-0.002328813,0.025964361,-0.049526391,0.05295194,-0.221051084,-0.201318888,0.251416523,-0.561877995,-0.089142062,-0.188353253,-0.176227886,0.030350168,-0.735530061,-0.005314402,0.010492784,0.979095615,-0.235862122,-0.083752299,-0.261281082,0.051377795,-0.064547623,0.125415977,-0.112767266,-0.042582243
-0.046697016,-0.148860733,0.867894552,0.164756558,0.132691274,-0.688325227,0.693870798,0.335766214,0.302643309,-0.346187013,-0.028804681,0.033045211,-0.050198644,0.051614726,-0.237753789,-0.203262438,0.269366803,-0.646089644,-0.089497274,-0.196459305,-0.159810434,0.056177563,-0.760165909,-0.009810779,-0.048446107,0.992570324,-0.218660527,-0.103937094,-0.263111328,0.04548635,-0.075022182,0.141408397,-0.035572733,0.003075756
-0.045216776,-0.171566936,0.877076523,0.164963956,0.14199111,-0.68405283,0.696201941,0.383779939,0.306185373,-0.339757142,-0.069264766,0.040851957,-0.044769372,0.04904255,-0.248460094,-0.205176974,0.279159852,-0.728460687,-0.090437086,-0.204080046,-0.148436253,0.071519345,-0.783305493,-0.014113942,-0.113280382,0.976306581,-0.204234526,-0.124644841,-0.274206303,0.043009444,-0.080481967,0.163774712,0.048647001,0.049985765
-0.043572481,-0.196874431,0.884190761,0.166092897,0.153505266,-0.677315069,0.70006684,0.417281167,0.309610408,-0.326547321,-0.115965059,0.047629719,-0.038025335,0.040406958,-0.251994522,-0.207056578,0.28345641,-0.805774989,-0.094619306,-0.211539617,-0.137099685,0.083604692,-0.805759674,-0.017732276,-0.17749949,0.937744274,-0.19422964,-0.143789343,-0.288778586,0.043995679,-0.085175265,0.189277028,0.120582163,0.096585085
-0.041302394,-0.224822379,0.887267907,0.167657561,0.166542423,-0.668961389,0.704730604,0.432964914,0.312905673,-0.306209445,-0.159885616,0.049542665,-0.032609197,0.028268217,-0.248345665,-0.208895439,0.28576185,-0.875106827,-0.100728224,-0.219251935,-0.122951885,0.091246444,-0.826334146,-0.020252404,-0.234420046,0.885086915,-0.191545148,-0.163294635,-0.304210554,0.048227696,-0.092865765,0.224006123,0.160087145,0.145766113
-0.038598052,-0.253694975,0.88497168,0.16891124,0.180426718,-0.660336289,0.709134104,0.430743252,0.316058907,-0.273614044,-0.19408345,0.043983739,-0.027207305,0.017171958,-0.238056823,-0.210687875,0.288301275,-0.93472706,-0.102454674,-0.228186866,-0.107733706,0.093104281,-0.846307717,-0.021386414,-0.278084852,0.829997802,-0.18022387,-0.184056059,-0.322929061,0.053173296,-0.103099339,0.279222808,0.166431312,0.191436913
-0.035442765,-0.283288036,0.876574045,0.169007265,0.195452891,-0.654112295,0.710895082,0.412759965,0.319058382,-0.22082341,-0.218785218,0.036238866,-0.019213864,0.011761763,-0.225049546,-0.212428344,0.295399998,-0.987302727,-0.095678694,-0.238194498,-0.096116828,0.097515553,-0.863843926,-0.02234807,-0.298389622,0.784816758,-0.155040448,-0.18125887,-0.351915681,0.055108385,-0.113250134,0.368778023,0.150381448,0.22841061
-0.03313918,-0.313470632,0.861787665,0.169305741,0.211433454,-0.65157004,0.708581642,0.379465286,0.321892939,-0.144936385,-0.240171857,0.031882234,-0.006597732,0.017901057,-0.213892213,-0.214111468,0.308576389,-1.029554756,-0.083855768,-0.257501434,-0.086268077,0.103358714,-0.874439801,-0.015968022,-0.298089155,0.760878091,-0.149614009,-0.14929555,-0.406767482,0.050299019,-0.120674351,0.510198195,0.130950187,0.25847195
-0.032121509,-0.344192634,0.841909126,0.173423744,0.228653756,-0.649479333,0.704143637,0.322680478,0.324552033,-0.059215339,-0.269967161,0.032960713,0.014436119,0.036656222,-0.204040124,-0.215732043,0.314762413,-1.045618487,-0.068069738,-0.287824241,-0.080494749,0.125402232,-0.887492841,-0.006660831,-0.286228597,0.771343631,-0.178841724,-0.097309452,-0.50472022,0.035045517,-0.122735133,0.712174405,0.125962418,0.276035201
-0.032221091,-0.375650279,0.819665581,0.182787673,0.247327988,-0.645043893,0.699525488,0.236211035,0.327025772,0.011792292,-0.321881659,0.038183704,0.034438961,0.063264578,-0.196399313,-0.217285061,0.301481474,-1.015915187,-0.057703778,-0.319366978,-0.090575234,0.128673543,-0.910067048,0.005246504,-0.266908056,0.817619625,-0.238034517,-0.037805458,-0.652860447,0.009794177,-0.117635788,0.96294424,0.138688026,0.258593566
-0.033941927,-0.408815597,0.798104295,0.193579208,0.264155678,-0.639346123,0.695690595,0.124314097,0.329304955,0.046720411,-0.411610668,0.036301431,0.037201752,0.091806346,-0.175584646,-0.218765721,0.273161111,-0.92879997,-0.064717945,-0.352412909,-0.117761347,0.098840144,-0.925786838,0.024210041,-0.246838423,0.882538816,-0.323102175,0.012822067,-0.835943721,-0.0169566,-0.105211347,1.233163633,0.153863756,0.210066945
-0.037583358,-0.445566753,0.781319316,0.203080294,0.274405543,-0.632718647,0.695073454,-0.008532473,0.331381101,0.040188881,-0.539534968,0.022503699,0.026533284,0.115328214,-0.12227371,-0.220169447,0.244208886,-0.801364586,-0.090196741,-0.38348775,-0.153784675,0.048555957,-0.918383081,0.052707576,-0.228455432,0.947598067,-0.420871416,0.038791158,-1.030551677,-0.035783279,-0.085484319,1.483574619,0.153677543,0.152515038
-0.043105858,-0.484185066,0.773588785,0.209196959,0.274504989,-0.627136053,0.698272164,-0.144947273,0.333246488,0.005025623,-0.697563546,-0.007305413,0.013124602,0.127775821,-0.027423888,-0.2214919,0.218250041,-0.667052768,-0.126066973,-0.410854315,-0.188485054,0.037587627,-0.864144587,0.090066327,-0.211654779,0.971679009,-0.483181609,0.027742746,-1.203818636,-0.037262323,-0.058477211,1.672464627,0.129788259,0.096690254
-0.049090116,-0.531987865,0.777054296,0.210470244,0.264005058,-0.625269915,0.703591599,-0.259884916,0.334894176,-0.039001673,-0.868695847,-0.04949192,0.003936133,0.129471036,0.105890386,-0.222728992,0.193608192,-0.565485691,-0.16576043,-0.43115333,-0.20909007,-0.015369454,-0.753612031,0.129764675,-0.18550341,0.933998024,-0.469753836,0.002456694,-1.331310261,-0.013460722,-0.024557807,1.774266161,0.091791469,0.058117752
-0.054306485,-0.587307726,0.791955362,0.207967188,0.246052786,-0.629907736,0.706699313,-0.333736933,0.336318036,-0.061089945,-1.040799899,-0.098307221,0.009846318,0.118980303,0.251719421,-0.223876899,0.172237798,-0.521351704,-0.205183365,-0.447433231,-0.199496775,-0.079498722,-0.58922536,0.164117912,-0.141678067,0.814895746,-0.364450567,-0.032887777,-1.395339485,0.030581428,0.012900928,1.780014622,0.047669502,0.050850566
-0.056717173,-0.650772411,0.815422977,0.205921997,0.224694328,-0.637640571,0.707476566,-0.362368072,0.337512771,-0.058168679,-1.202244941,-0.146529786,0.033956965,0.099055465,0.394337826,-0.224932073,0.144120195,-0.539490195,-0.234733334,-0.455458105,-0.16307421,-0.142767263,-0.409425173,0.177978401,-0.069487533,0.642050491,-0.157307961,-0.083455501,-1.397454976,0.083144263,0.048978678,1.701561989,0.009993603,0.074493354
-0.055625619,-0.722537262,0.842024901,0.20681833,0.204301799,-0.646480042,0.705372603,-0.352782243,0.338473936,-0.041477765,-1.345948813,-0.191157184,0.063222298,0.072856702,0.513562877,-0.225891254,0.101806903,-0.602064881,-0.259721693,-0.452803201,-0.117222364,-0.178386233,-0.257059696,0.164714664,0.029061767,0.472481312,0.096567741,-0.133289262,-1.353056819,0.132452715,0.078742339,1.556898308,-0.022445684,0.096384402
-0.052070455,-0.79137477,0.865171795,0.210274793,0.186791897,-0.657209445,0.699263215,-0.316316561,0.339197957,-0.024463109,-1.466909906,-0.233999299,0.088669584,0.035244255,0.596845892,-0.226751475,0.053518079,-0.673719114,-0.282531233,-0.446681174,-0.077165577,-0.21951775,-0.155579857,0.126765799,0.132891076,0.362086437,0.305778571,-0.16945253,-1.281945976,0.166769442,0.097285924,1.370916014,-0.0517373,0.108213235
-0.047784957,-0.858899134,0.880561339,0.21694163,0.173653927,-0.669534797,0.688842362,-0.264899138,0.339682138,-0.019523811,-1.552210789,-0.268260815,0.114747707,-0.007696913,0.63601459,-0.227510079,0.014750486,-0.733329709,-0.29853575,-0.440599245,-0.052453312,-0.251355091,-0.119764332,0.074018466,0.224601592,0.350201902,0.423486018,-0.189058304,-1.207774834,0.178922317,0.102984317,1.170018846,-0.079672217,0.12025456
-0.044930381,-0.925103454,0.886615808,0.227630491,0.165742043,-0.683449246,0.673506542,-0.201890424,0.338520647,-0.03142811,-1.596254423,-0.296766514,0.140602054,-0.047754829,0.622007417,-0.228164719,-0.012561022,-0.767969978,-0.309585307,-0.439273339,-0.047732304,-0.266947597,-0.13563173,0.023173759,0.291379451,0.426778334,0.442957037,-0.197965661,-1.148866648,0.170605534,0.100584347,0.991476357,-0.101812817,0.140705483
-0.044814849,-0.9919497,0.882051779,0.244586558,0.162231969,-0.692485104,0.659031551,-0.130340269,0.329618635,-0.072974713,-1.590728719,-0.317027315,0.163433623,-0.069258023,0.555786361,-0.228713374,-0.037610329,-0.774095082,-0.315361142,-0.441985171,-0.059542795,-0.239114276,-0.204415005,-0.015765478,0.327168023,0.60054743,0.38330343,-0.197849808,-1.117805824,0.144531968,0.095564939,0.867373795,-0.106301687,0.15193244
-0.047183304,-1.061163346,0.867266613,0.264548394,0.164559245,-0.697578818,0.645227243,-0.052244452,0.317728538,-0.143090725,-1.524279284,-0.32672107,0.180644739,-0.056672487,0.436119586,-0.229154347,-0.056390985,-0.752441032,-0.31589405,-0.45084374,-0.078368644,-0.187738548,-0.310950791,-0.031000418,0.338949342,0.851055005,0.289800802,-0.187684843,-1.090340334,0.103414497,0.093405019,0.794478965,-0.127370703,0.13128449
-0.051273406,-1.131327886,0.845488975,0.282590426,0.172544917,-0.700994739,0.631646482,0.036335147,0.309306125,-0.231636552,-1.386314853,-0.316183119,0.184645321,-0.004596701,0.281389713,-0.229486275,-0.046386349,-0.729449186,-0.315593475,-0.460194204,-0.09665403,-0.143229788,-0.455987327,-0.017973918,0.337545427,1.167011143,0.181635105,-0.172172633,-1.049013087,0.050631826,0.098646341,0.76418477,-0.181598922,0.077628842
-0.055058568,-1.193438466,0.821696556,0.294790865,0.183648237,-0.704113465,0.619351192,0.142266268,0.310807168,-0.323697166,-1.205362689,-0.27930991,0.174657601,0.078401079,0.110079258,-0.229708132,0.003391698,-0.741719664,-0.306997304,-0.468829552,-0.102001745,-0.115799599,-0.657959506,0.003771432,0.331770074,1.513565167,0.049284473,-0.130384108,-0.983342186,-0.004642143,0.107673816,0.764431729,-0.275044503,0.000743425
-0.056716196,-1.258000966,0.803060776,0.29669315,0.193146329,-0.706379636,0.612940029,0.275018088,0.328643867,-0.413079071,-1.041874108,-0.220442922,0.14757384,0.15365863,-0.046225319,-0.229819232,0.074656263,-0.806400686,-0.285673686,-0.477981645,-0.085863576,-0.023087489,-0.89977776,0.008224421,0.323258474,1.812417615,-0.095736207,-0.058091891,-0.867038652,-0.050249603,0.112672447,0.750193951,-0.364274414,-0.071627213
-0.056492874,-1.32458917,0.796139653,0.285600678,0.197364266,-0.706044652,0.617236219,0.433731164,0.363956461,-0.482336248,-0.947968907,-0.154338776,0.106526274,0.187676003,-0.156988009,-0.238519341,0.145445873,-0.923489168,-0.259536724,-0.479340165,-0.049184564,0.068130776,-1.136633905,-0.02152635,0.295436975,1.988623125,-0.208569992,0.017074351,-0.691793802,-0.074008087,0.105792527,0.678390393,-0.364009538,-0.093400338
-0.05569065,-1.403129243,0.802968779,0.263159001,0.195955367,-0.701400899,0.632760312,0.600100346,0.407646259,-0.505539034,-0.955042289,-0.109979739,0.063254836,0.163681574,-0.208154924,-0.274611917,0.196185733,-1.082386609,-0.232992298,-0.470639383,0.005896603,0.132241953,-1.32165098,-0.087579456,0.227144748,2.001249232,-0.261703139,0.052765855,-0.479761255,-0.063826146,0.079236998,0.550969179,-0.223683976,-0.031192226
-0.055812781,-1.492889173,0.818874802,0.235226389,0.191486191,-0.688284248,0.658988906,0.742381867,0.449438181,-0.476442466,-1.046820007,-0.086767099,0.028888226,0.095425467,-0.199327561,-0.328105891,0.210212198,-1.262847275,-0.207998073,-0.455971085,0.06863662,0.131233399,-1.426109969,-0.176152641,0.116256967,1.862912089,-0.254382699,0.038298224,-0.271255767,-0.018625737,0.031579275,0.41576186,0.010236622,0.073536411
-0.057946171,-1.583528884,0.836796954,0.205852415,0.190136562,-0.670532233,0.686920225,0.829408283,0.479057148,-0.400125339,-1.166663542,-0.076789379,0.009497132,0.021236391,-0.156318224,-0.382758498,0.195732432,-1.425959654,-0.195409529,-0.440938182,0.124683714,0.113632422,-1.434372476,-0.249455204,-0.01900631,1.622109484,-0.210491323,-0.004957338,-0.104724722,0.041281519,-0.026234819,0.331196429,0.233679656,0.174265187
-0.061995703,-1.676169718,0.851501034,0.180917556,0.195941273,-0.654855491,0.707135165,0.845868477,0.48622808,-0.280955456,-1.258503127,-0.071705369,0.009084596,-0.033500353,-0.113543121,-0.427070125,0.188404631,-1.550485754,-0.200390142,-0.420905723,0.163890145,0.130233733,-1.369583253,-0.276250575,-0.153872516,1.349943399,-0.169878165,-0.058221826,-0.023426322,0.093126461,-0.081837951,0.356128978,0.376087364,0.243336144
-0.065755434,-1.770163651,0.858016901,0.163166074,0.208622912,-0.64470037,0.717087683,0.786365354,0.463165343,-0.149261244,-1.297077169,-0.066160008,0.025927381,-0.057638573,-0.089487227,-0.448674288,0.197875525,-1.62068798,-0.199615099,-0.409466709,0.190384167,0.173762719,-1.282688463,-0.258603824,-0.254879294,1.100976798,-0.134338715,-0.109693826,-0.053093807,0.11413993,-0.122862786,0.538546589,0.396839441,0.281449198
-0.068186808,-1.860487123,0.856469361,0.153617799,0.228089574,-0.636249472,0.720807414,0.654134782,0.409779353,-0.041756693,-1.289110462,-0.061038313,0.047904979,-0.063147236,-0.083272444,-0.435716643,0.207437658,-1.631739908,-0.185291075,-0.413632341,0.188399752,0.164943079,-1.209823525,-0.202150593,-0.295182712,0.914794048,-0.085649968,-0.129293135,-0.185109799,0.089379126,-0.139741679,0.851709411,0.321302103,0.282821467
-0.068567125,-1.944847296,0.848130726,0.152683358,0.251983303,-0.6276008,0.720631281,0.467280525,0.341436505,0.035688377,-1.263510411,-0.044895993,0.056077769,-0.05783399,-0.077623476,-0.393336048,0.205037556,-1.576124955,-0.154631649,-0.434802951,0.149196851,0.1480924,-1.157052341,-0.128013936,-0.286006225,0.814253965,-0.057430687,-0.107034681,-0.411077641,0.035206686,-0.134105736,1.242228567,0.226314807,0.251416319
-0.06978406,-2.031014961,0.833276815,0.159677488,0.274927551,-0.61305028,0.723247741,0.223194969,0.272338568,0.075644377,-1.265009464,-0.016018598,0.055753278,-0.039284957,-0.043851674,-0.332666822,0.174082531,-1.441932599,-0.123090015,-0.469324847,0.084365861,0.105444456,-1.106772962,-0.049620362,-0.25625186,0.791898628,-0.086834136,-0.068932514,-0.714757225,-0.024188396,-0.110385751,1.641653199,0.136426928,0.196734951
-0.073243985,-2.116596338,0.813911588,0.170573542,0.290429968,-0.593740775,0.730771505,-0.064994201,0.220462064,0.089738381,-1.307462035,0.023608322,0.051053422,-0.011219249,0.037632036,-0.267297423,0.125176255,-1.242179996,-0.109184001,-0.501772927,0.00232947,0.066188986,-1.039162238,0.025841501,-0.214374422,0.834669398,-0.184238911,-0.02257978,-1.077871163,-0.064617124,-0.073012519,1.985633191,0.048004961,0.11329659
-0.077754452,-2.207562821,0.795083954,0.179959338,0.290564919,-0.579194457,0.740081378,-0.353180696,0.199335383,0.089361236,-1.391021565,0.059601762,0.046907567,0.021327416,0.185153898,-0.210816308,0.080265113,-1.021866805,-0.135112683,-0.526259024,-0.070010863,-0.018275226,-0.897242758,0.092693082,-0.166047664,0.865067087,-0.326637746,0.028011706,-1.455016206,-0.062887993,-0.026462767,2.21148824,-0.030091467,0.023935896
-0.079507949,-2.306839721,0.782493024,0.183596812,0.273985279,-0.582593716,0.742838367,-0.578996413,0.234483675,0.097945978,-1.513601402,0.061849433,0.054070838,0.04417391,0.394790883,-0.176361051,0.046419388,-0.853987257,-0.197194122,-0.532740453,-0.09396308,-0.092489812,-0.658723578,0.123846483,-0.110057931,0.786884613,-0.373962615,0.05349905,-1.774882262,-0.018751828,0.023730341,2.271023855,-0.07174663,-0.034948347
-0.074809938,-2.41498649,0.779384349,0.183848868,0.242304033,-0.602875056,0.737583904,-0.698045013,0.313700729,0.106358778,-1.648999451,0.012640416,0.077739528,0.042988102,0.637600894,-0.16669885,0.004891639,-0.778400078,-0.274149839,-0.523406631,-0.067422171,-0.147044459,-0.370871977,0.098097657,-0.031552178,0.611814076,-0.250586122,0.012851104,-1.967066928,0.045098224,0.070977197,2.163454209,-0.068000256,-0.042636841
-0.063191319,-2.53508107,0.787510776,0.189119062,0.207939545,-0.62810912,0.725585322,-0.690571586,0.398368785,0.09538155,-1.761644383,-0.0790397,0.116285931,0.010157613,0.829253263,-0.174226531,-0.050349313,-0.788952676,-0.337688243,-0.50641551,-0.035820522,-0.13630679,-0.137732761,0.036171414,0.068082074,0.467232538,-0.002628856,-0.063913486,-2.000639106,0.104971523,0.108642266,1.918203424,-0.037324794,-0.001513168
-0.047010915,-2.656091705,0.803343704,0.204515509,0.186018541,-0.652629249,0.705439985,-0.558274325,0.452357792,0.067369249,-1.825347063,-0.189388624,0.160327063,-0.041514027,0.892951082,-0.190890034,-0.102283311,-0.839337375,-0.36055843,-0.5047343,-0.027092655,-0.126623893,-0.037724038,-0.028978807,0.173830875,0.460393196,0.250589053,-0.151524765,-1.898809821,0.137177427,0.130090009,1.606645243,0.006207566,0.080134705
-0.033581947,-2.778722483,0.819336817,0.23105771,0.182809556,-0.666270325,0.685037849,-0.363214646,0.445509669,0.001168565,-1.802010964,-0.271425525,0.218922917,-0.079833404,0.797150593,-0.208635298,-0.146732028,-0.874119699,-0.349738986,-0.520268682,-0.048271158,-0.148854463,-0.107242575,-0.071674143,0.256821999,0.654986181,0.385798974,-0.218197644,-1.719058295,0.125357188,0.130590859,1.306021149,0.035010891,0.157654949
-0.026962803,-2.899158888,0.829177199,0.259925731,0.196480434,-0.668609849,0.668427201,-0.154095119,0.394229978,-0.114841254,-1.654604889,-0.320437111,0.271030714,-0.09127854,0.555519535,-0.218735045,-0.151821282,-0.873072145,-0.315615028,-0.546047355,-0.096133642,-0.127610864,-0.342511349,-0.073314117,0.311100626,1.072820552,0.329018945,-0.228022407,-1.509060167,0.082479625,0.113039132,1.055556506,0.004651299,0.175547451
-0.026061607,-3.014765476,0.829977282,0.279007339,0.218264793,-0.668663869,0.653761436,0.060740592,0.330062733,-0.257255249,-1.413362673,-0.33764024,0.29930292,-0.078994994,0.231311189,-0.208851616,-0.088372894,-0.868500966,-0.271724632,-0.582987242,-0.139047523,-0.042989336,-0.67529886,-0.049241975,0.328821741,1.581354928,0.117129548,-0.180343168,-1.295500243,0.028845447,0.082235114,0.883798573,-0.101313384,0.133101116
-0.025505901,-3.127453229,0.824888182,0.282904628,0.239237259,-0.670385935,0.642894395,0.287321658,0.301286054,-0.374289832,-1.16331683,-0.318524489,0.290993554,-0.06099367,-0.094168527,-0.218366571,0.017680474,-0.920578018,-0.221931205,-0.612944548,-0.144331958,0.073508721,-1.046791825,-0.046305464,0.328676704,1.987588765,-0.089061726,-0.091006159,-1.069221471,-0.015244635,0.042979092,0.75853359,-0.22308747,0.058323379
-0.020380154,-3.239526138,0.820319483,0.275665226,0.249211649,-0.663129943,0.649739114,0.502723083,0.333833151,-0.441167723,-0.986459699,-0.285844975,0.249133254,-0.068697321,-0.338860936,-0.283260677,0.088480353,-1.066678361,-0.193215684,-0.620494581,-0.092314678,0.177340695,-1.405457473,-0.096158545,0.32156228,2.181832867,-0.21419255,-0.00227661,-0.808016596,-0.030244269,5.65e-05,0.604866023,-0.227307182,0.01287965
-0.009729978,-3.357942275,0.82057544,0.257492677,0.250696823,-0.64340763,0.675925474,0.693801969,0.400720663,-0.427921555,-0.919342598,-0.235089691,0.194475724,-0.100850724,-0.48205364,-0.375934807,0.11268534,-1.280240971,-0.195551435,-0.615034408,-0.008194244,0.219431361,-1.685286004,-0.172621283,0.2841273,2.134463775,-0.238558053,0.062587757,-0.528295441,-0.013957315,-0.042087515,0.432367927,-0.102598054,0.025441019
0.004355439,-3.488991941,0.825440978,0.232367749,0.254765202,-0.615564482,0.708646802,0.815828133,0.468177946,-0.326834486,-0.945461077,-0.188264,0.154548211,-0.139390858,-0.518066267,-0.461800374,0.115298755,-1.485613654,-0.203737351,-0.595804792,0.079589817,0.1564831,-1.828178485,-0.234093376,0.213112527,1.870989417,-0.192763422,0.070587637,-0.302626692,0.018462157,-0.079348572,0.355813473,0.10439166,0.100771758
0.020094107,-3.62979513,0.832278825,0.212437746,0.266330117,-0.582856905,0.737710175,0.818763712,0.499660193,-0.192248302,-1.012580721,-0.140813871,0.121682315,-0.16268426,-0.465164814,-0.509277538,0.105302709,-1.598477462,-0.200149424,-0.570383583,0.137528983,0.041107064,-1.822466568,-0.257295113,0.106846265,1.483406433,-0.09251929,0.020804389,-0.184876068,0.051105717,-0.107636903,0.460161229,0.321336024,0.204094795
0.033441071,-3.772807736,0.836450238,0.200412005,0.28544643,-0.553112095,0.756586,0.674612968,0.475298704,-0.085707425,-1.076172077,-0.110869053,0.094538334,-0.153939137,-0.3600412,-0.498407744,0.092665213,-1.548123788,-0.189355775,-0.555500421,0.146185397,0.061729042,-1.695142071,-0.229550378,-0.010359246,1.099758367,0.013486851,-0.030225885,-0.202822821,0.068064937,-0.122862786,0.798475163,0.425654825,0.273610429
0.042684735,-3.915594524,0.835250428,0.195239484,0.305551422,-0.532520772,0.764814683,0.403673606,0.390763926,-0.031711734,-1.139034372,-0.086404383,0.0788148,-0.107523429,-0.21964635,-0.436843262,0.090226048,-1.344112198,-0.161791034,-0.553464795,0.105054177,0.049294641,-1.506191993,-0.161773741,-0.103091532,0.827456933,0.050116761,-0.052957703,-0.367928499,0.058393494,-0.121972206,1.33253507,0.382037362,0.268964136
0.049541984,-4.043793483,0.830193856,0.197239212,0.318605963,-0.516359599,0.770038764,0.043695649,0.290373776,-0.027782286,-1.223097093,-0.061547235,0.0634933,-0.044780347,-0.040322803,-0.351071671,0.087458987,-1.067976168,-0.143376942,-0.55692553,0.039356049,0.011032701,-1.302882666,-0.069603075,-0.144078234,0.688777418,-0.005212668,-0.039319447,-0.652260607,0.030993494,-0.106053967,1.892549844,0.253348621,0.194216008
0.05635596,-4.162611277,0.822067048,0.203770023,0.314131248,-0.502458111,0.779317126,-0.336511077,0.230382389,-0.055947577,-1.335928862,-0.051811702,0.050107047,0.002929322,0.190846188,-0.267580547,0.054709014,-0.820621353,-0.162082024,-0.563065142,-0.00706441,-0.041954117,-1.090800595,0.020048244,-0.13631193,0.671161379,-0.134851273,-0.007751097,-1.038194291,-0.00027085,-0.077232577,2.317309648,0.158508283,0.100239903
0.066912553,-4.300895404,0.814207147,0.203810727,0.292550313,-0.506163515,0.785285934,-0.632813281,0.2468899,-0.053379649,-1.477819959,-0.054244572,0.051875459,0.031228118,0.452803139,-0.212749664,0.004517123,-0.686710819,-0.215126569,-0.568643518,-0.021469483,-0.120343895,-0.819725801,0.077562295,-0.094846646,0.621818574,-0.178740158,0.012940938,-1.443807235,-0.021535328,-0.037632544,2.488396606,0.105412206,0.010384668
0.084756284,-4.440629609,0.809429787,0.201540511,0.26033219,-0.529746397,0.781650387,-0.789926129,0.326124662,-0.014340742,-1.62612161,-0.080264345,0.062463006,0.045733661,0.695063289,-0.199914561,-0.06734382,-0.670528533,-0.279083462,-0.556465926,-0.01481853,-0.190105034,-0.511602657,0.077308418,-0.005695715,0.531173393,-0.107584915,-0.007421073,-1.761520933,-0.019506762,0.010460307,2.37194854,0.090089964,-0.028593773
0.109687688,-4.591639892,0.809617578,0.207844674,0.229906798,-0.562449517,0.7665468,-0.777936873,0.433343506,0.033185222,-1.752614655,-0.130846898,0.077315444,0.024264619,0.819391725,-0.217076933,-0.139478032,-0.704752799,-0.325293124,-0.542045271,-0.008814633,-0.20877294,-0.25666645,0.038970391,0.109281639,0.493004973,0.077583866,-0.086764949,-1.915435766,0.005974194,0.061049881,2.004186465,0.097650318,0.016463665
0.135805994,-4.738732522,0.812249091,0.223485464,0.212739936,-0.594531225,0.742515043,-0.621132257,0.518466591,0.048709299,-1.801384698,-0.185730251,0.121435778,-0.022434684,0.770316381,-0.24932778,-0.186871434,-0.734519262,-0.342696872,-0.537598688,-0.012091857,-0.209694631,-0.119564726,-0.020911296,0.217515339,0.594487536,0.28902581,-0.174448273,-1.899920111,0.041933058,0.104429811,1.541775959,0.115406432,0.116738977
0.158967589,-4.889823431,0.817435639,0.246216735,0.211686464,-0.616586657,0.717207819,-0.377890022,0.542291687,-0.014526639,-1.718308951,-0.212290227,0.163520451,-0.051469269,0.567235446,-0.281758099,-0.197275187,-0.747385858,-0.327315875,-0.547624224,-0.032109671,-0.183796562,-0.127102762,-0.087977375,0.302807265,0.899456357,0.398679117,-0.226449871,-1.736230847,0.07482431,0.130732415,1.100563527,0.105991476,0.174568385
0.175153189,-5.045251876,0.823128806,0.264516456,0.227227014,-0.626099438,0.6974227,-0.111561211,0.527817511,-0.14484343,-1.528492678,-0.218729625,0.186216368,-0.057135503,0.272115405,-0.300268914,-0.151853631,-0.770867524,-0.303379806,-0.577420851,-0.056475074,-0.118056275,-0.292465541,-0.118823259,0.334153964,1.380333124,0.350761124,-0.240185773,-1.497382519,0.091102434,0.130090009,0.782866291,0.043737217,0.155512677
0.185882655,-5.191056657,0.825103713,0.268815332,0.246090724,-0.628993155,0.686691549,0.162049947,0.486213466,-0.291342433,-1.295340403,-0.192597161,0.180824457,-0.03797608,-0.042278914,-0.297817004,-0.042695076,-0.828373686,-0.25884569,-0.617820027,-0.083169527,-0.021929525,-0.60716368,-0.12641876,0.309058242,1.925176366,0.160852694,-0.225085144,-1.274243455,0.081635807,0.096766981,0.676674207,-0.071225979,0.067478174
0.198314211,-5.329722246,0.827713757,0.259326299,0.25648486,-0.626204841,0.689081189,0.417957035,0.478305654,-0.402372807,-1.117412385,-0.156863912,0.149798001,-0.018656132,-0.294620943,-0.319208324,0.064897708,-0.953972178,-0.21710467,-0.643374794,-0.091139194,0.114857139,-1.000441988,-0.15203544,0.261691696,2.288556124,-0.01643947,-0.16496095,-1.031497729,0.054948407,0.041556001,0.633682203,-0.118736218,-0.030142198
0.218502579,-5.477386684,0.833243995,0.242749386,0.25408823,-0.610779107,0.709549709,0.6352761,0.511580309,-0.437342024,-1.048375023,-0.122052422,0.105989026,-0.01854571,-0.445048748,-0.386230303,0.09522395,-1.149287535,-0.207433718,-0.63936898,-0.066631237,0.218300349,-1.392562346,-0.203967603,0.222891675,2.35019323,-0.099958535,-0.076111222,-0.739596177,0.023978107,-0.020618193,0.534969134,-0.040433737,-0.051619679
0.245229281,-5.641165529,0.839404584,0.219882603,0.249046707,-0.585786025,0.739244284,0.806572157,0.548823404,-0.36093681,-1.074699957,-0.099916939,0.088360145,-0.045507289,-0.508072564,-0.465737521,0.079009412,-1.364498377,-0.226136182,-0.617675731,-0.0095305,0.215750355,-1.693215362,-0.265081406,0.165236626,2.116595171,-0.079794312,-0.005072957,-0.455115799,0.001662781,-0.07483086,0.442212583,0.108490936,0.01418954
0.276472205,-5.809983527,0.843762367,0.196660652,0.24921755,-0.554629889,0.769155957,0.885245373,0.565336066,-0.21305521,-1.131766117,-0.079080483,0.094566805,-0.083644781,-0.489222225,-0.530586254,0.050098998,-1.541129267,-0.244322311,-0.584809611,0.057788309,0.124691601,-1.827042776,-0.312000101,0.083381909,1.684225435,-0.009720168,0.022076107,-0.243359716,-0.000523166,-0.1074793,0.465527699,0.29039742,0.136301888
0.310167244,-5.978198066,0.846544113,0.181567419,0.258010075,-0.522491741,0.792127802,0.826240668,0.53221897,-0.072532301,-1.174257011,-0.055200375,0.091140772,-0.095454883,-0.40300876,-0.549137645,0.023453289,-1.610020896,-0.248113911,-0.55985915,0.103093249,0.124387966,-1.785270767,-0.322585524,-0.008371183,1.194996287,0.101617454,-0.007254287,-0.149764232,0.016157061,-0.116467431,0.677480609,0.397435684,0.239887948
0.338711251,-6.152324972,0.845665577,0.172925855,0.275933111,-0.497861581,0.803798118,0.617802681,0.455016167,0.018790766,-1.205410085,-0.046853129,0.086907008,-0.074475284,-0.277933453,-0.50072424,0.015805847,-1.529084389,-0.23044174,-0.557785911,0.106741771,0.150189772,-1.626929471,-0.272100524,-0.10323486,0.807866445,0.189845822,-0.052232579,-0.222897642,0.043881747,-0.105623856,1.124281728,0.373815417,0.268570021
0.362516181,-6.315862114,0.842436355,0.170798978,0.293268769,-0.480995663,0.808371394,0.300878815,0.340948707,0.04516407,-1.245989242,-0.040023601,0.079327331,-0.022415454,-0.125340852,-0.407458328,0.031001498,-1.316015854,-0.187470401,-0.571446339,0.060085049,0.082271522,-1.423289014,-0.184701122,-0.16319265,0.602065583,0.175997587,-0.08369665,-0.448822448,0.074774971,-0.078826145,1.685512039,0.264613305,0.223434144
0.382442988,-6.462521731,0.838549742,0.17534803,0.298270154,-0.466739433,0.813905575,-0.082656865,0.24627622,-0.000861542,-1.315668634,-0.043933749,0.06558648,0.039010953,0.065238312,-0.29956127,0.029438908,-1.054702584,-0.164783136,-0.588700509,-0.006259461,0.008322045,-1.217705907,-0.064951989,-0.16395143,0.574154848,0.048430902,-0.086733584,-0.804572177,0.100980435,-0.039958686,2.181744238,0.168095483,0.136019575
0.402066506,-6.619522052,0.835704591,0.177924848,0.285483717,-0.464163084,0.819386617,-0.433859233,0.229048461,-0.059350957,-1.423385506,-0.064146587,0.058757694,0.076349633,0.304175208,-0.207254426,-0.000259879,-0.858582731,-0.178716022,-0.594765131,-0.042622129,-0.081813651,-0.966612654,0.064726383,-0.112028538,0.579945277,-0.046502151,-0.087767651,-1.224418647,0.117015823,0.006268793,2.452941946,0.117347813,0.03915783
0.425695974,-6.77867507,0.834346049,0.173884532,0.25806781,-0.48566382,0.816881772,-0.671374365,0.287529847,-0.062622297,-1.551449603,-0.103828484,0.066674538,0.091411719,0.553310351,-0.157693656,-0.049473639,-0.782185936,-0.225210942,-0.591708421,-0.044869267,-0.17184756,-0.661358059,0.138022735,-0.037089123,0.549474511,-0.027292296,-0.107858424,-1.602940339,0.122009447,0.053543642,2.442285515,0.103890381,-0.039126577
0.457385781,-6.954184458,0.836503156,0.175908115,0.222703812,-0.520933603,0.805038836,-0.78024397,0.398456211,-0.013122654,-1.680994307,-0.152836311,0.074347563,0.082391972,0.757385792,-0.151353625,-0.129860786,-0.814656364,-0.285378773,-0.579335859,-0.031370512,-0.226476564,-0.369586626,0.127772034,0.056475237,0.525134171,0.085746538,-0.154304654,-1.836646357,0.115619353,0.095369042,2.154411831,0.124943386,-0.058289156
0.494414322,-7.128692175,0.842430033,0.18710401,0.19258288,-0.560411856,0.783480999,-0.756862903,0.526865281,0.053089191,-1.778910699,-0.200893613,0.097183987,0.040100936,0.841090612,-0.174971015,-0.20534218,-0.875997742,-0.330396505,-0.566911465,-0.013399003,-0.240909137,-0.160079336,0.069078935,0.164688175,0.567569395,0.288997196,-0.228412196,-1.873613999,0.097503585,0.125248175,1.678200324,0.158011508,-0.010070631
0.530398421,-7.302880307,0.849057556,0.205921017,0.17445519,-0.594409208,0.757522022,-0.605828192,0.613868397,0.082951833,-1.811337634,-0.238369442,0.129194025,0.001234941,0.771473487,-0.215168974,-0.259627645,-0.901488317,-0.344110671,-0.565733991,-0.010462448,-0.259906941,-0.069815707,-0.014957777,0.262282185,0.759323079,0.460343801,-0.276021961,-1.74811482,0.067945638,0.137407728,1.182692553,0.210931462,0.06175741
0.563605,-7.479111624,0.854145566,0.23000279,0.172299975,-0.614696509,0.734547232,-0.373308759,0.631973157,0.040050373,-1.765177129,-0.233382373,0.15584736,-0.020531967,0.57075234,-0.258570649,-0.284959853,-0.888497359,-0.330024281,-0.576225615,-0.03396036,-0.233509034,-0.120210012,-0.090387329,0.341795544,1.129976705,0.489367425,-0.265923656,-1.52085197,0.032672733,0.132371552,0.768005383,0.243742544,0.091902025
0.589470814,-7.658104574,0.853433021,0.248375659,0.185422651,-0.626256129,0.715353922,-0.110372681,0.597435982,-0.06093355,-1.641891245,-0.195625045,0.16441966,-0.014695765,0.286502544,-0.291762564,-0.24930974,-0.877919256,-0.302651694,-0.602045814,-0.069126845,-0.164563055,-0.338818802,-0.120487473,0.362401577,1.640321057,0.351310343,-0.245656579,-1.305670307,0.000215033,0.11390587,0.569581457,0.179022393,0.050393874
0.612672615,-7.820796359,0.849552738,0.251546039,0.202693768,-0.637172389,0.699750794,0.173915411,0.55130937,-0.179167049,-1.489994792,-0.140368302,0.154282537,2.4e-05,-0.004055438,-0.319236137,-0.141034401,-0.916354825,-0.259536459,-0.629143537,-0.095237785,-0.042694297,-0.678598116,-0.136472271,0.31662259,2.095464128,0.169386643,-0.236871643,-1.10415038,-0.020874135,0.085803702,0.536105351,0.066515606,-0.046207746
0.640806906,-7.975507697,0.846708548,0.243534169,0.211758907,-0.64046425,0.696889387,0.435517091,0.524707298,-0.28024669,-1.374778889,-0.084665977,0.13256539,0.00146038,-0.224319387,-0.368221867,-0.038645842,-1.047762058,-0.230537126,-0.638350956,-0.104337551,0.152427434,-1.099178619,-0.173266338,0.241399509,2.337115487,0.0371131,-0.200520548,-0.864951382,-0.022093388,0.051855104,0.51312622,0.038449686,-0.120738987
0.674874035,-8.145336128,0.845243757,0.227930256,0.211855301,-0.630127456,0.711410233,0.646374222,0.524302285,-0.31956587,-1.325356865,-0.044771818,0.113594314,-0.017345999,-0.348545605,-0.428915286,0.014269188,-1.253406955,-0.231922744,-0.634222736,-0.080506477,0.250486433,-1.500474979,-0.235062526,0.1533202,2.273689086,-0.008384047,-0.156764569,-0.586183593,-0.001226755,0.015491556,0.455717431,0.090007108,-0.110583514
0.710831346,-8.331294178,0.846042928,0.20194608,0.210153309,-0.609220414,0.737498376,0.789868534,0.546824238,-0.271402688,-1.318152685,-0.022050729,0.115443142,-0.061811268,-0.389919334,-0.487816111,0.036162681,-1.458066107,-0.257771989,-0.619090871,-0.020633622,0.224186281,-1.757658297,-0.29437735,0.043358496,1.940598063,0.034510117,-0.132690038,-0.305937644,0.031734537,-0.020551862,0.404767184,0.205182314,-0.009774131
0.748202199,-8.515991224,0.846217029,0.174711792,0.211966694,-0.580262938,0.766707789,0.836910328,0.554581559,-0.162996633,-1.325363972,-0.009323697,0.119868478,-0.089519136,-0.35127928,-0.522081482,0.031854026,-1.606548918,-0.278423012,-0.600226255,0.045469128,0.180061286,-1.818160915,-0.332218519,-0.062367275,1.459229491,0.123354663,-0.140422283,-0.095487043,0.065396729,-0.053620086,0.465884788,0.343149037,0.13721782
0.784145346,-8.709461478,0.84373675,0.154321758,0.223403308,-0.54849554,0.790840312,0.730743044,0.533102443,-0.05030225,-1.328650113,-0.003114476,0.126877847,-0.092274004,-0.257697175,-0.509392876,0.011612955,-1.63587397,-0.275877187,-0.589052623,0.081467242,0.195258592,-1.713001004,-0.32146694,-0.160179424,0.982187757,0.251932781,-0.176502288,-0.01407841,0.088366065,-0.08105805,0.726321801,0.396519451,0.232695769
0.811710531,-8.896717711,0.840677889,0.142746459,0.240972175,-0.521956632,0.805678058,0.48335832,0.476027404,0.028887924,-1.326303306,-0.01580719,0.128401623,-0.06134516,-0.137239063,-0.448492519,2.39e-05,-1.509649746,-0.241159005,-0.594474017,0.078491098,0.172171224,-1.517976254,-0.260113911,-0.240330619,0.653853168,0.319060397,-0.196246353,-0.101913433,0.090733206,-0.100199908,1.211005449,0.327951291,0.229262389
0.833528454,-9.075499934,0.840792498,0.141474836,0.25442006,-0.502266707,0.814237962,0.141056094,0.396215101,0.05205537,-1.340346783,-0.037287391,0.119867427,-0.005198135,0.013823654,-0.358235421,0.000197922,-1.270294606,-0.204033642,-0.607883073,0.037723392,0.109985784,-1.304252875,-0.170286252,-0.280574054,0.530360847,0.268189154,-0.192677488,-0.340741514,0.075508775,-0.108285987,1.757493283,0.224145046,0.156078697
0.851766646,-9.240549159,0.843731352,0.146892754,0.254584346,-0.488569372,0.821528635,-0.234192547,0.349807431,0.023634184,-1.397086902,-0.066557893,0.104831093,0.04493356,0.210402117,-0.259595623,-0.019763994,-1.022560624,-0.194847634,-0.612833258,-0.007772654,0.013025142,-1.083317022,-0.04292704,-0.267104997,0.535514019,0.158451579,-0.172946882,-0.717904477,0.052355796,-0.102508299,2.21906968,0.156932254,0.047113249
0.870601756,-9.419681703,0.848108065,0.149638447,0.238199039,-0.495279424,0.821929343,-0.52619605,0.366520273,0.005337099,-1.50396635,-0.103452188,0.092100835,0.06809397,0.444696615,-0.17354717,-0.061963792,-0.856290676,-0.21010711,-0.617152417,-0.026816739,-0.061301788,-0.811106364,0.077949621,-0.197769486,0.540554783,0.127251134,-0.161987098,-1.158171326,0.030992271,-0.080058458,2.462324808,0.128204011,-0.050166515
0.895378911,-9.605523372,0.853157631,0.151489338,0.207531182,-0.525295193,0.811200807,-0.693591068,0.445384016,0.042347534,-1.634776958,-0.136675678,0.08210934,0.062488,0.672988105,-0.120432274,-0.131716737,-0.810164648,-0.253123838,-0.616984908,-0.023163757,-0.14362214,-0.508496337,0.122850686,-0.111112701,0.54364986,0.164733873,-0.172996374,-1.538804563,0.021090691,-0.038172054,2.402400927,0.140399654,-0.101024948
0.930171207,-9.807622535,0.856326239,0.161149971,0.172573176,-0.56529664,0.79037263,-0.744663358,0.555586543,0.119064697,-1.755028093,-0.160716622,0.078269602,0.027926715,0.85731241,-0.106061027,-0.2222646,-0.873587042,-0.305834513,-0.610033768,-0.008607775,-0.190438865,-0.236880636,0.08192362,0.001351645,0.565998659,0.269232395,-0.211212883,-1.764965281,0.026816497,0.02059455,2.073577125,0.175952168,-0.079302841
0.971027952,-10.00427038,0.857928502,0.178519628,0.144161567,-0.604060026,0.763190455,-0.678890724,0.650841585,0.198384487,-1.836414783,-0.183707763,0.087637287,-0.019807782,0.926034918,-0.121711399,-0.312067731,-0.943176376,-0.337120019,-0.602953139,-0.001717028,-0.259150582,-0.040106924,-0.012054816,0.110745108,0.638890588,0.442862439,-0.268476889,-1.793426625,0.041639617,0.083351246,1.582274471,0.213007698,-0.006438258
1.009444316,-10.20059588,0.858702342,0.203870799,0.126225171,-0.628668253,0.739783841,-0.5148673,0.677091523,0.225911696,-1.867127379,-0.198527146,0.10450938,-0.055915202,0.849383271,-0.15802953,-0.398041513,-0.956305202,-0.336246632,-0.602775416,-0.011070302,-0.293796467,0.053839195,-0.133063901,0.205394362,0.829197706,0.558104316,-0.281566745,-1.665446502,0.057801137,0.136020648,1.080427659,0.267575733,0.082579656
1.043802584,-10.40033488,0.857822175,0.231664988,0.124393842,-0.637640906,0.724066005,-0.300229096,0.632855617,0.178701294,-1.830941635,-0.188259771,0.122274552,-0.065428047,0.651393232,-0.205661559,-0.447012586,-0.926321488,-0.320456898,-0.608573763,-0.036028107,-0.28134612,0.021360367,-0.220425546,0.283752793,1.175713106,0.542618616,-0.251093072,-1.464672715,0.06754214,0.164525368,0.682147824,0.305515903,0.132228232
1.070259764,-10.59917286,0.85390285,0.249533359,0.138458312,-0.640698091,0.712789138,-0.067473738,0.558736046,0.076483821,-1.726725935,-0.157869246,0.128454943,-0.05107948,0.378281584,-0.255253627,-0.417784996,-0.891468029,-0.287053642,-0.622646849,-0.063269291,-0.206207018,-0.147107574,-0.227810043,0.31499223,1.617759502,0.43217374,-0.226904768,-1.274991314,0.064192411,0.156750079,0.504543734,0.234777719,0.09232076
1.094180447,-10.78592868,0.851094267,0.252955202,0.158184742,-0.645033702,0.703507481,0.173980233,0.487741891,-0.042729372,-1.582942993,-0.116727695,0.117013291,-0.024617256,0.096493763,-0.307208296,-0.312780224,-0.913998688,-0.234485003,-0.631458251,-0.092454409,-0.100355052,-0.448972432,-0.21476426,0.297660311,1.99927826,0.324358592,-0.218519994,-1.081994136,0.050557457,0.11765665,0.471590526,0.126074488,-0.006787699
1.120909836,-10.95622932,0.850893551,0.242555856,0.171407248,-0.643820756,0.70518157,0.386858409,0.459971599,-0.152940719,-1.448254968,-0.076223451,0.093299375,-0.003406633,-0.126683875,-0.379243389,-0.194371733,-1.031564969,-0.201337861,-0.637256004,-0.101972999,0.086204055,-0.858841323,-0.221750323,0.235794977,2.229038415,0.197732232,-0.196048503,-0.836842367,0.034321778,0.060999885,0.453439204,0.100707667,-0.08302554
1.151267558,-11.14822517,0.852290852,0.220622712,0.177179297,-0.631374246,0.722010856,0.556384701,0.483520458,-0.22728056,-1.356905423,-0.039781013,0.072877873,-0.003431323,-0.251817689,-0.453038677,-0.107815821,-1.23368305,-0.206895164,-0.639533308,-0.079180563,0.196365634,-1.283331477,-0.248844332,0.163285606,2.226376371,0.113583038,-0.163737454,-0.541124143,0.023210194,0.000607261,0.412394771,0.151618412,-0.07693358
1.182672766,-11.35092618,0.854986968,0.190068538,0.180056639,-0.610367128,0.747599844,0.688992997,0.528031357,-0.223684754,-1.30919792,-0.014349299,0.064567647,-0.019616263,-0.302087603,-0.527266566,-0.065091536,-1.442635363,-0.239629285,-0.634823345,-0.026865051,0.195425638,-1.594239217,-0.287738993,0.066025049,1.96684191,0.117017368,-0.1518207,-0.24642856,0.024608955,-0.050035904,0.386923683,0.244687448,0.005843504
1.214845601,-11.55479705,0.855438749,0.161495818,0.184742303,-0.58274778,0.774722149,0.776286836,0.549571984,-0.160966951,-1.307923108,0.001845532,0.069328317,-0.039929418,-0.278020887,-0.576191272,-0.06475467,-1.618700597,-0.282525324,-0.624543709,0.040482932,0.182302328,-1.73490547,-0.330803072,-0.035394356,1.556410648,0.177068956,-0.155895911,-0.008404177,0.038117203,-0.085313842,0.434341411,0.368402207,0.143034844
1.24867923,-11.76153413,0.850128776,0.140789136,0.198795106,-0.555885235,0.79476445,0.781635615,0.538848909,-0.062578414,-1.328669312,0.016366102,0.082109202,-0.05509273,-0.199755707,-0.575570495,-0.072325912,-1.714663162,-0.309060961,-0.608537957,0.099876401,0.198618255,-1.71186289,-0.33265005,-0.114469459,1.128278606,0.273931232,-0.170219251,0.126462196,0.055546973,-0.10748034,0.621304732,0.433918174,0.255257742
1.277672174,-11.97000446,0.844003402,0.129132645,0.21959381,-0.537139625,0.804104683,0.667262758,0.49397186,0.029498537,-1.340615434,0.007873001,0.090436412,-0.054456116,-0.09652282,-0.501937677,-0.057778401,-1.663173002,-0.293272191,-0.603924591,0.111960985,0.176632599,-1.575607058,-0.278310925,-0.191703877,0.778348926,0.371411698,-0.194494911,0.105522467,0.068371729,-0.119131341,1.030968736,0.370035418,0.268055409
1.300720718,-12.17084143,0.843571894,0.128249638,0.23729333,-0.525041179,0.80720237,0.450645406,0.427524986,0.089728715,-1.354410574,-0.018410114,0.085772142,-0.034503696,0.021806336,-0.374631943,-0.03517231,-1.491789863,-0.240889063,-0.598888581,0.072211095,0.154136591,-1.393825739,-0.205343067,-0.265026579,0.57637347,0.373471512,-0.211203501,-0.058337796,0.068064937,-0.122862786,1.54117979,0.26565378,0.206093562
1.318649039,-12.35237207,0.847733046,0.132991136,0.244812419,-0.516689886,0.809575073,0.167568947,0.383207167,0.11187407,-1.391380843,-0.056821491,0.072141046,-0.001540726,0.171008049,-0.231734794,-0.034610575,-1.268864024,-0.189672658,-0.606529696,0.020165641,0.067653226,-1.201961719,-0.097856322,-0.316275102,0.543250147,0.302009658,-0.21349552,-0.367282909,0.049396095,-0.120578046,2.014435218,0.20912388,0.115415942
1.334752732,-12.54075548,0.853058673,0.135990551,0.235074862,-0.520384058,0.809596697,-0.108610165,0.388641884,0.121578678,-1.455891871,-0.098478298,0.05833646,0.02633834,0.343382611,-0.111740332,-0.059387221,-1.069010352,-0.162019073,-0.61993529,-0.021303651,-0.025254679,-0.955032171,0.025347998,-0.309896686,0.566307124,0.273338725,-0.210330083,-0.773113355,0.020318846,-0.111410208,2.34414117,0.135508336,0.013625189
