0.750999987,-0.661000013,0.852999985,-0.0110995248,-0.0128994485,-0.713969435,0.699970036,0.119000003,0.195999995,0.0888999999,-0.400000006,0,0,0,0.108000003,-0.195999995,0.160999998,-0.442999989,0,0,0,-0.056499999,-0.00340999989,-0.0244999994,0.224000007,0.108999997,-0.058699999,0.0237000007,-0.00647999998,0.00224000006,-0.209000006,0.141000003,-0.150000006,-0.0273000002
0.750999987,-0.662,0.852999985,-0.0105070754,-0.0121081536,-0.714481122,0.699471029,0.119000003,0.196999997,0.0908999965,-0.400000006,0,0,0,0.104999997,-0.199000001,0.159999996,-0.442999989,0,0,0,-0.0579999983,-0.0066399998,-0.0254999995,0.224999994,0.112000003,-0.057599999,0.0252999999,-0.0102000004,0.000222999995,-0.207000002,0.143999994,-0.150000006,-0.0245999992
0.751999974,-0.662,0.852999985,-0.00975978299,-0.0110997532,-0.71498409,0.698984473,0.119000003,0.197999999,0.0891999975,-0.400000006,0,0,0,0.104999997,-0.202000007,0.153999999,-0.442000002,0,0,0,-0.0595999993,-0.0115,-0.0259000007,0.225999996,0.115999997,-0.0577999987,0.0270000007,-0.0136000002,-0.000891999982,-0.207000002,0.144999996,-0.147,-0.0230999999
0.753000021,-0.662,0.852999985,-0.00863001015,-0.00986001118,-0.71500081,0.699000819,0.118000001,0.199000001,0.0830999985,-0.398999989,0,0,0,0.107000001,-0.204999998,0.147,-0.439999998,0,0,0,-0.0614,-0.0177999996,-0.0267999992,0.225999996,0.120999999,-0.0584999993,0.0277999993,-0.0170000009,-0.00285999989,-0.207000002,0.144999996,-0.144999996,-0.0209999997
0.754000008,-0.662,0.852999985,-0.00802000145,-0.00867000236,-0.716000186,0.698000175,0.116999999,0.200000003,0.0771000013,-0.398000002,0,0,0,0.107000001,-0.207000002,0.145999998,-0.439999998,0,0,0,-0.0627999976,-0.0221999995,-0.0274,0.228,0.126000002,-0.0588000007,0.0286999997,-0.0204000007,-0.0038699999,-0.203999996,0.144999996,-0.143000007,-0.0201999992
0.755999982,-0.662,0.852999985,-0.00723986526,-0.00669987494,-0.717986614,0.69598701,0.119000003,0.200000003,0.0775000006,-0.398000002,0,0,0,0.105999999,-0.208000004,0.148000002,-0.441000015,0,0,0,-0.0639000013,-0.0261000004,-0.0274,0.231000006,0.128000006,-0.0617000014,0.0296999998,-0.0240000002,-0.00340000005,-0.201000005,0.143000007,-0.141000003,-0.0203000009
0.757000029,-0.662,0.852999985,-0.0071196063,-0.00488972945,-0.719960196,0.693961611,0.119999997,0.200000003,0.0798999965,-0.397000015,0,0,0,0.108000003,-0.207000002,0.145999998,-0.441000015,0,0,0,-0.0644999966,-0.0271000005,-0.0265999995,0.231999993,0.128000006,-0.0662999973,0.0282000005,-0.0265999995,-0.00243000011,-0.197999999,0.141000003,-0.138999999,-0.0208000001
0.758000016,-0.662,0.852999985,-0.00698928047,-0.00301968902,-0.721925668,0.691928726,0.119999997,0.202000007,0.0829000026,-0.397000015,0,0,0,0.109999999,-0.206,0.143000007,-0.441000015,0,0,0,-0.0648000017,-0.0275999997,-0.0258000009,0.234999999,0.126000002,-0.070600003,0.0269000009,-0.0299999993,-0.00116999994,-0.195999995,0.140000001,-0.137999997,-0.0218000002
0.75999999,-0.662,0.852999985,-0.00705907377,-0.00163978483,-0.722905116,0.69090931,0.122000001,0.203999996,0.0860000029,-0.395000011,0,0,0,0.112000003,-0.204999998,0.142000005,-0.442000002,0,0,0,-0.0659999996,-0.0263,-0.0264999997,0.238000005,0.122000001,-0.0733999982,0.0278999992,-0.0329000019,-0.000583000015,-0.194999993,0.141000003,-0.138999999,-0.0231999997
0.762000024,-0.662999988,0.852999985,-0.0072090546,-0.000579923945,-0.722905193,0.690909383,0.123999998,0.203999996,0.0886999965,-0.393000007,0,0,0,0.115999997,-0.202999994,0.138999999,-0.442000002,0,0,0,-0.068400003,-0.0256999992,-0.0277999993,0.238000005,0.119999997,-0.074000001,0.0298999995,-0.0357999988,-0.00164000003,-0.192000002,0.144999996,-0.140000001,-0.0227000006
0.763000011,-0.662999988,0.852999985,-0.00662936034,0.00105989774,-0.721930323,0.691933188,0.123000003,0.206,0.0925000012,-0.391000003,0,0,0,0.119000003,-0.201000005,0.131999999,-0.439999998,0,0,0,-0.070600003,-0.0284000002,-0.0293000005,0.237000003,0.118000001,-0.0732000023,0.0320999995,-0.0419999994,-0.0033199999,-0.189999998,0.150999993,-0.137999997,-0.0217000004
0.764999986,-0.662999988,0.852999985,-0.00623939037,0.00291971483,-0.721929463,0.691932363,0.122000001,0.207000002,0.0988999978,-0.389999986,0,0,0,0.120999999,-0.200000003,0.126000002,-0.43900001,0,0,0,-0.072800003,-0.0315000005,-0.0304000005,0.238999993,0.116999999,-0.0714000016,0.0342999995,-0.0485999994,-0.00408999994,-0.191,0.156000003,-0.133000001,-0.0208999999
0.765999973,-0.662,0.852999985,-0.00557923147,0.0058691914,-0.722900396,0.690904799,0.119000003,0.206,0.103,-0.388000011,0,0,0,0.119000003,-0.197999999,0.122000001,-0.437999994,0,0,0,-0.0732999966,-0.0375000015,-0.0295000002,0.245000005,0.116999999,-0.0693999976,0.0362000018,-0.0588999987,-0.00283999997,-0.187000006,0.160999998,-0.128000006,-0.0221999995
0.768000007,-0.661000013,0.852999985,-0.00428866552,0.010296796,-0.72677384,0.686786262,0.116999999,0.204999998,0.104999997,-0.386000007,0,0,0,0.114,-0.195999995,0.120999999,-0.437999994,0,0,0,-0.0720999986,-0.0460000001,-0.0263,0.254999995,0.119000003,-0.0697000027,0.0357000008,-0.0751999989,-0.000367000001,-0.177000001,0.167999998,-0.123999998,-0.0218000002
0.769999981,-0.660000026,0.852999985,-0.0021000497,0.0161003822,-0.733017353,0.680016123,0.114,0.202999994,0.104000002,-0.384000003,0,0,0,0.101000004,-0.194999993,0.130999997,-0.437999994,0,0,0,-0.070600003,-0.0577000007,-0.0210999995,0.270999998,0.122000001,-0.0719999969,0.0340999998,-0.101000004,0.00315,-0.159999996,0.182999998,-0.122000001,-0.0208999999
0.771000028,-0.657999992,0.852999985,0.000583004628,0.0228001808,-0.742005854,0.670005317,0.112000003,0.200000003,0.108999997,-0.384000003,0,0,0,0.0851000026,-0.194000006,0.140000001,-0.43599999,0,0,0,-0.071800001,-0.0720999986,-0.0142999999,0.291999996,0.126000002,-0.076700002,0.0340000018,-0.135000005,0.00843000039,-0.141000003,0.207000002,-0.130999997,-0.0196000002
0.772000015,-0.654999971,0.853999972,0.00355846699,0.0295872528,-0.752675742,0.657716625,0.109999999,0.200000003,0.111000001,-0.38499999,0,0,0,0.0680000037,-0.192000002,0.144999996,-0.435000002,0,0,0,-0.074000001,-0.0829999968,-0.00782999955,0.319000006,0.123999998,-0.0808999985,0.0344999991,-0.172000006,0.0138999997,-0.136999995,0.236000001,-0.155000001,-0.0166999996
0.773000002,-0.652999997,0.853999972,0.00685028064,0.0346014183,-0.765031326,0.643026349,0.108000003,0.199000001,0.108000003,-0.388000011,0,0,0,0.0546999983,-0.192000002,0.150999993,-0.432999998,0,0,0,-0.0731000006,-0.0882000029,-0.00510000018,0.351999998,0.118000001,-0.0838000029,0.0359999985,-0.207000002,0.0129000004,-0.195999995,0.270000011,-0.178000003,-0.0138999997
0.773999989,-0.651000023,0.853999972,0.00759107555,0.0353050035,-0.778110239,0.62708882,0.105999999,0.199000001,0.104000002,-0.393000007,0,0,0,0.0540000014,-0.199000001,0.158000007,-0.432000011,0,0,0,-0.0670000017,-0.0864999965,-0.00359999994,0.381000012,0.119000003,-0.0881000012,0.0362999998,-0.230000004,0.00349000003,-0.293000013,0.307000011,-0.211999997,-0.0302000009
0.774999976,-0.649999976,0.855000019,0.00903967164,0.0366986664,-0.789971334,0.611977765,0.101000004,0.197999999,0.101999998,-0.398000002,0,0,0,0.0469999984,-0.200000003,0.169,-0.432000011,0,0,0,-0.064199999,-0.0793000013,-0.00480000023,0.412999988,0.105999999,-0.0860000029,0.0373000018,-0.230000004,-0.00277999998,-0.414000005,0.305000007,-0.224000007,-0.0531000011
0.774999976,-0.649999976,0.853999972,0.00907293744,0.0355114996,-0.801259442,0.59719337,0.103,0.194999993,0.101000004,-0.400999993,0,0,0,0.0504000001,-0.206,0.177000001,-0.430999994,0,0,0,-0.0604000017,-0.0670000017,-0.00767999981,0.442999989,0.0984999985,-0.0895999968,0.0397000015,-0.221000001,-0.00834000017,-0.521000028,0.305000007,-0.231999993,-0.0806000009
0.773999989,-0.649999976,0.853999972,0.00906918121,0.0331970035,-0.813926556,0.579947645,0.104999997,0.191,0.107000001,-0.402999997,0,0,0,0.0478999987,-0.209999993,0.188999996,-0.430999994,0,0,0,-0.0579999983,-0.0542000011,-0.0104,0.474999994,0.0945999995,-0.0983000025,0.0410000011,-0.207000002,-0.00696999999,-0.587000012,0.294,-0.230000004,-0.0965000018
0.772000015,-0.65200001,0.851999998,0.00885198277,0.0287064301,-0.827185317,0.561125685,0.112000003,0.184,0.114,-0.404000014,0,0,0,0.0430999994,-0.216000006,0.202000007,-0.430999994,0,0,0,-0.0551000014,-0.0372000001,-0.0163000003,0.50999999,0.0932999998,-0.112000003,0.0419999994,-0.191,-0.00576000009,-0.615999997,0.279000014,-0.223000005,-0.0952999964
0.768999994,-0.653999984,0.850000024,0.00764042448,0.0216012007,-0.840046648,0.542030111,0.125,0.175999999,0.123999998,-0.402999997,0,0,0,0.0372000001,-0.223000005,0.213,-0.430999994,0,0,0,-0.0557999983,-0.0175999999,-0.023,0.54400003,0.101999998,-0.129999995,0.0427000001,-0.169,-0.00588000007,-0.60799998,0.254999995,-0.201000005,-0.0687000006
0.763999999,-0.656000018,0.84799999,0.00587006339,0.0151001635,-0.854009196,0.520005597,0.137999997,0.172000006,0.138999999,-0.402999997,0,0,0,0.0282000005,-0.224000007,0.222000003,-0.432000011,0,0,0,-0.0560999997,-0.00243000011,-0.0234999992,0.579999983,0.120999999,-0.150999993,0.0441000015,-0.151999995,-0.00101000001,-0.56099999,0.233999997,-0.188999996,-0.0577999987
0.758000016,-0.657999992,0.848999977,0.00345036406,0.00917096822,-0.867091484,0.498052553,0.151999995,0.172000006,0.147,-0.402999997,0,0,0,0.0225000009,-0.218999997,0.223000005,-0.430999994,0,0,0,-0.057599999,0.00211,-0.0131999999,0.614000022,0.165000007,-0.172999993,0.0465999991,-0.141000003,0.0051500001,-0.51700002,0.225999996,-0.182999998,-0.0540000014
0.750999987,-0.660000026,0.850000024,0.00309968763,0.00468952713,-0.87891141,0.476951919,0.158999994,0.174999997,0.151999995,-0.405000001,0,0,0,0.0177999996,-0.210999995,0.222000003,-0.428000003,0,0,0,-0.0584000014,-0.0161000006,0.00910000037,0.638000011,0.244000003,-0.197999999,0.0573000014,-0.135000005,0.0127999997,-0.469000012,0.216999993,-0.172000006,-0.0524000004
0.742999971,-0.661000013,0.851000011,0.00456986982,-0.00024699296,-0.889974657,0.455987023,0.162,0.177000001,0.143999994,-0.405000001,0,0,0,0.0135000004,-0.204999998,0.224000007,-0.423999995,0,0,0,-0.0615999997,-0.0621000007,0.0445999987,0.638999999,0.368000001,-0.218999997,0.0806000009,-0.128000006,0.0176999997,-0.42899999,0.207000002,-0.167999998,-0.0537
0.736000001,-0.662,0.851000011,0.00706249742,-0.00426150666,-0.900318317,0.435153867,0.159999996,0.182999998,0.126000002,-0.404000014,0,0,0,0.00675000018,-0.201000005,0.224000007,-0.421000004,0,0,0,-0.063500002,-0.143000007,0.0881000012,0.588999987,0.532000005,-0.241999999,0.126000002,-0.126000002,0.0210999995,-0.393000007,0.200000003,-0.167999998,-0.0566999987
0.73299998,-0.663999975,0.851999998,0.00880374631,-0.00683290754,-0.91238826,0.40917413,0.157000005,0.189999998,0.116999999,-0.400999993,0,0,0,-0.000237,-0.196999997,0.224999994,-0.418000013,0,0,0,-0.0606000014,-0.229000002,0.105999999,0.497999996,0.662,-0.25,0.144999996,-0.131999999,0.0205000006,-0.356000006,0.202000007,-0.160999998,-0.0555999987
0.735000014,-0.667999983,0.852999985,0.0112028027,-0.0104026029,-0.925231521,0.379094864,0.150000006,0.187999994,0.119999997,-0.398999989,0,0,0,-0.00374999992,-0.196999997,0.211999997,-0.414000005,0,0,0,-0.0562000014,-0.294,0.0865999982,0.40200001,0.711000025,-0.238000005,0.128999993,-0.143000007,0.0120000001,-0.312000006,0.203999996,-0.145999998,-0.0502999984
0.736000001,-0.674000025,0.855000019,0.0130004693,-0.014100509,-0.938033866,0.34601247,0.144999996,0.181999996,0.135000005,-0.395000011,0,0,0,0.00482999999,-0.196999997,0.184,-0.409000009,0,0,0,-0.0511999987,-0.328999996,0.0628999993,0.326999992,0.698000014,-0.201000005,0.0984999985,-0.147,0.0044300002,-0.256999999,0.195999995,-0.127000004,-0.0443000011
0.736999989,-0.680999994,0.856999993,0.0137020935,-0.0176026893,-0.949145014,0.314047992,0.140000001,0.173999995,0.150999993,-0.389999986,0,0,0,0.0244999994,-0.195999995,0.158000007,-0.405000001,0,0,0,-0.0482000001,-0.344999999,0.0350000001,0.237000003,0.64200002,-0.163000003,0.0826999992,-0.143999994,-0.00173999998,-0.207000002,0.179000005,-0.104999997,-0.0375000015
0.737999976,-0.690999985,0.859000027,0.0179975182,-0.0225968857,-0.959867657,0.278961558,0.130999997,0.160999998,0.160999998,-0.384000003,0,0,0,0.0296999998,-0.199000001,0.158000007,-0.407000005,0,0,0,-0.0463000014,-0.331,-0.00200999994,0.143000007,0.527999997,-0.115999997,0.0705000013,-0.140000001,-0.0156999994,-0.150000006,0.150000006,-0.0784000009,-0.0281000007
0.736000001,-0.700999975,0.859000027,0.016305523,-0.0236079971,-0.970328685,0.240081312,0.136000007,0.160999998,0.165000007,-0.377999991,0,0,0,0.0494000018,-0.199000001,0.165999994,-0.409999996,0,0,0,-0.0392000005,-0.314999998,-0.0195000004,0.0126,0.442999989,-0.0939999968,0.0555000007,-0.138999999,-0.0190999992,-0.0851000026,0.143999994,-0.0705000013,-0.0207000002
0.731999993,-0.711000025,0.859000027,0.0144058936,-0.0231094545,-0.97940067,0.200081862,0.138999999,0.165000007,0.162,-0.374000013,0,0,0,0.0640999973,-0.201000005,0.179000005,-0.414000005,0,0,0,-0.0335000008,-0.296000004,-0.0293000005,-0.135000005,0.374000013,-0.0817999989,0.0384000018,-0.142000005,-0.0198999997,-0.0160000008,0.145999998,-0.0643000007,-0.0120999999
0.726999998,-0.720000029,0.85799998,0.00707025276,-0.0207007408,-0.9870353,0.159005683,0.148000002,0.175999999,0.157000005,-0.375,0,0,0,0.0939999968,-0.203999996,0.187000006,-0.414999992,0,0,0,-0.0308999997,-0.272000015,-0.0311999992,-0.256999999,0.349000007,-0.101999998,0.0307,-0.143000007,-0.0114000002,0.0469000004,0.166999996,-0.0680999979,-0.00972000044
0.723999977,-0.726999998,0.85799998,0.00386943756,-0.0173974719,-0.99285568,0.117982854,0.152999997,0.181999996,0.158999994,-0.375,0,0,0,0.103,-0.207000002,0.191,-0.416999996,0,0,0,-0.0353999995,-0.245000005,-0.0264999997,-0.31400001,0.321999997,-0.0949999988,0.0152000003,-0.153999999,-0.00139999995,0.114,0.179000005,-0.0584000014,-0.00870000012
0.725000024,-0.734000027,0.856999993,0.00231988144,-0.0131993255,-0.996949041,0.076896069,0.158999994,0.186000004,0.164000005,-0.375,0,0,0,0.101999998,-0.209000006,0.194999993,-0.418000013,0,0,0,-0.0485000014,-0.225999996,-0.0103000002,-0.272000015,0.319999993,-0.107000001,0.00768999988,-0.175999999,0.0110999998,0.180000007,0.195999995,-0.0496000014,-0.00499999989
0.726000011,-0.740999997,0.855000019,0.000558157883,-0.0084523905,-0.999282675,0.0369104395,0.166999996,0.188999996,0.167999998,-0.375999987,0,0,0,0.0997999981,-0.209000006,0.187999994,-0.419,0,0,0,-0.0671999976,-0.203999996,0.00479000015,-0.201000005,0.317000002,-0.120999999,0.00990999956,-0.197999999,0.0248000007,0.240999997,0.215000004,-0.0454999991,0.00179999997
0.726999998,-0.749000013,0.853999972,0.000789994307,-0.00371997302,-0.999992769,2.92997875e-06,0.173999995,0.192000002,0.158999994,-0.375999987,0,0,0,0.0944000036,-0.210999995,0.174999997,-0.419999987,0,0,0,-0.0903000012,-0.187000006,0.0162000004,-0.136000007,0.310000002,-0.116999999,0.0162000004,-0.218999997,0.0353000015,0.296000004,0.224999994,-0.0450999998,0.0133999996
0.731000006,-0.757000029,0.853999972,0.00453162691,0.00057020468,-0.999358786,-0.0355127504,0.172000006,0.196999997,0.143000007,-0.375999987,0,0,0,0.0887999982,-0.213,0.153999999,-0.416999996,0,0,0,-0.111000001,-0.181999996,0.0267999992,-0.0724999979,0.305000007,-0.118000001,0.0143999998,-0.248999998,0.0449000001,0.335000008,0.237000003,-0.0604999997,0.0287999995
0.736000001,-0.764999986,0.855000019,0.00986285803,0.00380110167,-0.997289006,-0.0728211075,0.165000007,0.204999998,0.128000006,-0.377000004,0,0,0,0.0844999999,-0.210999995,0.133000001,-0.414000005,0,0,0,-0.123000003,-0.178000003,0.0366999991,-0.000321,0.294999987,-0.119999997,0.0103000002,-0.284999996,0.0537,0.331,0.254999995,-0.0847000033,0.0357999988
0.741999984,-0.773999989,0.856000006,0.0144925086,0.00432776296,-0.993486501,-0.11294162,0.155000001,0.210999995,0.119000003,-0.379000008,0,0,0,0.0782999992,-0.211999997,0.136999995,-0.412,0,0,0,-0.127000004,-0.169,0.0379999988,0.0759000033,0.275000006,-0.114,0.0136000002,-0.321999997,0.0513999984,0.241999999,0.287,-0.119000003,0.0392000005
0.748000026,-0.783999979,0.856999993,0.0193005435,0.00428012035,-0.98802776,-0.1530043,0.143999994,0.216000006,0.118000001,-0.379999995,0,0,0,0.0688000023,-0.214000002,0.156000003,-0.412,0,0,0,-0.122000001,-0.158999994,0.0373000018,0.150999993,0.248999998,-0.103,0.0171000008,-0.349000007,0.0480999984,0.118000001,0.319000006,-0.150000006,0.0176999997
0.754999995,-0.792999983,0.859000027,0.027005498,0.00468095265,-0.981199743,-0.191038888,0.131999999,0.222000003,0.130999997,-0.379000008,0,0,0,0.0474000014,-0.209000006,0.178000003,-0.412999988,0,0,0,-0.119999997,-0.148000002,0.0350000001,0.216000006,0.204999998,-0.0773999989,0.0221999995,-0.351999998,0.0421000011,-0.0357999988,0.317999989,-0.163000003,-0.0175999999
0.75999999,-0.800999999,0.860000014,0.0282935431,0.00515882281,-0.97277798,-0.229947525,0.128999993,0.224000007,0.137999997,-0.379999995,0,0,0,0.0441999994,-0.211999997,0.186000004,-0.414999992,0,0,0,-0.105999999,-0.135000005,0.0328000002,0.282999992,0.186000004,-0.0733999982,0.0263,-0.349000007,0.0372000001,-0.180000007,0.349999994,-0.193000004,-0.0590000004
0.763999999,-0.808000028,0.860000014,0.0240921305,0.00453851763,-0.963685203,-0.265913143,0.136000007,0.218999997,0.138999999,-0.381000012,0,0,0,0.056499999,-0.222000003,0.179000005,-0.416999996,0,0,0,-0.0922000036,-0.120999999,0.0295000002,0.340000004,0.187999994,-0.0834000036,0.0286999997,-0.344000012,0.0206000004,-0.27700001,0.412999988,-0.236000001,-0.0929000005
0.76700002,-0.81400001,0.860000014,0.0220931411,0.0040687367,-0.953703929,-0.299906909,0.141000003,0.216000006,0.143000007,-0.381999999,0,0,0,0.0540000014,-0.223000005,0.178000003,-0.421000004,0,0,0,-0.0847000033,-0.104000002,0.0253999997,0.395000011,0.174999997,-0.0879999995,0.0302000009,-0.323000014,0.0111999996,-0.333999991,0.437000006,-0.246000007,-0.109999999
0.768999994,-0.818000019,0.85799998,0.0187015915,0.0026602264,-0.943080282,-0.332028245,0.148000002,0.213,0.143999994,-0.382999986,0,0,0,0.0507999994,-0.225999996,0.187000006,-0.423000008,0,0,0,-0.0802000016,-0.0877000019,0.0195000004,0.44600001,0.169,-0.0969000012,0.0326000005,-0.294999987,0.000399000011,-0.35800001,0.451000005,-0.241999999,-0.112999998
0.772000015,-0.822000027,0.856999993,0.0152952016,0.000702779517,-0.931707679,-0.362886158,0.152999997,0.209000006,0.145999998,-0.384000003,0,0,0,0.0463000014,-0.229000002,0.192000002,-0.425000012,0,0,0,-0.0741999969,-0.0746000037,0.0137,0.493000001,0.165999994,-0.105999999,0.0346000008,-0.264999986,-0.0115999999,-0.375,0.456,-0.240999997,-0.114
0.776000023,-0.824999988,0.856000006,0.0129002196,-0.00160002714,-0.919015644,-0.394006688,0.158000007,0.203999996,0.156000003,-0.386000007,0,0,0,0.0419000015,-0.226999998,0.193000004,-0.425000012,0,0,0,-0.0672999993,-0.0623999983,0.00982999988,0.541000009,0.160999998,-0.115000002,0.0342000015,-0.239999995,-0.0196000002,-0.391000003,0.455000013,-0.248999998,-0.123999998
0.778999984,-0.827000022,0.855000019,0.0103961182,-0.00516807009,-0.905661854,-0.423841737,0.163000003,0.195999995,0.172000006,-0.386999995,0,0,0,0.0355000012,-0.226999998,0.203999996,-0.425000012,0,0,0,-0.0604999997,-0.0494999997,0.00212000008,0.591000021,0.151999995,-0.119000003,0.0348000005,-0.213,-0.0260000005,-0.412999988,0.437999994,-0.248999998,-0.125
0.782999992,-0.828999996,0.852999985,0.00901343495,-0.00958365239,-0.892340068,-0.451171935,0.165999994,0.187999994,0.185000002,-0.388000011,0,0,0,0.0271000005,-0.225999996,0.211999997,-0.425999999,0,0,0,-0.0544999987,-0.0399000011,-0.0076700002,0.638999999,0.140000001,-0.119999997,0.0351999998,-0.186000004,-0.0283000004,-0.453000009,0.405999988,-0.250999987,-0.115000002
0.787999988,-0.828999996,0.851999998,0.00761248582,-0.0146047691,-0.880287425,-0.474154827,0.164000005,0.184,0.182999998,-0.388999999,0,0,0,0.0208999999,-0.224999994,0.215000004,-0.425999999,0,0,0,-0.0529000014,-0.0348999985,-0.0142000001,0.676999986,0.135000005,-0.119999997,0.0357000008,-0.158000007,-0.0216000006,-0.493999988,0.354999989,-0.250999987,-0.0891999975
0.792999983,-0.828000009,0.850000024,0.00606185272,-0.0197060228,-0.870265983,-0.492150429,0.163000003,0.181999996,0.179000005,-0.388999999,0,0,0,0.0177999996,-0.223000005,0.216000006,-0.425999999,0,0,0,-0.0593999997,-0.0340999998,-0.0172000006,0.707000017,0.137999997,-0.123000003,0.0381999984,-0.136000007,-0.00523999985,-0.503000021,0.291000009,-0.237000003,-0.0772999972
0.799000025,-0.824999988,0.850000024,0.00457782147,-0.0229890601,-0.860590465,-0.508757897,0.160999998,0.187000006,0.167999998,-0.388000011,0,0,0,0.0182000007,-0.217999995,0.217999995,-0.425999999,0,0,0,-0.0631000027,-0.0346000008,-0.00899,0.731000006,0.151999995,-0.125,0.0359000005,-0.120999999,0.00887000002,-0.47299999,0.247999996,-0.216999993,-0.0688000023
0.80400002,-0.82099998,0.850000024,0.00275019302,-0.0260018256,-0.850059689,-0.526036945,0.159999996,0.194000006,0.159999996,-0.386999995,0,0,0,0.0198999997,-0.214000002,0.223000005,-0.426999986,0,0,0,-0.063000001,-0.0408000015,0.00572999986,0.751999974,0.184,-0.134000003,0.0395999998,-0.122000001,0.0167999994,-0.430999994,0.237000003,-0.204999998,-0.0643000007
0.810000002,-0.816999972,0.851000011,0.000167931114,-0.0292879867,-0.840655186,-0.540778183,0.158000007,0.199000001,0.147,-0.386999995,0,0,0,0.0225000009,-0.211999997,0.231000006,-0.428000003,0,0,0,-0.0645999983,-0.0579999983,0.0265999995,0.739000022,0.239999995,-0.156000003,0.054299999,-0.119000003,0.023,-0.388999999,0.226999998,-0.202000007,-0.060800001
0.815999985,-0.813000023,0.851000011,-0.00171022951,-0.0337045238,-0.833111813,-0.552074078,0.147,0.210999995,0.0980999991,-0.38499999,0,0,0,0.0266999993,-0.210999995,0.232999995,-0.426999986,0,0,0,-0.0644999966,-0.104999997,0.0610999987,0.666999996,0.342000008,-0.187000006,0.0890000015,-0.112000003,0.0296,-0.370999992,0.207000002,-0.196999997,-0.0593999997
0.822000027,-0.809000015,0.851000011,-0.00306988772,-0.0375986232,-0.826969752,-0.560979455,0.131999999,0.231999993,0.0326999985,-0.379999995,0,0,0,0.0348000005,-0.208000004,0.224999994,-0.425999999,0,0,0,-0.0648000017,-0.184,0.0976999998,0.555000007,0.476999998,-0.211999997,0.125,-0.108000003,0.0344999991,-0.360000014,0.193000004,-0.194999993,-0.0571999997
0.824000001,-0.806999981,0.851999998,-0.00414896352,-0.0411897116,-0.815796199,-0.576855923,0.123000003,0.244000003,-0.00127999997,-0.375999987,0,0,0,0.0397000015,-0.208000004,0.221000001,-0.425000012,0,0,0,-0.0612999983,-0.254999995,0.104000002,0.435000002,0.572000027,-0.216000006,0.119999997,-0.112000003,0.0337000005,-0.338,0.189999998,-0.186000004,-0.0527999997
0.824000001,-0.805999994,0.852999985,-0.00608975287,-0.0450981711,-0.80096752,-0.596975796,0.116999999,0.240999997,-0.00205000001,-0.375999987,0,0,0,0.0406999998,-0.211999997,0.222000003,-0.423000008,0,0,0,-0.0535999984,-0.300000012,0.0830999985,0.331999987,0.609000027,-0.214000002,0.104999997,-0.116999999,0.0280000009,-0.303000003,0.187000006,-0.171000004,-0.0480000004
0.822000027,-0.805000007,0.856000006,-0.00883739754,-0.0485856903,-0.784768902,-0.617818016,0.115000002,0.230000004,0.0110999998,-0.377000004,0,0,0,0.0403999984,-0.216999993,0.223000005,-0.421999991,0,0,0,-0.0485999994,-0.321999997,0.0592,0.25999999,0.606999993,-0.195999995,0.0838999972,-0.118000001,0.0208999999,-0.261999995,0.180999994,-0.156000003,-0.0417999998
0.819000006,-0.802999973,0.859000027,-0.0107994695,-0.0557972558,-0.76796226,-0.637968655,0.104000002,0.210999995,0.0298999995,-0.379000008,0,0,0,0.0216000006,-0.217999995,0.225999996,-0.423999995,0,0,0,-0.0500000007,-0.321999997,0.0263,0.211999997,0.547999978,-0.165000007,0.0850000009,-0.114,0.00954999961,-0.223000005,0.152999997,-0.128000006,-0.0329999998
0.816999972,-0.800000012,0.860000014,-0.0133997247,-0.0570988305,-0.74898465,-0.659986489,0.108000003,0.202000007,0.0474000014,-0.381999999,0,0,0,0.0210999995,-0.216000006,0.224000007,-0.425000012,0,0,0,-0.0485999994,-0.316000015,0.0136000002,0.169,0.497999996,-0.149000004,0.0846000016,-0.114,0.00462999986,-0.178000003,0.151999995,-0.119999997,-0.0271000005
0.81400001,-0.795000017,0.860000014,-0.0149996221,-0.0570985644,-0.728981622,-0.681982815,0.112999998,0.196999997,0.0588000007,-0.382999986,0,0,0,0.0206000004,-0.211999997,0.225999996,-0.425000012,0,0,0,-0.0487999991,-0.301999986,0.0035600001,0.115000002,0.432999998,-0.138999999,0.0865999982,-0.114,0.00285000005,-0.129999995,0.153999999,-0.116999999,-0.0221999995
0.811999977,-0.791000009,0.859000027,-0.0148085198,-0.0563324093,-0.706406389,-0.705405827,0.118000001,0.196999997,0.063699998,-0.382999986,0,0,0,0.0182000007,-0.208000004,0.229000002,-0.425000012,0,0,0,-0.0474000014,-0.284999996,-0.00268999999,0.0467000008,0.35800001,-0.119999997,0.0756999999,-0.119000003,0.00352000003,-0.0820000023,0.162,-0.115999997,-0.0160000008
0.809000015,-0.785000026,0.85799998,-0.0135023813,-0.0547096457,-0.683120488,-0.728128381,0.125,0.197999999,0.0691,-0.382999986,0,0,0,0.0172000006,-0.203999996,0.229000002,-0.423000008,0,0,0,-0.0469000004,-0.270999998,-0.00705000013,-0.0414000005,0.291999996,-0.0989999995,0.063000001,-0.125,0.00699000014,-0.0288999993,0.170000002,-0.115999997,-0.0105999997
0.805999994,-0.779999971,0.85799998,-0.0119996808,-0.0524986014,-0.656982524,-0.751979965,0.130999997,0.197999999,0.0742999986,-0.382999986,0,0,0,0.0211999994,-0.196999997,0.216000006,-0.421000004,0,0,0,-0.0465000011,-0.259000003,-0.00942999963,-0.140000001,0.239999995,-0.0769999996,0.0317000002,-0.130999997,0.0118000004,0.0260000005,0.180000007,-0.115000002,-0.00575000001
0.802999973,-0.772000015,0.856000006,-0.0123043979,-0.0467166998,-0.632226021,-0.773276413,0.142000005,0.203999996,0.0672999993,-0.384000003,0,0,0,0.0432999991,-0.194000006,0.202000007,-0.418000013,0,0,0,-0.0450999998,-0.247999996,-0.0154999997,-0.224999994,0.225999996,-0.0807999969,0.00113999995,-0.140000001,0.0200999994,0.0709000006,0.213,-0.129999995,-0.000566000002
0.800000012,-0.76700002,0.856000006,-0.0109995078,-0.0437980404,-0.60497295,-0.794964447,0.144999996,0.206,0.063500002,-0.38499999,0,0,0,0.0502000004,-0.191,0.201000005,-0.418000013,0,0,0,-0.0469999984,-0.236000001,-0.0164000001,-0.256999999,0.214000002,-0.0666000023,-0.0159000009,-0.150999993,0.0263999999,0.120999999,0.231000006,-0.129999995,0.00322000007
0.796000004,-0.763000011,0.855000019,-0.00876762048,-0.0409888759,-0.576843455,-0.815778566,0.148000002,0.207000002,0.0650999993,-0.38499999,0,0,0,0.0522999987,-0.187999994,0.209999993,-0.416999996,0,0,0,-0.0551999994,-0.222000003,-0.0109000001,-0.215000004,0.218999997,-0.0494999997,-0.00230999989,-0.165000007,0.0351000018,0.173999995,0.248999998,-0.129999995,0.00603999989
0.791000009,-0.760999978,0.853999972,-0.00392162854,-0.0395164113,-0.545226427,-0.837347728,0.149000004,0.204999998,0.0784000009,-0.38499999,0,0,0,0.0467000008,-0.184,0.218999997,-0.418000013,0,0,0,-0.0623000003,-0.209999993,0.0019700001,-0.150000006,0.224000007,-0.0665000007,0.00353999995,-0.189999998,0.0496000014,0.231999993,0.273000002,-0.135000005,0.00763999997
0.786000013,-0.759000003,0.852999985,0.000878421708,-0.037718109,-0.513246413,-0.857411623,0.153999999,0.202000007,0.0916000009,-0.384000003,0,0,0,0.0395000018,-0.182999998,0.231999993,-0.419,0,0,0,-0.0725999996,-0.199000001,0.0137,-0.0879999995,0.231999993,-0.0820000023,0.00941000041,-0.216999993,0.0640999973,0.279000014,0.301999986,-0.152999997,0.0215000007
0.779999971,-0.757000029,0.852999985,0.00550212556,-0.0377145711,-0.480185495,-0.876338535,0.162,0.195999995,0.107000001,-0.382999986,0,0,0,0.0289999992,-0.186000004,0.244000003,-0.419999987,0,0,0,-0.0851000026,-0.194999993,0.0241999999,-0.0283000004,0.246000007,-0.0917999968,0.00953000039,-0.247999996,0.0760999992,0.31400001,0.333999991,-0.182999998,0.0379999988
0.773999989,-0.754999995,0.852999985,0.00868119359,-0.0387053212,-0.446061341,-0.894122931,0.165999994,0.193000004,0.112000003,-0.381999999,0,0,0,0.0200999994,-0.189999998,0.240999997,-0.421000004,0,0,0,-0.0923999995,-0.186000004,0.0309999995,0.0366999991,0.246999994,-0.0961000025,0.00949000008,-0.280999988,0.0776999965,0.294999987,0.361000001,-0.200000003,0.0405000001
0.765999973,-0.754999995,0.853999972,0.0109950904,-0.0417813434,-0.408817462,-0.911592952,0.160999998,0.194999993,0.103,-0.381999999,0,0,0,0.0127999997,-0.189999998,0.234999999,-0.421000004,0,0,0,-0.0888999999,-0.173999995,0.0322000012,0.109999999,0.234999999,-0.0934000015,0.0137999998,-0.31099999,0.0551999994,0.171000004,0.375,-0.222000003,0.0293000005
0.759000003,-0.754999995,0.855000019,0.0144038737,-0.0478128601,-0.3710998,-0.927249372,0.143999994,0.202000007,0.0952000022,-0.381999999,0,0,0,-0.00837999955,-0.181999996,0.238999993,-0.423999995,0,0,0,-0.0776000023,-0.158000007,0.0303000007,0.179000005,0.197999999,-0.0781999975,0.0210999995,-0.31099999,0.0307,-0.000778999995,0.340000004,-0.239999995,-0.00245000003
0.754000008,-0.754000008,0.856000006,0.0148972441,-0.0479911228,-0.337937486,-0.939826143,0.136999995,0.204999998,0.0920000002,-0.382999986,0,0,0,-0.00944999978,-0.186000004,0.254000008,-0.425999999,0,0,0,-0.0662999973,-0.140000001,0.0286999997,0.237000003,0.185000002,-0.0817999989,0.0245999992,-0.30399999,0.0195000004,-0.167999998,0.340000004,-0.254999995,-0.0537
0.749000013,-0.753000021,0.856000006,0.0136027205,-0.0446089197,-0.305061014,-0.951190196,0.138999999,0.202000007,0.0993999988,-0.386000007,0,0,0,-0.000253000006,-0.197999999,0.275000006,-0.425999999,0,0,0,-0.0551000014,-0.123000003,0.0285999998,0.291000009,0.192000002,-0.0952000022,0.0264999997,-0.300000012,0.00647999998,-0.294999987,0.372999996,-0.263999999,-0.0865999982
0.745999992,-0.751999974,0.856000006,0.0130956733,-0.0434856312,-0.27390949,-0.960682619,0.143000007,0.195999995,0.112999998,-0.386000007,0,0,0,0.000789000012,-0.206,0.282999992,-0.426999986,0,0,0,-0.0487000011,-0.105999999,0.0258000009,0.340999991,0.185000002,-0.104000002,0.0300999992,-0.296999991,-0.00349000003,-0.375,0.402999997,-0.27700001,-0.108999997
0.742999971,-0.751999974,0.856000006,0.0126027415,-0.0432094003,-0.24605353,-0.968210607,0.143000007,0.194000006,0.115999997,-0.386000007,0,0,0,-0.00405000011,-0.209999993,0.275999993,-0.430000007,0,0,0,-0.0472999997,-0.0918999985,0.0228000004,0.38499999,0.178000003,-0.111000001,0.0326000005,-0.293000013,-0.0125000002,-0.419999987,0.426999986,-0.273000002,-0.122000001
0.741999984,-0.751999974,0.856000006,0.0117027068,-0.0434100426,-0.221051135,-0.974225339,0.143999994,0.194999993,0.112000003,-0.384000003,0,0,0,-0.00681999978,-0.209999993,0.243000001,-0.433999985,0,0,0,-0.0496000014,-0.0816000029,0.0197000001,0.421999991,0.173999995,-0.115000002,0.0340999998,-0.287,-0.0201999992,-0.449999988,0.437000006,-0.256999999,-0.133000001
0.740999997,-0.754000008,0.855000019,0.0097758144,-0.0440811279,-0.195916112,-0.979580606,0.142000005,0.195999995,0.108999997,-0.382999986,0,0,0,-0.00724000018,-0.209000006,0.201000005,-0.437000006,0,0,0,-0.0489999987,-0.071800001,0.0168999992,0.460999995,0.170000002,-0.122000001,0.0339000002,-0.275999993,-0.0232999995,-0.48300001,0.42899999,-0.268000007,-0.141000003
0.740999997,-0.754999995,0.853999972,0.00708176765,-0.0442110354,-0.1710427,-0.984245715,0.143000007,0.192000002,0.114,-0.384000003,0,0,0,-0.00832000002,-0.209000006,0.179000005,-0.437999994,0,0,0,-0.0487000011,-0.0573000014,0.0121999998,0.500999987,0.165000007,-0.128000006,0.0344000012,-0.254999995,-0.0193000007,-0.515999973,0.398000002,-0.261000007,-0.141000003
0.741999984,-0.757000029,0.851999998,0.00343983857,-0.0450978848,-0.147993061,-0.987953644,0.140000001,0.187999994,0.114,-0.386999995,0,0,0,-0.0153000001,-0.213,0.184,-0.43900001,0,0,0,-0.0507000014,-0.0452000014,0.00594000006,0.538999975,0.159999996,-0.136000007,0.0351000018,-0.228,-0.00984000042,-0.551999986,0.344999999,-0.240999997,-0.116999999
0.745999992,-0.75999999,0.850000024,1.73005436e-05,-0.0445013972,-0.126003956,-0.991031094,0.138999999,0.188999996,0.109999999,-0.388999999,0,0,0,-0.0205000006,-0.214000002,0.201000005,-0.437999994,0,0,0,-0.0551000014,-0.0313000008,0.00423000008,0.57099998,0.162,-0.148000002,0.0351000018,-0.202000007,0.00789999962,-0.552999973,0.291000009,-0.221000001,-0.0970999971
0.75,-0.764999986,0.848999977,-0.00269089215,-0.0428141967,-0.107035488,-0.993329305,0.140000001,0.194000006,0.104999997,-0.389999986,0,0,0,-0.0223999992,-0.211999997,0.209000006,-0.437999994,0,0,0,-0.060899999,-0.0176999997,0.00712999981,0.601000011,0.171000004,-0.164000005,0.0362999998,-0.182999998,0.0197000001,-0.521000028,0.25999999,-0.203999996,-0.0837000012
0.754000008,-0.768999994,0.84799999,-0.00534195605,-0.0412150913,-0.0867317558,-0.995364447,0.143999994,0.197999999,0.108000003,-0.388999999,0,0,0,-0.0207000002,-0.208000004,0.201000005,-0.437999994,0,0,0,-0.0637999997,-0.0122999996,0.0144999996,0.629999995,0.194999993,-0.180999994,0.0417000018,-0.180999994,0.0252,-0.486000001,0.259000003,-0.194999993,-0.0766000003
0.759000003,-0.773999989,0.848999977,-0.00854865958,-0.040593635,-0.067689382,-0.996843631,0.143999994,0.199000001,0.114,-0.389999986,0,0,0,-0.0175000001,-0.204999998,0.192000002,-0.437999994,0,0,0,-0.066399999,-0.0248000007,0.0315000005,0.652999997,0.252000004,-0.202999994,0.050999999,-0.180999994,0.0304000005,-0.455000013,0.261000007,-0.188999996,-0.0753000006
0.763999999,-0.778999984,0.848999977,-0.0130977873,-0.0403931744,-0.0502915021,-0.997831451,0.141000003,0.196999997,0.115000002,-0.391000003,0,0,0,-0.0126999998,-0.204999998,0.186000004,-0.43599999,0,0,0,-0.0667999983,-0.0599999987,0.056499999,0.640999973,0.347000003,-0.231999993,0.0781999975,-0.172999993,0.0353000015,-0.428000003,0.25,-0.191,-0.0763999969
0.768999994,-0.782000005,0.850000024,-0.0180910486,-0.0398802666,-0.032683825,-0.998505907,0.135000005,0.194000006,0.108000003,-0.393000007,0,0,0,-0.00824000034,-0.208000004,0.185000002,-0.433999985,0,0,0,-0.0654999986,-0.116999999,0.0838999972,0.588999987,0.469000012,-0.254999995,0.119999997,-0.163000003,0.0357999988,-0.405000001,0.239999995,-0.194000006,-0.0746000037
0.773000002,-0.783999979,0.851000011,-0.0213987111,-0.038597675,-0.0130992105,-0.998939801,0.125,0.194999993,0.0926000029,-0.397000015,0,0,0,-0.00398000004,-0.211999997,0.187999994,-0.432000011,0,0,0,-0.0615000017,-0.174999997,0.0996999964,0.521000028,0.57099998,-0.263000011,0.128000006,-0.158000007,0.0357000008,-0.379999995,0.236000001,-0.192000002,-0.0719999969
0.776000023,-0.783999979,0.851999998,-0.0239991851,-0.0370987385,0.0106996371,-0.998966086,0.115000002,0.194999993,0.0830999985,-0.400000006,0,0,0,-0.00441000005,-0.216000006,0.197999999,-0.430999994,0,0,0,-0.055399999,-0.222000003,0.0966000035,0.451000005,0.629000008,-0.261999995,0.118000001,-0.152999997,0.0351999998,-0.344999999,0.231000006,-0.180000007,-0.0675000027
0.778999984,-0.782999992,0.853999972,-0.0263102189,-0.0355137947,0.0356138315,-0.998387799,0.108999997,0.188999996,0.0912000015,-0.400000006,0,0,0,-0.00780999986,-0.218999997,0.202000007,-0.432000011,0,0,0,-0.0493000001,-0.256999999,0.0848999992,0.386000007,0.648000002,-0.246000007,0.0998999998,-0.149000004,0.0335000008,-0.305000007,0.222000003,-0.163000003,-0.0627999976
0.782999992,-0.781000018,0.856000006,-0.0286043983,-0.033105092,0.0614094428,-0.997153309,0.108999997,0.180999994,0.104999997,-0.398999989,0,0,0,-0.00973999966,-0.218999997,0.194000006,-0.433999985,0,0,0,-0.0441000015,-0.27700001,0.0688999966,0.331,0.633000016,-0.224999994,0.0913000032,-0.138999999,0.0318999998,-0.264999986,0.208000004,-0.145999998,-0.0584999993
0.787999988,-0.777999997,0.856999993,-0.0305065034,-0.0313066744,0.0874186317,-0.995212152,0.112000003,0.175999999,0.111000001,-0.395000011,0,0,0,-0.00918000005,-0.219999999,0.194000006,-0.432999998,0,0,0,-0.0394000001,-0.287,0.0494000018,0.273000002,0.592000008,-0.202000007,0.0843999982,-0.128999993,0.0280000009,-0.225999996,0.193000004,-0.133000001,-0.052099999
0.791999996,-0.774999976,0.856999993,-0.0317843292,-0.0304849684,0.113943815,-0.992510569,0.108999997,0.172999993,0.108999997,-0.391000003,0,0,0,-0.0113000004,-0.222000003,0.202000007,-0.432000011,0,0,0,-0.0351999998,-0.289999992,0.0263999999,0.203999996,0.531000018,-0.187000006,0.0793000013,-0.128000006,0.0223999992,-0.187000006,0.187000006,-0.123000003,-0.0436999984
0.796000004,-0.769999981,0.859000027,-0.0348850474,-0.0326859899,0.142938746,-0.988576337,0.100000001,0.164000005,0.109999999,-0.388000011,0,0,0,-0.0311999992,-0.224999994,0.213,-0.433999985,0,0,0,-0.0293000005,-0.275000006,-0.00653999997,0.115000002,0.425000012,-0.148000002,0.063500002,-0.126000002,0.0120999999,-0.143999994,0.166999996,-0.104999997,-0.0331000015
0.801999986,-0.765999973,0.85799998,-0.0331845402,-0.0307856581,0.17491851,-0.983541837,0.105999999,0.163000003,0.116999999,-0.38499999,0,0,0,-0.0329999998,-0.224000007,0.221000001,-0.432999998,0,0,0,-0.0214000009,-0.261999995,-0.0214000009,0.00607000012,0.356999993,-0.138999999,0.0403999984,-0.128000006,0.0100999996,-0.0921000019,0.171000004,-0.103,-0.0250000004
0.808000028,-0.763000011,0.856999993,-0.0307071191,-0.0283065629,0.208048238,-0.977226556,0.112999998,0.163000003,0.123000003,-0.384000003,0,0,0,-0.0344999991,-0.221000001,0.228,-0.432999998,0,0,0,-0.0155999996,-0.246000007,-0.0306000002,-0.0945999995,0.305999994,-0.131999999,0.0184000004,-0.130999997,0.0104,-0.0395000018,0.180999994,-0.104000002,-0.0178999994
0.814999998,-0.762000024,0.856000006,-0.0259106227,-0.0221090633,0.23909801,-0.970397841,0.128000006,0.170000002,0.120999999,-0.38499999,0,0,0,-0.0148999998,-0.218999997,0.224000007,-0.42899999,0,0,0,-0.0155999996,-0.237000003,-0.0364000015,-0.156000003,0.307000011,-0.151999995,-0.00300000003,-0.135000005,0.0155999996,0.00563000003,0.209999993,-0.118000001,-0.0149999997
0.819000006,-0.759000003,0.855000019,-0.0222963282,-0.0200966904,0.271955237,-0.961841643,0.136000007,0.172999993,0.116999999,-0.386000007,0,0,0,-0.0156999994,-0.213,0.231999993,-0.428000003,0,0,0,-0.0193000007,-0.222000003,-0.0388000011,-0.172999993,0.291000009,-0.156000003,-0.0124000004,-0.143999994,0.0196000002,0.0562999994,0.222000003,-0.116999999,-0.0111999996
0.823000014,-0.754000008,0.853999972,-0.0177990198,-0.019498927,0.301983363,-0.952947551,0.141000003,0.177000001,0.112000003,-0.386000007,0,0,0,-0.0168999992,-0.207000002,0.233999997,-0.426999986,0,0,0,-0.0270000007,-0.206,-0.0373999998,-0.159999996,0.275000006,-0.112999998,0.00233000005,-0.157000005,0.0260000005,0.103,0.233999997,-0.115999997,-0.0041100001
0.825999975,-0.749000013,0.851999998,-0.0124001923,-0.0185002867,0.332005127,-0.943014618,0.143999994,0.180999994,0.108000003,-0.388000011,0,0,0,-0.0164999999,-0.202000007,0.233999997,-0.425999999,0,0,0,-0.0390000008,-0.184,-0.0282000005,-0.112000003,0.261000007,-0.105999999,0.0126,-0.169,0.0342000015,0.147,0.247999996,-0.123999998,0.0027999999
0.828999996,-0.744000018,0.851000011,-0.00696089621,-0.0180023172,0.359046229,-0.933120179,0.149000004,0.184,0.104999997,-0.388000011,0,0,0,-0.0126,-0.199000001,0.228,-0.423999995,0,0,0,-0.0540000014,-0.167999998,-0.0193000007,-0.0656000003,0.256000012,-0.105999999,0.0175000001,-0.182999998,0.0421999991,0.185000002,0.263000011,-0.131999999,0.0127999997
0.83099997,-0.737999976,0.851000011,-0.00236936965,-0.0192948684,0.38489761,-0.922754531,0.150000006,0.186000004,0.101999998,-0.388999999,0,0,0,-0.00870000012,-0.197999999,0.218999997,-0.423000008,0,0,0,-0.0683000013,-0.162,-0.00934999995,-0.0176999997,0.257999986,-0.104999997,0.0143999998,-0.201000005,0.0487999991,0.214000002,0.275999993,-0.150000006,0.0296
0.833000004,-0.731999993,0.851999998,0.00111991093,-0.0221982335,0.411967226,-0.910927543,0.150000006,0.187999994,0.100000001,-0.388999999,0,0,0,-0.00448000012,-0.196999997,0.215000004,-0.421000004,0,0,0,-0.0789000019,-0.158000007,-0.000907999987,0.0359999985,0.254999995,-0.104999997,0.0127999997,-0.225999996,0.0529000014,0.222000003,0.296000004,-0.181999996,0.0428000018
0.833999991,-0.723999977,0.851999998,0.00302034735,-0.0259029801,0.441050745,-0.897103201,0.147,0.192000002,0.0965000018,-0.388000011,0,0,0,-0.00292999996,-0.196999997,0.213,-0.419999987,0,0,0,-0.0820999965,-0.152999997,0.0044900002,0.0931999981,0.245000005,-0.105999999,0.0168999992,-0.254999995,0.0445999987,0.153999999,0.316000015,-0.199000001,0.0361000001
0.833000004,-0.714999974,0.852999985,0.00270992599,-0.0331990939,0.471987128,-0.880975952,0.135000005,0.199000001,0.0934000015,-0.386000007,0,0,0,-0.0218000002,-0.189999998,0.216999993,-0.421999991,0,0,0,-0.0798999965,-0.144999996,0.00659999996,0.149000004,0.209000006,-0.0900999978,0.0251000002,-0.272000015,0.0266999993,0.0176999997,0.30399999,-0.208000004,0.0142999999
0.833000004,-0.707000017,0.853999972,0.0036408741,-0.0358085956,0.500120067,-0.865207725,0.126000002,0.207000002,0.0913000032,-0.388000011,0,0,0,-0.0218000002,-0.191,0.210999995,-0.423000008,0,0,0,-0.074000001,-0.141000003,0.00899999961,0.201000005,0.196999997,-0.0855000019,0.0292000007,-0.284999996,0.0156999994,-0.134000003,0.324999988,-0.233999997,-0.0346999988
0.833999991,-0.700999975,0.853999972,0.00640190089,-0.0325096526,0.530157403,-0.847251596,0.131999999,0.208000004,0.103,-0.389999986,0,0,0,-0.00356999994,-0.202000007,0.202999994,-0.423000008,0,0,0,-0.061900001,-0.130999997,0.0120000001,0.256000012,0.206,-0.0945999995,0.0329000019,-0.294999987,-0.000376000011,-0.252999991,0.379000008,-0.264999986,-0.0706999972
0.833999991,-0.694999993,0.853999972,0.00760897449,-0.0325956065,0.556924906,-0.829888112,0.134000003,0.207000002,0.123000003,-0.389999986,0,0,0,-0.00179000001,-0.206,0.197999999,-0.425000012,0,0,0,-0.0551999994,-0.119999997,0.0133999996,0.31099999,0.194999993,-0.0931999981,0.0357999988,-0.298000008,-0.00774999987,-0.331,0.407999992,-0.26699999,-0.0936999992
0.834999979,-0.689999998,0.853999972,0.0080134838,-0.0316137423,0.582253148,-0.812353142,0.137999997,0.203999996,0.136000007,-0.389999986,0,0,0,-0.00193000003,-0.209999993,0.199000001,-0.426999986,0,0,0,-0.0513000004,-0.105999999,0.0111999996,0.354999989,0.180999994,-0.0964000002,0.0379999988,-0.296000004,-0.0175000001,-0.382999986,0.433999985,-0.270999998,-0.101000004
0.834999979,-0.68599999,0.853999972,0.00719905861,-0.0307959733,0.605920783,-0.794896085,0.143999994,0.202000007,0.142000005,-0.389999986,0,0,0,-0.00638000015,-0.213,0.207000002,-0.430000007,0,0,0,-0.0500000007,-0.0927999988,0.00704000005,0.400000006,0.165999994,-0.101000004,0.0392000005,-0.293000013,-0.0277999993,-0.416999996,0.453000009,-0.270000011,-0.104000002
0.834999979,-0.683000028,0.852999985,0.00654015036,-0.0289006639,0.630014482,-0.776017867,0.148000002,0.201000005,0.143999994,-0.389999986,0,0,0,-0.00922999997,-0.217999995,0.219999999,-0.430999994,0,0,0,-0.0467000008,-0.0777999982,0.00221999991,0.44600001,0.151999995,-0.108000003,0.0403999984,-0.280999988,-0.0370999984,-0.446999997,0.460000008,-0.263000011,-0.108999997
0.833999991,-0.680000007,0.851999998,0.00616287047,-0.0258120238,0.651303392,-0.758353248,0.150999993,0.199000001,0.143999994,-0.393000007,0,0,0,-0.00898000039,-0.223000005,0.225999996,-0.432000011,0,0,0,-0.0436999984,-0.0640999973,-0.00079999998,0.49000001,0.145999998,-0.118000001,0.0414000005,-0.25999999,-0.0438000001,-0.48300001,0.453999996,-0.27700001,-0.120999999
0.832000017,-0.677999973,0.851000011,0.00429056643,-0.0231030495,0.672088707,-0.740097703,0.150999993,0.194999993,0.144999996,-0.395999998,0,0,0,-0.0108000003,-0.228,0.229000002,-0.432000011,0,0,0,-0.0419000015,-0.058699999,-0.00319999992,0.529999971,0.149000004,-0.126000002,0.0430999994,-0.236000001,-0.0469999984,-0.52700001,0.432000011,-0.287,-0.136000007
0.829999983,-0.675999999,0.850000024,0.00211937409,-0.0193942722,0.690795947,-0.722786504,0.152999997,0.191,0.142000005,-0.397000015,0,0,0,-0.0120000001,-0.231999993,0.231999993,-0.432999998,0,0,0,-0.0401999988,-0.0526000001,-0.00691,0.566999972,0.152999997,-0.134000003,0.0463000014,-0.207000002,-0.0469000004,-0.577000022,0.400000006,-0.280999988,-0.138999999
0.825999975,-0.674000025,0.848999977,-0.000979019446,-0.0156003094,0.710014079,-0.704013977,0.151999995,0.186000004,0.141000003,-0.398999989,0,0,0,-0.0163000003,-0.233999997,0.234999999,-0.433999985,0,0,0,-0.0373999998,-0.0480000004,-0.00958999991,0.60799998,0.158999994,-0.142000005,0.0480999984,-0.180999994,-0.0434000008,-0.614000022,0.361000001,-0.266000003,-0.115000002
0.822000027,-0.675000012,0.847000003,-0.00332883984,-0.0102964118,0.727746358,-0.685760994,0.156000003,0.180000007,0.142000005,-0.400000006,0,0,0,-0.0164000001,-0.234999999,0.238000005,-0.435000002,0,0,0,-0.0390000008,-0.0377999991,-0.0125000002,0.639999986,0.165000007,-0.151999995,0.0524000004,-0.159999996,-0.0298999995,-0.588,0.312999994,-0.250999987,-0.0939000025
0.818000019,-0.675999999,0.846000016,-0.0047904676,-0.0046804565,0.744072624,-0.668065173,0.160999998,0.173999995,0.147,-0.400000006,0,0,0,-0.0160000008,-0.233999997,0.245000005,-0.43599999,0,0,0,-0.0399999991,-0.0241999999,-0.0162000004,0.674000025,0.170000002,-0.165000007,0.0566999987,-0.145999998,-0.0227000006,-0.55400002,0.282000005,-0.234999999,-0.0793000013
0.813000023,-0.675999999,0.847000003,-0.0065202453,-0.000398014989,0.75902858,-0.651024533,0.163000003,0.170000002,0.152999997,-0.400999993,0,0,0,-0.0144999996,-0.231000006,0.246000007,-0.43599999,0,0,0,-0.0439000018,-0.0207000002,-0.0147000002,0.69599998,0.187999994,-0.180000007,0.0672999993,-0.150000006,-0.0199999996,-0.51700002,0.279000014,-0.218999997,-0.0719000027
0.806999981,-0.676999986,0.84799999,-0.00839182573,0.00309067239,0.773168205,-0.63413796,0.162,0.167999998,0.156000003,-0.400999993,0,0,0,-0.0114000002,-0.226999998,0.239999995,-0.435000002,0,0,0,-0.0460000001,-0.0362999998,0.000523999974,0.699000001,0.241999999,-0.209999993,0.0830999985,-0.150999993,-0.0138999997,-0.474000007,0.270999998,-0.210999995,-0.0669
0.801999986,-0.677999973,0.848999977,-0.0110987783,0.00623931333,0.786913394,-0.616932085,0.156000003,0.165999994,0.145999998,-0.400999993,0,0,0,-0.00596000021,-0.224999994,0.231999993,-0.433999985,0,0,0,-0.0428000018,-0.0816999972,0.0241,0.634000003,0.333000004,-0.238000005,0.0992999971,-0.141000003,-0.00326999999,-0.449000001,0.243000001,-0.204999998,-0.0647
0.796999991,-0.680000007,0.850000024,-0.0121034389,0.00880250104,0.798226781,-0.602171095,0.145999998,0.167999998,0.127000004,-0.400999993,0,0,0,0.00325000007,-0.223000005,0.221000001,-0.432999998,0,0,0,-0.0394000001,-0.142000005,0.0443000011,0.535000026,0.42899999,-0.248999998,0.114,-0.128999993,0.00419999985,-0.430000007,0.221000001,-0.196999997,-0.0584999993
0.79400003,-0.681999981,0.851000011,-0.0128060772,0.0105049853,0.811385058,-0.584277278,0.138999999,0.169,0.119000003,-0.398999989,0,0,0,0.00687000016,-0.221000001,0.218999997,-0.432000011,0,0,0,-0.0368000008,-0.196999997,0.0538999997,0.453999996,0.5,-0.245000005,0.100000001,-0.123000003,0.0110999998,-0.400000006,0.207000002,-0.187000006,-0.0548
0.792999983,-0.685000002,0.851999998,-0.0137989381,0.0137989381,0.826936396,-0.561956739,0.134000003,0.164000005,0.116999999,-0.395999998,0,0,0,0.00604999997,-0.224000007,0.224999994,-0.433999985,0,0,0,-0.0295000002,-0.237000003,0.0452999994,0.379999995,0.533999979,-0.224999994,0.0883999988,-0.120999999,0.0110999998,-0.361000001,0.194999993,-0.172999993,-0.0480000004
0.792999983,-0.688000023,0.853999972,-0.0148034067,0.0174040054,0.84319404,-0.537123609,0.131999999,0.156000003,0.119000003,-0.39199999,0,0,0,0.00285999989,-0.225999996,0.232999995,-0.435000002,0,0,0,-0.0236000009,-0.263000011,0.0320000015,0.324000001,0.537,-0.195999995,0.0791999996,-0.119999997,0.00860000029,-0.317999989,0.187999994,-0.158999994,-0.0421999991
0.792999983,-0.690999985,0.855000019,-0.0160944303,0.0201930104,0.858702829,-0.511822882,0.130999997,0.148000002,0.128000006,-0.388000011,0,0,0,-0.00185,-0.225999996,0.238999993,-0.437000006,0,0,0,-0.0206000004,-0.280999988,0.0192000009,0.280999988,0.521000028,-0.180999994,0.0803999975,-0.122000001,0.00615999987,-0.275000006,0.181999996,-0.144999996,-0.0375000015
0.792999983,-0.694999993,0.856000006,-0.0166011203,0.0221014915,0.874059011,-0.485032754,0.133000001,0.143999994,0.133000001,-0.384000003,0,0,0,-0.00548999989,-0.223000005,0.25,-0.437999994,0,0,0,-0.0172000006,-0.291999996,0.00528000016,0.230000004,0.488999993,-0.172999993,0.0763000026,-0.123999998,0.00526000001,-0.228,0.177000001,-0.135000005,-0.0324000008
0.795000017,-0.699999988,0.856999993,-0.0211984749,0.0228983535,0.88893607,-0.456967124,0.123999998,0.136999995,0.133000001,-0.377999991,0,0,0,-0.0311999992,-0.218999997,0.268000007,-0.442000002,0,0,0,-0.0141000003,-0.289000005,-0.0178999994,0.178000003,0.411000013,-0.131999999,0.0671999976,-0.128000006,0.000361999992,-0.181999996,0.158999994,-0.115000002,-0.0222999994
0.795000017,-0.703999996,0.856999993,-0.0204952616,0.0222948443,0.903791007,-0.426901277,0.123000003,0.140000001,0.137999997,-0.375,0,0,0,-0.0379000008,-0.215000004,0.282000005,-0.441000015,0,0,0,-0.00757999998,-0.287,-0.0263999999,0.114,0.356999993,-0.101000004,0.0447000004,-0.135000005,0.00322999991,-0.127000004,0.163000003,-0.108999997,-0.0163000003
0.795000017,-0.709999979,0.856000006,-0.0175064593,0.0214078996,0.917338458,-0.397146546,0.126000002,0.144999996,0.142000005,-0.374000013,0,0,0,-0.0377000012,-0.211999997,0.286000013,-0.43900001,0,0,0,-0.0044900002,-0.275999993,-0.0285,0.0593999997,0.305999994,-0.0846000016,0.0131000001,-0.137999997,0.00796999969,-0.0795999989,0.167999998,-0.103,-0.0103000002
0.79400003,-0.716000021,0.856000006,-0.0151925622,0.0205899198,0.929544914,-0.367819921,0.128999993,0.150000006,0.141000003,-0.372999996,0,0,0,-0.0377000012,-0.209000006,0.286000013,-0.437000006,0,0,0,-0.00526000001,-0.268000007,-0.0313999988,-2.95000007e-07,0.272000015,-0.0806000009,0.000232000006,-0.142000005,0.0114000002,-0.0296999998,0.173999995,-0.101000004,-0.00408999994
0.792999983,-0.721000016,0.855000019,-0.0093658156,0.020091023,0.940579748,-0.338848594,0.130999997,0.159999996,0.133000001,-0.375,0,0,0,-0.0200999994,-0.209000006,0.277999997,-0.432999998,0,0,0,-0.00742000015,-0.26699999,-0.0340999998,-0.0595999993,0.277999997,-0.0888999999,-0.00585999992,-0.147,0.0177999996,0.0126999998,0.197999999,-0.112000003,0.000548999989
0.79400003,-0.726999998,0.853999972,-0.00607916096,0.0188973908,0.950868707,-0.308957334,0.131999999,0.166999996,0.122000001,-0.375999987,0,0,0,-0.0179999992,-0.209000006,0.279000014,-0.430999994,0,0,0,-0.0104,-0.254999995,-0.0394000001,-0.122000001,0.268000007,-0.0806000009,-0.0092000002,-0.150000006,0.0229000002,0.0582000017,0.204999998,-0.114,0.00831000041
0.795000017,-0.73299998,0.852999985,-0.00268109921,0.017006974,0.960393754,-0.278114028,0.131999999,0.172999993,0.116999999,-0.375999987,0,0,0,-0.0178999994,-0.209000006,0.279000014,-0.430999994,0,0,0,-0.0146000003,-0.241999999,-0.0447000004,-0.162,0.268999994,-0.0573000014,-0.00209999993,-0.157000005,0.0276999995,0.104000002,0.216999993,-0.122000001,0.0195000004
0.796999991,-0.737999976,0.851999998,0.000772740054,0.0143951572,0.968674116,-0.247916596,0.136999995,0.177000001,0.120999999,-0.375999987,0,0,0,-0.0199999996,-0.209000006,0.280999988,-0.430999994,0,0,0,-0.0248000007,-0.225999996,-0.0364000015,-0.118000001,0.270999998,-0.063000001,0.0130000003,-0.169,0.0351999998,0.145999998,0.232999995,-0.130999997,0.0326000005
0.800000012,-0.742999971,0.851999998,0.00374873626,0.0110962593,0.975671123,-0.218926199,0.141000003,0.180000007,0.125,-0.377000004,0,0,0,-0.0221999995,-0.210999995,0.284999996,-0.430000007,0,0,0,-0.0388000011,-0.208000004,-0.0280000009,-0.0720999986,0.263999999,-0.0544999987,0.0245999992,-0.181999996,0.0423000008,0.181999996,0.247999996,-0.151999995,0.0478999987
0.80400002,-0.748000026,0.851000011,0.00467884542,0.00689829798,0.981757775,-0.189953133,0.143999994,0.186000004,0.123999998,-0.377000004,0,0,0,-0.0255999994,-0.211999997,0.280999988,-0.42899999,0,0,0,-0.0533999987,-0.197999999,-0.0160000008,-0.0214000009,0.261999995,-0.058699999,0.0221999995,-0.199000001,0.0509000011,0.215000004,0.263000011,-0.170000002,0.0584000014
0.808000028,-0.753000021,0.851000011,0.00327929552,0.00244947377,0.986787981,-0.161965203,0.145999998,0.191,0.119999997,-0.375999987,0,0,0,-0.0270000007,-0.210999995,0.268000007,-0.426999986,0,0,0,-0.0666000023,-0.195999995,-0.00377000007,0.0331000015,0.263000011,-0.0647,0.0186999999,-0.217999995,0.057500001,0.238999993,0.270999998,-0.189999998,0.0707999989
0.81400001,-0.758000016,0.851999998,0.000411155441,-0.00134050679,0.991374828,-0.131049546,0.143999994,0.200000003,0.108999997,-0.375999987,0,0,0,-0.0273000002,-0.209999993,0.259000003,-0.423999995,0,0,0,-0.0744000003,-0.191,0.00479000015,0.0873999968,0.252999991,-0.0676999986,0.0206000004,-0.245000005,0.0571999997,0.216000006,0.286000013,-0.213,0.0700000003
0.82099998,-0.760999978,0.851999998,-0.0049720664,-0.00426177094,0.995413676,-0.0954396607,0.136999995,0.207000002,0.104999997,-0.375999987,0,0,0,-0.0318000019,-0.207000002,0.257999986,-0.421000004,0,0,0,-0.0697999969,-0.185000002,0.0108000003,0.144999996,0.233999997,-0.0659999996,0.0272000004,-0.280999988,0.0449000001,0.105999999,0.307999998,-0.234999999,0.0461000018
0.829999983,-0.764999986,0.852999985,-0.0147035783,-0.00665161854,0.998242946,-0.0570138742,0.123000003,0.211999997,0.114,-0.374000013,0,0,0,-0.057,-0.199000001,0.268999994,-0.421999991,0,0,0,-0.0606000014,-0.180999994,0.0136000002,0.204999998,0.194000006,-0.0509000011,0.0339000002,-0.300000012,0.0286999997,-0.0676999986,0.298000008,-0.254999995,0.0065299999
0.836000025,-0.768999994,0.853999972,-0.0136955852,-0.0067078376,0.999677754,-0.0202934593,0.128000006,0.215000004,0.119999997,-0.377999991,0,0,0,-0.0432000011,-0.207000002,0.277999997,-0.419,0,0,0,-0.0482000001,-0.174999997,0.0190999992,0.263000011,0.200000003,-0.0617000014,0.0350000001,-0.316000015,0.0142000001,-0.224999994,0.34799999,-0.287999988,-0.0518000014
0.842000008,-0.773000002,0.853999972,-0.0157957416,-0.00655823238,0.999730527,0.0156957687,0.128999993,0.214000002,0.133000001,-0.379000008,0,0,0,-0.0445999987,-0.209000006,0.282999992,-0.421000004,0,0,0,-0.0368999988,-0.164000005,0.0187999997,0.319999993,0.181999996,-0.0592,0.0384000018,-0.328000009,0.00035300001,-0.342999995,0.386999995,-0.294999987,-0.0944999978
0.847000003,-0.77700001,0.855000019,-0.0161947366,-0.00586809267,0.99867541,0.0484842424,0.134000003,0.213,0.140000001,-0.379999995,0,0,0,-0.0445000008,-0.209000006,0.287,-0.423000008,0,0,0,-0.0299999993,-0.150999993,0.0164000001,0.372000009,0.166999996,-0.0603,0.0405000001,-0.337000012,-0.0165999997,-0.412999988,0.43900001,-0.294999987,-0.116999999
0.850000024,-0.781000018,0.855000019,-0.0157937598,-0.00437827015,0.996606261,0.080668134,0.142000005,0.210999995,0.144999996,-0.381000012,0,0,0,-0.0452000014,-0.210999995,0.291000009,-0.425000012,0,0,0,-0.0243999995,-0.136999995,0.0142000001,0.421000004,0.157000005,-0.0669,0.0401000008,-0.340000004,-0.0322000012,-0.44600001,0.486000001,-0.298000008,-0.126000002
0.853999972,-0.783999979,0.853999972,-0.0145958072,-0.00210939401,0.993714541,0.110968122,0.150999993,0.207000002,0.155000001,-0.381000012,0,0,0,-0.0463999994,-0.215000004,0.291999996,-0.425999999,0,0,0,-0.0214000009,-0.127000004,0.0108000003,0.467000008,0.152999997,-0.0772999972,0.0432000011,-0.331999987,-0.0487000011,-0.472000003,0.514999986,-0.287999988,-0.129999995
0.856999993,-0.786000013,0.853999972,-0.0128990487,0.000373972403,0.989926971,0.1409896,0.158999994,0.202000007,0.167999998,-0.382999986,0,0,0,-0.0472999997,-0.217999995,0.27700001,-0.428000003,0,0,0,-0.0170000009,-0.116999999,0.0080500003,0.513000011,0.153999999,-0.0913000032,0.0471000001,-0.312999994,-0.0621999986,-0.500999987,0.521000028,-0.284999996,-0.136999995
0.859000027,-0.787,0.852999985,-0.0108021906,0.00344069755,0.985199782,0.171034684,0.166999996,0.193000004,0.186000004,-0.386000007,0,0,0,-0.0447000004,-0.219999999,0.254999995,-0.428000003,0,0,0,-0.0125000002,-0.108000003,0.00704000005,0.556999981,0.158000007,-0.101000004,0.0472000018,-0.286000013,-0.069600001,-0.532000005,0.507000029,-0.291000009,-0.149000004
0.861999989,-0.787,0.851999998,-0.00915937613,0.00715951246,0.979933283,0.19898645,0.173999995,0.184,0.199000001,-0.388999999,0,0,0,-0.0454000011,-0.222000003,0.238000005,-0.42899999,0,0,0,-0.00923999958,-0.101000004,0.00509000011,0.595000029,0.162,-0.108000003,0.0474999994,-0.256000012,-0.0737000033,-0.564999998,0.481000006,-0.280000001,-0.151999995
0.862999976,-0.787,0.851000011,-0.00671871558,0.0114978021,0.97381382,0.226956612,0.180999994,0.173999995,0.207000002,-0.39199999,0,0,0,-0.0461000018,-0.224000007,0.233999997,-0.42899999,0,0,0,-0.00686000008,-0.0874999985,-0.000745999976,0.635999978,0.159999996,-0.115000002,0.0485000014,-0.221000001,-0.0758000016,-0.609000027,0.441000015,-0.257999986,-0.135000005
0.865999997,-0.786000013,0.848999977,-0.00523891624,0.0164965878,0.966800036,0.254947262,0.186000004,0.165999994,0.210999995,-0.393999994,0,0,0,-0.0505999997,-0.225999996,0.239999995,-0.42899999,0,0,0,-0.00541999983,-0.0760999992,-0.00694999984,0.677999973,0.155000001,-0.118000001,0.0487000011,-0.192000002,-0.0640999973,-0.626999974,0.384000003,-0.250999987,-0.107000001
0.867999971,-0.782999992,0.84799999,-0.00371061574,0.0212035174,0.959159134,0.282046802,0.193000004,0.158999994,0.217999995,-0.395000011,0,0,0,-0.0577000007,-0.225999996,0.25,-0.430000007,0,0,0,-0.00761999981,-0.063500002,-0.0100999996,0.718999982,0.150999993,-0.119999997,0.0465999991,-0.171000004,-0.0410999991,-0.596000016,0.317999989,-0.228,-0.0927999988
0.870000005,-0.778999984,0.84799999,-0.00190945235,0.0250928034,0.95172706,0.305912256,0.196999997,0.157000005,0.221000001,-0.395999998,0,0,0,-0.060899999,-0.223000005,0.252000004,-0.430999994,0,0,0,-0.0126999998,-0.0522000007,-0.0120999999,0.755999982,0.150000006,-0.123000003,0.0482000001,-0.152999997,-0.0239000004,-0.556999981,0.264999986,-0.206,-0.0826999992
0.873000026,-0.774999976,0.84799999,-0.00136073135,0.0293157569,0.944507652,0.32717584,0.199000001,0.156000003,0.221000001,-0.397000015,0,0,0,-0.0612000003,-0.219999999,0.247999996,-0.430999994,0,0,0,-0.0187999997,-0.0505999997,-0.00978999957,0.782000005,0.163000003,-0.134000003,0.0544999987,-0.153999999,-0.0151000004,-0.510999978,0.246000007,-0.191,-0.0776999965
0.874000013,-0.769999981,0.848999977,0.000354876548,0.0336882815,0.93767384,0.345879667,0.199000001,0.158999994,0.209000006,-0.395999998,0,0,0,-0.0549000017,-0.218999997,0.237000003,-0.430999994,0,0,0,-0.0237000007,-0.061900001,0.0056400001,0.79400003,0.214000002,-0.164000005,0.0678000003,-0.151999995,-0.00977000035,-0.472000003,0.233999997,-0.185000002,-0.0768999979
0.875,-0.765999973,0.850000024,0.0012700347,0.0376010266,0.931025427,0.363009922,0.194999993,0.165000007,0.193000004,-0.393999994,0,0,0,-0.0458999984,-0.221000001,0.229000002,-0.42899999,0,0,0,-0.0269000009,-0.0989999995,0.0335999988,0.745999992,0.300000012,-0.202999994,0.0868000016,-0.147,-0.00451999996,-0.446999997,0.216999993,-0.179000005,-0.0750999972
0.875999987,-0.762000024,0.850000024,0.00180053514,0.040612073,0.925275033,0.377112094,0.181999996,0.172999993,0.172999993,-0.393999994,0,0,0,-0.0346999988,-0.225999996,0.218999997,-0.426999986,0,0,0,-0.0288999993,-0.157000005,0.0617000014,0.646000028,0.400000006,-0.222000003,0.105999999,-0.143999994,-0.000590000011,-0.430000007,0.204999998,-0.173999995,-0.0724000037
0.875999987,-0.759000003,0.851000011,0.00272955144,0.0426929831,0.916849302,0.396934775,0.169,0.179000005,0.162,-0.393999994,0,0,0,-0.0256999992,-0.231999993,0.221000001,-0.425999999,0,0,0,-0.0264999997,-0.209000006,0.0780000016,0.56099999,0.479000002,-0.229000002,0.103,-0.143000007,0.00267999992,-0.402999997,0.195999995,-0.165999994,-0.0693999976
0.874000013,-0.758000016,0.851999998,0.00464743388,0.0450751109,0.90649947,0.419768206,0.158999994,0.180000007,0.158999994,-0.39199999,0,0,0,-0.0209999997,-0.239999995,0.223000005,-0.42899999,0,0,0,-0.0222999994,-0.248999998,0.0728999972,0.470999986,0.522000015,-0.216000006,0.0957000032,-0.140000001,0.00175000005,-0.367000014,0.185000002,-0.150999993,-0.0636000037
0.870999992,-0.758000016,0.853999972,0.00595853786,0.0478882459,0.894780383,0.443891065,0.150999993,0.173999995,0.164000005,-0.388999999,0,0,0,-0.0186999999,-0.248999998,0.222000003,-0.432000011,0,0,0,-0.0172000006,-0.280000001,0.0551999994,0.382999986,0.537,-0.188999996,0.0851000026,-0.137999997,-0.00113999995,-0.324999988,0.171000004,-0.133000001,-0.056400001
0.865999997,-0.758000016,0.855000019,0.00799769751,0.050085577,0.880746379,0.470864405,0.150000006,0.167999998,0.172000006,-0.382999986,0,0,0,-0.0167999994,-0.252999991,0.218999997,-0.435000002,0,0,0,-0.0121999998,-0.298000008,0.0333000012,0.298999995,0.531000018,-0.169,0.0741999969,-0.133000001,-0.00524999993,-0.282999992,0.155000001,-0.115999997,-0.0480999984
0.861999989,-0.759000003,0.856000006,0.00834698155,0.0518812393,0.865686968,0.497819986,0.148000002,0.164000005,0.175999999,-0.377000004,0,0,0,-0.0189999994,-0.254999995,0.216999993,-0.43900001,0,0,0,-0.00889000017,-0.308999985,0.0108000003,0.213,0.507000029,-0.150000006,0.0658000037,-0.136000007,-0.00879999995,-0.240999997,0.147,-0.103,-0.0408000015
0.855000019,-0.75999999,0.856999993,0.0069711616,0.0565094152,0.84914147,0.525087472,0.142000005,0.156000003,0.174999997,-0.370000005,0,0,0,-0.0408000015,-0.256000012,0.228,-0.444000006,0,0,0,-0.00800999999,-0.294,-0.0194000006,0.135000005,0.430000007,-0.108999997,0.0548,-0.144999996,-0.0175999999,-0.195999995,0.134000003,-0.0812000036,-0.0302000009
0.848999977,-0.759000003,0.856999993,0.00725814623,0.0545860598,0.830787797,0.553858571,0.142000005,0.159999996,0.172000006,-0.367000014,0,0,0,-0.0410000011,-0.252999991,0.233999997,-0.444999993,0,0,0,-0.00295999995,-0.277999997,-0.0313999988,0.0478000008,0.382999986,-0.104000002,0.0381000005,-0.150000006,-0.0154999997,-0.143999994,0.136000007,-0.0724000037,-0.0245999992
0.842999995,-0.758000016,0.856000006,0.00773988399,0.0509992359,0.812987859,0.579991305,0.143000007,0.164000005,0.172000006,-0.367000014,0,0,0,-0.0395000018,-0.25,0.239999995,-0.444000006,0,0,0,-0.00362999993,-0.256999999,-0.0364999995,-0.0190999992,0.344000012,-0.104999997,0.0233999994,-0.152999997,-0.0119000003,-0.0966000035,0.140000001,-0.0662999973,-0.0182000007
0.838,-0.757000029,0.855000019,0.00785903259,0.046194312,0.794902143,0.604925536,0.143000007,0.172000006,0.169,-0.368999988,0,0,0,-0.0350000001,-0.243000001,0.236000001,-0.442000002,0,0,0,-0.00872999988,-0.234999999,-0.0348000005,-0.0606000014,0.316000015,-0.0997999981,0.0120000001,-0.158000007,-0.00529999984,-0.0504000001,0.148000002,-0.0617000014,-0.0131000001
0.833000004,-0.757000029,0.853999972,0.00721935374,0.0413962946,0.777930355,0.626943849,0.141000003,0.179000005,0.158999994,-0.370999992,0,0,0,-0.0304000005,-0.236000001,0.224000007,-0.439999998,0,0,0,-0.0190999992,-0.215000004,-0.0304000005,-0.0784000009,0.296000004,-0.0901999995,0.0100999996,-0.164000005,0.00162999996,-0.00615999987,0.155000001,-0.0562999994,-0.00775999995
0.828000009,-0.757000029,0.852999985,0.00840726248,0.0330892262,0.762751627,0.645789731,0.142000005,0.192000002,0.142000005,-0.375,0,0,0,-0.00647999998,-0.231999993,0.206,-0.433999985,0,0,0,-0.0333000012,-0.197999999,-0.0195000004,-0.0544000007,0.308999985,-0.114,0.0120999999,-0.169,0.0118000004,0.0211999994,0.175999999,-0.061999999,-0.00455000019
0.822000027,-0.758000016,0.851999998,0.0055602488,0.0284012712,0.748033503,0.66302966,0.136999995,0.200000003,0.128999993,-0.377000004,0,0,0,-0.000904000015,-0.226999998,0.194999993,-0.430999994,0,0,0,-0.0494000018,-0.175999999,-0.0116999997,-0.0175999999,0.287999988,-0.108999997,0.0187999997,-0.180000007,0.0208000001,0.0537,0.184,-0.0579999983,-0.00230000005
0.816999972,-0.760999978,0.851999998,0.000732953961,0.025298411,0.7309541,0.681957152,0.134000003,0.203999996,0.128999993,-0.377000004,0,0,0,-0.000425000006,-0.223000005,0.195999995,-0.428000003,0,0,0,-0.0615999997,-0.160999998,-0.00170000002,0.0270000007,0.270000011,-0.112000003,0.0196000002,-0.202000007,0.0320999995,0.0940999985,0.197999999,-0.0568999983,0.00146000006
0.81099999,-0.764999986,0.851999998,-0.00537893972,0.0243951909,0.712859484,0.700861825,0.130999997,0.209000006,0.129999995,-0.375,0,0,0,-0.00214,-0.216999993,0.194999993,-0.425999999,0,0,0,-0.0729999989,-0.158000007,0.00689999992,0.0709000006,0.261999995,-0.115999997,0.0171000008,-0.232999995,0.0428000018,0.128999993,0.221000001,-0.0706999972,0.00903999992
0.805000007,-0.768999994,0.852999985,-0.0105041467,0.024409636,0.696274856,0.717283178,0.130999997,0.215000004,0.127000004,-0.372000009,0,0,0,-0.00258000009,-0.211999997,0.199000001,-0.423999995,0,0,0,-0.0839999989,-0.158999994,0.0113000004,0.107000001,0.257999986,-0.119999997,0.0176999997,-0.264999986,0.0489000008,0.141000003,0.248999998,-0.0918999985,0.0147000002
0.800000012,-0.773999989,0.852999985,-0.0146959949,0.0252931064,0.679814728,0.732800261,0.123999998,0.224999994,0.119999997,-0.372000009,0,0,0,0.00138999999,-0.207000002,0.200000003,-0.423000008,0,0,0,-0.0891999975,-0.163000003,0.0131999999,0.141000003,0.256999999,-0.123000003,0.0215000007,-0.294999987,0.0456999987,0.0986000001,0.279000014,-0.115000002,0.0209999997
0.795000017,-0.778999984,0.853999972,-0.0206042327,0.0272055887,0.667137033,0.744152875,0.108000003,0.239999995,0.111000001,-0.372000009,0,0,0,-0.00473999977,-0.193000004,0.200000003,-0.423999995,0,0,0,-0.0939999968,-0.163000003,0.0137,0.166999996,0.232999995,-0.109999999,0.0245999992,-0.308999985,0.0386000015,0.0348000005,0.280999988,-0.122000001,0.0140000004
0.791999996,-0.782999992,0.855000019,-0.0228973116,0.0256969818,0.65492307,0.754911353,0.0992000028,0.25,0.108999997,-0.374000013,0,0,0,0.00884000026,-0.187999994,0.195999995,-0.423999995,0,0,0,-0.0904999971,-0.158999994,0.0170000009,0.193000004,0.226999998,-0.108000003,0.0266999993,-0.316000015,0.0351000018,-0.0315000005,0.303000003,-0.135000005,-0.0100999996
0.788999975,-0.785000026,0.856999993,-0.0237932046,0.02279349,0.645815566,0.762782141,0.0934000015,0.254000008,0.116999999,-0.375999987,0,0,0,0.0261000004,-0.184,0.187000006,-0.425000012,0,0,0,-0.0852999985,-0.151999995,0.0200999994,0.215000004,0.219999999,-0.105999999,0.0285,-0.314999998,0.0292000007,-0.0970999971,0.326000005,-0.144999996,-0.0300999992
0.786000013,-0.787,0.85799998,-0.0242107652,0.0195086749,0.639284256,0.76834165,0.0927999988,0.254000008,0.129999995,-0.375999987,0,0,0,0.0438000001,-0.180999994,0.175999999,-0.426999986,0,0,0,-0.0813999996,-0.143999994,0.0232999995,0.231000006,0.214000002,-0.104000002,0.0299999993,-0.308999985,0.0238000005,-0.151999995,0.349999994,-0.144999996,-0.0450999998
0.785000026,-0.787999988,0.85799998,-0.0212954324,0.0144968907,0.632864299,0.773834041,0.103,0.25,0.136000007,-0.375,0,0,0,0.0711999983,-0.185000002,0.170000002,-0.42899999,0,0,0,-0.0762000009,-0.137999997,0.0266999993,0.240999997,0.230000004,-0.115000002,0.0313000008,-0.31099999,0.0164999999,-0.163000003,0.405000001,-0.153999999,-0.0568000004
0.783999979,-0.787999988,0.85799998,-0.0208005548,0.0120003201,0.629016782,0.777020731,0.108999997,0.248999998,0.136000007,-0.372999996,0,0,0,0.0806000009,-0.184,0.167999998,-0.433999985,0,0,0,-0.0762000009,-0.128999993,0.0282000005,0.246999994,0.223000005,-0.115000002,0.0324000008,-0.300999999,0.0168999992,-0.157000005,0.426999986,-0.152999997,-0.0599000007
0.785000026,-0.788999975,0.859000027,-0.0228140379,0.0117072032,0.628386669,0.777478395,0.104999997,0.248999998,0.133000001,-0.372000009,0,0,0,0.0725999996,-0.174999997,0.166999996,-0.439999998,0,0,0,-0.0793000013,-0.116999999,0.0288999993,0.252000004,0.194000006,-0.0992000028,0.0315000005,-0.27700001,0.0258000009,-0.143999994,0.405000001,-0.137999997,-0.0595000014
0.786000013,-0.788999975,0.859000027,-0.0204041204,0.0102020602,0.630127221,0.776156733,0.105999999,0.246000007,0.123000003,-0.374000013,0,0,0,0.0800999999,-0.175999999,0.159999996,-0.442000002,0,0,0,-0.0824000016,-0.108999997,0.0285,0.252000004,0.189999998,-0.0970000029,0.0294000003,-0.250999987,0.0273000002,-0.122000001,0.395000011,-0.133000001,-0.0544000007
0.787,-0.787999988,0.856999993,-0.0156991243,0.00999944236,0.632964731,0.773956845,0.105999999,0.238000005,0.114,-0.377000004,0,0,0,0.0888999999,-0.180999994,0.150999993,-0.442000002,0,0,0,-0.0866999999,-0.103,0.0217000004,0.247999996,0.189999998,-0.0956000015,0.0296,-0.209999993,0.0250000004,-0.104999997,0.351999998,-0.128999993,-0.0465999991
0.787999988,-0.787,0.855000019,-0.00879940199,0.0106992734,0.637956659,0.769947659,0.107000001,0.226999998,0.104999997,-0.379000008,0,0,0,0.0949999988,-0.187999994,0.143999994,-0.442999989,0,0,0,-0.0892999992,-0.0947000012,0.00977999996,0.243000001,0.188999996,-0.0939999968,0.0326000005,-0.158999994,0.0160000008,-0.104000002,0.287999988,-0.142000005,-0.0355000012
0.788999975,-0.786000013,0.852999985,-0.00140957619,0.0120963628,0.64180704,0.766769466,0.104000002,0.215000004,0.0961000025,-0.382999986,0,0,0,0.104000002,-0.196999997,0.135000005,-0.441000015,0,0,0,-0.0882000029,-0.0882000029,-0.00279000006,0.236000001,0.191,-0.0965000018,0.0344000012,-0.114,0.00565999979,-0.112000003,0.230000004,-0.149000004,-0.0318999998
0.791999996,-0.785000026,0.851999998,0.00403977411,0.0115993512,0.643963981,0.764957206,0.104000002,0.208000004,0.0912000015,-0.386999995,0,0,0,0.108000003,-0.200000003,0.129999995,-0.442000002,0,0,0,-0.0832000002,-0.0731000006,-0.00908000022,0.231000006,0.180000007,-0.0938000008,0.0340999998,-0.0864999965,0.00164999999,-0.122000001,0.202000007,-0.151999995,-0.0303000007
0.79400003,-0.783999979,0.852999985,0.00774951526,0.0101993626,0.643959724,0.76495215,0.108000003,0.199000001,0.101999998,-0.389999986,0,0,0,0.108999997,-0.202000007,0.128999993,-0.442000002,0,0,0,-0.0775000006,-0.0496000014,-0.0141000003,0.232999995,0.151999995,-0.0812999979,0.0346000008,-0.0732000023,-0.000437999988,-0.123999998,0.192000002,-0.141000003,-0.0261000004
0.795000017,-0.783999979,0.853999972,0.0104991229,0.0097891819,0.643946206,0.764936092,0.118000001,0.187000006,0.119000003,-0.389999986,0,0,0,0.107000001,-0.202999994,0.126000002,-0.441000015,0,0,0,-0.0755999982,-0.0295000002,-0.0201999992,0.234999999,0.122000001,-0.0683000013,0.0353999995,-0.0610000007,-0.00254000002,-0.125,0.178000003,-0.130999997,-0.0208000001
0.796999991,-0.783999979,0.853999972,0.0111956594,0.0100960857,0.647748889,0.761704735,0.127000004,0.178000003,0.126000002,-0.388999999,0,0,0,0.104000002,-0.202000007,0.114,-0.439999998,0,0,0,-0.079400003,-0.0209999997,-0.0219000001,0.231999993,0.104999997,-0.0593999997,0.0313999988,-0.0504000001,-0.00130999996,-0.136000007,0.164000005,-0.128000006,-0.0194000006
0.799000025,-0.783999979,0.852999985,0.0118940034,0.0100949098,0.653670407,0.756618546,0.127000004,0.175999999,0.114,-0.389999986,0,0,0,0.104999997,-0.202000007,0.103,-0.43900001,0,0,0,-0.0833000019,-0.0218000002,-0.0196000002,0.221000001,0.104000002,-0.0610000007,0.0291000009,-0.0408999994,0.000615999976,-0.150999993,0.155000001,-0.135000005,-0.0206000004
