0.136000007,-0.63499999,0.869000018,0.0139021119,0.0214032528,0.726110332,0.687104372,0.156000003,0.184,0.109999999,-0.393000007,0,0,0,0.0637999997,-0.254000008,0.119999997,-0.433999985,0,0,0,-0.0944000036,-0.0631999969,-0.0500000007,0.316000015,0.120999999,-0.0812999979,0.0474000014,-0.0974000022,0.0348000005,-0.129999995,0.180000007,-0.128999993,-0.0359000005
0.134000003,-0.63499999,0.869000018,0.0132015745,0.0215025654,0.727086718,0.686081819,0.150000006,0.188999996,0.104999997,-0.391000003,0,0,0,0.0693999976,-0.248999998,0.115000002,-0.433999985,0,0,0,-0.0948000029,-0.068400003,-0.0504000001,0.314999998,0.128000006,-0.0817999989,0.0467000008,-0.101999998,0.0329000019,-0.133000001,0.187999994,-0.128999993,-0.0372000001
0.133000001,-0.63499999,0.869000018,0.0115015636,0.0217029509,0.727098846,0.686093262,0.143000007,0.194000006,0.104999997,-0.389999986,0,0,0,0.0734999999,-0.243000001,0.118000001,-0.435000002,0,0,0,-0.0942000002,-0.0763999969,-0.0483000018,0.314999998,0.136999995,-0.0825000033,0.0450000018,-0.108000003,0.0331999995,-0.135000005,0.193000004,-0.128000006,-0.0392000005
0.131999999,-0.63499999,0.869000018,0.00848097864,0.0221025494,0.728083974,0.68507903,0.135000005,0.200000003,0.104999997,-0.388999999,0,0,0,0.0731000006,-0.236000001,0.126000002,-0.43599999,0,0,0,-0.0943000019,-0.0891999975,-0.0432999991,0.316000015,0.150000006,-0.0838999972,0.0432000011,-0.115999997,0.0353999995,-0.135000005,0.195999995,-0.128999993,-0.0401999988
0.130999997,-0.637000024,0.869000018,0.00385055409,0.0221031804,0.728104762,0.68509859,0.128000006,0.208000004,0.103,-0.388999999,0,0,0,0.0694999993,-0.229000002,0.133000001,-0.435000002,0,0,0,-0.0958999991,-0.108999997,-0.0322999991,0.317999989,0.172000006,-0.0886000022,0.0401000008,-0.128999993,0.0405000001,-0.134000003,0.208000004,-0.142000005,-0.0397999994
0.131999999,-0.638000011,0.869000018,-0.00238049475,0.0213044274,0.727151139,0.686142606,0.123000003,0.218999997,0.0957999974,-0.388000011,0,0,0,0.0582999997,-0.223000005,0.138999999,-0.435000002,0,0,0,-0.103,-0.133000001,-0.0166999996,0.32100001,0.196999997,-0.0942000002,0.0399999991,-0.147,0.0483999997,-0.140000001,0.226999998,-0.172000006,-0.0381000005
0.133000001,-0.639999986,0.869000018,-0.00642770256,0.0180935336,0.724740974,0.688753824,0.125,0.233999997,0.0791999996,-0.388999999,0,0,0,0.0606000014,-0.223000005,0.133000001,-0.432999998,0,0,0,-0.107000001,-0.156000003,0.00288999989,0.319000006,0.236000001,-0.108999997,0.0412999988,-0.175999999,0.0487000011,-0.175999999,0.282999992,-0.224000007,-0.0405000001
0.135000005,-0.64200002,0.870000005,-0.0122967184,0.017095439,0.720807676,0.692815149,0.118000001,0.25,0.0628999993,-0.388999999,0,0,0,0.0544000007,-0.219999999,0.129999995,-0.430999994,0,0,0,-0.108000003,-0.172000006,0.0184000004,0.321999997,0.25,-0.112000003,0.0432999991,-0.196999997,0.0434000008,-0.240999997,0.312000006,-0.257999986,-0.0467000008
0.136999995,-0.643999994,0.871999979,-0.0168085104,0.0155078521,0.716362751,0.697353131,0.112000003,0.264999986,0.0549999997,-0.389999986,0,0,0,0.0518000014,-0.216999993,0.134000003,-0.42899999,0,0,0,-0.105999999,-0.180000007,0.0333999991,0.328000009,0.254999995,-0.108999997,0.0445999987,-0.211999997,0.0307999998,-0.294,0.333999991,-0.263999999,-0.0568999983
0.141000003,-0.644999981,0.874000013,-0.0202966873,0.0128978947,0.71188379,0.701885431,0.109999999,0.273000002,0.0709000006,-0.391000003,0,0,0,0.0516000018,-0.216999993,0.144999996,-0.428000003,0,0,0,-0.101000004,-0.178000003,0.0480000004,0.337000012,0.248999998,-0.104999997,0.0430000015,-0.225999996,0.0109000001,-0.310000002,0.356999993,-0.257999986,-0.0612000003
0.144999996,-0.646000028,0.875,-0.0227963955,0.00991843165,0.706888233,0.706888233,0.114,0.273999989,0.0957000032,-0.39199999,0,0,0,0.0518999994,-0.218999997,0.153999999,-0.42899999,0,0,0,-0.0966999978,-0.166999996,0.0614,0.347000003,0.236000001,-0.101000004,0.0406999998,-0.238000005,-0.0141000003,-0.293000013,0.377999991,-0.245000005,-0.0617000014
0.149000004,-0.646000028,0.876999974,-0.0240955121,0.0066087691,0.701869293,0.711867421,0.122000001,0.270999998,0.119999997,-0.39199999,0,0,0,0.0535000004,-0.221000001,0.155000001,-0.430999994,0,0,0,-0.0917000026,-0.150999993,0.0732000023,0.35800001,0.216999993,-0.0957999974,0.0375000015,-0.244000003,-0.0438000001,-0.270999998,0.393000007,-0.233999997,-0.0626000017
0.153999999,-0.646000028,0.878000021,-0.025193142,0.00337908004,0.696810342,0.71680488,0.129999995,0.268000007,0.137999997,-0.39199999,0,0,0,0.0560000017,-0.224000007,0.150999993,-0.433999985,0,0,0,-0.0883999988,-0.135000005,0.0855000019,0.367000014,0.197999999,-0.0892999992,0.0328000002,-0.245000005,-0.0750999972,-0.252999991,0.395999998,-0.224000007,-0.0644000024
0.159999996,-0.646000028,0.879000008,-0.0257088669,0.000840289833,0.693239136,0.720248463,0.137999997,0.266000003,0.145999998,-0.391000003,0,0,0,0.0599999987,-0.225999996,0.140000001,-0.437000006,0,0,0,-0.0854000002,-0.119000003,0.0962999985,0.375999987,0.180000007,-0.0807000026,0.0281000007,-0.240999997,-0.108000003,-0.237000003,0.388000011,-0.186000004,-0.060899999
0.165999994,-0.644999981,0.879999995,-0.0252884078,-0.000972554202,0.68968385,0.723668251,0.145999998,0.263000011,0.147,-0.389999986,0,0,0,0.065200001,-0.229000002,0.131999999,-0.43900001,0,0,0,-0.0829999968,-0.105999999,0.104999997,0.382999986,0.166999996,-0.0741000026,0.0259000007,-0.232999995,-0.141000003,-0.224999994,0.365999997,-0.108999997,-0.0516000018
0.172999993,-0.643999994,0.879999995,-0.0243043827,-0.00197035543,0.687123892,0.726130961,0.150999993,0.259000003,0.143000007,-0.389999986,0,0,0,0.0702000037,-0.231999993,0.128999993,-0.441000015,0,0,0,-0.0820000023,-0.0961999968,0.115000002,0.388000011,0.159999996,-0.0700000003,0.0229000002,-0.216999993,-0.167999998,-0.211999997,0.328999996,-0.0278999992,-0.0377999991
0.180999994,-0.643000007,0.879000008,-0.0233037614,-0.00305049237,0.686110745,0.727117373,0.153999999,0.257999986,0.140000001,-0.39199999,0,0,0,0.0759000033,-0.232999995,0.126000002,-0.442999989,0,0,0,-0.0820999965,-0.0926999971,0.128999993,0.388000011,0.164000005,-0.0669,0.0196000002,-0.197999999,-0.188999996,-0.206,0.286000013,0.0388000011,-0.0287999995
0.192000002,-0.643000007,0.879000008,-0.0225031226,-0.0027103759,0.68509504,0.728100989,0.153999999,0.256000012,0.140000001,-0.393999994,0,0,0,0.0812999979,-0.232999995,0.116999999,-0.444000006,0,0,0,-0.0813999996,-0.0953999981,0.144999996,0.388000011,0.172999993,-0.0647,0.0161000006,-0.181999996,-0.203999996,-0.201000005,0.25,0.0864000022,-0.0167999994
0.202999994,-0.643000007,0.876999974,-0.0208884716,-0.0011493657,0.684622163,0.728597863,0.152999997,0.252999991,0.141000003,-0.395000011,0,0,0,0.0856999978,-0.234999999,0.108999997,-0.444000006,0,0,0,-0.0806000009,-0.0996000022,0.159999996,0.386999995,0.182999998,-0.0610999987,0.0118000004,-0.171000004,-0.217999995,-0.197999999,0.223000005,0.130999997,-0.00173999998
0.215000004,-0.643999994,0.875999987,-0.0190032348,0.00124021117,0.68411649,0.72912411,0.150999993,0.250999987,0.143000007,-0.395999998,0,0,0,0.0887999982,-0.233999997,0.101000004,-0.444999993,0,0,0,-0.0797000006,-0.107000001,0.175999999,0.384000003,0.194999993,-0.0568000004,0.00624000002,-0.162,-0.224999994,-0.194999993,0.202000007,0.165000007,0.00985999964
0.230000004,-0.644999981,0.873000026,-0.0171033378,0.00452088202,0.684133496,0.729142234,0.149000004,0.250999987,0.144999996,-0.395999998,0,0,0,0.0907000005,-0.231999993,0.0742999986,-0.448000014,0,0,0,-0.0804999992,-0.118000001,0.194000006,0.379000008,0.209000006,-0.0507999994,-0.000442999997,-0.152999997,-0.225999996,-0.185000002,0.187999994,0.159999996,0.0351999998
0.246999994,-0.647000015,0.870000005,-0.0152037844,0.00789196427,0.685170537,0.728181225,0.148000002,0.252999991,0.144999996,-0.395000011,0,0,0,0.0930999964,-0.229000002,0.0383000001,-0.451000005,0,0,0,-0.0839999989,-0.129999995,0.215000004,0.374000013,0.222000003,-0.0408999994,-0.00934000034,-0.148000002,-0.217999995,-0.164000005,0.191,0.101000004,0.0524999984
0.263999999,-0.648000002,0.865999997,-0.0132037988,0.0112032229,0.686197415,0.727209223,0.148000002,0.256000012,0.143000007,-0.395000011,0,0,0,0.0940999985,-0.231000006,0.0241,-0.451999992,0,0,0,-0.0874999985,-0.134000003,0.234999999,0.365999997,0.222000003,-0.0298999995,-0.0179999992,-0.148000002,-0.204999998,-0.150999993,0.202000007,0.0346999988,0.0465999991
0.280999988,-0.648999989,0.862999976,-0.0105029123,0.0145040215,0.686190268,0.727201649,0.151999995,0.259000003,0.141000003,-0.395000011,0,0,0,0.0931999981,-0.236000001,0.0296,-0.451999992,0,0,0,-0.0921000019,-0.128000006,0.250999987,0.363000005,0.209000006,-0.0157999992,-0.0244999994,-0.153999999,-0.188999996,-0.153999999,0.224999994,-0.0377000012,0.0329999998
0.300000012,-0.648999989,0.860000014,-0.00824125262,0.0182027667,0.684103967,0.729110763,0.160999998,0.263000011,0.142000005,-0.393999994,0,0,0,0.0883999988,-0.240999997,0.0384000018,-0.451000005,0,0,0,-0.0974000022,-0.115000002,0.266000003,0.363999993,0.187000006,-0.0104999999,-0.0264999997,-0.166999996,-0.169,-0.165000007,0.252000004,-0.0890000015,0.0153999999
0.317999989,-0.649999976,0.85799998,-0.00710977253,0.0206993376,0.680978195,0.731976561,0.170000002,0.270999998,0.144999996,-0.393999994,0,0,0,0.0822999999,-0.241999999,0.0412000008,-0.451999992,0,0,0,-0.101000004,-0.101000004,0.282999992,0.363000005,0.170000002,-0.0493000001,-0.0166999996,-0.186000004,-0.147,-0.157000005,0.282999992,-0.122000001,0.00307999994
0.337000012,-0.65200001,0.856999993,-0.00599254263,0.023710061,0.677287362,0.73531201,0.181999996,0.27700001,0.157000005,-0.393999994,0,0,0,0.0762000009,-0.241999999,0.0432999991,-0.451000005,0,0,0,-0.103,-0.0926000029,0.298000008,0.360000014,0.166999996,-0.109999999,0.000679999997,-0.216999993,-0.127000004,-0.142000005,0.328000009,-0.141000003,-0.00505999988
0.354000002,-0.652999997,0.856999993,-0.00455760419,0.0275854999,0.674645399,0.737612265,0.189999998,0.280000001,0.159999996,-0.395999998,0,0,0,0.070600003,-0.246000007,0.0476999991,-0.449999988,0,0,0,-0.104999997,-0.0989999995,0.307999998,0.342000008,0.184,-0.177000001,0.0222999994,-0.233999997,-0.108000003,-0.134000003,0.351000011,-0.155000001,-0.0118000004
0.372000009,-0.652999997,0.85799998,-0.00168009237,0.0311017095,0.674037088,0.738040558,0.192000002,0.280000001,0.149000004,-0.398000002,0,0,0,0.0689999983,-0.252999991,0.0474999994,-0.451000005,0,0,0,-0.104999997,-0.120999999,0.31099999,0.279000014,0.215000004,-0.213,0.0412000008,-0.225999996,-0.0900000036,-0.142000005,0.340999991,-0.165999994,-0.0173000004
0.386999995,-0.65200001,0.861000001,0.00253986057,0.0343981126,0.673963022,0.737959459,0.187000006,0.273999989,0.135000005,-0.400000006,0,0,0,0.0719999969,-0.263000011,0.0351000018,-0.453000009,0,0,0,-0.0993999988,-0.158999994,0.298000008,0.194000006,0.270000011,-0.173999995,0.0625,-0.211999997,-0.0763000026,-0.147,0.324000001,-0.164000005,-0.0214000009
0.400000006,-0.65200001,0.862999976,0.00885677097,0.0382860399,0.671755049,0.739730282,0.182999998,0.25999999,0.128000006,-0.400999993,0,0,0,0.0746000037,-0.275999993,0.0289999992,-0.453999996,0,0,0,-0.0904000029,-0.186000004,0.25999999,0.136999995,0.319000006,-0.131999999,0.0516000018,-0.197999999,-0.0702999979,-0.143000007,0.30399999,-0.157000005,-0.0231999997
0.409000009,-0.651000023,0.865999997,0.0156075014,0.0431207256,0.667320747,0.743357269,0.180000007,0.239999995,0.127000004,-0.398999989,0,0,0,0.0741000026,-0.289999992,0.0315000005,-0.455000013,0,0,0,-0.0782999992,-0.207000002,0.202999994,0.0964000002,0.365999997,-0.142000005,0.0436999984,-0.180999994,-0.0706999972,-0.133000001,0.27700001,-0.147,-0.0225000009
0.416000009,-0.65200001,0.869000018,0.0188980319,0.0509946896,0.664930791,0.744922445,0.175999999,0.218999997,0.136999995,-0.393000007,0,0,0,0.058699999,-0.298999995,0.0428000018,-0.453999996,0,0,0,-0.0738999993,-0.216000006,0.143000007,0.103,0.368000001,-0.112000003,0.0348999985,-0.160999998,-0.0715000033,-0.136999995,0.225999996,-0.123999998,-0.0192000009
0.423999995,-0.65200001,0.870000005,0.0218877235,0.0537698429,0.661628901,0.747580717,0.180999994,0.206,0.143999994,-0.388999999,0,0,0,0.0522999987,-0.303000003,0.0538000017,-0.455000013,0,0,0,-0.0681999996,-0.217999995,0.0995000005,0.148000002,0.372000009,-0.101999998,0.0300999992,-0.149000004,-0.0671000034,-0.135000005,0.203999996,-0.116999999,-0.0163000003
0.432000011,-0.651000023,0.870000005,0.0235081729,0.0557193738,0.657228521,0.751261198,0.185000002,0.199000001,0.148000002,-0.386999995,0,0,0,0.0436999984,-0.303000003,0.0650999993,-0.456,0,0,0,-0.0623000003,-0.211999997,0.0621000007,0.208000004,0.363000005,-0.122000001,0.0329999998,-0.142000005,-0.0604000017,-0.130999997,0.191,-0.114,-0.0131000001
0.439999998,-0.651000023,0.869000018,0.0238959861,0.055890611,0.6518905,0.755873004,0.187000006,0.195999995,0.147,-0.386999995,0,0,0,0.0355000012,-0.300000012,0.0786999986,-0.456,0,0,0,-0.0549000017,-0.202999994,0.0262000002,0.233999997,0.344999999,-0.131999999,0.0375000015,-0.138999999,-0.0491000004,-0.122000001,0.186000004,-0.115000002,-0.0133999996
0.446999997,-0.649999976,0.866999984,0.0236025976,0.0549060424,0.647071205,0.760083614,0.188999996,0.195999995,0.144999996,-0.388000011,0,0,0,0.0265999995,-0.294,0.0904000029,-0.453999996,0,0,0,-0.0507999994,-0.193000004,-0.00911999959,0.231000006,0.317000002,-0.125,0.0333000012,-0.137999997,-0.0351000018,-0.112999998,0.187999994,-0.116999999,-0.0172000006
0.453999996,-0.648999989,0.86500001,0.0226096337,0.0527224644,0.642273663,0.764325643,0.191,0.196999997,0.147,-0.388999999,0,0,0,0.0207000002,-0.282999992,0.0952000022,-0.453000009,0,0,0,-0.0474000014,-0.178000003,-0.0397000015,0.208000004,0.280999988,-0.131999999,0.0265999995,-0.138999999,-0.0193000007,-0.101999998,0.194999993,-0.119000003,-0.0219999999
0.460000008,-0.648000002,0.862999976,0.021312141,0.0505287886,0.63636252,0.769438351,0.191,0.196999997,0.148000002,-0.389999986,0,0,0,0.0153000001,-0.272000015,0.101000004,-0.451000005,0,0,0,-0.0427000001,-0.164000005,-0.0649999976,0.169,0.246999994,-0.150000006,0.0239000004,-0.142000005,-0.00439999998,-0.0909999982,0.206,-0.123999998,-0.0258000009
0.465000004,-0.647000015,0.861999989,0.0196002612,0.0485006472,0.631008384,0.774010295,0.193000004,0.196999997,0.150000006,-0.388999999,0,0,0,0.00968999974,-0.261000007,0.104999997,-0.449999988,0,0,0,-0.0392999984,-0.155000001,-0.0832000002,0.134000003,0.219999999,-0.158999994,0.0194000006,-0.147,0.00987999979,-0.0803999975,0.216999993,-0.128000006,-0.0288999993
0.469999999,-0.644999981,0.860000014,0.0188033975,0.0461083336,0.626113127,0.778140608,0.194000006,0.195999995,0.150000006,-0.388999999,0,0,0,0.0109999999,-0.252999991,0.104999997,-0.446999997,0,0,0,-0.0381000005,-0.148000002,-0.0940999985,0.0960000008,0.204999998,-0.140000001,0.0285,-0.148000002,0.0223999992,-0.0732000023,0.226999998,-0.133000001,-0.0322000012
0.47299999,-0.643999994,0.859000027,0.0174893047,0.043473413,0.624618021,0.779523261,0.192000002,0.195999995,0.150999993,-0.388999999,0,0,0,0.0141000003,-0.245000005,0.101999998,-0.444999993,0,0,0,-0.0410000011,-0.143000007,-0.0879999995,0.0887999982,0.200000003,-0.119000003,0.0392999984,-0.144999996,0.0340000018,-0.0688999966,0.231000006,-0.137999997,-0.0348000005
0.476999998,-0.643000007,0.85799998,0.0145028257,0.040307855,0.624121631,0.780151994,0.187000006,0.199000001,0.145999998,-0.389999986,0,0,0,0.0173000004,-0.238000005,0.103,-0.444999993,0,0,0,-0.0454999991,-0.143000007,-0.0702999979,0.0903000012,0.202000007,-0.103,0.0331999995,-0.142000005,0.0485999994,-0.0670000017,0.231999993,-0.143000007,-0.0351000018
0.479000002,-0.643999994,0.856999993,0.00984601086,0.0370849732,0.623747298,0.780683719,0.180000007,0.204999998,0.141000003,-0.388999999,0,0,0,0.0195000004,-0.231999993,0.103,-0.442999989,0,0,0,-0.0500000007,-0.150999993,-0.0502999984,0.0949999988,0.214000002,-0.101000004,0.0247000009,-0.147,0.0647,-0.0680000037,0.243000001,-0.156000003,-0.0310999993
0.481999993,-0.644999981,0.856999993,0.0031600775,0.0348008531,0.621015206,0.783019175,0.173999995,0.209000006,0.140000001,-0.388000011,0,0,0,0.0182000007,-0.228,0.105999999,-0.441000015,0,0,0,-0.0553000011,-0.164000005,-0.0289999992,0.107000001,0.231999993,-0.105999999,0.0233999994,-0.177000001,0.0803999975,-0.0698999986,0.289999992,-0.184,-0.0217000004
0.486000001,-0.646000028,0.856999993,-0.00404945791,0.0328955973,0.614917676,0.787894494,0.171000004,0.213,0.144999996,-0.388000011,0,0,0,0.0104999999,-0.223000005,0.115000002,-0.439999998,0,0,0,-0.0590000004,-0.173999995,-0.00603999989,0.120999999,0.243000001,-0.109999999,0.0232999995,-0.219999999,0.0918999985,-0.0731000006,0.351999998,-0.208000004,0.00368000008
0.490999997,-0.648000002,0.85799998,-0.0109021524,0.0312061599,0.608120036,0.793156568,0.169,0.222000003,0.143999994,-0.386999995,0,0,0,0.00406999979,-0.216999993,0.126000002,-0.439999998,0,0,0,-0.061900001,-0.180000007,0.0178999994,0.133000001,0.25,-0.112000003,0.0194000006,-0.273000002,0.0927999988,-0.0816000029,0.433999985,-0.238000005,0.0494000018
0.497999996,-0.648999989,0.861000001,-0.0159937952,0.030288249,0.600766916,0.798690136,0.160999998,0.234999999,0.141000003,-0.388000011,0,0,0,0.00510999979,-0.210999995,0.130999997,-0.43900001,0,0,0,-0.058699999,-0.177000001,0.0395999998,0.143000007,0.243000001,-0.107000001,0.0148,-0.328000009,0.0781999975,-0.0877000019,0.513999999,-0.241999999,0.059700001
0.504999995,-0.649999976,0.862999976,-0.0188106991,0.0294167324,0.594338038,0.803456975,0.158000007,0.244000003,0.142000005,-0.386999995,0,0,0,0.0103000002,-0.209000006,0.135000005,-0.437999994,0,0,0,-0.0527000017,-0.164000005,0.0566000007,0.152999997,0.225999996,-0.0989999995,0.0121999998,-0.363999993,0.0344000012,-0.127000004,0.56400001,-0.256000012,0.0361000001
0.512000024,-0.649999976,0.86500001,-0.0212982921,0.0280977485,0.590952653,0.805935395,0.157000005,0.245000005,0.158999994,-0.386999995,0,0,0,0.0154999997,-0.209999993,0.136000007,-0.437999994,0,0,0,-0.0496000014,-0.150000006,0.0715999976,0.162,0.207000002,-0.0925000012,0.0100999996,-0.382999986,-0.0212999992,-0.165000007,0.578999996,-0.252999991,-0.00107
0.521000028,-0.649999976,0.865999997,-0.0242917508,0.027190767,0.589799691,0.806726036,0.158000007,0.245000005,0.170000002,-0.38499999,0,0,0,0.0216000006,-0.210999995,0.125,-0.43900001,0,0,0,-0.0493000001,-0.140000001,0.0895000026,0.164000005,0.194000006,-0.0886999965,0.00571000017,-0.386999995,-0.0671999976,-0.165999994,0.555999994,-0.254999995,-0.0498000011
0.531000018,-0.648999989,0.86500001,-0.0245028753,0.0260030526,0.5920695,0.805094502,0.160999998,0.246999994,0.162,-0.381999999,0,0,0,0.0339000002,-0.214000002,0.108000003,-0.43900001,0,0,0,-0.0544000007,-0.128999993,0.104000002,0.158000007,0.186000004,-0.0879999995,0.00144999998,-0.375,-0.115000002,-0.143999994,0.508000016,-0.241999999,-0.0606999993
0.541999996,-0.647000015,0.864000022,-0.0235990877,0.0261989864,0.594977006,0.802968903,0.160999998,0.252000004,0.147,-0.379999995,0,0,0,0.0463999994,-0.216000006,0.0878999978,-0.441000015,0,0,0,-0.0614,-0.123999998,0.118000001,0.150000006,0.186000004,-0.0883999988,-0.00417000009,-0.351999998,-0.156000003,-0.101999998,0.43599999,-0.211999997,-0.0588999987
0.555000007,-0.644999981,0.861999989,-0.0207004857,0.0269006318,0.599014027,0.800018776,0.157000005,0.256000012,0.131999999,-0.379999995,0,0,0,0.0604999997,-0.218999997,0.0746999979,-0.441000015,0,0,0,-0.0675000027,-0.115000002,0.129999995,0.143000007,0.186000004,-0.0913000032,-0.0108000003,-0.32100001,-0.194999993,-0.0555000007,0.356999993,-0.181999996,-0.0516000018
0.569000006,-0.643000007,0.860000014,-0.0172939781,0.0281901838,0.600790797,0.798721885,0.151999995,0.259000003,0.119000003,-0.379999995,0,0,0,0.0734999999,-0.222000003,0.0634000003,-0.441000015,0,0,0,-0.0707999989,-0.105999999,0.142000005,0.137999997,0.186000004,-0.0957000032,-0.0192000009,-0.291999996,-0.226999998,-0.0108000003,0.284000009,-0.153999999,-0.0487999991
0.583999991,-0.64200002,0.856999993,-0.0130982476,0.029796013,0.601919463,0.797893222,0.149000004,0.256999999,0.122000001,-0.381999999,0,0,0,0.0835999995,-0.223000005,0.0540000014,-0.441000015,0,0,0,-0.0732000023,-0.0969000012,0.155000001,0.136999995,0.187999994,-0.0988000035,-0.0270000007,-0.264999986,-0.252000004,0.0116999997,0.224000007,-0.136999995,-0.0467999987
0.600000024,-0.640999973,0.852999985,-0.00899859161,0.0319949953,0.601905818,0.797875135,0.150000006,0.25,0.136000007,-0.38499999,0,0,0,0.0878000036,-0.224000007,0.0472999997,-0.442999989,0,0,0,-0.0764999986,-0.0901999995,0.171000004,0.137999997,0.192000002,-0.0987000018,-0.0340999998,-0.243000001,-0.263999999,0.00449999981,0.186000004,-0.142000005,-0.0430000015
0.617999971,-0.640999973,0.848999977,-0.00367943436,0.0329949268,0.59790806,0.800876862,0.153999999,0.246000007,0.143000007,-0.388999999,0,0,0,0.0975999981,-0.230000004,0.0414000005,-0.442999989,0,0,0,-0.0715999976,-0.0885000005,0.191,0.138999999,0.216999993,-0.104999997,-0.0434000008,-0.237000003,-0.263000011,-0.0144999996,0.194000006,-0.148000002,-0.0192000009
0.638999999,-0.64200002,0.846000016,-0.00198990232,0.0354982582,0.594970816,0.802960548,0.158999994,0.248999998,0.149000004,-0.391000003,0,0,0,0.0960000008,-0.225999996,0.0443999991,-0.442999989,0,0,0,-0.0698999986,-0.0837000012,0.217999995,0.143000007,0.222000003,-0.0934000015,-0.0522999987,-0.238999993,-0.248999998,-0.0304000005,0.204999998,-0.163000003,0.00173999998
0.660000026,-0.643999994,0.843999982,-0.00287868077,0.0406813558,0.593727881,0.803631722,0.162,0.250999987,0.163000003,-0.388999999,0,0,0,0.0799999982,-0.219999999,0.0560999997,-0.444000006,0,0,0,-0.074500002,-0.0749000013,0.240999997,0.151999995,0.199000001,-0.061999999,-0.0551999994,-0.256999999,-0.230000004,-0.0513000004,0.217999995,-0.120999999,0.0188999996
0.680999994,-0.646000028,0.843999982,-0.00375937035,0.0427928346,0.591900873,0.804865204,0.169,0.254000008,0.174999997,-0.388999999,0,0,0,0.0759000033,-0.216000006,0.0626000017,-0.442999989,0,0,0,-0.0733999982,-0.0738999993,0.268999994,0.159999996,0.194999993,-0.0187999997,-0.0551000014,-0.291999996,-0.206,-0.061900001,0.27700001,-0.109999999,0.0298999995
0.703999996,-0.648000002,0.846000016,-0.0047390822,0.0440914645,0.595884642,0.801844734,0.172999993,0.257999986,0.174999997,-0.388999999,0,0,0,0.0715999976,-0.214000002,0.069600001,-0.442000002,0,0,0,-0.0800999999,-0.0873999968,0.300999999,0.165999994,0.204999998,0.0359999985,-0.0557999983,-0.301999986,-0.177000001,-0.0785999969,0.308999985,-0.112000003,0.0276999995
0.731000006,-0.648999989,0.847000003,-0.00290999903,0.0394999882,0.603999764,0.795999729,0.177000001,0.272000015,0.150999993,-0.393000007,0,0,0,0.0901999995,-0.213,0.0546999983,-0.441000015,0,0,0,-0.0869999975,-0.112999998,0.338,0.179000005,0.25,0.0898000002,-0.052099999,-0.282999992,-0.141000003,-0.108999997,0.326000005,-0.134000003,0.00951000024
0.753000021,-0.649999976,0.850000024,0.000788740115,0.0406865932,0.610798737,0.790739452,0.170000002,0.270999998,0.128999993,-0.393999994,0,0,0,0.0938000008,-0.219999999,0.0416000001,-0.439999998,0,0,0,-0.0926000029,-0.135000005,0.342000008,0.201000005,0.284000009,0.101000004,-0.0041100001,-0.256999999,-0.116999999,-0.130999997,0.307000011,-0.131999999,-0.00258999993
0.768999994,-0.649999976,0.855000019,0.00735006186,0.0446003736,0.614005183,0.788006611,0.163000003,0.256999999,0.116999999,-0.395000011,0,0,0,0.0930999964,-0.238000005,0.0443000011,-0.439999998,0,0,0,-0.0926999971,-0.162,0.312000006,0.195999995,0.340999991,0.00759000005,0.0377999991,-0.234999999,-0.108999997,-0.138999999,0.284000009,-0.123999998,-0.00929000042
0.781000018,-0.648999989,0.85799998,0.0133969044,0.0483888201,0.613858198,0.787817972,0.158999994,0.238999993,0.115000002,-0.393000007,0,0,0,0.0913000032,-0.256000012,0.0498000011,-0.43900001,0,0,0,-0.0872000009,-0.185000002,0.26699999,0.194999993,0.393999994,-0.059700001,0.0560999997,-0.214000002,-0.103,-0.143000007,0.256999999,-0.115999997,-0.0136000002
0.791000009,-0.648999989,0.860000014,0.0184911714,0.0516753268,0.613707002,0.787623929,0.156000003,0.219999999,0.116999999,-0.389999986,0,0,0,0.0878999978,-0.272000015,0.056499999,-0.439999998,0,0,0,-0.0800999999,-0.202999994,0.213,0.202000007,0.428000003,-0.0914999992,0.0626000017,-0.194999993,-0.0988000035,-0.144999996,0.232999995,-0.112000003,-0.0164000001
0.799000025,-0.648000002,0.860000014,0.0216028437,0.0539070944,0.614080841,0.787103591,0.150000006,0.207000002,0.115000002,-0.388999999,0,0,0,0.0847999975,-0.284999996,0.0649999976,-0.439999998,0,0,0,-0.0709000006,-0.215000004,0.155000001,0.213,0.444999993,-0.119999997,0.0566999987,-0.181999996,-0.0935999975,-0.147,0.216999993,-0.109999999,-0.0174000002
0.808000028,-0.647000015,0.860000014,0.0230061431,0.0540144243,0.61516427,0.786209947,0.145999998,0.202000007,0.108000003,-0.388000011,0,0,0,0.0843999982,-0.293000013,0.075000003,-0.437999994,0,0,0,-0.0649000034,-0.216999993,0.104000002,0.233999997,0.437999994,-0.131999999,0.0463999994,-0.170000002,-0.0834999979,-0.151999995,0.209999993,-0.112999998,-0.0190999992
0.815999985,-0.646000028,0.859000027,0.0233963365,0.0533916398,0.616903402,0.784877147,0.143000007,0.195999995,0.108000003,-0.388000011,0,0,0,0.0797000006,-0.294999987,0.0794999972,-0.43900001,0,0,0,-0.0627999976,-0.210999995,0.0544000007,0.256000012,0.411000013,-0.155000001,0.0454000011,-0.158999994,-0.071800001,-0.158000007,0.201000005,-0.116999999,-0.0220999997
0.824999988,-0.644999981,0.856999993,0.0224073659,0.0509167407,0.61920359,0.783257499,0.140000001,0.195999995,0.107000001,-0.389999986,0,0,0,0.0815000013,-0.289999992,0.0785000026,-0.439999998,0,0,0,-0.0595999993,-0.203999996,0.0135000004,0.261000007,0.381000012,-0.159999996,0.0390999988,-0.149000004,-0.0553000011,-0.164000005,0.200000003,-0.123999998,-0.0272000004
0.833000004,-0.643999994,0.853999972,0.0208043523,0.0480100442,0.622130129,0.781163438,0.136000007,0.197999999,0.103,-0.391000003,0,0,0,0.0834000036,-0.282000005,0.0763999969,-0.439999998,0,0,0,-0.0562000014,-0.196999997,-0.0196000002,0.256999999,0.349999994,-0.165000007,0.0320000015,-0.142000005,-0.0383000001,-0.171000004,0.203999996,-0.133000001,-0.0310999993
0.839999974,-0.64200002,0.851999998,0.0196982266,0.044895958,0.623943838,0.779929753,0.135000005,0.196999997,0.104999997,-0.39199999,0,0,0,0.0820000023,-0.273999989,0.0812999979,-0.439999998,0,0,0,-0.0531000011,-0.187000006,-0.0472999997,0.246999994,0.32100001,-0.180999994,0.0337000005,-0.136000007,-0.0231999997,-0.177000001,0.209999993,-0.141000003,-0.0355999991
0.845000029,-0.639999986,0.851000011,0.0185989119,0.0409976024,0.622963577,0.780954326,0.137999997,0.195999995,0.109999999,-0.39199999,0,0,0,0.0797000006,-0.266000003,0.0864000022,-0.439999998,0,0,0,-0.0500999987,-0.175999999,-0.0680999979,0.222000003,0.296000004,-0.191,0.0344999991,-0.131999999,-0.00891000032,-0.177000001,0.218999997,-0.149000004,-0.0390999988
0.850000024,-0.638999999,0.850000024,0.0160979786,0.0397950009,0.621921861,0.781901792,0.137999997,0.192000002,0.115000002,-0.391000003,0,0,0,0.0692000017,-0.254000008,0.0899000019,-0.43900001,0,0,0,-0.0469000004,-0.162,-0.0859000012,0.192000002,0.254000008,-0.155000001,0.0364000015,-0.127000004,0.00516999979,-0.174999997,0.214000002,-0.147,-0.0414999984
0.853999972,-0.637000024,0.848999977,0.0150097014,0.036323478,0.621401644,0.782505789,0.140000001,0.191,0.115000002,-0.391000003,0,0,0,0.0678000003,-0.241999999,0.0904000029,-0.43900001,0,0,0,-0.0458000004,-0.155000001,-0.0870999992,0.167999998,0.239999995,-0.125,0.0500000007,-0.119999997,0.0176999997,-0.175999999,0.216000006,-0.151999995,-0.0441999994
0.856999993,-0.63499999,0.84799999,0.0129046852,0.0319115846,0.623226273,0.781283644,0.142000005,0.193000004,0.112000003,-0.391000003,0,0,0,0.0714000016,-0.231999993,0.0942000002,-0.437000006,0,0,0,-0.0485000014,-0.150999993,-0.0715999976,0.158999994,0.245000005,-0.119000003,0.0482000001,-0.112000003,0.0322999991,-0.181999996,0.217999995,-0.158000007,-0.0474999994
0.860000014,-0.63499999,0.847000003,0.00775152528,0.0288056681,0.626123201,0.779153313,0.136999995,0.196999997,0.105999999,-0.39199999,0,0,0,0.0684999973,-0.224000007,0.101000004,-0.43599999,0,0,0,-0.0524000004,-0.160999998,-0.052099999,0.158000007,0.259000003,-0.109999999,0.0412000008,-0.118000001,0.0485000014,-0.187000006,0.230000004,-0.164000005,-0.0504000001
0.861999989,-0.635999978,0.847000003,0.00123958579,0.0263911809,0.626790523,0.778739757,0.136000007,0.200000003,0.104000002,-0.39199999,0,0,0,0.063500002,-0.217999995,0.100000001,-0.435000002,0,0,0,-0.0582999997,-0.177000001,-0.0311999992,0.162,0.277999997,-0.111000001,0.0375000015,-0.140000001,0.0625,-0.188999996,0.261999995,-0.173999995,-0.0498000011
0.86500001,-0.637000024,0.84799999,-0.00607821432,0.0240929211,0.626815805,0.778771168,0.135000005,0.204999998,0.103,-0.39199999,0,0,0,0.0573999994,-0.211999997,0.101000004,-0.435000002,0,0,0,-0.0658000037,-0.188999996,-0.0107000005,0.163000003,0.287999988,-0.114,0.0383000001,-0.173999995,0.0746000037,-0.189999998,0.312999994,-0.180999994,-0.0471000001
0.869000018,-0.638000011,0.848999977,-0.0138997772,0.0223996406,0.623990025,0.780987517,0.129999995,0.213,0.104999997,-0.393000007,0,0,0,0.0489000008,-0.204999998,0.109999999,-0.43599999,0,0,0,-0.0680999979,-0.194000006,0.0114000002,0.162,0.287,-0.114,0.0375000015,-0.224999994,0.0817999989,-0.187999994,0.384000003,-0.169,-0.0283000004
0.874000013,-0.639999986,0.851999998,-0.0201009097,0.0212009596,0.620028085,0.784035488,0.125,0.221000001,0.115999997,-0.395000011,0,0,0,0.0447999984,-0.202000007,0.118000001,-0.437000006,0,0,0,-0.0658999979,-0.192000002,0.0313000008,0.165000007,0.273999989,-0.111000001,0.0333999991,-0.275000006,0.0758000016,-0.189999998,0.453999996,-0.173999995,0.00968000013
0.879999995,-0.640999973,0.853999972,-0.024510329,0.0202085159,0.618260531,0.785330997,0.120999999,0.226999998,0.131999999,-0.395000011,0,0,0,0.0469999984,-0.202000007,0.122000001,-0.437000006,0,0,0,-0.0636000037,-0.182999998,0.0485000014,0.170000002,0.252999991,-0.103,0.0262000002,-0.316000015,0.0566999987,-0.185000002,0.507000029,-0.179000005,0.0313000008
0.885999978,-0.640999973,0.856000006,-0.0275054705,0.0190037791,0.617122726,0.786156375,0.122000001,0.231999993,0.149000004,-0.393000007,0,0,0,0.0513000004,-0.203999996,0.123000003,-0.437999994,0,0,0,-0.0606999993,-0.169,0.0632999986,0.172000006,0.229000002,-0.0951000005,0.0196000002,-0.342000008,0.0189999994,-0.189999998,0.537,-0.179000005,0.0247000009
0.893000007,-0.640999973,0.85799998,-0.0299860629,0.0175918238,0.61771288,0.785634878,0.126000002,0.233999997,0.162,-0.391000003,0,0,0,0.0548,-0.207000002,0.120999999,-0.439999998,0,0,0,-0.059700001,-0.156000003,0.0775000006,0.172999993,0.207000002,-0.0876000002,0.0141000003,-0.356000006,-0.0305000003,-0.202999994,0.546999991,-0.165000007,-0.00297000003
0.899999976,-0.640999973,0.859000027,-0.0318092365,0.016104676,0.618179437,0.785227989,0.128999993,0.238000005,0.163000003,-0.388000011,0,0,0,0.0603,-0.209999993,0.112000003,-0.442000002,0,0,0,-0.0568999983,-0.144999996,0.0922000036,0.172999993,0.193000004,-0.0826999992,0.00862000044,-0.358999997,-0.0826999992,-0.203999996,0.537,-0.157000005,-0.0278999992
0.907999992,-0.638999999,0.85799998,-0.0280996849,0.0132998503,0.619993038,0.78399117,0.136999995,0.239999995,0.151999995,-0.386999995,0,0,0,0.0828000009,-0.222000003,0.0945999995,-0.442999989,0,0,0,-0.0544000007,-0.136999995,0.101999998,0.169,0.202999994,-0.0952999964,0.00237999996,-0.36500001,-0.141000003,-0.180000007,0.549000025,-0.147,-0.0405000001
0.916999996,-0.638000011,0.85799998,-0.0277874345,0.0125943051,0.621718851,0.782646096,0.140000001,0.244000003,0.145999998,-0.384000003,0,0,0,0.0900000036,-0.224000007,0.0832000002,-0.444999993,0,0,0,-0.0527000017,-0.127000004,0.115000002,0.165999994,0.194999993,-0.0936999992,-0.00233000005,-0.351000011,-0.185000002,-0.157000005,0.501999974,-0.0590999983,-0.0408000015
0.926999986,-0.635999978,0.856999993,-0.0260978201,0.0121989806,0.623947886,0.780934776,0.143000007,0.246999994,0.147,-0.382999986,0,0,0,0.0953999981,-0.224999994,0.0785999969,-0.446999997,0,0,0,-0.0529000014,-0.116999999,0.126000002,0.163000003,0.188999996,-0.0922999978,-0.00616999995,-0.328000009,-0.222000003,-0.130999997,0.439999998,0.0292000007,-0.0362000018
0.938000023,-0.63499999,0.856000006,-0.0237031068,0.0123016116,0.625081911,0.780102197,0.145999998,0.247999996,0.148000002,-0.384000003,0,0,0,0.0991000012,-0.224999994,0.0768000036,-0.448000014,0,0,0,-0.0520000011,-0.107000001,0.137999997,0.160999998,0.184,-0.0921000019,-0.0102000004,-0.301999986,-0.254999995,-0.112999998,0.375999987,0.0997999981,-0.0370999984
0.950999975,-0.633000016,0.853999972,-0.0201041186,0.0127026025,0.625128085,0.780159821,0.149000004,0.248999998,0.150999993,-0.386000007,0,0,0,0.101999998,-0.224999994,0.0744000003,-0.449000001,0,0,0,-0.0502999984,-0.0961000025,0.150999993,0.160999998,0.184,-0.0943000019,-0.0148,-0.273000002,-0.280999988,-0.104000002,0.317000002,0.153999999,-0.0270000007
0.966000021,-0.632000029,0.851000011,-0.0163939736,0.0137949288,0.625769953,0.779713347,0.151999995,0.247999996,0.159999996,-0.388000011,0,0,0,0.103,-0.225999996,0.0680999979,-0.449000001,0,0,0,-0.052099999,-0.0899000019,0.165999994,0.157000005,0.187999994,-0.0970999971,-0.0216000006,-0.246000007,-0.294,-0.074500002,0.268999994,0.202000007,-0.0109999999
0.984000027,-0.632000029,0.84799999,-0.0125957888,0.0152948864,0.625790761,0.779739274,0.153999999,0.248999998,0.165999994,-0.391000003,0,0,0,0.103,-0.225999996,0.057500001,-0.449000001,0,0,0,-0.0538999997,-0.0863000005,0.186000004,0.152999997,0.195999995,-0.0993999988,-0.0307999998,-0.226999998,-0.296000004,-0.0305000003,0.246000007,0.194999993,0.0207000002
1,-0.633000016,0.843999982,-0.0110042591,0.0197076279,0.626242374,0.779301613,0.153999999,0.25,0.172999993,-0.39199999,0,0,0,0.0908999965,-0.222000003,0.057,-0.449999988,0,0,0,-0.0599000007,-0.0816999972,0.208000004,0.151999995,0.187000006,-0.0916000009,-0.0417999998,-0.215000004,-0.291999996,-0.0307999998,0.241999999,0.142000005,0.0590000004
1.01999998,-0.634000003,0.839999974,-0.00721055162,0.0214016383,0.624047758,0.781059776,0.158999994,0.252000004,0.181999996,-0.393999994,0,0,0,0.0885000005,-0.224000007,0.0626000017,-0.449000001,0,0,0,-0.0610000007,-0.076700002,0.230000004,0.153999999,0.194999993,-0.0910999998,-0.0478999987,-0.213,-0.279000014,-0.0256999992,0.268999994,0.0555999987,0.0610000007
1.03999996,-0.63499999,0.836000025,-0.00366837449,0.0239893702,0.620724939,0.783652731,0.167999998,0.254000008,0.194999993,-0.39199999,0,0,0,0.0826999992,-0.226999998,0.0665000007,-0.449000001,0,0,0,-0.0599999987,-0.074000001,0.252000004,0.160999998,0.203999996,-0.0800999999,-0.0505999997,-0.217999995,-0.25999999,-0.0390999988,0.298000008,-0.0205000006,0.0516999997
1.05999994,-0.637000024,0.832000017,-0.00108006886,0.0265016904,0.615039248,0.788050263,0.187000006,0.252999991,0.221000001,-0.388000011,0,0,0,0.072800003,-0.229000002,0.0724000037,-0.449000001,0,0,0,-0.0577000007,-0.0671999976,0.275999993,0.172999993,0.207000002,-0.0579000004,-0.054299999,-0.231999993,-0.236000001,-0.061900001,0.333999991,-0.0841000006,0.0342999995
1.08000004,-0.638999999,0.828999996,-0.000199028986,0.0287041798,0.607088401,0.794115674,0.211999997,0.252999991,0.250999987,-0.38499999,0,0,0,0.058600001,-0.229000002,0.0857999995,-0.449000001,0,0,0,-0.0573999994,-0.059700001,0.305000007,0.192000002,0.209000006,-0.0313999988,-0.0584000014,-0.254000008,-0.208000004,-0.0419999994,0.374000013,-0.137999997,0.0274
1.11000001,-0.64200002,0.828999996,-0.000754907375,0.0321960514,0.601926154,0.797902092,0.224999994,0.25999999,0.257999986,-0.384000003,0,0,0,0.0443999991,-0.228,0.0957000032,-0.449000001,0,0,0,-0.0573999994,-0.0623000003,0.331,0.204999998,0.210999995,0.0151000004,-0.056499999,-0.291999996,-0.177000001,-0.0219000001,0.432000011,-0.165000007,0.0197999999
1.13,-0.644999981,0.829999983,-0.000684078017,0.0366041743,0.60406884,0.796090763,0.226999998,0.270000011,0.246000007,-0.386000007,0,0,0,0.0397999994,-0.230000004,0.0954999998,-0.446999997,0,0,0,-0.0648000017,-0.0812999979,0.352999985,0.217999995,0.216999993,0.0864999965,-0.0480999984,-0.305999994,-0.149000004,-0.0333000012,0.460000008,-0.175999999,0.00459000003
1.14999998,-0.648000002,0.83099997,0.00184917784,0.0369835574,0.613727155,0.788649336,0.226999998,0.284000009,0.217999995,-0.391000003,0,0,0,0.0612999983,-0.233999997,0.0824000016,-0.442000002,0,0,0,-0.075000003,-0.114,0.375,0.223000005,0.252999991,0.129999995,-0.0384000018,-0.300999999,-0.120999999,-0.0599999987,0.483999997,-0.207000002,-0.0197999999
1.16999996,-0.649999976,0.834999979,0.00515176285,0.0427146155,0.625213926,0.779266622,0.209999993,0.286000013,0.184,-0.393000007,0,0,0,0.0692000017,-0.241999999,0.0661000013,-0.439999998,0,0,0,-0.0864999965,-0.147,0.360000014,0.231999993,0.272000015,0.108000003,0.0141000003,-0.280999988,-0.107000001,-0.0864999965,0.460000008,-0.207000002,-0.0366000012
1.17999995,-0.65200001,0.838999987,0.0100978124,0.0488894113,0.633862709,0.771832836,0.187999994,0.280999988,0.153999999,-0.393999994,0,0,0,0.0800999999,-0.256999999,0.058600001,-0.43900001,0,0,0,-0.0891000032,-0.180999994,0.317000002,0.225999996,0.31400001,0.00553999981,0.0388000011,-0.261999995,-0.107000001,-0.104999997,0.430999994,-0.199000001,-0.0408999994
1.20000005,-0.652999997,0.842000008,0.014792825,0.0534740637,0.639689715,0.766628179,0.170000002,0.273999989,0.142000005,-0.393000007,0,0,0,0.0917999968,-0.270000011,0.0577999987,-0.43900001,0,0,0,-0.0837000012,-0.202999994,0.266000003,0.239999995,0.347000003,-0.0443000011,0.0443000011,-0.239999995,-0.104000002,-0.116999999,0.397000015,-0.187999994,-0.0443999991
1.20000005,-0.653999984,0.843999982,0.0190077696,0.0566231477,0.643262966,0.763312046,0.158999994,0.263999999,0.141000003,-0.388999999,0,0,0,0.101000004,-0.280999988,0.0615999997,-0.43900001,0,0,0,-0.0751999989,-0.215000004,0.208000004,0.261999995,0.370999992,-0.0763999969,0.0408999994,-0.216999993,-0.0992999971,-0.126000002,0.36500001,-0.179000005,-0.0461000018
1.21000004,-0.654999971,0.846000016,0.0215096715,0.0591265817,0.645290104,0.761342277,0.156000003,0.256999999,0.148000002,-0.382999986,0,0,0,0.105999999,-0.287,0.0648000017,-0.439999998,0,0,0,-0.0678000003,-0.223000005,0.149000004,0.273000002,0.384000003,-0.101000004,0.0379000008,-0.197999999,-0.0922999978,-0.130999997,0.333999991,-0.172999993,-0.0469999984
1.22000003,-0.654999971,0.846000016,0.0235137554,0.0599350644,0.64737875,0.7594443,0.151999995,0.252999991,0.148000002,-0.379000008,0,0,0,0.112000003,-0.289000005,0.0623999983,-0.441000015,0,0,0,-0.059799999,-0.225999996,0.0873000026,0.257999986,0.386999995,-0.130999997,0.0410000011,-0.180000007,-0.0838000029,-0.135000005,0.310000002,-0.169,-0.0467999987
1.23000002,-0.656000018,0.845000029,0.0229018143,0.0596047208,0.649051402,0.758060064,0.149000004,0.256999999,0.143999994,-0.377000004,0,0,0,0.114,-0.284999996,0.058600001,-0.441000015,0,0,0,-0.0520000011,-0.225999996,0.0340000018,0.240999997,0.377999991,-0.153999999,0.0362000018,-0.167999998,-0.0691,-0.141000003,0.293000013,-0.167999998,-0.0489999987
1.24000001,-0.656000018,0.842999995,0.0214036727,0.0586100556,0.649111344,0.758130073,0.150000006,0.261000007,0.145999998,-0.374000013,0,0,0,0.112000003,-0.279000014,0.0573000014,-0.441000015,0,0,0,-0.0436999984,-0.222000003,-0.0124000004,0.226999998,0.358999997,-0.172999993,0.0346000008,-0.159999996,-0.0527999997,-0.143000007,0.280000001,-0.170000002,-0.050999999
1.24000001,-0.656000018,0.842000008,0.0188084713,0.0600270355,0.645290627,0.761342895,0.147,0.257999986,0.162,-0.372000009,0,0,0,0.0995000005,-0.270999998,0.0621999986,-0.43900001,0,0,0,-0.0315999985,-0.201000005,-0.0604999997,0.207000002,0.296000004,-0.169,0.0384999998,-0.149000004,-0.0373999998,-0.141000003,0.248999998,-0.159999996,-0.0516999997
1.25,-0.656000018,0.839999974,0.0169011165,0.0568037555,0.640042297,0.766050614,0.158999994,0.259000003,0.189999998,-0.372000009,0,0,0,0.0961000025,-0.257999986,0.0705000013,-0.437999994,0,0,0,-0.0194000006,-0.185000002,-0.0894000009,0.185000002,0.25999999,-0.181999996,0.0375000015,-0.143000007,-0.0188999996,-0.135000005,0.243000001,-0.158000007,-0.0531000011
1.25999999,-0.654999971,0.838,0.0146043194,0.0529156504,0.634187555,0.771228107,0.175999999,0.256999999,0.224000007,-0.372999996,0,0,0,0.0873999968,-0.244000003,0.0873999968,-0.437999994,0,0,0,-0.00927999988,-0.172000006,-0.104999997,0.181999996,0.230000004,-0.160999998,0.0348999985,-0.136000007,0.000182000003,-0.128000006,0.237000003,-0.157000005,-0.0522999987
1.25999999,-0.654999971,0.837000012,0.0124974773,0.0492900498,0.628873056,0.775843401,0.194999993,0.25,0.252000004,-0.374000013,0,0,0,0.0714000016,-0.231000006,0.101999998,-0.43900001,0,0,0,-0.00569000002,-0.159999996,-0.108999997,0.178000003,0.207000002,-0.138999999,0.0408999994,-0.128999993,0.0149999997,-0.120999999,0.230000004,-0.155000001,-0.0505000018
1.25999999,-0.653999984,0.837000012,0.0103966407,0.046085111,0.626797447,0.777748695,0.210999995,0.243000001,0.263000011,-0.377999991,0,0,0,0.057500001,-0.221000001,0.103,-0.43900001,0,0,0,-0.0102000004,-0.155000001,-0.0997999981,0.166999996,0.201000005,-0.120999999,0.0496000014,-0.123000003,0.0269000009,-0.119000003,0.224999994,-0.153999999,-0.0480000004
1.26999998,-0.653999984,0.836000025,0.00702348786,0.0424210656,0.626311022,0.778386554,0.218999997,0.244000003,0.252000004,-0.384000003,0,0,0,0.0491000004,-0.211999997,0.0982000008,-0.437000006,0,0,0,-0.0179999992,-0.157000005,-0.0812000036,0.169,0.208000004,-0.107000001,0.0425000004,-0.120999999,0.0428999998,-0.123000003,0.225999996,-0.157000005,-0.0494999997
1.26999998,-0.653999984,0.834999979,0.00273963151,0.0392947145,0.625915821,0.778895247,0.222000003,0.246000007,0.231999993,-0.389999986,0,0,0,0.0403000005,-0.206,0.101000004,-0.433999985,0,0,0,-0.0271000005,-0.164000005,-0.064199999,0.178000003,0.217999995,-0.0966999978,0.0392999984,-0.129999995,0.0573999994,-0.119999997,0.243000001,-0.166999996,-0.0511999987
1.26999998,-0.653999984,0.834999979,-0.00274121216,0.0365161481,0.624276089,0.780345066,0.223000005,0.248999998,0.214000002,-0.395000011,0,0,0,0.0320000015,-0.202000007,0.108000003,-0.430999994,0,0,0,-0.0353999995,-0.171000004,-0.0456999987,0.187000006,0.229000002,-0.101000004,0.0397000015,-0.156000003,0.071800001,-0.109999999,0.287999988,-0.187999994,-0.0516999997
1.26999998,-0.654999971,0.834999979,-0.00888876718,0.0337953106,0.619914014,0.783891243,0.222000003,0.25,0.206,-0.398999989,0,0,0,0.0205000006,-0.200000003,0.119000003,-0.430000007,0,0,0,-0.0412000008,-0.175999999,-0.0258000009,0.195999995,0.233999997,-0.107000001,0.0355000012,-0.194999993,0.0833000019,-0.104000002,0.351000011,-0.211999997,-0.0383000001
1.27999997,-0.657000005,0.836000025,-0.0150968229,0.0319932676,0.614870592,0.787834165,0.217999995,0.250999987,0.209999993,-0.40200001,0,0,0,0.00965999998,-0.197999999,0.129999995,-0.430000007,0,0,0,-0.0447000004,-0.182999998,-0.00410000002,0.203999996,0.239999995,-0.108000003,0.0311999992,-0.246000007,0.0835999995,-0.104999997,0.428000003,-0.232999995,0.00227000006
1.27999997,-0.657999992,0.838,-0.0192006657,0.0303010499,0.61202118,0.790027377,0.213,0.252000004,0.216000006,-0.404000014,0,0,0,0.00834000017,-0.197999999,0.137999997,-0.42899999,0,0,0,-0.0467999987,-0.181999996,0.0133999996,0.209000006,0.238000005,-0.103,0.0269000009,-0.289999992,0.0700000003,-0.103,0.495999992,-0.246000007,0.0258000009
1.28999996,-0.658999979,0.841000021,-0.0220017827,0.0290023492,0.60804925,0.793064244,0.206,0.252000004,0.223000005,-0.402999997,0,0,0,0.0104999999,-0.199000001,0.143999994,-0.430000007,0,0,0,-0.0430000015,-0.173999995,0.0280000009,0.215000004,0.224999994,-0.0948999971,0.0254999995,-0.32100001,0.0355000012,-0.126000002,0.537,-0.25,0.0153000001
1.28999996,-0.658999979,0.842000008,-0.0241078472,0.0268087255,0.605197013,0.795258876,0.202000007,0.25,0.234999999,-0.400999993,0,0,0,0.0137999998,-0.201000005,0.147,-0.432000011,0,0,0,-0.0379000008,-0.159999996,0.0419000015,0.222000003,0.208000004,-0.0877000019,0.0201999992,-0.335999995,-0.0135000004,-0.170000002,0.551999986,-0.231000006,-0.0156999994
1.29999995,-0.657999992,0.843999982,-0.025388996,0.0240895595,0.604737922,0.795655162,0.200000003,0.246999994,0.238000005,-0.395999998,0,0,0,0.0196000002,-0.203999996,0.142000005,-0.433999985,0,0,0,-0.0359999985,-0.145999998,0.0548,0.224999994,0.192000002,-0.0841000006,0.0149999997,-0.335999995,-0.0643000007,-0.201000005,0.540000021,-0.218999997,-0.0430000015
1.30999994,-0.657000005,0.842999995,-0.0223111462,0.0213106462,0.605302434,0.795397405,0.199000001,0.244000003,0.222000003,-0.393999994,0,0,0,0.0406999998,-0.216999993,0.128999993,-0.435000002,0,0,0,-0.0357000008,-0.137999997,0.0653000027,0.222000003,0.203999996,-0.0949999988,0.0122999996,-0.344999999,-0.116999999,-0.184,0.546000004,-0.219999999,-0.0527999997
1.32000005,-0.656000018,0.842999995,-0.0229020903,0.0202018428,0.607055393,0.794072496,0.195999995,0.246000007,0.209999993,-0.388999999,0,0,0,0.0480000004,-0.219999999,0.112999998,-0.437000006,0,0,0,-0.0366999991,-0.133000001,0.0794999972,0.218999997,0.202000007,-0.0948999971,0.00858999975,-0.342999995,-0.155000001,-0.158999994,0.50999999,-0.153999999,-0.0432000011
1.33000004,-0.654999971,0.842999995,-0.0225888104,0.019490345,0.60769893,0.793606882,0.192000002,0.247999996,0.200000003,-0.38499999,0,0,0,0.0535000004,-0.221000001,0.103,-0.439999998,0,0,0,-0.0373000018,-0.126000002,0.0926999971,0.215000004,0.200000003,-0.0949999988,0.00488999998,-0.330000013,-0.189999998,-0.137999997,0.453999996,-0.066399999,-0.0317000002
1.34000003,-0.654999971,0.842000008,-0.0219029211,0.0192025619,0.607080956,0.794105935,0.187000006,0.252000004,0.192000002,-0.381999999,0,0,0,0.0573999994,-0.223000005,0.101000004,-0.442000002,0,0,0,-0.0337999985,-0.119000003,0.108000003,0.215000004,0.201000005,-0.0961999968,-0.000209000005,-0.307999998,-0.219999999,-0.128000006,0.381999999,0.00091100001,-0.0219999999
1.35000002,-0.652999997,0.841000021,-0.0187039909,0.0184039274,0.607129542,0.794169488,0.189999998,0.252999991,0.193000004,-0.379000008,0,0,0,0.0627999976,-0.225999996,0.103,-0.444000006,0,0,0,-0.0344000012,-0.108000003,0.120999999,0.216000006,0.202999994,-0.101000004,-0.00378999999,-0.280000001,-0.247999996,-0.123000003,0.31400001,0.075000003,-0.0187999997
1.36000001,-0.65200001,0.838999987,-0.0154043485,0.0177049978,0.607171395,0.794224235,0.194000006,0.252999991,0.195999995,-0.377000004,0,0,0,0.0649000034,-0.228,0.107000001,-0.444999993,0,0,0,-0.0353999995,-0.0979000032,0.136000007,0.215000004,0.208000004,-0.104000002,-0.00837999955,-0.252000004,-0.264999986,-0.109999999,0.25,0.152999997,-0.00803000014
1.38,-0.651000023,0.837000012,-0.0119968438,0.0167955805,0.60784006,0.793791186,0.197999999,0.256000012,0.200000003,-0.377000004,0,0,0,0.0662999973,-0.226999998,0.104999997,-0.444999993,0,0,0,-0.0397999994,-0.0914999992,0.158000007,0.209000006,0.218999997,-0.108999997,-0.0174000002,-0.226999998,-0.270999998,-0.0706999972,0.209999993,0.162,0.0146000003
1.39999998,-0.651000023,0.833999991,-0.0112009834,0.0183016081,0.610053597,0.792069566,0.201000005,0.261000007,0.209000006,-0.375999987,0,0,0,0.0546999983,-0.218999997,0.100000001,-0.446999997,0,0,0,-0.0516000018,-0.0856000036,0.184,0.202000007,0.215000004,-0.103,-0.0296999998,-0.206,-0.261999995,-0.00694000022,0.181999996,0.126000002,0.0373999998
1.41999996,-0.651000023,0.829999983,-0.00703832093,0.0180956838,0.607854965,0.793810651,0.206,0.263000011,0.215000004,-0.379000008,0,0,0,0.0540999994,-0.219999999,0.100000001,-0.446999997,0,0,0,-0.0540999994,-0.076700002,0.207000002,0.202000007,0.224999994,-0.104000002,-0.0375999995,-0.200000003,-0.254999995,0.0151000004,0.200000003,0.0592,0.0601000004
1.44000006,-0.65200001,0.825999975,-0.00391998077,0.0187999073,0.604997044,0.795996089,0.214000002,0.263000011,0.224999994,-0.381999999,0,0,0,0.0489999987,-0.221000001,0.107000001,-0.44600001,0,0,0,-0.059799999,-0.0683000013,0.231999993,0.204999998,0.229000002,-0.0964000002,-0.0447000004,-0.202999994,-0.236000001,0.0171000008,0.233999997,-0.0206000004,0.0553000011
1.46000004,-0.652999997,0.822000027,-0.00120023448,0.0200039067,0.602117602,0.798155872,0.219999999,0.263000011,0.232999995,-0.386000007,0,0,0,0.0428999998,-0.222000003,0.112999998,-0.444999993,0,0,0,-0.0628999993,-0.0584000014,0.256999999,0.209000006,0.226999998,-0.0785999969,-0.0524000004,-0.204999998,-0.210999995,-0.0108000003,0.261000007,-0.0838999972,0.0410999991
1.48000002,-0.656000018,0.819999993,-0.00112997731,0.0208995804,0.600987949,0.798983989,0.224999994,0.264999986,0.238999993,-0.388000011,0,0,0,0.0394000001,-0.216999993,0.107000001,-0.444000006,0,0,0,-0.0644999966,-0.0535000004,0.287999988,0.214000002,0.224000007,-0.0494000018,-0.0581,-0.216999993,-0.181999996,-0.0125000002,0.293000013,-0.128000006,0.0318000019
1.5,-0.658999979,0.819999993,-0.00313978592,0.0228984395,0.60095905,0.79894557,0.226999998,0.264999986,0.246999994,-0.388000011,0,0,0,0.0351999998,-0.211999997,0.100000001,-0.442999989,0,0,0,-0.0675000027,-0.0612999983,0.317000002,0.219999999,0.224000007,-0.00965000037,-0.0549000017,-0.245000005,-0.150000006,-0.00855999999,0.342000008,-0.149000004,0.0265999995
1.51999998,-0.661000013,0.82099998,-0.00248875596,0.0227886083,0.606696703,0.794602791,0.231000006,0.263999999,0.239999995,-0.389999986,0,0,0,0.0461999997,-0.215000004,0.100000001,-0.439999998,0,0,0,-0.0754000023,-0.0837000012,0.349000007,0.224999994,0.248999998,0.0439000018,-0.0542000011,-0.256999999,-0.119000003,-0.0159000009,0.388000011,-0.179000005,0.0159000009
1.53999996,-0.663999975,0.822000027,-0.00251949331,0.0259947718,0.617875687,0.785841943,0.223000005,0.26699999,0.203999996,-0.389999986,0,0,0,0.0549999997,-0.218999997,0.0907000005,-0.437000006,0,0,0,-0.0878000036,-0.123000003,0.368000001,0.245000005,0.277999997,0.0961999968,-0.0408000015,-0.245000005,-0.0927999988,-0.0498999991,0.382999986,-0.193000004,-0.00355000002
1.55999994,-0.666999996,0.825999975,0.00124037966,0.0312095517,0.627191943,0.778238198,0.208000004,0.263000011,0.158000007,-0.388999999,0,0,0,0.0610000007,-0.231999993,0.0833000019,-0.43599999,0,0,0,-0.0945999995,-0.159999996,0.356000006,0.261999995,0.317000002,0.0643000007,0.0194000006,-0.228,-0.0785999969,-0.0722000003,0.363000005,-0.191,-0.0197999999
1.57000005,-0.667999983,0.828999996,0.00616599101,0.0386748542,0.632588726,0.773497085,0.192000002,0.246999994,0.131999999,-0.388000011,0,0,0,0.0634000003,-0.250999987,0.0829999968,-0.43599999,0,0,0,-0.0930000022,-0.196999997,0.312000006,0.254000008,0.367000014,-0.0344000012,0.0527999997,-0.217999995,-0.0803000033,-0.0789000019,0.342000008,-0.181999996,-0.0245999992
1.58000004,-0.670000017,0.832000017,0.00980254351,0.0446115738,0.636165039,0.770199819,0.180999994,0.231999993,0.125,-0.384000003,0,0,0,0.0676999986,-0.26699999,0.0829999968,-0.43599999,0,0,0,-0.0864000022,-0.228,0.25999999,0.250999987,0.405000001,-0.0658999979,0.0538000017,-0.204999998,-0.0802000016,-0.0882000029,0.314999998,-0.171000004,-0.0273000002
1.59000003,-0.670000017,0.833999991,0.0128968674,0.0492880267,0.639844551,0.76681374,0.173999995,0.219999999,0.116999999,-0.377999991,0,0,0,0.0719000027,-0.280000001,0.0788000003,-0.437000006,0,0,0,-0.0794999972,-0.246000007,0.201000005,0.254999995,0.425999999,-0.0860999972,0.0463999994,-0.191,-0.0799999982,-0.100000001,0.287999988,-0.160999998,-0.0286999997
1.60000002,-0.671000004,0.834999979,0.0152989648,0.0524964459,0.642956497,0.763948302,0.166999996,0.213,0.115000002,-0.374000013,0,0,0,0.076700002,-0.287999988,0.0709000006,-0.43900001,0,0,0,-0.0702999979,-0.254000008,0.141000003,0.252999991,0.42899999,-0.105999999,0.0388000011,-0.180000007,-0.0785000026,-0.108999997,0.270999998,-0.153999999,-0.0291000009
1.60000002,-0.671000004,0.833999991,0.0162893241,0.0533650229,0.644577521,0.762500264,0.165000007,0.213,0.115999997,-0.370999992,0,0,0,0.0843999982,-0.289999992,0.063500002,-0.437999994,0,0,0,-0.0617999993,-0.252000004,0.0873999968,0.247999996,0.416000009,-0.125,0.0322000012,-0.173999995,-0.0710999966,-0.112000003,0.263999999,-0.151999995,-0.0309999995
1.61000001,-0.671000004,0.833000004,0.0166052457,0.0537169705,0.647204481,0.760240168,0.160999998,0.216000006,0.116999999,-0.368000001,0,0,0,0.0885000005,-0.287999988,0.0573000014,-0.43900001,0,0,0,-0.0553000011,-0.243000001,0.0377999991,0.231999993,0.388999999,-0.138999999,0.0309999995,-0.165999994,-0.061900001,-0.115999997,0.254999995,-0.150000006,-0.0331000015
1.61000001,-0.671000004,0.832000017,0.01659903,0.0526969232,0.649962005,0.757955736,0.158000007,0.221000001,0.119999997,-0.368000001,0,0,0,0.0930999964,-0.280999988,0.0511000007,-0.439999998,0,0,0,-0.0518000014,-0.232999995,-0.00668000011,0.196999997,0.361999989,-0.165000007,0.0326000005,-0.158000007,-0.0513999984,-0.122000001,0.25,-0.151999995,-0.0375999995
1.62,-0.670000017,0.83099997,0.0148915787,0.0524703265,0.651631513,0.756572189,0.150000006,0.224000007,0.127000004,-0.370000005,0,0,0,0.0926000029,-0.26699999,0.0406999998,-0.43900001,0,0,0,-0.0487999991,-0.209000006,-0.0474000014,0.155000001,0.30399999,-0.165999994,0.0287999995,-0.149000004,-0.0395000018,-0.128999993,0.233999997,-0.144999996,-0.0412999988
1.63,-0.670000017,0.829999983,0.0126054133,0.0484207935,0.652280125,0.756324778,0.150000006,0.231000006,0.135000005,-0.372000009,0,0,0,0.0952000022,-0.248999998,0.0377000012,-0.43900001,0,0,0,-0.0450000018,-0.188999996,-0.0649000034,0.129999995,0.26699999,-0.160999998,0.0175999999,-0.144999996,-0.0219999999,-0.133000001,0.237000003,-0.147,-0.0441000015
1.63,-0.66900003,0.828000009,0.011798963,0.0433961852,0.651942688,0.756933476,0.158000007,0.233999997,0.147,-0.372999996,0,0,0,0.0957000032,-0.231999993,0.0406999998,-0.43900001,0,0,0,-0.0463999994,-0.167999998,-0.0707999989,0.115000002,0.236000001,-0.136999995,0.0340999998,-0.136000007,-0.00734000001,-0.131999999,0.237000003,-0.152999997,-0.0441000015
1.63,-0.667999983,0.827000022,0.0107022457,0.0390081844,0.65313702,0.756158619,0.165000007,0.233999997,0.153999999,-0.375999987,0,0,0,0.0917999968,-0.216000006,0.0392000005,-0.439999998,0,0,0,-0.0533000007,-0.150000006,-0.0588000007,0.112000003,0.213,-0.116999999,0.0361000001,-0.125,0.00466000009,-0.140000001,0.231999993,-0.152999997,-0.0441999994
1.63999999,-0.667999983,0.825999975,0.0100985473,0.0336951545,0.654905785,0.754891429,0.172000006,0.236000001,0.155000001,-0.377999991,0,0,0,0.0927999988,-0.201000005,0.0252999999,-0.441000015,0,0,0,-0.059799999,-0.141000003,-0.0450000018,0.107000001,0.206,-0.0998999998,0.0250000004,-0.108999997,0.0181000009,-0.140000001,0.221000001,-0.157000005,-0.0494000018
