-0.00212187156337,0.0115444567454,0.810044366199,0.0423071533442,0.046871829778,-0.668698966503,0.740847349167,-0.0981432447807,-0.0373512430525,0.0594813332352,0.146903856943,-0.272225005233,0.0866739553426,-0.121496909296,0.00310279133069,-0.328256024995,0.167192289553,-0.280063428944,-0.116468158655,-0.0341437496245,0,0,0.48748402217,0.277889054461,-0.371596769618,0.130517127242,0.000322678281577,-0.0760845132365,5.46785969818e-20,0.457522383385,-0.229128212904,0.309873727431,0.122990573556,-0.00046709285182,-0.0567178932254,0
-0.0023109095097,0.01181091046,0.809860733275,0.0428673513234,0.0474652461708,-0.668875396252,0.740618109703,-0.109433834575,-0.0374944260173,0.0531159383526,0.170631132205,-0.302808292501,0.083378357304,-0.124711252846,0.00812068543146,-0.316666813853,0.168273871236,-0.289664645682,-0.123775276645,-0.0287930928171,0,0,0.483001207107,0.278461161634,-0.373173755032,0.131458317553,0.000334568078094,-0.0776360986616,4.96660867011e-22,0.455368536119,-0.227422462868,0.307819895067,0.124050972608,-0.000476553429433,-0.0584253107379,0
-0.00241729513036,0.0119546194227,0.809409679085,0.0438313893974,0.0485621057451,-0.66858869791,0.740749359131,-0.125418915648,-0.0434600619518,0.0353029580981,0.204461195795,-0.3583545487,0.0869339551275,-0.132441998644,0.0146041287217,-0.296180420528,0.175717844957,-0.305619529685,-0.132824066022,-0.0270923860371,0,0,0.48061226272,0.280899051802,-0.376437542633,0.131602791576,0.00032662555951,-0.0774012178038,-3.47180441347e-20,0.454888134782,-0.225296737948,0.304101894261,0.123953920589,-0.000480623413301,-0.0583955387209,0
-0.00257579159349,0.0113729036735,0.808621498739,0.0454204045236,0.0503272749484,-0.668448448181,0.740662455559,-0.139442117085,-0.0493920619828,0.0214572161143,0.235291681229,-0.421644517559,0.0909658416551,-0.145408402991,0.017511974169,-0.283416220939,0.194727699748,-0.333989237029,-0.142569065905,-0.0267266258597,0,0,0.478855523793,0.285473059629,-0.383087407673,0.131596947626,0.000309638779116,-0.0770830247615,-1.86296389604e-21,0.4545329827,-0.223810387773,0.301866323757,0.123933265052,-0.000487934820819,-0.0587160410603,0
-0.00293812998605,0.00989514344356,0.807781258926,0.0474509373307,0.0524829663336,-0.668971002102,0.739913344383,-0.146843024685,-0.0512576458132,0.014646282727,0.253232659991,-0.482578847943,0.0923353506448,-0.157682852943,0.0197441644268,-0.276508558306,0.214275840245,-0.365998224967,-0.148364250119,-0.0264977794141,0,0,0.475617968535,0.296007092282,-0.396873864472,0.131204858727,0.00027039816677,-0.0760801419068,4.15619602346e-22,0.454295458704,-0.223558225928,0.301994568228,0.12409923682,-0.000494201226116,-0.0594240648463,0
-0.00355946979748,0.00758334686791,0.807176766303,0.0498284623027,0.0550951249897,-0.668915569782,0.739617168903,-0.152778915719,-0.0480979433696,0.0120286825993,0.265053800882,-0.524345802639,0.0853179324043,-0.167478544948,0.0235622381956,-0.272054513958,0.230162303166,-0.396029665251,-0.146223806099,-0.0258425660431,0,0,0.469583809311,0.310109037541,-0.413792269111,0.131230500977,0.000222345859402,-0.0748639103736,3.81790003002e-21,0.456305751386,-0.220348199513,0.297171075539,0.124106574619,-0.00051457597952,-0.0605489888483,0
-0.00470597297819,0.00432332261663,0.806728232886,0.0530899614096,0.0586967691779,-0.66869354248,0.739313960075,-0.161504645912,-0.0417641683231,0.0146463288936,0.276322899142,-0.553075330363,0.0794621737258,-0.176253241437,0.0297821161431,-0.268490465646,0.239294148551,-0.419549163388,-0.148596227868,-0.0228088777512,0,0,0.461551589606,0.323450204618,-0.431616108166,0.131081959306,0.000181487809234,-0.0737476992724,2.46814351183e-21,0.459538489788,-0.214478015979,0.288481068907,0.124512456099,-0.000556405665292,-0.0635448822798,0
-0.00616064851591,0.000141109748715,0.806181992069,0.0574552603066,0.0636369436979,-0.66766923666,0.739504575729,-0.173664101492,-0.0402493366328,0.00635317688322,0.286151573161,-0.569217230311,0.0831081402804,-0.189593375667,0.0368803090162,-0.261542298679,0.251610638466,-0.438205202381,-0.152092490832,-0.0204865243286,0,0,0.452487296359,0.331572146551,-0.442229637866,0.131675684623,0.000160990186145,-0.0745787394066,-6.18918607382e-21,0.460861324335,-0.209251830883,0.278374234042,0.125779070092,-0.000621238227258,-0.069015432021,0
-0.00805361939343,-0.00507269083068,0.805418416672,0.0629015266895,0.0696806758642,-0.667116999626,0.739014804363,-0.187165891335,-0.0344283499276,0.00590348427728,0.294108220145,-0.587359258526,0.0801717466222,-0.203280907904,0.0459521187207,-0.254711035606,0.258637991616,-0.459197646149,-0.163507166967,-0.0171203222126,0,0,0.440612865049,0.337494272285,-0.450254513493,0.132095842903,0.000149971791283,-0.0758635500015,7.27179886249e-20,0.459739116845,-0.206897834186,0.270351696206,0.126305619074,-0.00067525882407,-0.0741498705273,0
-0.0103903865326,-0.0117417544229,0.804606288971,0.0686666443944,0.0760080888867,-0.666836380959,0.738130688667,-0.196924965498,-0.0255834716948,0.00883543414604,0.296047719203,-0.589732199537,0.0685869360836,-0.212426419645,0.0560738549222,-0.247182411051,0.258867992425,-0.473654915516,-0.169683434858,-0.0136985015124,0,0,0.430205068009,0.339602183474,-0.453891605373,0.132574799471,0.000153179764852,-0.0779137439854,-1.10295607917e-20,0.458273461932,-0.207579748573,0.267468823738,0.126311858043,-0.000700812962786,-0.0775518894389,0
-0.0131479517217,-0.0196802701614,0.803576114298,0.0750796198845,0.0828302949667,-0.66738152504,0.736277163029,-0.205493506507,-0.0164796973196,0.0132366584317,0.296294695041,-0.596826064635,0.0590056757754,-0.220492956229,0.064228749181,-0.24428599799,0.25658176885,-0.485838139066,-0.172002254307,-0.0100696571171,0,0,0.422229078673,0.335552573501,-0.44844493066,0.133209423986,0.000179809142532,-0.0810176963572,1.53743301749e-20,0.454660236834,-0.206236093997,0.262348785703,0.126935318079,-0.000752517233434,-0.0829929036766,0
-0.0163178638595,-0.0286989376617,0.802182674138,0.0820478200912,0.0902526080608,-0.667650222778,0.73441529274,-0.219077949222,-0.0055173812421,0.0185601032343,0.305279506519,-0.605551594924,0.0504583240111,-0.229622545487,0.0712347733848,-0.245886628624,0.256328439523,-0.495547756754,-0.166510219428,-0.00799492653459,0,0,0.414274158767,0.33016032771,-0.439132578409,0.133983769087,0.000213026471371,-0.0849854474353,1.57597134175e-20,0.44867915282,-0.200860721202,0.254950570385,0.127348413163,-0.000866619507172,-0.0923307569917,0
-0.0197163401803,-0.0389229291197,0.800202496373,0.0887072384357,0.097187563777,-0.668286502361,0.732173979282,-0.237313793469,0.00101704472151,0.0202399312558,0.328938473796,-0.612302325058,0.0516089043021,-0.235492863131,0.0786961957355,-0.241493511152,0.255630814154,-0.507709970949,-0.164789419092,-0.00851976126432,0,0,0.408279925796,0.324450633099,-0.43034544054,0.134536378844,0.000247315732692,-0.0897068727561,3.32212929722e-22,0.439684770172,-0.19464697328,0.250092377352,0.127365748459,-0.00102606229306,-0.104632212958,0
-0.0233095617235,-0.0510511548808,0.797503404755,0.0948932617903,0.103328548372,-0.669714450836,0.729246914387,-0.263126667502,0.00538929256695,0.0187339650406,0.373950879071,-0.595743776598,0.0583188189498,-0.231784362123,0.0878750961458,-0.234710701261,0.246212818897,-0.520362911448,-0.166141322153,-0.00942321866751,0,0,0.40642972483,0.317085394166,-0.419347756874,0.134741217062,0.000291306035973,-0.0945909643585,1.99240512073e-22,0.429624255657,-0.188661033189,0.249878635592,0.126590891595,-0.00120794387206,-0.118616090693,0
-0.0272275983849,-0.0639208478898,0.793687062155,0.101129055023,0.10954400897,-0.670740902424,0.72655326128,-0.307530594544,0.00757167453583,0.00862502188694,0.454029179711,-0.560730913974,0.0603242961313,-0.226860080648,0.0988832523825,-0.227202220514,0.237539102972,-0.534561410846,-0.171398893884,-0.0128811132163,0,0,0.405762570205,0.309877151793,-0.406262340959,0.134923190855,0.000338389396664,-0.101142351431,-2.73970834353e-22,0.414072952178,-0.178159546128,0.251536970402,0.124473811655,-0.00151904914396,-0.14009869664,0
-0.0308867590667,-0.0778893278952,0.78896104885,0.107640445232,0.116257324815,-0.670808970928,0.724508881569,-0.373110636297,0.000537447515355,-0.0102933737396,0.584670326489,-0.579643244916,0.0655285695659,-0.219243802081,0.103171544223,-0.227115294973,0.228107372864,-0.539925167489,-0.155882189964,-0.0138635709882,0,0,0.403878227278,0.301780699728,-0.392178971147,0.135316856879,0.000416053177821,-0.111135522897,2.19391030318e-20,0.394809618564,-0.162768835415,0.247613339836,0.117257658612,-0.00195819982196,-0.167092268034,0
-0.0342216680371,-0.0929896903339,0.783574976291,0.114759869874,0.123611293733,-0.670632779598,0.722358703613,-0.481009393813,-0.00910506296448,-0.0172168313596,0.791503754932,-0.623120070493,0.0721004855587,-0.212367711224,0.101715151279,-0.235600805105,0.220258211229,-0.562707597872,-0.158451557345,-0.00548931676894,0,0,0.399209981341,0.294410163115,-0.380864065045,0.135171442002,0.000549097675484,-0.124922629573,3.68130152211e-21,0.368321284837,-0.149308779402,0.247708003555,0.107141460108,-0.00236975046308,-0.198427636834,0
-0.0375413804378,-0.109622327314,0.777571149644,0.120292939246,0.131157740951,-0.665132820606,0.725207269192,-0.619085523936,-0.00534841830447,-0.00702465206918,1.02655598317,-0.599133345541,0.122416452478,-0.200042484201,0.10727458514,-0.259081802844,0.211467522747,-0.566633394349,-0.156477230582,-0.0129197090864,0,0,0.400886472715,0.295423388807,-0.367399065472,0.132706900248,0.000619909668436,-0.142238424392,1.29052187957e-23,0.334613710424,-0.130512572863,0.253578540366,0.0952541459027,-0.00297633276076,-0.230450193487,0
-0.0405140274352,-0.128633383289,0.771292229809,0.124256797135,0.137285485864,-0.659445762634,0.728590607643,-0.757215664998,0.0120736859711,0.0155661788938,1.22408978693,-0.449441457335,0.169501867346,-0.180737537223,0.11365391376,-0.286522288587,0.209890620688,-0.57405336408,-0.138388990977,-0.0290119238198,0,0,0.416994506154,0.283783576076,-0.326034615348,0.126314249532,0.000833582646489,-0.175210106022,5.6514085767e-22,0.288897966548,-0.113331315493,0.272558987705,0.0800336550249,-0.0037561022356,-0.26549112404,0
-0.0414370657776,-0.148494700526,0.766636469386,0.130638569593,0.14511525631,-0.656185388565,0.728900432587,-0.870460235204,0.0247525880112,0.0481795845229,1.34870560064,-0.470805913468,0.195488071187,-0.170548541967,0.108310610811,-0.302645707322,0.212625535404,-0.580484172091,-0.107400761575,-0.0403215773404,0,0,0.432069015404,0.26540947366,-0.271674363794,0.112256531426,0.00124166785883,-0.22078441056,8.39667099818e-22,0.223064682661,-0.102762837668,0.294256802502,0.0590786443939,-0.00460688955212,-0.307091961305,0
-0.0407656630387,-0.169950352669,0.764115695146,0.13647069037,0.152175292373,-0.653550684452,0.728759169579,-0.971620884572,0.0199165520905,0.0658024805473,1.40811695324,-0.485540213682,0.188903772299,-0.156406207134,0.0940272756758,-0.331325067459,0.215707006733,-0.570963799916,-0.0673155028038,-0.059554990381,0,0,0.45966444239,0.256570186173,-0.223750461563,0.0929404534143,0.00159412966258,-0.268910419464,4.69742733682e-21,0.139047956271,-0.0936940101882,0.320595505765,0.0405141071929,-0.00568983928646,-0.345005700701,0
-0.0384990314766,-0.194401794299,0.763999575133,0.14179559052,0.15793569386,-0.652840793133,0.727151453495,-1.05126885746,0.00206975886881,0.067614898318,1.39651112846,-0.498452311697,0.141250405274,-0.134850727209,0.0793006345117,-0.358924463428,0.211723601719,-0.544145591208,-0.0298409379073,-0.066452100873,0,0,0.495500120064,0.244805084091,-0.178106778615,0.0713819811581,0.0021165982324,-0.314025458161,1.91208057637e-21,0.0566545886188,-0.0892163278161,0.344308859943,0.0163694676815,-0.00656119171528,-0.381885564687,0
-0.0352244635395,-0.22185238188,0.766355019462,0.146174117923,0.162100702524,-0.653534293175,0.724740922451,-1.10314132556,-0.0285220566943,0.0573404158065,1.31994793424,-0.521057201804,0.0732459030729,-0.106531913418,0.0682022777777,-0.361086301725,0.200285422305,-0.501903211467,0.00244044849825,-0.0615185424685,0,0,0.530682557945,0.237265326054,-0.143847980155,0.0479386714526,0.00274176729679,-0.356113307238,1.09973988471e-20,-0.0278890802268,-0.096152560632,0.367531059594,-0.006770043712,-0.00681529445476,-0.412402421767,0
-0.0309421304759,-0.252752690108,0.770281070542,0.149319007993,0.165418356657,-0.653211772442,0.723640084267,-1.11962761818,-0.0663069551407,0.0379021549033,1.1861084198,-0.530078423543,0.0114228852548,-0.0748291286292,0.0548275164735,-0.367973210268,0.193054682303,-0.480714609999,0.0285514974061,-0.0605772435665,0,0,0.564687565374,0.236075863207,-0.118534146599,0.0239958376059,0.0032538444689,-0.395514122957,-1.03729838427e-21,-0.100839242165,-0.104106760073,0.385913884296,-0.0254244210704,-0.00704586842641,-0.437083146247,0
-0.0261243674963,-0.287570911699,0.774421223033,0.150934785604,0.167629942298,-0.651885569096,0.723991751671,-1.10420489003,-0.0862513869686,0.0325585066917,1.02990657531,-0.521099388268,-0.0532263249399,-0.0406086492835,0.0451883098465,-0.372527652711,0.1935884878,-0.480894571245,0.0351695156337,-0.0636245459318,0,0,0.589018923505,0.243077277753,-0.101608145699,0.0023846808191,0.00354785142091,-0.426200612436,3.07698280427e-21,-0.144766737495,-0.109193533829,0.398312282025,-0.0414124198721,-0.00735768864529,-0.457531505156,0
-0.0214198081725,-0.326191502033,0.777040691065,0.149656802416,0.167486310005,-0.649277150631,0.726629436016,-1.06844082952,-0.090601545763,0.0581433319014,0.924802329726,-0.49508505215,-0.0536605547475,-0.0179357263433,0.043181036402,-0.374318003329,0.222528365673,-0.479141274181,-0.00503866732448,-0.0718535557389,0,0,0.600485875733,0.260645411883,-0.0998344484957,-0.0151335193913,0.00355156643275,-0.448044114261,4.73299795553e-21,-0.157205264986,-0.110028334947,0.40417630552,-0.0546267589957,-0.00784752297916,-0.474663146195,0
-0.0163784891649,-0.368137623784,0.776559387583,0.144953802228,0.162886098027,-0.648793816566,0.729056298733,-1.01092331074,-0.0831594747786,0.105935345039,0.900621910988,-0.479145709968,-0.0414333502542,-0.0275979947099,0.0378410537831,-0.358360061309,0.32883851872,-0.420097190546,-0.0789524578743,-0.0779502168298,0,0,0.594554523011,0.283137591799,-0.111583244123,-0.0311280037127,0.0033985484976,-0.466266292468,1.09954596878e-21,-0.140034347615,-0.111253791235,0.399586009718,-0.0647609679857,-0.00816126362228,-0.483732273156,0
-0.0104274395165,-0.412820977563,0.771277927155,0.138344824314,0.154680475593,-0.652138888836,0.729142963886,-0.929909107967,-0.117816582256,0.122205117661,0.924636782807,-0.519454259215,0.19192449562,-0.0928040025785,0.0122387677887,-0.330444584578,0.527259757098,-0.156393873735,-0.12301402597,-0.0758838430047,0,0,0.567219243544,0.306063121129,-0.134898865447,-0.0487413953839,0.0032004605444,-0.485043972783,6.89209683191e-23,-0.0886569349249,-0.11368461715,0.386098307889,-0.0737898462748,-0.0080407598272,-0.488349154469,0
-0.00239019059953,-0.455780697155,0.758572896188,0.131997331977,0.146530985832,-0.656154096127,0.728400409222,-0.85015477686,-0.142744466928,0.120715389202,0.99305985271,-0.619731458659,0.216470472708,-0.219433240433,-0.0530798723394,-0.277352558486,0.791624484801,0.400334037452,-0.047113298477,-0.0351003594697,0,0,0.493791040444,0.310427921524,-0.182722088497,-0.0718259971887,0.00360501111117,-0.507898749861,1.69927645686e-21,-0.0143216648598,-0.147800087665,0.348956306192,-0.0879997772814,-0.00607333433238,-0.494804833395,0
0.000282772977126,-0.489935270128,0.736011309146,0.120939217508,0.133238300681,-0.661134600639,0.72836959362,-0.849505784465,-0.150333139242,0.158103334836,1.2020353609,-0.770972650211,0.240713215436,-0.433495499931,-0.154343256943,-0.254554528939,1.29851919596,0.264526893635,-0.0831817299189,0.0203277803957,0,0,0.395898891212,0.292680614303,-0.256363881519,-0.0990281907529,0.00473819746633,-0.534967003288,-3.12798045327e-21,0.0933508373577,-0.196297298224,0.299948981514,-0.107602342478,-0.00371118662321,-0.502815930775,0
0.00313447959048,-0.527698167027,0.725545383298,0.123470358551,0.134412452579,-0.665132164955,0.724077045918,-0.802676625196,-0.147854585647,0.173509365454,1.25284756428,-0.855905534032,0.251811992194,-0.628726630458,-0.178448607215,-0.205659683855,1.55849324683,0.144642166676,-0.115281806312,0.0426707565784,0,0,0.247253742534,0.271998089975,-0.316912992408,-0.1195372506,0.00560969604652,-0.556730875757,8.27689175165e-23,0.169727226491,-0.208573956001,0.261845677477,-0.120374244929,-0.00313705229966,-0.513463958812,0
0.00517401157028,-0.56798731811,0.723395601267,0.128573015332,0.137228786945,-0.671519696712,0.716727674007,-0.731455307264,-0.143944458478,0.18337663323,1.23344674699,-0.872659957988,0.249560363733,-0.824259725264,-0.177650823689,-0.161383985402,1.70699361604,0.0150326688172,-0.155240634177,0.0670442730188,0,0,0.0851660345543,0.230790049838,-0.376733337744,-0.138763119138,0.00701966912461,-0.576527108267,1.50571880296e-22,0.25894465999,-0.212971369308,0.226960665774,-0.138833421905,-0.00263880622097,-0.529893246466,0
0.00678415868486,-0.612698236007,0.730285096463,0.131314218044,0.136400282383,-0.681003153324,0.707379817963,-0.605933749582,-0.147016672791,0.188086487536,1.12721688554,-0.864027740478,0.234168172057,-0.975826259489,-0.15825131819,-0.13110511749,1.72309629799,-0.0947306979542,-0.171656731379,0.0671961009502,0,0,-0.0512321812481,0.184929768038,-0.425648419609,-0.164570293505,0.00753036052047,-0.596426561875,9.35834045544e-22,0.342501159456,-0.20901805938,0.212838423542,-0.146618372709,-0.00303818289875,-0.537401843908,0
0.00660528089719,-0.661860786413,0.74362322536,0.134670034051,0.133790522814,-0.696519970894,0.691971123219,-0.458791424962,-0.145725136078,0.193914738147,0.97695551042,-0.856814335665,0.21628498668,-1.08309173078,-0.105467429412,-0.115524052102,1.63970832068,-0.21821207738,-0.169498416483,0.0604000426829,0,0,-0.149425193052,0.14468519344,-0.450177448457,-0.199119665288,0.00761294672141,-0.619331411561,-2.1362316887e-23,0.399327943524,-0.207099875673,0.214661961465,-0.14983674084,-0.00353515816626,-0.540912700393,0
0.00550955624758,-0.716905125112,0.762229224424,0.135136008263,0.127480506897,-0.714747786522,0.674257040024,-0.283774780713,-0.141339755362,0.209883478166,0.78005864963,-0.848821403176,0.192572407689,-1.11006241814,-0.0227384450086,-0.10623058328,1.44021058543,-0.260308489241,-0.115991671348,0.0432434417307,0,0,-0.201963567761,0.126478760261,-0.46245020229,-0.233935443432,0.00678620600227,-0.639564265807,3.15190481285e-22,0.442679927261,-0.202144338996,0.225750727932,-0.157469540088,-0.00424253940452,-0.549416793591,0
0.00444127841124,-0.775207180921,0.781696287089,0.134448364377,0.121890239418,-0.728557944298,0.660507142544,-0.130269813953,-0.134028733118,0.241428086534,0.577194010626,-0.734813960912,0.175834210514,-1.07041235406,0.0501785803783,-0.0985711353254,1.15594408774,-0.289377470798,-0.025869076526,0.0212434548885,0,0,-0.223631194,0.126968295899,-0.475483512714,-0.267212679781,0.00541531556504,-0.658104632967,1.45725807614e-21,0.480427206275,-0.185843986811,0.234390911845,-0.165915830378,-0.00500735712441,-0.557964355023,0
0.00411094610254,-0.835536980408,0.796921434703,0.130312085152,0.115256004035,-0.737631618977,0.6524066329,-0.0486287602634,-0.127264289521,0.241863343015,0.463923825365,-0.31974733693,0.138601101107,-0.981744955483,0.113416332273,-0.070259026029,0.851819401624,-0.269491601129,0.0780169990903,0.000892106210813,0,0,-0.214000095543,0.131772131524,-0.485535248608,-0.301278746905,0.00413369156145,-0.675576324948,-2.16698854673e-23,0.514063371241,-0.168442306161,0.24577389638,-0.172833488311,-0.00563674331198,-0.564437446193,0
0.00404111192243,-0.8928620718,0.799133414098,0.123587489128,0.108739182353,-0.740525126457,0.651555418968,-0.10486132145,-0.108561473287,0.194154357865,0.613577831469,0.168779488707,0.0608924112607,-0.935915376913,0.128937575568,-0.103949880846,0.725739108549,-0.204236089251,0.127781062306,-0.046206407249,0,0,-0.179649572003,0.160691272457,-0.479628885807,-0.336092792604,0.00114585487775,-0.689432906121,2.70298821868e-21,0.513881804236,-0.156513664595,0.274606661629,-0.182820097787,-0.00679751979695,-0.573563671926,0
0.00348498001963,-0.95245372283,0.796847674656,0.125439867377,0.112069115043,-0.735107302666,0.656751573086,-0.163175614087,-0.092630408537,0.109164659883,0.772907250773,0.206393929572,0.0271784394712,-0.842549228896,0.145596949776,-0.161196230033,0.629665407864,-0.189849969051,0.12500363381,-0.0273604653776,0,0,-0.154423280459,0.176173863325,-0.494666694029,-0.336835706265,0.00246528851904,-0.688376843165,1.43823458983e-20,0.46295416362,-0.158529866358,0.30448218554,-0.193302244974,-0.00639225466139,-0.581139926085,0
0.00264174293359,-1.00232515879,0.775077665525,0.10534992069,0.0967325568199,-0.729017674923,0.66938585043,-0.310711383721,0.00510453845596,0.14907720778,1.20561107401,0.161277242889,0.0377411136825,-0.779163296829,0.150248097573,-0.272190325211,0.766867452828,-0.344498081569,-0.248278706654,-0.061692904681,0,0,-0.0446585122498,0.222169644038,-0.468307291871,-0.314741277081,0.000571461648925,-0.678012633987,-5.09548143633e-23,0.425726536536,-0.169766849927,0.36913454245,-0.202977643283,-0.00708384726441,-0.589069357802,0
0.000595788716294,-1.05518009546,0.753729995678,0.0966976210475,0.094144910574,-0.70994591713,0.69120413065,-0.471636778003,0.0880146975753,0.104644673019,1.51347945703,0.0439882055313,0.0903442081602,-0.713099701047,0.142460324371,-0.300785511147,0.894136492791,-0.522167427373,-0.244993451995,-0.0962957218289,0,0,0.0436274723918,0.283703055931,-0.425430009223,-0.285274028187,-0.000819715259136,-0.663995789712,-1.75951177227e-21,0.336453756344,-0.155560988969,0.414763329665,-0.230584572735,-0.00869571857554,-0.610764289095,0
-0.000539437981207,-1.10664487994,0.735723995682,0.0929055213928,0.0949915349483,-0.693013727665,0.708573997021,-0.663885561187,0.1119124336,0.0493897637723,1.73438925366,-0.0678696784816,0.144799112314,-0.655807010111,0.147142038914,-0.312549642492,0.997857088769,-0.670204553386,-0.24244305551,-0.121966689825,0,0,0.160135546933,0.32645261838,-0.364747171012,-0.280217055131,-0.00114963567845,-0.662746814158,9.0777418341e-22,0.189922880974,-0.148205259138,0.457642306965,-0.243714736633,-0.0105926565223,-0.624680833232,0
0.00137916201643,-1.15893888955,0.730125958889,0.0935508161783,0.0984801799059,-0.682345628738,0.718299627304,-0.843691651181,0.0962907572928,0.0348722863384,1.81742501957,-0.198493390112,0.188645304427,-0.562436823454,0.146100328487,-0.327330349331,0.996703630373,-0.732416781119,-0.24148417396,-0.123561918736,0,0,0.294380060076,0.337905477005,-0.287479778019,-0.289396486635,0.000117851176426,-0.668291168748,-1.10179350112e-19,0.0119324527662,-0.141012218859,0.480137572437,-0.242383095602,-0.0117850246385,-0.624185953101,0
0.00482780198009,-1.21495147955,0.736101454225,0.0929845646024,0.101474776864,-0.6691609025,0.730260491371,-0.9743794441,0.0565935204118,0.0431213474365,1.76789311114,-0.332679068698,0.178874119018,-0.426522305369,0.144117061501,-0.332574660782,0.912261427626,-0.744120170799,-0.206015639667,-0.113854154944,0,0,0.413125937735,0.334355966883,-0.23353967275,-0.281232345041,0.00167647239213,-0.665890453469,-1.63683363364e-20,-0.123418372408,-0.115067993861,0.466646184742,-0.240232432144,-0.0123094227894,-0.623530206863,0
0.00761775064134,-1.28148611003,0.761860204995,0.0994211435318,0.114476971328,-0.648131608963,0.746281325817,-0.960898454264,-0.0609086419176,0.0416856072455,1.41615001069,-0.375455878608,0.0963955768753,-0.194339230626,0.137346174082,-0.31255258419,0.554037784511,-0.610345048427,-0.129873910308,-0.116879582405,0,0,0.475902612764,0.296628179475,-0.211256493998,-0.274846503165,0.00202994473999,-0.664287732336,-5.55031347391e-21,-0.228200306915,-0.114248697982,0.451543962717,-0.248499183612,-0.0131299562349,-0.629672655768,0
0.0137344110474,-1.34581867981,0.781136894406,0.0927778631449,0.112880632281,-0.628147363663,0.764252007008,-0.934137595224,-0.13097864222,0.0323128679619,1.11034363416,-0.392522285118,0.0336771647635,-0.0109462791176,0.132526528066,-0.384282772162,0.345666443107,-0.513835056363,-0.0742946076448,-0.119281776249,0,0,0.542416691049,0.285275007843,-0.207394625177,-0.288508758048,0.00257448467065,-0.672923347115,1.14061656906e-22,-0.251159656373,-0.0956351832858,0.450221085043,-0.262879177606,-0.0135753524365,-0.64019161116,0
0.0186746867375,-1.41252965489,0.797990462178,0.0862382650375,0.108628250659,-0.615760505199,0.775629997253,-0.845075693822,-0.158759331995,0.0446446643781,0.735691347145,-0.309025007181,-0.0498251457504,0.116903776793,0.149301143393,-0.423090421529,0.175356725897,-0.200114530942,-0.0882769944534,-0.107537232339,0,0,0.594062944363,0.263312689753,-0.217178772948,-0.311078243596,0.00334174488293,-0.683772316714,5.28912078645e-22,-0.244649658311,-0.0869974200065,0.464427203549,-0.275099027629,-0.0128224152345,-0.647404624364,0
0.0228878269457,-1.47975749829,0.805942792513,0.080701880157,0.102947637439,-0.611643075943,0.780244648457,-0.779380080401,-0.157526205093,0.0962940988596,0.493033360151,-0.226722841429,-0.105626647883,0.213257877772,0.167892095313,-0.398113965062,0.00807963176965,0.516466886456,0.0134790868828,-0.0796363577247,0,0,0.620363577563,0.240392239783,-0.24161215289,-0.328748929446,0.00415392349182,-0.690754189435,4.21257151893e-28,-0.211607296011,-0.0898746920932,0.474351473799,-0.285170795002,-0.0108512666041,-0.648273242701,0
0.0254819639361,-1.54412163255,0.803175585191,0.0767151862383,0.0978708639741,-0.612120985985,0.780925035477,-0.758706615139,-0.146494792272,0.157034136014,0.453985027361,-0.233142489308,-0.136535241674,0.0661090403772,0.146924299495,-0.290954513252,0.415848784083,0.523589999972,0.0552044532215,-0.0316371954978,0,0,0.600334119075,0.225100866489,-0.281218410958,-0.334268487174,0.00507160140249,-0.692798614078,-1.47252646454e-21,-0.138487480578,-0.104203093218,0.460931302727,-0.278073409635,-0.00758749345833,-0.637767634176,0
0.028315410081,-1.60774860474,0.794499135056,0.0725385919213,0.092431396246,-0.613092184067,0.781225085258,-0.724982230195,-0.146857176214,0.147877677255,0.487839313778,-0.195835414174,-0.134246541902,-0.0141259872043,0.138600075543,-0.256056806131,0.63922317047,0.52359,0.151416165122,-0.0243173800409,0,0,0.542278649722,0.242139564022,-0.324923372605,-0.32392005427,0.00488993988262,-0.687435805954,-4.68676567436e-21,-0.0495183482052,-0.0960652554591,0.44569133967,-0.246696064317,-0.00687777616634,-0.614717485292,0
0.0302670424746,-1.66714549856,0.769307777688,0.0609906502068,0.0765604376793,-0.620096206665,0.778395354748,-0.774184817406,-0.202912151266,0.139936057905,0.806507035355,-0.325056560223,0.220035666448,-0.179468644232,-0.011965247952,-0.326252733243,1.11556170524,0.355731424261,0.166734563805,0.0266010686755,0,0,0.470920788406,0.243859047301,-0.397719424406,-0.308918493359,0.00584242095258,-0.67984341598,-1.31916085364e-23,0.0808564920985,-0.119195869833,0.411620319697,-0.229048869739,-0.00420697869751,-0.595878803825,0
0.0358236440415,-1.72767345282,0.746833486154,0.060146342963,0.0720328018069,-0.638104140759,0.764209926128,-0.726761521528,-0.208551912629,0.150441907182,0.987489814928,-0.580547353383,0.256187248734,-0.341395153064,-0.135282737164,-0.292591776642,1.41541685434,0.166973348352,0.0905756403645,0.03165102005,0,0,0.362364313821,0.247710904568,-0.436512353722,-0.289214080955,0.00577919547852,-0.670672722334,4.15415432165e-23,0.174657523284,-0.128065794401,0.404266786677,-0.214806124905,-0.00424386999413,-0.584355244064,0
0.0399687010829,-1.78514283114,0.729380850903,0.0646411031485,0.0730856060982,-0.659346401691,0.745481312275,-0.681392315926,-0.180285340399,0.189692840713,1.11816209804,-0.741988639352,0.252733846572,-0.553687208678,-0.186509193307,-0.213232643861,1.62485837465,-0.00535535754588,0.0130003215631,0.0377709344029,0,0,0.220398623499,0.242424858077,-0.462606528164,-0.272151915155,0.00593319264699,-0.66548354707,1.77995818563e-21,0.261740138706,-0.137935839748,0.385113283667,-0.208248788303,-0.00431577515924,-0.579861905702,0
0.0413935995468,-1.84273770018,0.722609064904,0.0700788795948,0.0757532417774,-0.675453603268,0.73014575243,-0.590728921144,-0.162666184804,0.204665175204,1.14277148805,-0.838729454635,0.250756038963,-0.76002400859,-0.159856270247,-0.141472708959,1.71030669042,-0.147182427656,-0.0485520628949,0.0439399592578,0,0,0.0570678165948,0.220862966414,-0.497352055066,-0.280220291375,0.00643879339398,-0.670606612405,3.18253285251e-22,0.349473884364,-0.144237384347,0.346345049212,-0.215733931106,-0.00436444625253,-0.585730170837,0
0.0415461063883,-1.90328077908,0.727769582969,0.074769474566,0.077199973166,-0.691679298878,0.714163422585,-0.447585895269,-0.147603431314,0.231419199922,1.05404175362,-0.840594824514,0.239480621722,-0.921237491546,-0.0962883826157,-0.0855101328084,1.67861478908,-0.233171598339,-0.049715379429,0.0449120812118,0,0,-0.0774523009859,0.176821277653,-0.505187712759,-0.299900056051,0.0068660850165,-0.680279686683,-3.78997311507e-22,0.423691373135,-0.15312520556,0.316284676951,-0.221365862857,-0.00462302259111,-0.591075079041,0
0.0411927047998,-1.96864072877,0.742078812742,0.0778969451785,0.076112434268,-0.710997581482,0.694709599018,-0.270663174787,-0.150189402207,0.241857917352,0.895946807258,-0.836669010696,0.199390331776,-1.01096970778,-0.0162421183046,-0.0551866416996,1.54304207502,-0.303309676953,-0.0199375346778,0.04766792804,0,0,-0.159191327939,0.12685073975,-0.50337636334,-0.328147312271,0.00740248475027,-0.692196919647,1.10986802978e-21,0.474574573602,-0.166357150994,0.292641122629,-0.229969438361,-0.00476724978837,-0.59869613976,0
0.0404072507264,-2.03832764223,0.761333965973,0.079467639327,0.0732228085399,-0.73110550642,0.673652768135,-0.0824752688063,-0.156444252096,0.263345822989,0.69521165563,-0.837040074009,0.162506100229,-1.02514954383,0.0557478633061,-0.0488579285271,1.30669857081,-0.322963741883,0.0181695063351,0.0438632369041,0,0,-0.198161128301,0.102181319553,-0.498767792534,-0.352107342378,0.00733129156743,-0.702301252469,4.71759334612e-22,0.505644343317,-0.173895383128,0.282347343961,-0.241704815834,-0.00510667095095,-0.607859529213,0
0.0416198595847,-2.11336385783,0.787742035307,0.0891085863113,0.0794029161334,-0.741259515285,0.660521864891,0.0768236328903,-0.143762430858,0.252310040165,0.397677939655,-0.552344243665,0.112866526087,-0.89578261899,0.124256083961,-0.044908239023,0.809259633645,-0.210714039853,0.104628673933,0.0778572261333,0,0,-0.240882371373,0.0955337703855,-0.528541907283,-0.35312262746,0.00964497366897,-0.704170084738,4.43986593207e-22,0.511517863326,-0.158387606249,0.25435939023,-0.256969716596,-0.00427928065971,-0.61754008073,0
0.0417916250044,-2.18334975704,0.793306480044,0.0740549638867,0.0644190758467,-0.750844061375,0.653145670891,0.0957710220859,-0.154127799226,0.250597063335,0.466487958865,0.0482167179161,-0.00683124832337,-0.869158090477,0.104946756757,-0.0951590254475,0.655230206804,-0.0470150405435,0.111520936541,-0.0149514218792,0,0,-0.173973352178,0.12770520092,-0.487268187137,-0.369586291582,0.00339229737642,-0.707176460276,5.62869969303e-22,0.529765396311,-0.168850758527,0.2717364646,-0.255119325864,-0.00681970847727,-0.618265772676,0
0.0429721350907,-2.25172345673,0.791919506218,0.0702639073133,0.0611352734268,-0.751133680344,0.653546988964,-0.000480112011173,-0.202925625953,0.0953278209076,0.694665356741,0.346935276757,-0.112781789854,-0.827817364384,0.0963287014228,-0.173938462464,0.57797897003,-0.0537449686938,0.177187979547,-0.0637670308352,0,0,-0.115037366837,0.172662015192,-0.475263361848,-0.36242982641,0.00022057056433,-0.702887154434,9.83854330108e-22,0.492420747134,-0.165018569114,0.292297564502,-0.25589053845,-0.00814016241819,-0.619921831341,0
0.0422493955514,-2.32317820013,0.787895309341,0.0747838169336,0.066496655345,-0.743548095226,0.661151885986,-0.0631822592297,-0.160523683224,0.0662282058825,0.861677066831,0.290129936269,-0.213200779807,-0.741239405813,0.0945525707557,-0.228459331783,0.520291988853,-0.00734300449994,0.147340197462,-0.0335981287062,0,0,-0.0726587368651,0.178497465897,-0.498370938046,-0.3242110677,0.00211542025996,-0.687776505068,-3.32330000061e-21,0.41234476577,-0.188151383334,0.287758238088,-0.251134639415,-0.00724635482722,-0.615777361156,0
0.0418318169687,-2.38552155024,0.76330893779,0.0604815259576,0.055301938206,-0.735518693924,0.672529518604,-0.249427895025,-0.00333486867332,0.14387646456,1.34217403415,0.148036491248,-0.154117504364,-0.710622763922,0.115390531646,-0.313420535849,0.739647096341,-0.242965202356,-0.244269049075,-0.0871006324887,0,0,0.0448898003282,0.239626844355,-0.477270931819,-0.313680593158,-0.000587575438913,-0.682042219395,1.42775523072e-22,0.352881708827,-0.178635652233,0.329966142077,-0.246593531308,-0.00913148038445,-0.615498047277,0
0.0383912307032,-2.44974824751,0.743543108578,0.0604495033622,0.0584656521678,-0.716257035732,0.692750692368,-0.439077785156,0.122562653237,0.1081100671,1.62338110236,0.0218339483928,-0.0468903514286,-0.663533194127,0.124118390708,-0.313625677892,0.895848795146,-0.492040484346,-0.243977547314,-0.101067446172,0,0,0.120462254603,0.282575190759,-0.469246101462,-0.31057072181,-0.000754869223406,-0.680932286205,2.86009509819e-21,0.248821968307,-0.166211599252,0.329322485167,-0.266972094654,-0.0106876497715,-0.630246689139,0
0.0369705209715,-2.51168038262,0.72841917553,0.0636270269752,0.0649836808443,-0.696709573269,0.711564838886,-0.665090166713,0.151898429642,0.0378090000376,1.80373427453,-0.0722911301829,0.057695222762,-0.617745189228,0.111204421815,-0.345391818365,1.02227122984,-0.657676450733,-0.240936323198,-0.114550620317,0,0,0.213728817722,0.315142650579,-0.434702713346,-0.314820079969,-0.000563224523934,-0.683544143948,1.62962657559e-21,0.112663025187,-0.143654435633,0.327808405838,-0.28573215781,-0.0126861499885,-0.644584564821,0
0.0381478458403,-2.5746434048,0.726418667174,0.0676200315356,0.0718920975924,-0.681787908077,0.724861562252,-0.855419236739,0.114565941553,0.0099729721564,1.83604140785,-0.167048325757,0.157681707161,-0.511319252006,0.113488519255,-0.363697944299,1.00968850357,-0.727517245803,-0.240099762663,-0.127623960376,0,0,0.32045019121,0.327292668042,-0.377368998049,-0.316505630852,-0.000114898942964,-0.684731682859,-7.09026347016e-21,-0.0351465930614,-0.104342138267,0.340064831512,-0.297082768749,-0.0147068960399,-0.653877301786,0
0.0409962967569,-2.64115282753,0.735827402225,0.0697804838419,0.0766846910119,-0.66939997673,0.735631585121,-0.968810492138,0.0848995419957,0.0352061934672,1.73838486834,-0.286418303761,0.170438064935,-0.355316738485,0.125620480805,-0.36798999451,0.892371201152,-0.723306429111,-0.214997847631,-0.125277623534,0,0,0.419169434849,0.310849994666,-0.327304580654,-0.313181988704,0.000948837299024,-0.684207481321,-2.7666472221e-20,-0.148863685342,-0.0575776313314,0.354786925961,-0.298036881846,-0.0153365342068,-0.655914476715,0
0.0432716003304,-2.71675808052,0.762162917102,0.0799334123731,0.0913068577647,-0.65382283926,0.746852993965,-0.93738335932,-0.00764062553154,0.0780600819272,1.36134104121,-0.32178768005,0.0844089874061,-0.135926925223,0.123396864885,-0.333410038245,0.56384816489,-0.622902209908,-0.144343963732,-0.129357025027,0,0,0.464931040377,0.25250658741,-0.295069087933,-0.321362156291,0.00100728627338,-0.688563675564,-2.07372426778e-21,-0.234724518697,-0.0412596484507,0.384052412442,-0.300165443424,-0.0158726904572,-0.658363509389,0
0.048999867993,-2.78952757208,0.780633780747,0.0760239362717,0.0903920829296,-0.63915604353,0.759953379631,-0.894685393993,-0.0631123877918,0.111704705914,1.04257537318,-0.330651004818,0.0171431325413,0.0265719613073,0.113776087935,-0.390314438109,0.394410653466,-0.517350403252,-0.124715651198,-0.131639927626,0,0,0.523964536321,0.221292558954,-0.276652068545,-0.344234813876,0.00143043289169,-0.697790418433,9.48847077822e-21,-0.235376159024,-0.0105905293276,0.422032721689,-0.30940600875,-0.0157771400758,-0.663342479661,0
0.0534179152948,-2.86500744395,0.795250818975,0.0698742046952,0.0856031998992,-0.62847173214,0.769943475723,-0.79018803182,-0.10796869404,0.137501497142,0.665275607715,-0.253374817604,-0.0865104829599,0.140510726171,0.113446352515,-0.416352732671,0.252007473017,-0.0494469623896,-0.112142594467,-0.117042414844,0,0,0.563565841069,0.187928278422,-0.279729496636,-0.367588195131,0.00207108544466,-0.708249405709,2.8360519402e-21,-0.200661853698,-0.00168332867792,0.440226723967,-0.319758627165,-0.0144540483551,-0.667024801743,0
0.0567676954632,-2.93948623965,0.797072297561,0.0635603144765,0.0791795253754,-0.622760415077,0.775796473026,-0.728466655923,-0.117266368544,0.207447570152,0.447994449517,-0.162012294454,-0.163728824427,0.149547218218,0.110609401127,-0.342780210225,0.318982643157,0.52359,0.0293699821642,-0.071113742888,0,0,0.567392423037,0.155753872459,-0.313002724309,-0.396824255564,0.003318879987,-0.718628829469,9.61318331029e-23,-0.13778149001,-0.0230341523207,0.414667300045,-0.331494432644,-0.0112832290128,-0.667443508491,0
0.058663684163,-3.01099315212,0.790593798165,0.0609674304724,0.0763273388147,-0.621120393276,0.777603089809,-0.697404906275,-0.110497028925,0.263097870784,0.395651082816,-0.163752712914,-0.229118108048,0.0420953598469,0.133173961546,-0.245222628361,0.628667396435,0.52359,0.0915763522385,-0.0333227925003,0,0,0.527714431296,0.146130063343,-0.35478801777,-0.402527593441,0.00429487770966,-0.717576577259,2.05748740026e-21,-0.0590862855563,-0.0442253306978,0.362770747339,-0.326275861029,-0.0088038294205,-0.659606219073,0
0.0621063904818,-3.08135848265,0.778770599787,0.0593000277877,0.0736114233732,-0.624532997608,0.775256991386,-0.689734830663,-0.146536142522,0.257316181484,0.45017377276,-0.0750220404935,0.0757292855492,-0.0290203160255,0.0639202861976,-0.281288329666,0.850987976563,0.52359,0.161158869791,-0.0185183044523,0,0,0.451906493722,0.155134340832,-0.395009282204,-0.398444336006,0.00454413408975,-0.717427135598,-6.51927960265e-21,0.027276336209,-0.0535935147488,0.314501549145,-0.307094252664,-0.00791764563633,-0.645693648134,0
0.0662985202422,-3.15176896792,0.759314003815,0.057288762182,0.0698542222381,-0.63154143095,0.770060896873,-0.667645409035,-0.171305302347,0.206878064278,0.673401192463,-0.340404501572,0.255286838928,-0.135180788078,-0.0378468632022,-0.320247275708,1.10388547011,0.471445415159,0.106051093605,0.0144947329536,0,0,0.346594908819,0.170103464853,-0.450296043525,-0.385529457755,0.00558055718267,-0.716198530487,1.43149417926e-24,0.11639187512,-0.0722963172996,0.254643534311,-0.300599842097,-0.00641807868049,-0.638199408421,0
0.0705403599447,-3.21722054227,0.742054920186,0.0615491978824,0.0724259987473,-0.644637942314,0.758556604385,-0.665941208583,-0.159474840615,0.196049457913,0.893801876292,-0.55269667188,0.253852671595,-0.323016747788,-0.124501415171,-0.29149531601,1.36691495447,0.269264152728,0.00652912546323,0.036649055779,0,0,0.211574625095,0.183149244497,-0.503969583265,-0.359095457971,0.00634550319362,-0.707624905358,4.95238155458e-22,0.200031469827,-0.0883372891797,0.21150216339,-0.293857344961,-0.00556846925214,-0.630860885912,0
0.0698986927519,-3.27466153448,0.723813008601,0.0581920072436,0.0644490197301,-0.66762804985,0.739413797855,-0.651919015302,-0.119521845585,0.277360319082,1.12448676128,-0.736295340362,0.247430508861,-0.582508444903,-0.230786309362,-0.215339782931,1.66031421489,0.0607859181201,-0.0804585569833,0.0575025677681,0,0,0.113870118689,0.151542991893,-0.540415372823,-0.343311205378,0.00719751244886,-0.705486229875,4.23426886357e-23,0.310597546193,-0.132092519462,0.195931648739,-0.286715268463,-0.00480902407254,-0.625657550726,0
0.0711187337843,-3.33832577029,0.724869048609,0.0644468441606,0.0661549121141,-0.694816827774,0.713231861591,-0.529286538493,-0.103388044277,0.316051282012,1.10548389166,-0.825623323056,0.246969364842,-0.787843229047,-0.201907797062,-0.149416517221,1.67973962834,-0.106665603656,-0.138162688119,0.0553422570229,0,0,0.000625815856149,0.136239063169,-0.50771257851,-0.362463196376,0.00772339744322,-0.711768897579,-1.12406779786e-21,0.36537783019,-0.156538606873,0.190887019025,-0.293297189062,-0.00484701226612,-0.629008770126,0
0.0732557338461,-3.40929915541,0.7449892658,0.0817000493407,0.0783711448312,-0.717016398907,0.687801241875,-0.343016228007,-0.13042811213,0.272953881656,0.85259763752,-0.800285712382,0.250756195803,-0.873695378447,-0.0764868071536,-0.122622985162,1.41919309532,-0.185900302798,-0.100155768271,0.0594491921365,0,0,-0.134679183968,0.14649635148,-0.460948000891,-0.377045414232,0.00895341251609,-0.71455493267,9.89821193886e-22,0.392368097975,-0.146267480903,0.176958375283,-0.301986652883,-0.00481294562964,-0.634146237825,0
0.0706543496298,-3.47974208195,0.763697301422,0.0842320472002,0.0761953517795,-0.736800611019,0.666501402855,-0.15417716748,-0.152790424899,0.266917992803,0.653400323871,-0.78190962094,0.244677146383,-0.90398255079,0.00754220462279,-0.107016011063,1.15811413475,-0.198621364326,-0.0208983132124,0.0633768960834,0,0,-0.190250006632,0.128747003987,-0.430598451229,-0.381827752891,0.00967746981632,-0.714059380923,1.78927355309e-21,0.453856019043,-0.15221933049,0.155419136332,-0.311336651181,-0.0051206973466,-0.640389132249,0
0.0663417433005,-3.55353785743,0.782661634024,0.0827662572265,0.0713826790452,-0.752726495266,0.649197280407,0.0147144045946,-0.141220191737,0.29177702457,0.475523973977,-0.663878740646,0.19442574483,-0.84686796657,0.0956655481582,-0.0909459488461,0.797826295028,-0.135512948166,0.0859771772775,0.065978333354,0,0,-0.213846155515,0.118271804598,-0.419318277587,-0.389587559774,0.0102079823956,-0.713777028168,-2.21869268241e-21,0.51244350327,-0.144869375113,0.131631944472,-0.321140066658,-0.00557976476103,-0.646439081157,0
0.0622771044373,-3.62677270584,0.790819462259,0.0649825185537,0.054238203913,-0.764965653419,0.638484954834,0.096339782393,-0.143843719731,0.273634800009,0.492994715233,-0.23020135463,0.121261084677,-0.795800501499,0.109835346606,-0.126857769538,0.571120667906,0.0475557699197,0.186998108582,-0.00337873003446,0,0,-0.177405331747,0.140546159881,-0.386816200659,-0.410933559576,0.00540908941488,-0.71663026526,6.24967595494e-21,0.58194818381,-0.129020052588,0.128105672126,-0.326550071623,-0.00833915320454,-0.649491644176,0
0.0594648999253,-3.69985389662,0.791883228988,0.0580423846841,0.0486668124795,-0.764080524445,0.640658736229,0.0541954091503,-0.175725980565,0.0634617123579,0.648093983616,0.292123382141,-0.046587577603,-0.754517699185,0.137797829994,-0.17902001706,0.438291887716,0.0874019911006,0.257691827793,-0.0514220744371,0,0,-0.163273654664,0.194417869514,-0.385442896098,-0.41757416855,0.002024927334,-0.719557501488,-1.92408108346e-22,0.620668478305,-0.07937510187,0.12929872902,-0.34804660203,-0.00981303558282,-0.660394984656,0
0.0553304602754,-3.77579145341,0.790843245216,0.0628436133265,0.0537960790098,-0.75707000494,0.648075342178,0.0404461025944,-0.161829965256,-0.0358164645595,0.761338834219,0.302774271779,-0.154368299989,-0.672391707455,0.148953363172,-0.238918217116,0.326133874753,0.0802080253125,0.261789999898,-0.0114167472348,0,0,-0.156058771374,0.193180319541,-0.421649206125,-0.396046918814,0.00451589719847,-0.717975052638,-2.42990976259e-21,0.604269606627,-0.0733904738194,0.12086729134,-0.366072500722,-0.00888789644693,-0.669568813401,0
0.0525254139403,-3.84575718642,0.77578276992,0.0574664659798,0.0501541085541,-0.751219689846,0.655630290508,-0.0750785224603,-0.057593956178,0.0408300904454,1.0893082425,0.244913490425,-0.120697912625,-0.629885788853,0.165043669042,-0.305357991231,0.392556156884,0.0932006909923,-0.0621258031505,-0.0341389775276,0,0,-0.0743846217352,0.22019339329,-0.422297818065,-0.363104994679,0.00266977014584,-0.708918073028,3.48868572108e-21,0.556142182141,-0.0885265030872,0.147747918072,-0.365323892587,-0.00977185798613,-0.669345309584,0
0.0504727707663,-3.91001983212,0.749086126734,0.0437854677439,0.0394609458745,-0.741546690464,0.668306946754,-0.240275964994,0.138398461623,0.0885244626112,1.50279785887,0.113664446032,-0.0303855883797,-0.605001606073,0.195719042288,-0.338774369829,0.655818171589,-0.268396045906,-0.245200388434,-0.089248239994,0,0,0.0534945056472,0.29391954316,-0.414661804092,-0.334921566748,-0.000259118541671,-0.697281384848,2.29486270919e-21,0.50704700221,-0.0803715207298,0.218529466643,-0.358058143194,-0.0113323121782,-0.666578481676,0
0.0438926526589,-3.97977995764,0.742166437047,0.0577171929181,0.0537427663803,-0.72957611084,0.679337263107,-0.381147582026,0.157406598717,0.0467009605162,1.55767521681,0.0841730705926,0.0406217685912,-0.52995342266,0.209335566881,-0.276271791511,0.689287983394,-0.435125262207,-0.249203715238,-0.0776161104441,0,0,0.130232277684,0.271244548527,-0.406786401621,-0.314845221083,0.000624975292783,-0.686859013469,1.4972935831e-20,0.352009552668,-0.131982041505,0.25089336749,-0.337602078868,-0.0111810833035,-0.658556643266,0
0.0469806833021,-4.03654428636,0.724502495155,0.0525111667812,0.0504893660545,-0.718932569027,0.691252052784,-0.644566386365,0.212095835835,0.00351070650776,1.84186485661,-0.0974012885384,0.167680013502,-0.536927571124,0.185268964015,-0.347543310593,0.934858218845,-0.597174414264,-0.24271430445,-0.116335295141,0,0,0.278747618148,0.310030385847,-0.376592058067,-0.315948418436,-0.0001477277773,-0.687666473828,-1.12066133376e-21,0.223573234129,-0.115989141381,0.33827698273,-0.310471235116,-0.0129336177491,-0.648261212709,0
0.0469170269027,-4.10034004083,0.72801311168,0.0550906695426,0.0554678142071,-0.702533841133,0.707343280315,-0.820921668972,0.15529924216,-0.0265130591373,1.84106952822,-0.187545530796,0.159349104547,-0.413245839024,0.184523724588,-0.36512918466,0.892404383951,-0.648499508023,-0.242190235092,-0.129128709435,0,0,0.374723458938,0.311329656553,-0.354093660322,-0.316130750292,0.00021241575734,-0.688193521215,4.95562065241e-20,0.0810000146851,-0.106953540819,0.393823283561,-0.304764867523,-0.0141088374098,-0.648210086163,0
0.0443860085923,-4.17202779145,0.751641424621,0.0663940757513,0.0704524070024,-0.682613968849,0.724338650703,-0.857127298921,0.0380111850142,-0.014948836798,1.54754614795,-0.21322869526,0.0799405329948,-0.192848596461,0.194867349433,-0.323852857201,0.573750752274,-0.563447331635,-0.211703481827,-0.133595153689,0,0,0.421696403679,0.269797848081,-0.336773457759,-0.321544596537,0.000295355187995,-0.689804544968,-7.32879251717e-21,-0.0602771903382,-0.116606231538,0.430718240719,-0.306756135353,-0.0148860456327,-0.651951028846,0
0.0465738488346,-4.24077083936,0.769073619681,0.0650375634432,0.0735794976354,-0.65907561779,0.745637655258,-0.892616256031,-0.0383496662583,-0.00178077760641,1.3061503834,-0.249329928857,0.0389260360908,-0.0285043002476,0.191657763855,-0.365762863302,0.406528368894,-0.504910952485,-0.146936933203,-0.14849421382,0,0,0.480740891573,0.264951509466,-0.323214128564,-0.335409857623,0.000362657955724,-0.696770905945,-2.08357009353e-20,-0.123597881366,-0.0959230594571,0.485880396379,-0.308299902327,-0.0155620531113,-0.655718844541,0
0.0482521330591,-4.31133936622,0.786547023919,0.0621929615736,0.0744156688452,-0.638255596161,0.7636911273,-0.849415386421,-0.111455540323,0.0152292369043,0.957489368393,-0.227549509155,0.014024881256,0.108065726827,0.191321145554,-0.426584268497,0.250044393451,-0.34778285717,-0.126765051962,-0.14468960464,0,0,0.523892439972,0.246429820535,-0.311064644933,-0.354925579985,0.00093681159624,-0.704858146912,-1.14687663168e-21,-0.150168714968,-0.087667723815,0.531469331219,-0.309719288898,-0.015079869467,-0.657495125452,0
0.0487243364087,-4.3848315528,0.798099348665,0.0565927699208,0.0701654776931,-0.62524831295,0.775202333927,-0.7502807975,-0.152627459958,0.0353797190131,0.57477782832,-0.0684811238271,-0.0919255246855,0.25247356106,0.218325317973,-0.41985944045,0.00944389526336,0.293015627345,-0.0588319733048,-0.130421727896,0,0,0.562277588593,0.222147045807,-0.302054108801,-0.380617460573,0.00173267761692,-0.715037983465,-2.30658385856e-26,-0.139834558307,-0.0794720448877,0.572487305384,-0.307459592026,-0.013841182193,-0.655075544716,0
0.0483858745174,-4.45724967035,0.795580218409,0.0495113953948,0.0621158443391,-0.621332943439,0.779509842396,-0.692832237216,-0.175383611183,0.102018173727,0.384749246551,0.00844936905779,-0.169155550898,0.137714088072,0.170349562602,-0.331857614106,0.38901473929,0.52359,0.0658872686529,-0.0849530473351,0,0,0.579002840561,0.190182360562,-0.306746628636,-0.402041233389,0.00331399436432,-0.720087522882,7.89915559336e-23,-0.0922578040933,-0.0905930140223,0.5752859607,-0.307998164301,-0.0107386369158,-0.65132393918,0
0.0486521586963,-4.52822722023,0.787177272279,0.0445757694542,0.0559906996787,-0.621249079704,0.78033810854,-0.630826613356,-0.187698684549,0.15728945002,0.306051599551,-0.00615916759275,-0.223793345605,0.064760990455,0.157848425471,-0.268905267117,0.65540225733,0.52359,0.163902618489,-0.063458070159,0,0,0.562453924178,0.180062978852,-0.313728757949,-0.41096085208,0.0041182645165,-0.719004428426,-2.93639088717e-21,-0.0216755025521,-0.0929056060577,0.556041376527,-0.296621680217,-0.00916383523475,-0.641556611328,0
0.0507295129927,-4.59860329145,0.773088555452,0.0404073633254,0.0499517321587,-0.627619028091,0.775864958763,-0.599392189493,-0.231814974783,0.17965269732,0.347815999613,0.0656144200034,0.118991091386,0.0207374515959,0.0422164974381,-0.324232800339,0.865880249242,0.52359,0.241829105621,-0.0581019595265,0,0,0.52331646434,0.182319502064,-0.32450159718,-0.421856845057,0.0044963073308,-0.718763783033,-6.29333011322e-22,0.0594594078784,-0.0959969878089,0.534371604341,-0.286038137462,-0.00864667135314,-0.633191493487,0
0.0530651404748,-4.66825732525,0.751249444227,0.036906413734,0.0440961420536,-0.64075922966,0.765585422516,-0.583024045163,-0.247194104179,0.151681216904,0.62333928593,-0.287826020817,0.260642167902,-0.0718190195414,-0.0931311582557,-0.357581662659,1.12734980884,0.427086362391,0.156704925027,-0.0270609017462,0,0,0.45837435214,0.180294756979,-0.345313363935,-0.435023575482,0.00581219362783,-0.7176056684,5.67733331429e-24,0.138350730684,-0.122176918955,0.488382882188,-0.281038557847,-0.00693387701595,-0.62576594573,0
0.0546844399521,-4.73088037171,0.733901914302,0.0396078266203,0.0457435920835,-0.653385460377,0.754603326321,-0.587653756292,-0.238215966971,0.159085474992,0.853593180297,-0.509938788129,0.257826014922,-0.246246810066,-0.211868661919,-0.32320772872,1.3748058772,0.228309229853,0.0551705515003,-0.00162400281988,0,0,0.325788035247,0.18530570901,-0.36092196392,-0.432964649124,0.00673531170201,-0.716769461417,2.21351461946e-21,0.227613900451,-0.143810275371,0.435895136594,-0.258671180804,-0.00593290071003,-0.609683329879,0
0.0550324061212,-4.79073801922,0.727684205441,0.0439551360905,0.0482327528298,-0.672135829926,0.737546563148,-0.519230920169,-0.222054984275,0.184376473698,0.917529908212,-0.624098353016,0.255872481325,-0.450206696981,-0.246901094573,-0.225721876846,1.47976190586,0.0825487250818,-0.00633499711738,0.00319860246964,0,0,0.179191676558,0.18766091624,-0.348174282146,-0.414418542531,0.00671932210116,-0.71665889085,-9.19714096584e-22,0.305111169926,-0.159170491467,0.399904833442,-0.248534972895,-0.00594817541624,-0.601144909081,0
0.0531126858389,-4.84997533707,0.731088456253,0.0484643653035,0.0496820509434,-0.696596205235,0.714098453522,-0.416113865587,-0.201879454062,0.213664279545,0.904817508609,-0.700535653844,0.254244523834,-0.63630525335,-0.218809673404,-0.156127417739,1.47653539016,-0.0922554676352,-0.0910026317071,0.0191040392965,0,0,0.0641282310117,0.169485951583,-0.331002068445,-0.410915189268,0.00783003643684,-0.715803747221,-5.3986291389e-22,0.350438958671,-0.188647415674,0.372641294933,-0.258510651481,-0.00542295358858,-0.606225147604,0
0.0496250474043,-4.91120034021,0.744408665733,0.0517207495868,0.0501167029142,-0.716290533543,0.694075763226,-0.280329943561,-0.201249161074,0.21122300037,0.811388508994,-0.735065850028,0.25366069904,-0.74561954481,-0.157510188112,-0.131119210816,1.33189114702,-0.187215730636,-0.0709275620037,0.0449474267662,0,0,-0.033479307586,0.144063592757,-0.356705677363,-0.41072447248,0.00956546464562,-0.714586526761,9.00511717281e-22,0.404131103843,-0.204356339513,0.327579657756,-0.272751356579,-0.00468308668598,-0.614394190409,0
0.0450393754655,-4.97534374232,0.764469973526,0.0520873628557,0.0486797951162,-0.728741765022,0.681067287922,-0.123646009164,-0.195499529733,0.194677174616,0.667462691877,-0.737893601108,0.254911149612,-0.757162169991,-0.0778839630417,-0.129599349135,1.04759596539,-0.196383342321,0.0242105546549,0.0586919300258,0,0,-0.110604251074,0.129510575853,-0.406586252233,-0.410812343318,0.010186798588,-0.714055573889,1.78944483244e-21,0.468609977343,-0.189120838401,0.271294186734,-0.283028621048,-0.00467250334844,-0.620641470711,0
0.0402352421341,-5.04204255193,0.783926405099,0.0488490089774,0.0446282699704,-0.736664414406,0.673013865948,0.00717104061256,-0.165924368094,0.215114753667,0.554713704094,-0.658072055866,0.23186897933,-0.706256960174,-0.0086811724782,-0.12849155862,0.692328872903,-0.10604578527,0.151458015144,0.0617837421596,0,0,-0.155055258824,0.126694754459,-0.461267086752,-0.409438295065,0.00995020079668,-0.714110670585,-3.61836504925e-21,0.53278477413,-0.158058542896,0.219217444913,-0.292815685103,-0.00521085461905,-0.626181593583,0
0.0367360307427,-5.10785404899,0.792393630972,0.0309965498745,0.0278268624097,-0.743483662605,0.667455554008,0.0633997566303,-0.158538935224,0.232911988703,0.61457293063,-0.322390689545,0.180823041946,-0.670710436384,-0.00254650362244,-0.164252537811,0.4684255414,0.0906087522722,0.224868399428,-0.000729452469386,0,0,-0.131230235242,0.146577446535,-0.49136309099,-0.414951695261,0.00524186860801,-0.717194429823,5.1765038923e-22,0.604447496482,-0.133403184828,0.194465400076,-0.301523906192,-0.00726179010749,-0.63204543462,0
0.0335566973825,-5.17523281005,0.795670527886,0.0264523811638,0.0237913504243,-0.74304407835,0.668296098709,0.0488625702844,-0.126216910939,0.177034591526,0.685145337056,0.179088462439,0.022801476739,-0.654552933784,0.0343725719155,-0.189526941411,0.337231524013,0.17160970783,0.245048440296,-0.0255730710924,0,0,-0.125024335249,0.172020615816,-0.533486600367,-0.409313629619,0.0031859078169,-0.719068968988,4.12387311155e-22,0.62791002639,-0.104419335047,0.171171677412,-0.311387050905,-0.00795480090381,-0.637397488906,0
0.0306969303816,-5.24015743298,0.789224140962,0.0225977357477,0.0205244217068,-0.739904344082,0.672019064426,-0.00213567691384,-0.101998479267,0.135191145283,0.892072020487,0.132050955787,-0.0546267524625,-0.635135863878,0.0263820017398,-0.300739027147,0.320531793046,0.222348888429,0.261789996557,-0.0429922416806,0,0,-0.0901794536005,0.192365055815,-0.56586795711,-0.380541541284,0.00167621258068,-0.71131391859,-1.55228301624e-22,0.606906581111,-0.103754359206,0.165422154389,-0.308072813395,-0.00860905963375,-0.635565542878,0
0.0272378749924,-5.30440254286,0.775795812186,0.0171486921608,0.0159631650895,-0.731753885746,0.681166172028,-0.0657660700796,0.022324928439,0.189213927519,1.1208429398,0.0559665543489,-0.0780739517955,-0.581138204764,0.0383409086552,-0.36263626588,0.326763130769,0.292737687762,0.108686299782,-0.0430286414921,0,0,-0.0385228445563,0.211508015668,-0.592725511885,-0.333808957072,0.00136843796181,-0.693023308237,-3.8053208878e-22,0.565953897919,-0.120547050748,0.163652768772,-0.295315028537,-0.00881939357599,-0.628296977165,0
0.0206877458784,-5.37312542457,0.764067855235,0.0232425462455,0.0227008238435,-0.715016961098,0.698351740837,-0.115669068882,0.110549667886,0.18097848443,1.18268084868,0.0274204602719,-0.0431593765597,-0.516267469653,0.0898277606866,-0.352506108268,0.434939786516,-0.0367396384203,-0.224624803572,-0.00932977721095,0,0,-0.01343094069,0.211399223978,-0.626341904568,-0.297891257723,0.00298218367457,-0.676820228741,5.06818294569e-22,0.495529324345,-0.157201030413,0.139787266334,-0.30202660256,-0.008034768717,-0.632143321648,0
0.0155681253211,-5.43114707165,0.748888739151,0.0266733746976,0.0267852488905,-0.705121159554,0.708078563213,-0.271026177793,0.177744657023,0.144931571823,1.36533174836,-0.0566628155119,0.0314396243727,-0.509258538218,0.124683223591,-0.311483081002,0.597752003745,-0.236155568302,-0.249972010567,-0.0301663409919,0,0,0.0664549473032,0.233743105896,-0.587021952011,-0.282392178603,0.00208998439185,-0.66695879823,-1.478145604e-21,0.380810185589,-0.197889389614,0.169663800714,-0.286914376911,-0.00867251508873,-0.625301640401,0
0.0145103060435,-5.48451690386,0.740274376782,0.0319094285369,0.0329904444516,-0.694499611855,0.71802765131,-0.453565653169,0.176148539737,0.0929865104747,1.49379662584,-0.172937720789,0.112521627204,-0.495089919882,0.123704361212,-0.324649882701,0.727251578129,-0.382821703455,-0.248955451619,-0.050198674202,0,0,0.164657535597,0.242513863703,-0.528321153589,-0.271138959117,0.00153190564734,-0.659870816663,-2.30680541513e-21,0.255210154254,-0.226185957332,0.205429935395,-0.261445660182,-0.00955844647393,-0.611762536981,0
0.0156761333048,-5.53648036324,0.742264254047,0.0353373065591,0.0382909663022,-0.677273869514,0.733883619308,-0.60257147118,0.127911580239,0.0479251595241,1.50555907116,-0.294462118789,0.138110531788,-0.413668862656,0.125180545553,-0.338534781091,0.726812210584,-0.471822257728,-0.248319304058,-0.062191400677,0,0,0.249515858017,0.246212216077,-0.477166258265,-0.271942474103,0.00151721312748,-0.658847902606,4.94950518644e-21,0.167283742831,-0.232025565809,0.227218557952,-0.261014024318,-0.0101684295779,-0.611942635797,0
0.0190903970018,-5.5869787048,0.75269346427,0.0396157093346,0.0450583994389,-0.659103214741,0.749655485153,-0.720429879397,0.0728181617884,0.0254413531111,1.41538437891,-0.338676293918,0.0994036085173,-0.314727189443,0.123910753403,-0.358327821004,0.662841673595,-0.492720893593,-0.21729115857,-0.0816082730889,0,0,0.325017783437,0.253241656053,-0.421891440218,-0.282786013556,0.00136584888727,-0.662851892397,-9.78807790592e-21,0.0814231276808,-0.226796785317,0.256561202224,-0.259876481496,-0.0111767516032,-0.613036585363,0
0.0236270713913,-5.63795358228,0.768603878881,0.0430564023554,0.0509017333388,-0.644380390644,0.761793315411,-0.783204893125,0.0242389010715,0.027723696952,1.23346815983,-0.35648077057,0.0613184573934,-0.210365165652,0.116226408968,-0.377942649575,0.578870294265,-0.47397305256,-0.16097179449,-0.0961886942387,0,0,0.401680014939,0.250347006885,-0.359327007118,-0.283966896018,0.00154838498304,-0.662056733322,-5.28367719919e-20,0.00940149936934,-0.212011577724,0.302223335155,-0.257625135217,-0.011976278226,-0.613299578223,0
0.0289421598387,-5.69055183838,0.786940757896,0.0432009734213,0.0523270852864,-0.635188400745,0.769370675087,-0.785224092285,-0.0170626788601,0.037273244331,0.972146921501,-0.293382120881,0.0299650298877,-0.0967129336125,0.105264518634,-0.405680456558,0.478031555092,-0.422715954196,-0.118472377846,-0.105149373412,0,0,0.477281981236,0.233262693617,-0.295036748007,-0.283260898731,0.00199538209954,-0.661483762201,-5.17808383593e-21,-0.0523084091405,-0.192752804092,0.364420124461,-0.245959937637,-0.0121478217758,-0.607482679708,0
0.0345972599739,-5.74462398021,0.802827499148,0.0401814654469,0.0492996871471,-0.630501151085,0.773578286171,-0.747888173626,-0.0469261847086,0.0503233808573,0.67239861914,-0.132897139715,-0.0236880429284,0.00504522244097,0.0929693972703,-0.433575736304,0.392101363614,-0.30767787688,-0.118733667978,-0.105958297849,0,0,0.540143415274,0.210261490154,-0.254526813673,-0.282981022246,0.00258033982386,-0.661121389497,-6.15799730423e-21,-0.0922223995493,-0.162926800872,0.422130186602,-0.232163965563,-0.0119396173957,-0.600526397552,0
0.040388988813,-5.80104109968,0.811746491605,0.0344836451113,0.0426881834865,-0.627442419529,0.776726901531,-0.708539378586,-0.0524234235411,0.0952145731351,0.445418020493,-0.00221347932595,-0.123376553106,0.0723731898603,0.0784244761313,-0.424958539535,0.364578449859,-0.0410279812145,-0.108052998573,-0.0998878031969,0,0,0.587439734192,0.194133258942,-0.230075939534,-0.288106891808,0.00318390997152,-0.664476677679,3.93262463984e-21,-0.10296506265,-0.133480622262,0.47691701869,-0.227075233501,-0.0112963101201,-0.597565228962,0
0.0461349772445,-5.85764672923,0.81232232412,0.0286178197712,0.0354536995292,-0.627447545528,0.777324676514,-0.67275825042,-0.0633821069486,0.125165041945,0.283912032639,0.128834680663,-0.210338122933,0.099579990986,0.0573704282058,-0.375013075665,0.400107904784,0.34792615219,-0.0332783627659,-0.094795756042,0,0,0.613381856796,0.182684255354,-0.22416183202,-0.294765801709,0.00352509909471,-0.667828050001,3.91142651831e-24,-0.097158651141,-0.104572285607,0.520076592895,-0.221313210455,-0.0107855505247,-0.59347907939,0
0.0490770084797,-5.90985744368,0.798639232748,0.0177841652185,0.0222360994667,-0.624340832233,0.780632972717,-0.699209254552,-0.0639243474664,0.168225638629,0.295500004894,0.258357493042,-0.207635940371,0.0344426039497,-0.0023573947411,-0.378848916343,0.72716089716,0.299865372811,0.0308572413001,-0.0452326200902,0,0,0.616359862871,0.181210320924,-0.255750402499,-0.295867784994,0.00464053016199,-0.665427317643,6.23674506625e-23,-0.0443440954433,-0.102097849982,0.509479256338,-0.216018319256,-0.00798090311024,-0.584407969635,0
0.0566560176294,-5.96793827415,0.78651469225,0.0174867529422,0.0212405752391,-0.63534784317,0.771735787392,-0.620816591184,-0.0628570628591,0.183218943179,0.206137496424,0.300973892115,-0.261789908557,0.023370064691,-0.0648181188984,-0.363563488179,0.845090014557,0.212909594288,0.100842077745,-0.0747274458408,0,0,0.587860612097,0.182710434847,-0.255663423303,-0.298957514498,0.0037513975552,-0.663103831034,-1.23666626359e-22,-0.0171142206639,-0.0752970660761,0.537010725456,-0.189599550196,-0.00937363682102,-0.566461681724,0
0.0602356608989,-6.0180951056,0.757302151974,0.0042233094573,0.00502735655755,-0.643207669258,0.76566362381,-0.658940934208,-0.125934558506,0.160668629911,0.411119673222,0.249414727217,0.166320105621,-0.0486828440294,-0.232678733448,-0.41888464705,1.21202813607,-0.0234516563381,0.048365855518,-0.0494428016245,0,0,0.569331943336,0.181812374517,-0.305961059442,-0.308280129958,0.00402631224854,-0.667410880512,-4.67402866491e-24,0.0671331750449,-0.0980901467452,0.511141292891,-0.178606128137,-0.00775871939962,-0.553481300566,0
0.0659341793155,-6.06624145519,0.729252346216,0.000259239604929,0.000295799662126,-0.659101784229,0.752053618431,-0.722084908049,-0.139295229214,0.158767887676,0.773460249634,-0.0987252499565,0.259828359466,-0.164362657991,-0.308560278252,-0.372785778351,1.44653661757,-0.226485495436,-0.0478668916534,-0.0266609080136,0,0,0.503789500818,0.187378005806,-0.338707548846,-0.311459736966,0.00432585732553,-0.668975197158,-1.79752077735e-21,0.122489497145,-0.126667283642,0.466931588306,-0.154055718897,-0.00651641507263,-0.528442495037,0
0.0706602474195,-6.10735637903,0.724978263893,0.0131352609023,0.0146867763251,-0.666509330273,0.74523627758,-0.742563932095,-0.150633014249,0.0900632479381,0.892939742459,-0.239381929038,0.261438245606,-0.314440810579,-0.197892764032,-0.286034984254,1.42856400717,-0.308528335532,-0.119408490882,-0.0234633944929,0,0,0.365115329621,0.227356503881,-0.349768608413,-0.248492275042,0.00406266442632,-0.632995987538,2.39047448185e-21,0.177823208869,-0.104713112895,0.373760730827,-0.0823414108764,-0.00655932543051,-0.45701270873,0
0.0694824499055,-6.13887131778,0.724097472494,0.0152804832906,0.0166628472507,-0.675701022148,0.73682898283,-0.739208312918,-0.123409592159,0.120723364401,0.9860637262,-0.323358342964,0.258771693855,-0.476471824365,-0.139195348454,-0.217278387999,1.46396004628,-0.396935286631,-0.164116358562,-0.00801580678672,0,0,0.282075686181,0.231233483291,-0.344029140009,-0.172530880555,0.0043105152533,-0.582287788796,-1.86240545604e-21,0.293050886601,-0.0849512768825,0.259857430173,-0.00823021840092,-0.00553170153213,-0.362363476832,0
0.0682516065336,-6.16491946439,0.733025397259,0.0207864157856,0.0219681281596,-0.686985850334,0.726041138172,-0.707010803287,-0.116739123427,0.13552407272,0.980494136975,-0.358202084033,0.259392366615,-0.601150305888,-0.0864234651921,-0.16338764204,1.38942616806,-0.455533271779,-0.148024970476,-0.0212449040264,0,0,0.21531487334,0.233574987167,-0.311864258344,-0.130676065009,0.00361153932248,-0.547588972565,-7.07276681583e-22,0.372997888595,-0.0926389360682,0.206086910395,0.0409770894786,-0.00458754538792,-0.279145584116,0
0.065487604979,-6.18957132127,0.750400874898,0.0280260145664,0.0287793520838,-0.697104811668,0.715842962265,-0.629946231972,-0.109015415151,0.133836944873,0.875624398056,-0.347852544518,0.259411578162,-0.653713067888,-0.0245567691501,-0.126446887175,1.19298508703,-0.494911349822,-0.128795501014,-0.0200305450708,0,0,0.169688473343,0.222883656833,-0.283602921894,-0.0987184968637,0.00356589522945,-0.516049589361,-2.12857481733e-21,0.439225023348,-0.131505250204,0.192583816231,0.0778074276215,-0.00292199318084,-0.192874438724,0
0.0615725754369,-6.2141109489,0.770215146815,0.03368736431,0.0337749309838,-0.705384373665,0.707217991352,-0.546662905971,-0.0972868377373,0.127147919125,0.759083579598,-0.320200266309,0.244179351259,-0.645564434957,0.0269604350081,-0.104184394395,0.941615230598,-0.477148345601,-0.0781497492686,-0.00797184091061,0,0,0.157428529471,0.207824404219,-0.258153338601,-0.0600715522652,0.00396832566008,-0.477983071324,-2.03142431204e-22,0.50430819326,-0.174476913773,0.194367683602,0.0946378466517,-0.00150145305441,-0.120834129041,0
0.0571285258009,-6.23877990321,0.788318580216,0.034761223942,0.0349722318351,-0.704106330872,0.708380460739,-0.471382072806,-0.0809874645402,0.135835975713,0.67150781763,-0.289720175186,0.212297442891,-0.587890236727,0.0283332746396,-0.125486999177,0.67033356733,-0.374415163913,0.0178887597663,-0.00517592811957,0,0,0.147465855038,0.217385739397,-0.266104839008,-0.0156061292584,0.0035583169537,-0.431051149774,1.0110280682e-20,0.579737065656,-0.172919742159,0.158864663066,0.096140768492,-0.000978963360849,-0.0816548750653,0
0.0523856719433,-6.26258741032,0.801760828049,0.0330443717539,0.0339551791549,-0.696646511555,0.715848267078,-0.41282925354,-0.062233222953,0.140678114618,0.61918629183,-0.235871770214,0.151526814077,-0.510888036756,0.00312307642989,-0.188053228413,0.397266427516,-0.155437316548,0.0995802302299,-0.0043901251629,0,0,0.134363667455,0.246958147559,-0.300738660949,0.023701882552,0.0028086426143,-0.38147650342,8.32312396511e-22,0.65722157906,-0.146010919018,0.104706165111,0.0946393301127,-0.000761673355591,-0.0603534027331,0
0.047051254706,-6.28699595769,0.807733090218,0.0301711708307,0.0315932482481,-0.689983844757,0.722505271435,-0.366860308783,-0.049394464308,0.130697598665,0.611031937901,-0.225262079331,0.112111552348,-0.459528572592,0.00568863612339,-0.219504504595,0.216323741903,0.0998846892466,0.0622763696129,0.00517262564972,0,0,0.136925311697,0.268741674704,-0.330590177862,0.0506768261433,0.00247923970865,-0.342723695997,-1.53054733328e-20,0.718950705425,-0.145984077799,0.0851785048679,0.0915596604721,-0.000533399724823,-0.0451756051039,0
0.0409819427286,-6.31163378591,0.80657430126,0.0258884485811,0.0276483204216,-0.683003008366,0.729432880878,-0.346810510606,-0.0300926826468,0.115358832793,0.680101010071,-0.305339641651,0.0879276403267,-0.407653152315,0.00782780819959,-0.300700850431,0.118405113839,0.333166519649,-0.0455489405961,0.000723566219676,0,0,0.148257153283,0.291813372206,-0.356705049408,0.0686081178993,0.00188829127697,-0.311705692895,-4.42868701332e-21,0.763578160925,-0.140464630333,0.0634075739161,0.0908135464254,-0.000441004293485,-0.0371380611245,0
0.0340818643908,-6.33692219309,0.802175769408,0.020816989243,0.0225066542625,-0.678693473339,0.733781456947,-0.282921211268,-0.00389891379806,0.0986610623014,0.683062824421,-0.3797266748,0.0524789266473,-0.332364204028,0.038237120856,-0.310810410802,0.10156465515,0.232433090345,-0.117668804509,0.00508236465976,0,0,0.163858162633,0.306465864041,-0.373926950216,0.0835281945997,0.00162408127968,-0.284661644331,-2.95663059944e-22,0.787830822411,-0.152840798649,0.0584213248102,0.0927088516217,-0.000390939742312,-0.034167582994,0
0.0267617226582,-6.36126717311,0.794160584116,0.0165388174355,0.017949404195,-0.677417337894,0.735193908215,-0.249337401473,0.0362725032081,0.0880814877473,0.741840002778,-0.466769035567,0.00037049829227,-0.258392769326,0.0785181579284,-0.314508631296,0.0719877550036,0.164752623276,-0.154460904038,0.00397722236812,0,0,0.196670645166,0.308613340413,-0.367367042235,0.0950284281881,0.00142870848274,-0.259186862872,1.86134221734e-21,0.792432964501,-0.173561111401,0.0630269561623,0.0936910588644,-0.000342941374598,-0.0328264403188,0
0.0198681003794,-6.38277091176,0.787190150147,0.014376970008,0.015773287043,-0.673483848572,0.738893806934,-0.240172649086,0.064176661299,0.0609649025795,0.811407617577,-0.529558806028,-0.0334271973687,-0.181880413457,0.119254708653,-0.31399875632,0.00510851477791,0.137671355853,-0.176244928428,0.0110819637775,0,0,0.237279596926,0.292696451422,-0.351707997141,0.109218729995,0.00141547581026,-0.226756734464,-2.53110381363e-23,0.784920879225,-0.180363656489,0.056272241961,0.0942637090346,-0.000312105146034,-0.0308077335492,0
0.0146701423101,-6.39996609924,0.78319932613,0.0140894521028,0.0156875066459,-0.668047964573,0.743819355965,-0.251462806402,0.0748007137737,0.0311455953954,0.87919288429,-0.557233136504,-0.0420532958963,-0.149138346641,0.13415666074,-0.339090809209,0.00546017409243,0.0923025920597,-0.185167391222,0.0137216262519,0,0,0.282921456762,0.275685538066,-0.338860151666,0.122748537166,0.00122033815498,-0.18307390166,7.94985380446e-21,0.770009013892,-0.173478650062,0.0427159400852,0.094401428412,-0.000302410666277,-0.0293708924747,0
0.0111661530925,-6.41472556121,0.78183810804,0.0143382418901,0.0162055566907,-0.662485063076,0.74876254797,-0.269626386551,0.0752301161649,0.00540758386001,0.935170845725,-0.531014975585,-0.0380614719223,-0.123834181918,0.144078335882,-0.35255260891,0.00603123107974,0.052834631579,-0.187168918694,0.00364046846516,0,0,0.343195981592,0.258370019298,-0.32164116786,0.127949082531,0.0009265285923,-0.14042854462,-3.13979912668e-21,0.746643978762,-0.17046576001,0.0402566983334,0.0944908754818,-0.000292149485246,-0.0285832540567,0
0.00896612254351,-6.42701028047,0.782168165067,0.0151674943045,0.0173232704401,-0.658566892147,0.752169847488,-0.282077548953,0.0729084687188,-0.00684482835537,0.958577416854,-0.500021752691,-0.0411837912817,-0.106152470714,0.149465706492,-0.350536444559,0.00615244010247,0.0296061754401,-0.185016669852,-0.0124304946512,0,0,0.408234939123,0.232553032297,-0.297829441523,0.127679828294,0.000771968842822,-0.112587984767,1.56752764391e-21,0.712016576491,-0.179492559509,0.0566157416571,0.0949821697132,-0.000276051597519,-0.0282916431062,0
0.0072122133793,-6.43683121691,0.783259167118,0.016797889024,0.0192797966301,-0.656695067883,0.753722548485,-0.290223021516,0.0680595059611,-0.00824847493017,0.951545327366,-0.516037141585,-0.00728680603913,-0.0958930449937,0.152709424771,-0.352763627302,0.0057773116121,0.016650219829,-0.185862085637,-0.0157964974642,0,0,0.465362771594,0.219772884873,-0.283165264906,0.126344864693,0.000652115062565,-0.0901691818258,3.4004497238e-21,0.669863090623,-0.212791423823,0.105382156853,0.0946422960089,-0.000205151200731,-0.0257491373782,0
0.00642564191106,-6.44639876074,0.784418284873,0.0182602517307,0.0210054293275,-0.655815303326,0.754408121109,-0.289824526067,0.0588499418249,-0.0102772831577,0.915560638287,-0.53714709815,0.0253501272224,-0.0854860292051,0.153664350783,-0.356903179983,0.00599177601745,0.00528406776524,-0.186653320587,-0.0201817415655,0,0,0.526640895304,0.206633842574,-0.272404692007,0.124684885095,0.000576811346489,-0.0736830837508,-2.34047311726e-21,0.632039820877,-0.224013589837,0.132228634181,0.09690007828,-0.000216961080793,-0.0288024112238,0
0.00563852030782,-6.45468092891,0.785302309439,0.0199804287404,0.0231159608811,-0.65362650156,0.756200253963,-0.287214280791,0.0468693393358,-0.0254845240433,0.855303516115,-0.557620152096,0.00900988356582,-0.0780289190037,0.153120839502,-0.359487225278,0.00639687651456,-0.00666843990694,-0.1855273788,-0.0200329665095,0,0,0.56821247143,0.225014726225,-0.290725421153,0.121284208728,0.000405178453042,-0.0579647659426,8.66885905432e-21,0.598946621426,-0.223106802318,0.143825935137,0.0992288627107,-0.000258348909341,-0.03339695674,0
0.00476432496313,-6.46222966137,0.785750897655,0.0217891540378,0.0253684185445,-0.651198804379,0.758170008659,-0.28043354931,0.0448947423748,-0.0355350869187,0.780276407206,-0.577992561857,-0.0253129660821,-0.072677377765,0.156537171622,-0.353372929673,0.00595998760405,-0.0166817014376,-0.186967689539,-0.0160523261875,0,0,0.603712388624,0.247387562179,-0.312059264361,0.118716169243,0.000280088611825,-0.0465192444946,-6.53200953707e-22,0.576185126176,-0.202705042374,0.133179217239,0.102464070669,-0.000361670375112,-0.0402249351558,0
0.004351763526,-6.46886390077,0.785960615112,0.0236062575132,0.0277815442532,-0.647089719772,0.76154178381,-0.273966366423,0.0496964254228,-0.0323974489741,0.703907632094,-0.579531384543,-0.0255475051277,-0.0688911604271,0.159723346369,-0.34786568489,0.00607790673046,-0.0308952055899,-0.189164987643,-0.0155271394178,0,0,0.631615365125,0.258182568781,-0.31591559306,0.116370227004,0.000219109914818,-0.0394675814117,-1.93439538497e-22,0.560485031496,-0.187530174548,0.133655329069,0.104743549156,-0.000437959637065,-0.0445068990518,0
0.00429673932266,-6.4744880769,0.786010099006,0.0251740850508,0.0299260783941,-0.643241941929,0.764663696289,-0.265176748087,0.0534589719499,-0.0247585306914,0.632643276247,-0.585697666596,-0.0098305706126,-0.0653428680107,0.160001555895,-0.347570693409,0.0060730491282,-0.0403875474013,-0.188900293275,-0.0155039494857,0,0,0.652466391266,0.261420349989,-0.308733342399,0.114583677053,0.000192344273456,-0.0352775774541,2.86936873388e-21,0.549107699136,-0.181391331297,0.142218937172,0.105652188889,-0.000462813758559,-0.0454454848358,0
0.00415497103078,-6.47966903515,0.785846632277,0.0262512881309,0.03149901703,-0.639676272869,0.767549932003,-0.257562381678,0.0569717712369,-0.0232766465598,0.577417531712,-0.575720820422,-0.00792242997868,-0.0608353145601,0.159993002988,-0.355331908542,0.00681210044406,-0.0499689651086,-0.188626501773,-0.0158896557987,0,0,0.665580207705,0.265003951025,-0.304860786825,0.114342343762,0.000185816919417,-0.03484307794,7.79376669165e-23,0.553334447373,-0.163043654594,0.145085589724,0.107822940487,-0.000544051872246,-0.048580252135,0
0.00457917734892,-6.48414812218,0.785849865444,0.0273055676371,0.0329646915197,-0.637321949005,0.769407868385,-0.254176517134,0.0571476956799,-0.0249532137342,0.547781988179,-0.563645632936,-0.00365485028313,-0.0612865322096,0.156990228285,-0.362018312607,0.0168833324932,-0.0640292848543,-0.187658748835,-0.0170318391174,0,0,0.668912602031,0.267950044789,-0.302619958096,0.115619588731,0.000196552347698,-0.0373430132816,-5.82508052168e-22,0.549908662107,-0.167378105995,0.167363776217,0.108184224081,-0.000514497094928,-0.0469437996426,0
0.00533796550107,-6.48828789108,0.78584827626,0.028076544404,0.0342009291053,-0.633887469769,0.772158443928,-0.252783410957,0.0554416009457,-0.0344813495417,0.542142978184,-0.550514316204,0.00265744684061,-0.066547020999,0.153098638277,-0.369443148926,0.0386264119758,-0.0843808034416,-0.186259962731,-0.0197007190436,0,0,0.661361302426,0.280939020773,-0.310764730255,0.117039752778,0.000189890967688,-0.0404648328984,1.33485342119e-20,0.553666219625,-0.166508007705,0.182868298547,0.108469613621,-0.000498824103994,-0.0452264483833,0
0.00667260115299,-6.49190772288,0.785980123712,0.0287394542247,0.0350997745991,-0.632868885994,0.772928893566,-0.242165433098,0.0517657144779,-0.0308208889086,0.524771467697,-0.534684665713,0.00887675731777,-0.0691289414039,0.146844935537,-0.367683075785,0.0536616506315,-0.0998730303479,-0.183785798732,-0.0218057110906,0,0,0.652404886167,0.278310618281,-0.306446056855,0.119189570752,0.000224291230569,-0.0460432826233,2.19310634799e-20,0.557952853945,-0.186317732793,0.216446521906,0.108281242232,-0.000419990822136,-0.0426253941105,0
0.00838662189046,-6.4948910044,0.786341580819,0.0295190121979,0.0360323749483,-0.633038163185,0.772717893124,-0.225741369833,0.0476391481252,-0.0181389013143,0.492290929797,-0.503175870796,0.0211384969963,-0.0716012076407,0.139348362744,-0.362511825494,0.0655470144694,-0.11124804062,-0.179547076763,-0.0249552521855,0,0,0.637885246841,0.272359685497,-0.295297109615,0.121126611417,0.000270053245357,-0.052057445271,-8.14264218156e-22,0.568989877317,-0.178501217025,0.214110247572,0.108815846202,-0.000434183436921,-0.0418537474622,0
0.010385262785,-6.49735347203,0.786553106657,0.0305510852486,0.0372973233461,-0.632936775684,0.772700786591,-0.208783593893,0.0445443134049,-0.00479396279582,0.456946711527,-0.480196295728,0.0283737369369,-0.0749081736501,0.13075732117,-0.362808724786,0.0764356573476,-0.121216198473,-0.174864527522,-0.0275051444769,0,0,0.623439883221,0.258434717718,-0.282125614991,0.123104672452,0.000346086848081,-0.0592934286372,-1.17352545074e-20,0.57167691085,-0.208332379354,0.248012254804,0.108312823633,-0.000336183442306,-0.0389812278249,0
0.012484482058,-6.49937009143,0.786717724175,0.0316462144256,0.0385540276766,-0.633672356606,0.771991848946,-0.19184334528,0.040017073329,0.00857600720994,0.422572360922,-0.463163059623,0.033198825853,-0.0783850534895,0.121992771984,-0.358830371729,0.0853967078337,-0.129627177695,-0.169637901306,-0.0289792530239,0,0,0.60401754259,0.253131793195,-0.277827387844,0.124165942305,0.000387314925077,-0.0643013423913,3.0653397904e-20,0.580891299333,-0.20947838409,0.246365075415,0.107731055724,-0.000318064504346,-0.0371579527588,0
0.0148800156029,-6.50056208884,0.787088332788,0.0331107676029,0.0401811897755,-0.635077893734,0.770691394806,-0.179517197426,0.0309696699892,0.0169139957917,0.391061279307,-0.438668674652,0.041098143654,-0.0835072074863,0.111967690813,-0.352369242596,0.0920920595834,-0.133461756219,-0.164340297413,-0.0269439462572,0,0,0.581378068587,0.254398182931,-0.282270112728,0.124446622441,0.000393744128279,-0.0671153940948,-4.57562953821e-21,0.589197646661,-0.211457824236,0.242447280222,0.1069138156,-0.000296726891843,-0.0352896895274,0
0.0171311663233,-6.50214118951,0.78760377632,0.0338493958116,0.0410472713411,-0.635318517685,0.770415306091,-0.165677682052,0.0243747318777,0.0204519160419,0.361738228768,-0.418305498831,0.0492443155344,-0.0848341943427,0.106660659006,-0.34700621508,0.0963821993971,-0.138256791109,-0.161149433426,-0.0280988439918,0,0,0.561429773994,0.258838632698,-0.288320858731,0.124473354505,0.000382314717827,-0.0687168824944,1.98049058689e-20,0.597277037038,-0.214131517517,0.238573236383,0.106085036927,-0.000271126665832,-0.0330361689586,0
0.0193055687155,-6.50324243905,0.788188431546,0.0344582721591,0.0416082851589,-0.636897981167,0.769052863121,-0.151182054904,0.02056456306,0.0294584727868,0.332664365865,-0.400639808245,0.0527843841654,-0.0854784646523,0.101782022784,-0.341540781743,0.0984904038079,-0.13892491941,-0.157196688175,-0.0280803367496,0,0,0.545063517362,0.259164704575,-0.292927978537,0.124668479116,0.00038897486583,-0.0710105104514,-8.0173295481e-23,0.604226252818,-0.216745899316,0.238105871725,0.104672944675,-0.000242905706943,-0.0303635447137,0
0.0212855050199,-6.50405653953,0.788585398689,0.0351044759154,0.042134553194,-0.639138698578,0.767133653164,-0.139534982745,0.0178582143267,0.0389594664273,0.311027976528,-0.395097886961,0.0588829895539,-0.0864792432375,0.0979420713498,-0.336616505893,0.100230668913,-0.140482606388,-0.154090819045,-0.0270166657865,0,0,0.532275911144,0.264158187801,-0.295463718888,0.125192468623,0.00038362864718,-0.073000391395,-2.83014149709e-21,0.609305081465,-0.218618674236,0.237266728638,0.10366620759,-0.000223393866808,-0.028450649112,0
0.0232334966758,-6.50471194084,0.788850956775,0.0356744043529,0.0425249487162,-0.641709387302,0.764936625957,-0.130697339055,0.0135212646956,0.0459740566121,0.294725889182,-0.387562831847,0.0637594670863,-0.0871759766857,0.093046178371,-0.332336340946,0.101885953618,-0.141338954454,-0.149432089537,-0.0251092128456,0,0,0.521668863217,0.267016089637,-0.299079466217,0.125544468081,0.000385083145044,-0.0750531625588,-1.09741888856e-21,0.612171999043,-0.2236857562,0.239733525664,0.103095113077,-0.000205386253488,-0.0272831694923,0
