0,0,0.839706862405,-0.00389053863,0.0564461741,0.394985941,0.916943182,-0.265218659689,-0.052494032165,0.179197963909,0.197637050749,-0.210329095382,0.0644988452783,-0.233544470758,-0.0316351689988,-0.0897830697422,0.0949238331937,-0.0930371939301,0.0467273446442,0.0362693601,0,0,0.440305452071,0.330473682037,-0.339226124379,0.123671901394,0.000394675158623,-0.0912583129666,5.04374947229e-21,0.454366905387,-0.394870591013,0.308723886958,0.118415654398,-9.03284292131e-05,-0.104928506047,0
0.000530321917283,-4.52140004616e-05,0.840181936526,-0.00471473419,0.0596428409,0.393924219,0.917193661,-0.268159995425,-0.0527034124583,0.174751529841,0.199500431034,-0.20753616787,0.0814674041921,-0.244202378209,-0.0260980851667,-0.0786810883084,0.0980171651437,-0.0972962071088,0.042865867867,0.0394390356,0,0,0.430806977418,0.326127716987,-0.334295203524,0.123916404362,0.000434727471676,-0.0932205884034,1.38961074593e-20,0.449451784866,-0.398789420698,0.312026856651,0.118620278705,-6.68794984924e-05,-0.105786291202,0
0.00097182026508,-6.13917943919e-05,0.839898127887,-0.00246229,0.059647966,0.394726352,0.916857221,-0.262856214563,-0.0600671842223,0.170719763481,0.193830366146,-0.207985339261,0.0888592899229,-0.247685624105,-0.0340169731319,-0.0787846863083,0.11040411033,-0.114621978226,0.0337879738258,0.0332078344,0,0,0.431560383092,0.341467034737,-0.340489888166,0.123217083514,0.000365576081283,-0.0922152595265,-5.43881310323e-20,0.44969267596,-0.406077664908,0.320114872653,0.118884209012,-6.03684012007e-05,-0.105780598748,0
0.000746653302338,7.93889503183e-05,0.839724496152,-0.00177736337,0.0603656191,0.393766104,0.917224666,-0.264571637861,-0.0614886628433,0.173934602444,0.196094224679,-0.210275916045,0.0917937612018,-0.247450202177,-0.0332226961543,-0.0708349259557,0.110024459588,-0.108175648145,0.0429098545567,0.0359966297,0,0,0.429659427287,0.340833966603,-0.344423710084,0.122939524419,0.000360132359787,-0.0896241316402,1.03603723457e-20,0.434269662014,-0.390764462719,0.309417867524,0.116753754845,-0.000114941359006,-0.11834541278,0
0.00246000629609,0.00105725623169,0.839635264609,-0.00253549106,0.0599387274,0.393087899,0.917541729,-0.265212426914,-0.0549270393438,0.179806844884,0.205427787875,-0.216069509518,0.0863730727055,-0.235167831841,-0.0207403098652,-0.0502655954328,0.0861108546958,-0.104370310204,0.0340824921322,0.0517114775,0,0,0.429221874365,0.339264899885,-0.343687867003,0.123575547511,0.000410877211507,-0.0920361782823,-1.93461044323e-21,0.435946279032,-0.387507683944,0.297755783895,0.115536691349,-9.13766976058e-05,-0.123920759218,0
0.00324886351294,0.0015477945702,0.839672506017,-0.001524361,0.0589151603,0.394315991,0.917083191,-0.259514781156,-0.0562656963025,0.179107876935,0.201879208399,-0.213685397573,0.0874098135735,-0.227925612292,-0.0245024484279,-0.0565021792737,0.0834186211,-0.104118695388,0.0355216203763,0.0498242184,0,0,0.431258300769,0.340163807675,-0.345286127351,0.12370118856,0.000402578638025,-0.0923972840353,-4.40112758414e-21,0.441390605333,-0.387098478567,0.295686753416,0.116830606774,-8.97241976603e-05,-0.12055366708,0
0.00287394970313,0.00188452066091,0.839753293956,-0.000974712858,0.0596641928,0.394424563,0.916988821,-0.259914728081,-0.0598652240462,0.177557692343,0.201042845923,-0.214170367304,0.0941744586463,-0.229827114295,-0.0281769811459,-0.051482046024,0.0856163700567,-0.106292774364,0.0324577193746,0.0484232881,0,0,0.430927087681,0.340055598206,-0.347582569144,0.123923543137,0.000401826451928,-0.0929861865762,1.09654099466e-20,0.440749849085,-0.391772671077,0.300610357571,0.117217807043,-7.61792759691e-05,-0.120111454297,0
0.00275375712362,0.00223106214784,0.839660706668,-0.00155872278,0.0618479401,0.392969545,0.917467896,-0.265089518113,-0.0593830712227,0.183118929888,0.203120185527,-0.215034644073,0.09851220113,-0.23212295173,-0.0329562111224,-0.0503012677915,0.0823171050736,-0.1019386089,0.0308396994681,0.050233246,0,0,0.429135828013,0.333659798834,-0.342036281352,0.123565207423,0.000442495162748,-0.094111330584,1.23276566391e-20,0.436751121142,-0.394200200194,0.302813607778,0.117113061054,-6.12930580578e-05,-0.119705036803,0
0.00313939491815,0.00336401510233,0.8396084683,-0.00216733405,0.0635209301,0.392120943,0.917715403,-0.263958360482,-0.0568426739017,0.193074778248,0.197243244853,-0.211958654638,0.0994553971259,-0.231420872731,-0.0343167590983,-0.0526144263706,0.0773889445747,-0.0986285419294,0.0359371595292,0.0533388977,0,0,0.429254632235,0.330590966205,-0.338002262957,0.12375901113,0.00045635394989,-0.0932760362917,-1.59161497347e-22,0.432917727576,-0.397400801106,0.303221313452,0.117003230312,-3.72426942101e-05,-0.118561788452,0
0.00385073345443,0.00483934491778,0.839664893534,-0.00226251601,0.0637561913,0.393181673,0.917244897,-0.25889272758,-0.0580789379041,0.19443887124,0.189879664656,-0.205194474728,0.105127928938,-0.230365534389,-0.0378468920211,-0.052506201297,0.0798362209083,-0.107261636155,0.0303094243358,0.0548251311,0,0,0.427719711175,0.331027087011,-0.337931073161,0.123542950156,0.000467234998494,-0.0944485321973,5.89506088035e-21,0.432642616328,-0.399866220941,0.300917670435,0.116831348474,-2.93744790017e-05,-0.119443914729,0
0.00455638503356,0.00624441794801,0.839467332124,-0.00342054827,0.0647884017,0.395256803,0.916276608,-0.267274577217,-0.0564490169998,0.194693108045,0.204760355382,-0.206172220769,0.111160168432,-0.235414467117,-0.0404049534496,-0.0582950890563,0.0911348808317,-0.117296866808,0.0254178265673,0.052739083,0,0,0.425235389847,0.329014427549,-0.33610471349,0.123797610049,0.000473222074211,-0.0945507442327,8.34398347203e-21,0.432234630143,-0.399776347428,0.298879805227,0.116759465017,-4.39383796555e-05,-0.120660386717,0
0.0046795794598,0.00906403189666,0.839034305021,-0.00478744607,0.0653092367,0.397133783,0.915421511,-0.282799372546,-0.0552718029843,0.19286698131,0.240831869464,-0.224038234751,0.114294625493,-0.241570667507,-0.0432250981871,-0.0610856980833,0.108256568339,-0.132196052695,0.0259141759754,0.0505678682,0,0,0.423091971234,0.327198782233,-0.33264426605,0.123483680109,0.000497944925109,-0.0973316805734,-1.15365328594e-21,0.431421454621,-0.399898972011,0.299420081367,0.116893024015,-5.01369911008e-05,-0.119566351639,0
0.00373883783815,0.0106814685441,0.838234139249,-0.00624816866,0.066551215,0.399245955,0.914403939,-0.310412825662,-0.0565301553643,0.18368547772,0.290865453829,-0.246806523771,0.127436929939,-0.24612022516,-0.0446182520552,-0.0679925632536,0.116699115003,-0.129389394743,0.0423023642339,0.0369157138,0,0,0.421064987336,0.326715488958,-0.330012212317,0.122831478455,0.000473089016914,-0.0981236923307,-2.09609197602e-21,0.423649782011,-0.394117380632,0.287204962777,0.117693589296,-9.61180985686e-05,-0.118655364712,0
0.0041535664802,0.0142905690358,0.837639960104,-0.00914806123,0.0649713397,0.402168635,0.9132116,-0.332357747749,-0.052577182318,0.173684338274,0.347783441102,-0.275683180859,0.131805025447,-0.250346060496,-0.045926005043,-0.0723659987785,0.13326565266,-0.160601217641,0.0194646237922,0.0283725911,0,0,0.42320343148,0.333457829788,-0.332520017249,0.122836016806,0.000420760433108,-0.0979623931548,1.18606309593e-20,0.425919752496,-0.382392982381,0.278156992108,0.118288988796,-0.000159708782895,-0.118218565362,0
0.00474670306457,0.0188809804079,0.837208413206,-0.00993451512,0.0691636699,0.404452724,0.911885786,-0.342045979739,-0.0636278165169,0.168020162664,0.361573192545,-0.290962474985,0.13462515878,-0.252115325873,-0.0686035926782,-0.104026507941,0.142703409729,-0.187629597004,0.0320381658732,0.0150965277,0,0,0.412720640968,0.328343235353,-0.325658270446,0.122375207242,0.00041363542684,-0.098414038816,-6.23896534786e-21,0.411555045386,-0.389887161925,0.27549082822,0.118860182855,-0.00016536059164,-0.116420776445,0
0.00624805211812,0.0239289392616,0.836577341098,-0.0150344826,0.0656794569,0.405643909,0.9115444,-0.355651307035,-0.0507938751855,0.160914802698,0.411710072891,-0.319311445671,0.135612990323,-0.240004156743,-0.0636405904132,-0.120247086992,0.142532058926,-0.198554499179,0.0268740070723,0.0143295856,0,0,0.426368111991,0.338810247549,-0.327578030628,0.122776311075,0.000389182402588,-0.102447706693,-6.7108890533e-21,0.425606796841,-0.379033152655,0.283455778717,0.119069584117,-0.000211859557491,-0.117262689581,0
0.00757862137891,0.0300800460554,0.835113147969,-0.0165344625,0.0673270448,0.406360058,0.911079131,-0.365442853347,-0.0551675981527,0.159050203009,0.440130133364,-0.341471185594,0.143092024923,-0.278613388242,-0.0675203264095,-0.105728424598,0.23327261194,-0.246670017219,0.0110728562368,0.0354565219,0,0,0.41754217337,0.329211507379,-0.325104535735,0.123693288945,0.000473223911039,-0.100759950846,-9.74924321884e-22,0.434312304841,-0.38640010323,0.27975806243,0.117329563376,-0.000113536042363,-0.11551700119,0
0.00822829522402,0.0350780660993,0.833296211854,-0.0173792132,0.0740202564,0.405927476,0.910736981,-0.381455857331,-0.0712439960682,0.151559148437,0.457281973039,-0.353596097327,0.151401350081,-0.33094304147,-0.0746197045833,-0.0900078510318,0.322259769358,-0.265039432659,0.00149507652999,0.0401853727,0,0,0.39324904072,0.326643698536,-0.329427894282,0.124374498714,0.000538863079277,-0.105656797037,1.18111120462e-22,0.419821792171,-0.401255084692,0.275002254548,0.116587674184,-4.61343586024e-05,-0.119081862516,0
0.00921035283572,0.0399327689171,0.829304421438,-0.0192537107,0.0782404977,0.404271408,0.911083063,-0.394172458964,-0.0734089015842,0.166753064096,0.483124151772,-0.371298994643,0.151802279358,-0.421091189083,-0.0978725245621,-0.114533938668,0.499092329041,-0.292741057139,0.00155095744514,0.0412638585,0,0,0.374348571528,0.331216138818,-0.328289184438,0.124305299777,0.000586316431156,-0.113145003657,1.18423492387e-21,0.413817085025,-0.40967773007,0.277857927673,0.116432452084,-1.87260325051e-05,-0.121894662457,0
0.0113129990557,0.0461551817869,0.824488699223,-0.0175242876,0.0864978656,0.401717252,0.911501107,-0.415617399277,-0.096222713603,0.152990543544,0.514167702416,-0.394602597584,0.172101902884,-0.542293800345,-0.106896996423,-0.067176900763,0.718062433767,-0.336159599822,-0.00857515398093,0.0685828144,0,0,0.347864259736,0.309150786706,-0.317081883354,0.12594057453,0.000868865176106,-0.119718220911,7.20520287075e-23,0.419695657785,-0.421199094249,0.276919745134,0.114470114981,0.000120543908429,-0.125923106876,0
0.0136887228879,0.0531884056778,0.822126158594,-0.018728502,0.0910302264,0.398693958,0.912362795,-0.429750052924,-0.0962044695149,0.163875309839,0.547421416635,-0.420594808036,0.17574143921,-0.62090911372,-0.0939349504779,-0.0413317803189,0.82686588057,-0.338379018403,-0.0165414814861,0.0960754788,0,0,0.320344528314,0.30852995637,-0.332584041295,0.127290600549,0.00109581483322,-0.128494603856,-1.52511088311e-21,0.431522553912,-0.431925254305,0.273818337943,0.112985694004,0.000249646487936,-0.132208682303,0
0.0178217224792,0.0612794175894,0.821102593099,-0.0174542382,0.0973145905,0.394244586,0.913671947,-0.410611560359,-0.104655186134,0.181557043189,0.513258469972,-0.42411018132,0.176595067646,-0.707372951397,-0.0591217723918,-4.66265014491e-05,0.893840288989,-0.334432803663,-0.00383983828987,0.126468898,0,0,0.280472757483,0.298550777324,-0.346786286565,0.130002215957,0.00144032742472,-0.13504374613,-1.73614707254e-20,0.444733892013,-0.441921888198,0.258353495947,0.113167800841,0.000383682351537,-0.132802253357,0
0.0226489236382,0.0706410527174,0.821633583116,-0.0160781167,0.103458446,0.393416962,0.913378858,-0.382735935024,-0.116518366138,0.194441703209,0.465710350654,-0.418666467887,0.170490560401,-0.76798295797,-0.0386014333274,0.0215389157558,0.871197346631,-0.298781605294,0.0180206395208,0.137444888,0,0,0.252885111708,0.269681340165,-0.34121484866,0.130577852461,0.00171423864579,-0.133788868214,1.36750010521e-21,0.4632880924,-0.443744919201,0.250147443091,0.11237331428,0.000409816125721,-0.130966698735,0
0.0294782756646,0.0811928857274,0.821070382549,-0.0146949271,0.107028047,0.392382525,0.913435827,-0.354054389864,-0.126603550823,0.203099150945,0.435212264453,-0.410659298137,0.160478617169,-0.814709972698,-0.0243942881853,0.0368113689285,0.817015283651,-0.27635184655,0.0187727903119,0.172064359,0,0,0.220471129404,0.24647833887,-0.3504611927,0.136423140553,0.00215931801119,-0.134487235951,-1.04842440513e-20,0.494690430956,-0.464094154034,0.241238979118,0.113451793918,0.000509287537833,-0.130915966425,0
0.0372233967451,0.0933248474132,0.819770745014,-0.014492171,0.112965742,0.388936659,0.914197459,-0.321651275321,-0.136126602373,0.215601530037,0.390490687513,-0.414634187,0.156675829065,-0.865824921981,-0.0136854446792,0.0436884842349,0.742241726337,-0.233330000494,0.0316628674281,0.179476134,0,0,0.188935652223,0.266069182993,-0.368384678401,0.132875857534,0.00245492997518,-0.151107291173,1.93846533131e-21,0.509976243094,-0.470618883776,0.241673085206,0.114975850074,0.000491816964896,-0.126964159532,0
0.0461272951828,0.105679210925,0.81677555186,-0.0117929885,0.115822343,0.387477827,0.914498247,-0.297686113224,-0.147366716597,0.224735017127,0.385515380347,-0.440516975083,0.148656954746,-0.916311413036,-0.000941881521579,0.0515978866471,0.694938526842,-0.207571763616,0.0443480229192,0.190203271,0,0,0.166788916701,0.273636604144,-0.403109585929,0.132186921253,0.00261334099851,-0.159268133471,-1.01802478109e-21,0.539412563144,-0.476167741447,0.246178012707,0.116503459858,0.000424205356262,-0.124714501489,0
0.0555026142092,0.116849411286,0.81279654545,-0.00355815613,0.117484723,0.385125709,0.915348495,-0.269755981126,-0.168100256828,0.237823436082,0.38592031065,-0.467655444582,0.148371169859,-0.956556956959,0.00727147440908,0.0665219190472,0.631707444391,-0.159191923321,0.0684360502522,0.191879951,0,0,0.179517819141,0.266563927189,-0.405785080746,0.133862432761,0.00265565117578,-0.162185726879,1.88007679732e-21,0.577572833401,-0.483598928468,0.247156569235,0.119596509094,0.000297745977473,-0.121328676479,0
0.0655680520115,0.130774777135,0.808283904881,-0.00166280728,0.121224902,0.383501269,0.915548215,-0.244789948863,-0.181374861277,0.240169228475,0.382346204158,-0.488425698714,0.148335762377,-0.993653576857,0.0164175497259,0.070208635554,0.566099720378,-0.126612352146,0.0796760371667,0.19009175,0,0,0.169954427156,0.26816706029,-0.40957586397,0.133935813935,0.00271814511667,-0.166233424779,3.7034858858e-21,0.596268850644,-0.487005947074,0.253374679494,0.121147450773,0.000224163920838,-0.118138879861,0
0.0777027987813,0.145980297894,0.80324605353,0.00064811723,0.124096258,0.377324189,0.917728803,-0.210994906326,-0.193160523985,0.249229085086,0.37312984891,-0.505338280303,0.14377436664,-1.0239215905,0.023502627674,0.0631305551703,0.513137327727,-0.104816404167,0.0836103193723,0.188332783,0,0,0.157155143019,0.262728628102,-0.407008953807,0.13465375748,0.00281306782117,-0.167223720465,-3.31564903134e-22,0.606487394169,-0.492371003573,0.254635408727,0.122226114021,0.000198541634314,-0.113505499046,0
0.0912045346237,0.163189444486,0.798468205258,-0.00499263705,0.133126873,0.374998215,0.917403209,-0.188778050291,-0.196293448331,0.243714758351,0.356215195493,-0.506801589769,0.132020775741,-1.06521635986,0.0300953033128,0.0489949424032,0.485721731401,-0.119428793104,0.081928544791,0.188836529,0,0,0.121201641953,0.275560553413,-0.40584061604,0.135093358109,0.00285454249776,-0.166448220625,2.30911980572e-21,0.598646345859,-0.485867496721,0.244806898713,0.121679331288,0.00022541551187,-0.111262070076,0
0.106118134944,0.180847773561,0.793897453308,-0.00476157104,0.135162321,0.369328662,0.919404597,-0.143585209924,-0.209316659237,0.236614581657,0.330037024907,-0.492092645012,0.113507651103,-1.07389964687,0.0326058545818,0.0311406056166,0.478395237562,-0.111988926255,0.0784716397447,0.185877498,0,0,0.127138019426,0.258640981267,-0.39878312382,0.138387150661,0.00283923800378,-0.161667011458,2.86592876276e-23,0.601551370238,-0.48330157675,0.245140819851,0.122299230385,0.000206516237159,-0.104714338744,0
0.122687534138,0.199810587153,0.789744187227,0.00489979445,0.128726092,0.365854455,0.921713677,-0.0273877772354,-0.245866134466,0.220176406614,0.209938558093,-0.405011066714,0.0846318814089,-1.05105727715,0.0299226740954,0.0427540320239,0.518430549148,-0.113268007416,0.0660980749582,0.17592341,0,0,0.160586083715,0.263754304163,-0.387787412855,0.136704450499,0.00228870042263,-0.139384503242,4.18121170381e-22,0.62973374397,-0.493612525295,0.250327860414,0.120844800547,0.00013542946198,-0.0888258831713,0
0.140973718404,0.219935164071,0.785451244029,0.00440413817,0.124751718,0.364434489,0.922824531,-0.00151372702327,-0.237422305745,0.225973102938,0.26546265453,-0.393736606019,0.04134607922,-1.02445528226,0.0340359982519,0.0416870657248,0.562062951936,-0.0813586397771,0.0466336279863,0.181604452,0,0,0.19052901585,0.264768189405,-0.394495819204,0.138546104225,0.00209620313693,-0.132721846357,2.45270707012e-21,0.649338060386,-0.481503414304,0.241457691942,0.122067785941,6.75197424386e-05,-0.0892608468798,0
0.159728723154,0.241071506216,0.784690228302,0.000316500132,0.121331051,0.360915741,0.924672106,-0.000292618877923,-0.217437512053,0.233157542457,0.357959301106,-0.359031735828,0.0165780390669,-1.01320441725,0.0437488578549,0.0411260061725,0.627182942906,-0.0868385654281,0.0247313786616,0.189312419,0,0,0.236602331805,0.267667746973,-0.39658331925,0.139115861598,0.00185261551559,-0.125953506252,3.07708284187e-21,0.655931752706,-0.464683514151,0.240809467427,0.122473205914,1.20123553299e-05,-0.0882921037017,0
0.180293649133,0.263824258059,0.785030230491,-0.00545063473,0.109101864,0.360618685,0.926294358,0.00752015994994,-0.181360272888,0.234572084161,0.471899304936,-0.277702397755,-0.0197352187004,-0.977090993456,0.0608117928147,0.0301961211807,0.695902050527,-0.122457272942,0.00319927949485,0.186743197,0,0,0.284515781344,0.308419127246,-0.398404612896,0.13649544491,0.00124659548728,-0.109251197767,-1.38337232577e-20,0.664979714913,-0.451850106961,0.25750130807,0.122824651243,-5.78249369063e-05,-0.084524160388,0
0.200531504952,0.285278793731,0.786579015962,-0.0148961278,0.101154525,0.361709034,0.926667385,0.000971356045739,-0.135894365357,0.237219648999,0.570328615664,-0.111919015538,-0.0709468617446,-0.942599045679,0.0736603082736,0.00681658951353,0.744806510379,-0.175473937949,-0.0467586791941,0.190173556,0,0,0.317168878444,0.340807377089,-0.398007049795,0.132564888304,0.000862714057146,-0.0944123682005,1.79165472086e-21,0.657756465168,-0.427426063891,0.26322714553,0.122197640123,-0.00010826669816,-0.0852034021634,0
0.220999839735,0.305349680577,0.789073417122,-0.0224316392,0.0970660138,0.365579889,0.925433064,-0.047185903217,-0.0838370075348,0.231035621449,0.707263347895,0.0343342994693,-0.0709006159687,-0.904601497927,0.0808824842176,-0.0136666961891,0.772342801867,-0.221339626415,-0.0897858592574,0.169751514,0,0,0.346455969784,0.368235074735,-0.392943698919,0.128803968308,0.000557486923971,-0.0846137871602,-1.75953949049e-22,0.629553925393,-0.405531576277,0.261916624702,0.121534245864,-0.000108509703165,-0.0931858032505,0
0.238598146034,0.325059869025,0.792750296205,-0.027633673,0.0978811931,0.371578008,0.922813869,-0.160377458656,0.00194592588275,0.257081314218,0.905082326723,0.0055288938289,-0.0615825355255,-0.874689211168,0.0758413888001,-0.0232333749578,0.79654487664,-0.277555681326,-0.117147159773,0.160155889,0,0,0.368280383615,0.384735961182,-0.387676346672,0.129194730736,0.000469890145258,-0.0899637220737,3.25832145652e-21,0.593872107835,-0.403155657148,0.269096693106,0.121216500993,-5.7116924289e-05,-0.104320293058,0
0.258551623196,0.34538265092,0.798157592955,-0.0324005774,0.0960760005,0.376669919,0.920781938,-0.287135306327,0.0820259377429,0.257623610047,1.04833262643,-0.0703403563252,-0.0329575188204,-0.824486617853,0.0702713224587,-0.0434216436377,0.79881720743,-0.332772692297,-0.127032977024,0.123854474,0,0,0.406188678116,0.39631249273,-0.366072910204,0.12696036692,0.00033200359474,-0.0922992655865,1.60617010906e-20,0.544811091675,-0.401518848108,0.285237355094,0.119479174748,-1.69138810075e-05,-0.115765122275,0
0.277156187624,0.366729932403,0.804772471355,-0.0362294211,0.0993393922,0.385107163,0.91679419,-0.433321205311,0.109234264274,0.227266243091,1.1070179645,-0.132317527283,-0.0188786268418,-0.770911284177,0.055645926895,-0.0573429141628,0.773986225568,-0.376501699427,-0.120110011153,0.0840812586,0,0,0.424244848164,0.381369972194,-0.348822490615,0.125936866212,0.00026689175181,-0.0850414493987,2.26040526194e-21,0.48279083964,-0.396849274335,0.283218266402,0.117207715526,-8.02084962308e-06,-0.120589308334,0
0.295231593443,0.386043387273,0.811379934939,-0.0408520815,0.0986708692,0.392825714,0.913391004,-0.574116468172,0.11433360318,0.181141093493,1.10174151207,-0.191485949691,-0.0101377287386,-0.701698778734,0.0410981845949,-0.0868306006656,0.727792905871,-0.401271382916,-0.119085480682,0.0472540451,0,0,0.453521135732,0.39259870171,-0.339448744056,0.124895618999,0.000165328160977,-0.0873534761604,-3.46055911178e-21,0.431564109791,-0.391304775577,0.29170313091,0.116523227796,-9.54540101236e-05,-0.132268027218,0
0.31284492888,0.406031974716,0.817489305833,-0.0443917037,0.0972536555,0.402193361,0.909291814,-0.689876905784,0.0991903353116,0.139695959309,1.0261601498,-0.209932163148,-0.000947717292313,-0.614806173527,0.045181316432,-0.0968454934668,0.645611664074,-0.377783055905,-0.108221309405,0.0169763094,0,0,0.473038927611,0.394679590659,-0.325214460866,0.123202759657,0.000118464745105,-0.0873652431974,8.53301848376e-22,0.387778555341,-0.381747740807,0.299677398759,0.115121976169,-0.00027421882235,-0.145588457195,0
0.331662555499,0.429824882303,0.820911924296,-0.04969317,0.0935321987,0.410150923,0.905846862,-0.769818311559,0.104260195421,0.122914657843,0.906640735327,-0.222354452114,-0.0176129723439,-0.512632031795,0.0448405189234,-0.123548426394,0.554075967818,-0.384503833822,-0.0925304296617,-0.000414423091,0,0,0.492992737262,0.407941684886,-0.321547613395,0.122017184989,7.2334969679e-05,-0.0919177040595,-2.16573270987e-21,0.349638981465,-0.388620471903,0.317481736584,0.113666667405,-0.000363503220546,-0.157703420515,0
0.351678573625,0.452513152367,0.822634157625,-0.0552596664,0.0925246576,0.417638965,0.90219912,-0.835326143919,0.106092077817,0.10964537811,0.749081558149,-0.217425036402,-0.0107774473312,-0.413554085579,0.0518386329851,-0.15223798948,0.451295557769,-0.380796181861,-0.0664449361541,-0.0190108635,0,0,0.50952681065,0.418008338931,-0.320292666739,0.121332448524,3.34662108777e-05,-0.0951118122296,-1.93671448196e-22,0.308530001606,-0.387851177174,0.334978637771,0.112525906193,-0.000520758039776,-0.167073601657,0
0.370038682642,0.476263219508,0.820730282905,-0.0625828289,0.0910278575,0.426724647,0.897609823,-0.890476841165,0.0822197822066,0.0762188245746,0.583100463479,-0.192502410574,-0.0214693386128,-0.308661156983,0.065075987938,-0.182482178051,0.33316205912,-0.363223077659,-0.0483218565197,-0.0239461549,0,0,0.516426610367,0.43125469552,-0.326883308116,0.12034514458,-8.68440935369e-07,-0.0969845123935,1.86011592441e-22,0.276984439498,-0.393192506456,0.33760581055,0.109582221721,-0.000596619403947,-0.178035483054,0
0.388466057327,0.500609287091,0.815662079995,-0.0677343861,0.0914407294,0.428660987,0.896270274,-0.966597062638,0.0658578078136,0.0493466821917,0.508363361589,-0.231822989393,-0.018164832153,-0.223553223154,0.0791568416814,-0.194538641872,0.250051326131,-0.357603344686,-0.0224103447498,-0.0104050054,0,0,0.519345453337,0.429644765893,-0.324051175277,0.120875889285,1.85412081395e-05,-0.0986363168342,-3.48901289499e-21,0.245916661185,-0.409961673828,0.344786033684,0.106340290804,-0.000439449280063,-0.186155607977,0
0.406785074564,0.526610147652,0.80841621407,-0.0711917076,0.0887628652,0.432426856,0.89446068,-1.03790268605,0.0465900888886,0.0246173358728,0.523186894514,-0.283656051628,-0.0122408795587,-0.172739025452,0.081407953139,-0.21075750038,0.26596345024,-0.392323369595,-0.0113216050526,-0.00862178976,0,0,0.528994881167,0.434007570642,-0.324196961988,0.121006040027,1.4291802041e-05,-0.101899406528,2.66310513922e-21,0.22869758187,-0.423218250064,0.346815746686,0.104689574857,-0.000381494056475,-0.191725597238,0
0.427080765029,0.551094765189,0.801952244877,-0.0701871581,0.0944439306,0.433072471,0.893645535,-1.05631288047,0.022024053396,0.0104838051042,0.518351094628,-0.274732151422,0.00854333872125,-0.146615594631,0.0759354882447,-0.197426108187,0.303230142217,-0.411054854658,-0.00670493755926,-0.0262466015,0,0,0.516384234524,0.411085947105,-0.313165194344,0.120920799825,6.29936784413e-05,-0.0992518258596,1.71765625329e-21,0.188235757804,-0.434647211627,0.342907048425,0.105744812237,-0.000512038653184,-0.190032522646,0
0.447318325725,0.581493407921,0.794466169249,-0.0678166663,0.0901314678,0.43115312,0.895200651,-1.01624435105,0.0157654069652,0.0242426828503,0.531623873433,-0.223215095386,0.0172501890791,-0.11144557485,0.0631838303573,-0.191097806617,0.380013197558,-0.41807732593,0.0106650690433,-0.0273609363,0,0,0.530735628539,0.401146587845,-0.302042956476,0.120727151338,9.00714082435e-05,-0.096521731494,-2.05464324209e-22,0.191227236701,-0.439299778116,0.341186635268,0.10736655193,-0.000473371528715,-0.185152086717,0
0.466826301609,0.610382714027,0.78992344466,-0.064421329,0.0831393353,0.434902966,0.894313789,-0.980521410526,-0.00215045904918,0.0101459690322,0.576872909108,-0.127433078208,0.0302771151011,-0.093812172171,0.053800569154,-0.180861526952,0.494735380903,-0.378947646492,0.0268060431442,-0.0442254731,0,0,0.544325720362,0.395120506364,-0.300929809311,0.120035662269,9.05504378352e-05,-0.0915453280533,-9.13219578873e-22,0.218731810202,-0.41990389877,0.319841199854,0.110253683789,-0.000669934194928,-0.175927803516,0
0.488022826503,0.641664198881,0.787707676938,-0.0506061151,0.0722766835,0.434363364,0.896405918,-0.938382255417,-0.0127565502312,0.0273649384748,0.678837058334,-0.12627106127,0.0416864670355,-0.0666719031027,0.0193527523357,-0.167798191136,0.620176607222,-0.246399196526,0.0604470986675,-0.0245100271,0,0,0.575101186303,0.380154495478,-0.31145366158,0.120244562599,0.000140985243048,-0.0859011695322,-1.83681963362e-20,0.294785835338,-0.420503205431,0.305897089205,0.111727810509,-0.000417054539499,-0.166446541599,0
0.508999231109,0.672194205677,0.789715585252,-0.0392355114,0.0721447978,0.432985746,0.897651963,-0.895787606261,-0.0324916267431,0.0500076154595,0.739019060143,-0.171320832831,0.0902944233546,-0.0448159353238,-0.0171122090523,-0.159792324742,0.674953564935,0.0168712579663,0.0776920727676,-0.0166083717,0,0,0.564091975595,0.364278010273,-0.324149386213,0.11969180992,0.000165850192674,-0.0800138694696,-1.32957342291e-22,0.333446836691,-0.440438442338,0.303492782528,0.113967088852,-0.000204388727188,-0.154606573712,0
0.526919859881,0.70231262628,0.793764906919,-0.0311014782,0.0742472041,0.428421369,0.899986212,-0.845879755665,-0.0500061818673,0.0711131952919,0.768015251943,-0.223155839969,0.136240479129,-0.0915965323617,-0.073986355848,-0.150165448768,0.803636823363,0.170429939725,0.0733557869748,-0.00687940534,0,0,0.537821048206,0.347504990308,-0.331757119363,0.119753835785,0.000208440913143,-0.0786319160683,7.2405589291e-22,0.358941551788,-0.451627808777,0.301779744549,0.114985104351,-6.63202402775e-05,-0.146899464453,0
0.545955403947,0.730108211605,0.800636040998,-0.0271703587,0.0757424268,0.419978859,0.90395941,-0.78386597051,-0.044149480504,0.0980641410701,0.77044768366,-0.276800444396,0.151314728329,-0.224229458779,-0.119091184681,-0.133113285138,0.97389037395,0.0805593832285,0.0393203309821,0.0343460777,0,0,0.500252840824,0.341763206931,-0.331434409699,0.121165211031,0.000291472187738,-0.0833836948907,5.88180224342e-21,0.390169886752,-0.477099207776,0.308395429448,0.11384781837,0.000200421737257,-0.142173578612,0
0.565399947986,0.757083616211,0.808744086852,-0.0218032212,0.0772055332,0.412254273,0.907529801,-0.704162125546,-0.0463834648916,0.124028295055,0.736080116393,-0.313412215712,0.159312158302,-0.363554129048,-0.151566872974,-0.108418664179,1.06249141424,-0.00809705789659,0.00724897895324,0.0704408471,0,0,0.461665675383,0.336235386721,-0.338498019211,0.123133941645,0.000403727922046,-0.088687840714,-2.06394976411e-21,0.422612230545,-0.490089276345,0.307191789105,0.113521381407,0.00035530310781,-0.137999376273,0
0.584397904038,0.784017646786,0.816115964198,-0.0161620878,0.0779371103,0.406094563,0.910358061,-0.61645280453,-0.0521490487826,0.150804381159,0.685742940361,-0.338743648689,0.160425791508,-0.492581930868,-0.160643547885,-0.0845930682549,1.07492968175,-0.0798181495699,-0.000566792054426,0.105674967,0,0,0.416579254726,0.344362260646,-0.359853387931,0.123271144422,0.000489267342333,-0.0902662945433,-1.07273300371e-21,0.461460619185,-0.498703370382,0.301817446993,0.112449644777,0.000433079422226,-0.135625544576,0
0.602588588413,0.810144729308,0.82110384162,-0.0116877418,0.0805194245,0.399028346,0.913321629,-0.535949039593,-0.0560308404725,0.185769226112,0.633543972189,-0.361382779981,0.155271075651,-0.614009615029,-0.146394124379,-0.0580606484365,1.0248921824,-0.136435570719,0.0108754382404,0.155861525,0,0,0.365824584953,0.339463873781,-0.368830349508,0.12793744718,0.00078930147283,-0.102457317347,8.41901890319e-22,0.502391168244,-0.50363184912,0.283109555041,0.113290797677,0.000507986686006,-0.136089972488,0
0.624837928941,0.836988652168,0.825055683967,-0.00495621663,0.083040279,0.392629776,0.915926638,-0.429062227173,-0.0690352832048,0.218904618569,0.540578400382,-0.367044796907,0.143472855256,-0.698415923543,-0.131464249097,-0.0422590427396,0.912114404628,-0.161743785389,0.0285620225395,0.172637059,0,0,0.322475997771,0.34141131522,-0.375008806357,0.129919749545,0.00102955667987,-0.113011306423,6.82949512032e-22,0.531741286107,-0.503821294945,0.269882456973,0.115688796913,0.000465023548176,-0.135135564347,0
0.645952604929,0.862915189885,0.825664849959,-0.000386117465,0.086323697,0.386632247,0.918184935,-0.335916520252,-0.0880461123826,0.239377459256,0.456236605571,-0.367165815889,0.13273100322,-0.766795373821,-0.113669157333,-0.0370968565371,0.761808622015,-0.161515128405,0.04911726263,0.184820995,0,0,0.281807829977,0.342877983723,-0.377000886001,0.129717783591,0.00135771271363,-0.128650838496,1.50629598747e-20,0.555775718927,-0.497707925475,0.256873588323,0.11535543724,0.000407713669383,-0.1370184337,0
0.666869872124,0.889024283778,0.823660607221,-0.00388035691,0.0957039619,0.382892427,0.918813955,-0.248044508964,-0.101923534654,0.251823302317,0.344403055696,-0.364396049833,0.102147235013,-0.820688062343,-0.0683450838316,-0.0244405529123,0.552247130495,-0.129563886142,0.0801892438886,0.181779206,0,0,0.205900390396,0.368791155847,-0.377858877375,0.129814504981,0.00152845735743,-0.135537954788,4.66912738819e-21,0.54133618294,-0.485891029857,0.238413096185,0.115397178027,0.000454492409912,-0.133772639807,0
0.689315105383,0.915425734724,0.81869468924,-0.00169205173,0.0994008473,0.381411607,0.919043957,-0.154217671855,-0.121958160249,0.265357395084,0.257895003402,-0.362621370019,0.0791475348491,-0.86069121049,-0.0321290792771,0.00181670060878,0.364625604436,-0.114242095499,0.110210844545,0.171964132,0,0,0.16665005951,0.378670532339,-0.371676028382,0.127164999105,0.00169014224781,-0.144921669295,4.05368563006e-22,0.551542556736,-0.476344483151,0.229895518315,0.116099981593,0.00036495786482,-0.13224085474,0
0.71238028347,0.942577655166,0.811639139995,0.000293183243,0.101378934,0.381772047,0.918679667,-0.0730080084585,-0.136916850062,0.27015767364,0.209993413199,-0.367360785607,0.0699821856993,-0.941054092937,-0.00922251859631,0.020090028213,0.323056027548,-0.163065707405,0.118555002292,0.155313929,0,0,0.158148377115,0.342509132345,-0.337314211718,0.12130270354,0.00208185217257,-0.160218317374,-3.16293422081e-21,0.562028676577,-0.460796859213,0.218217488002,0.116292406393,0.000242844915841,-0.129340340387,0
0.736279203161,0.970234248314,0.803185400977,0.00389298043,0.101488247,0.381057741,0.918955918,-0.0121002363633,-0.149866856605,0.269809917026,0.213541571245,-0.373226369576,0.0596333925195,-1.0028992879,0.000483017022392,0.0232508336582,0.358199778975,-0.213329027456,0.135827998236,0.145265125,0,0,0.137169543583,0.384329972765,-0.350370841252,0.119215091816,0.00186624333579,-0.165583680461,-1.0790394333e-20,0.573881950191,-0.467334632309,0.22371926129,0.117316510205,0.000200499636951,-0.129305114485,0
0.761655325238,0.998327649064,0.795887572499,0.00491736333,0.0978659939,0.382315229,0.9188216,0.036659223783,-0.148427259899,0.253192358594,0.260025246061,-0.372479625044,0.037299558177,-0.982911599363,0.00167033425049,0.0203984390081,0.361743873934,-0.187318405709,0.108214988878,0.146881547,0,0,0.126401092736,0.374764849198,-0.335114890815,0.122184817226,0.00194294718761,-0.161415168103,7.7787663025e-21,0.585077485833,-0.466054841864,0.22483058245,0.11926186782,0.000172302491351,-0.121826459542,0
0.789484217016,1.02819738786,0.789226343453,0.0068915103,0.0885341438,0.382365772,0.919733999,0.0792628982571,-0.137122408982,0.240239819402,0.348978931351,-0.350421305365,0.0104661962765,-0.930524424169,0.0191817268847,0.0331711077177,0.400611334816,-0.115251053045,0.0729852769124,0.17261284,0,0,0.145651194285,0.342617430682,-0.316938655488,0.1289648428,0.00218956679567,-0.152751920303,-3.27075125509e-21,0.612973930393,-0.461436259595,0.224796498653,0.120656778826,0.00011002324703,-0.112297647885,0
0.81831209553,1.05738744589,0.783721555431,0.00916221758,0.0679719239,0.385452849,0.920174968,0.113145296849,-0.111387421302,0.223696091472,0.491052338599,-0.277102067643,-0.0277515208975,-0.898639259924,0.0547527947856,0.0618598666637,0.528865309833,-0.0554429683754,0.0409015328466,0.183342621,0,0,0.20449245882,0.342227523933,-0.325445160028,0.131816108889,0.00182302279309,-0.138462088991,-6.17338070433e-22,0.664700900201,-0.44638343772,0.236634754867,0.124105541412,-9.91452537865e-05,-0.10416940621,0
0.847123633867,1.08795717459,0.783044147388,0.00381937883,0.0532225809,0.384964652,0.921387533,0.159744284313,-0.0690006594092,0.236078874626,0.552897718938,-0.0530313074188,-0.0656498767776,-0.855613878572,0.0887721469624,0.0577353459398,0.627808121233,-0.0527550826739,0.0040928235446,0.204037804,0,0,0.260279486397,0.342661378369,-0.31340320712,0.131499169157,0.00170291847457,-0.133828113378,2.03773712106e-21,0.690537722599,-0.427383719532,0.249181666126,0.126295295639,-0.00025049708378,-0.100073929071,0
0.874258052952,1.11524322,0.784770622745,-0.00375670892,0.0498476787,0.386093078,0.921104354,0.124982158698,-0.0102583270008,0.256925472422,0.685129356191,0.12416644595,-0.0874670370261,-0.82854166683,0.107737925703,0.0415643954251,0.697152807549,-0.113738881683,-0.0609233594561,0.215139207,0,0,0.288588150899,0.34968594881,-0.307627326198,0.130473379571,0.00144610734547,-0.120938757049,-4.81990321213e-21,0.681173026268,-0.410058473767,0.247572854259,0.126162598419,-0.000268909703495,-0.100701979582,0
0.900858106049,1.14119551788,0.789260644678,-0.0108116771,0.0511056006,0.391046139,0.918887503,0.0142938576623,0.0765011044809,0.286130880641,0.884710723401,0.134709917866,-0.0924202085842,-0.797557352673,0.116185046631,0.0252663474396,0.747879698688,-0.202873315758,-0.0822786004362,0.201290241,0,0,0.316309205468,0.369439266868,-0.296737967616,0.12737361778,0.00114874565782,-0.115225902602,-1.41877582472e-21,0.653640907437,-0.412406581411,0.251667037143,0.128171505479,-0.000199535929597,-0.11165422078,0
0.925387104915,1.16780470504,0.797280928161,-0.0137164739,0.0500642805,0.398917669,0.915516313,-0.139478484668,0.103957323857,0.256696087832,1.0378690907,0.0128707861164,-0.0722177034104,-0.733557135999,0.0988916732544,0.000120705254507,0.750613722597,-0.265737310931,-0.0938352763016,0.157526218,0,0,0.359196293247,0.376927052664,-0.2893554901,0.127601007422,0.000751062874415,-0.104876009737,4.85327922451e-21,0.617876713062,-0.415226289176,0.258008411088,0.126519945686,-0.000113809442305,-0.120496081492,0
0.948739344415,1.19426042895,0.805415108369,-0.0172155481,0.0550445008,0.405325392,0.912351387,-0.299812964502,0.112151340961,0.231924515289,1.10551810215,-0.0668469345255,-0.0536941876256,-0.670916483448,0.0842892242923,-0.0154887216472,0.721855396503,-0.296514555674,-0.086455874478,0.11633967,0,0,0.38549036583,0.37067332102,-0.287661683479,0.126134029901,0.000562303895183,-0.0978513901564,-6.78118365374e-23,0.557171789782,-0.432876044028,0.266907620748,0.124283811443,4.88616548112e-05,-0.127730964084,0
0.973574115038,1.22148598821,0.813649423992,-0.0204827807,0.0519704458,0.410883444,0.909974903,-0.429740276878,0.121108055922,0.20829873337,1.09706429235,-0.136296675383,-0.0300587000475,-0.576386407968,0.0803451382945,-0.0355392130254,0.667350997271,-0.329709834164,-0.0893076656726,0.0678973494,0,0,0.441185007653,0.368124749285,-0.271449065681,0.124178132817,0.000401268858887,-0.0987372534392,-1.94807675677e-21,0.511375472296,-0.432600817089,0.275890713027,0.12209631396,2.94526346304e-06,-0.144370398779,0
0.997210958442,1.24833018781,0.819538119293,-0.0244293054,0.0503204387,0.414895219,0.908148126,-0.545311058036,0.115410406441,0.187069638217,1.02674930119,-0.189918721605,-0.0368589140058,-0.482283659691,0.0787790456755,-0.0588955002968,0.599913260184,-0.33901415479,-0.0759104098792,0.0343742702,0,0,0.488332859965,0.360431956703,-0.261261669829,0.122398742131,0.000322899665945,-0.0972497192316,7.62141650283e-24,0.461947458425,-0.434741274391,0.288203103961,0.120108852756,-6.51149569544e-05,-0.158853004893,0
1.01970720729,1.27501860731,0.822107326892,-0.030370525,0.0517732719,0.417991899,0.906465626,-0.646777698579,0.112400109347,0.168037009314,0.906373822427,-0.216081400736,-0.0301064822748,-0.396652926675,0.0769318260877,-0.0855594396932,0.527466799483,-0.34611431411,-0.0556075662514,0.0197915014,0,0,0.511384551112,0.385851005997,-0.285267225703,0.123251889529,0.000188672734228,-0.0999956925686,-7.67091908728e-22,0.406466596141,-0.45048568501,0.30491651018,0.11733363909,-4.09629610344e-05,-0.169657066036,0
1.04308282668,1.30288526087,0.822919075039,-0.0338273901,0.0522898625,0.419864017,0.905447782,-0.712960628061,0.109844956969,0.160528273238,0.739511155547,-0.236563856882,-0.0588019277279,-0.295033619861,0.0741070915075,-0.111910349064,0.43420300499,-0.344016561441,-0.0312277615797,0.0150132647,0,0,0.540196004718,0.381871680682,-0.278627413815,0.122241516472,0.000181870966919,-0.0971150123424,2.43575538319e-23,0.3706047919,-0.451731992542,0.303424511498,0.112919188158,-7.11151603673e-05,-0.182191063177,0
1.06544818311,1.32964481296,0.81962054649,-0.0379648377,0.0551402793,0.420300482,0.904911999,-0.78334382557,0.106744128147,0.139654503294,0.57842969764,-0.234495190474,-0.0566139336253,-0.214005943979,0.0723600141842,-0.137077493316,0.369550927067,-0.349484097989,-0.0175098322206,0.0254288101,0,0,0.555806007544,0.378024970274,-0.275286080169,0.121628716311,0.000201231333054,-0.096369511204,-3.81408613182e-23,0.336254056175,-0.466297720151,0.296853371266,0.107677369994,3.47003002717e-05,-0.194653380069,0
1.0878228161,1.35701027459,0.813353309424,-0.0423051873,0.0596408035,0.41965479,0.904733719,-0.880304279317,0.0908660804443,0.0974296922666,0.497368178872,-0.284131668452,-0.0516685483683,-0.154339392623,0.0708041173872,-0.154176575534,0.342054349736,-0.371831309772,-0.00246126085911,0.0413177623,0,0,0.561661927618,0.376809050358,-0.275850303754,0.121311933406,0.000200771289216,-0.0940922482673,2.13190131224e-22,0.306102824717,-0.480991939472,0.28831020646,0.103118920289,0.000243576503518,-0.203730719244,0
1.11128814878,1.38597552533,0.803779630688,-0.0448861007,0.0617276423,0.416616964,0.905872641,-0.978351073253,0.0814454567624,0.0672728072662,0.527563911132,-0.351656749442,-0.0692540210022,-0.130015791809,0.066442318221,-0.159258810023,0.41103841482,-0.42405561634,0.015816820919,0.0544048885,0,0,0.57640834427,0.372908324532,-0.267347981781,0.12107836179,0.00022063712787,-0.0960863865529,-6.41985759139e-22,0.288286048923,-0.490293661261,0.276191981968,0.0993982877261,0.000421987772066,-0.210733342645,0
1.13546337312,1.41631881023,0.794964785066,-0.0440977629,0.0720019374,0.414040038,0.906334351,-1.01161565095,0.0536580725242,0.0431550504473,0.52833389046,-0.358130744856,-0.055229443284,-0.103390467518,0.0499305698688,-0.143509649286,0.452114741799,-0.436523141688,0.0397723245529,0.0349381621,0,0,0.568014952125,0.355583190271,-0.257663368436,0.121028256334,0.000285398393095,-0.0951034627427,5.04937637379e-23,0.24149378726,-0.507787679375,0.263685547843,0.101197855034,0.000358078506668,-0.20748770446,0
1.16000113737,1.44887603144,0.785947525536,-0.0432391052,0.0706499326,0.413445255,0.906753543,-0.977050959366,0.0243037891795,0.0144804644477,0.537472149415,-0.300122006379,-0.0456772867787,-0.0574771398328,0.0505825453141,-0.121492694121,0.499967695776,-0.402712089246,0.0837682026446,0.0117813275,0,0,0.581572840232,0.35938001118,-0.257659569575,0.119574601279,0.00023188583032,-0.0887927136726,-1.90228967019e-22,0.2341904427,-0.496804874667,0.256313991673,0.106601279028,9.44801551143e-05,-0.194427961136,0
1.18416639561,1.48258703115,0.777566789129,-0.0323021296,0.0557210056,0.411384103,0.909183624,-0.91879003114,-0.00563030535677,-0.00222526054909,0.591908519994,-0.171344153997,-0.0275607484465,-0.0120237664087,0.0393080489613,-0.097520688919,0.616887558035,-0.329911421941,0.0928763029846,0.0201756176,0,0,0.626563762002,0.365611916719,-0.27620536986,0.120006909972,0.00019608599517,-0.0900384593304,5.65365323417e-21,0.302565744815,-0.497063216007,0.258222621998,0.107019765085,0.000162278423167,-0.191468823056,0
1.2087606375,1.51677244118,0.774912684873,-0.0206831886,0.0526005082,0.410230634,0.910228663,-0.882630257275,-0.0231272251588,0.0201060984063,0.683402867091,-0.136046211392,0.00880643603727,0.0374330478595,-4.31099815493e-05,-0.100246151504,0.660671077214,-0.0766611107727,0.112725508985,0.00209310384,0,0,0.642816586051,0.357568314347,-0.289944446453,0.121262050785,0.000218759592826,-0.0885591603042,-1.53843301221e-22,0.34493030998,-0.498732280568,0.254031535455,0.111596123855,4.96662440918e-05,-0.181634311664,0
1.23295504014,1.54805075601,0.776444595087,-0.0157033413,0.0562502859,0.408550644,0.910865348,-0.851508843985,-0.0425001437295,0.0288792538062,0.742879553885,-0.158228523686,0.0706705078126,0.0290687313594,-0.023127540678,-0.0951751262287,0.737079346879,0.18971400041,0.0997438325838,-0.00536867849,0,0,0.624252062806,0.359897448627,-0.295457074181,0.121595579275,0.000207544481571,-0.0877336724161,-6.92944480486e-23,0.376629970552,-0.503639223328,0.255842583531,0.115775335562,6.8212480553e-05,-0.168933676926,0
1.25420616989,1.57734786689,0.781602619784,-0.0163965712,0.0678189406,0.400807463,0.913501572,-0.822914490244,-0.0426629313746,0.0477340939845,0.766000399857,-0.200537845043,0.114790301611,-0.0917459431368,-0.0892304190641,-0.110672071905,0.913648095245,0.253912495803,0.0627214590678,0.00424392944,0,0,0.572151654606,0.361058118487,-0.295808096592,0.121870207829,0.000194946149703,-0.0871403581599,3.60166698956e-21,0.383149561373,-0.519025708549,0.268481575696,0.11949296118,0.000209880351055,-0.156880518855,0
1.2758502895,1.60460916253,0.79012686713,-0.0141829597,0.0725432847,0.390189293,0.91776284,-0.761422999658,-0.0310646958619,0.0784846941602,0.757645510771,-0.251190241072,0.120891435879,-0.258122989401,-0.105678165203,-0.0814251106337,1.06631588333,0.120968514005,0.0195202133073,0.0496602032,0,0,0.517706399259,0.36632659564,-0.309583671426,0.122444494453,0.000228837626018,-0.0902382034431,-8.78468639007e-22,0.420385557738,-0.548461077865,0.284078587483,0.11920542095,0.000481344023782,-0.152141266706,0
1.29895189626,1.63072318891,0.799252086017,-0.0104164281,0.077308438,0.380432654,0.921512832,-0.686291515064,-0.0200549861033,0.116322629408,0.723724436518,-0.29591772945,0.117391069956,-0.415045728053,-0.0842120395526,-0.0474374908095,1.1281321753,0.0250358038453,0.010732543786,0.107958912,0,0,0.452272163053,0.364727984015,-0.323625590464,0.124966313602,0.000401245124552,-0.0978975329117,2.43635606907e-21,0.475198606835,-0.56278315414,0.274856555161,0.12059610218,0.000644012089458,-0.152412527336,0
1.32263156448,1.65681898394,0.807836067453,-0.00565535562,0.0799697247,0.370837124,0.925231153,-0.596212786713,-0.0141394276937,0.15559589722,0.669288848368,-0.326624331888,0.110643701463,-0.547639149622,-0.0335513796111,-0.00943901376898,1.11535434993,-0.046065780377,0.0125266366283,0.160240211,0,0,0.392325228167,0.357598025117,-0.336144113586,0.128411541537,0.000707924554128,-0.107964518575,-4.86505250267e-20,0.539895212804,-0.570865829986,0.266542586591,0.122271979484,0.000622805828147,-0.146460970253,0
1.34681550456,1.68281340791,0.81464238142,-0.000549558844,0.0832033296,0.361969375,0.928469211,-0.49277855534,-0.0156780766156,0.20033803889,0.584069286332,-0.336107641026,0.10472838458,-0.654671166851,0.0160111374409,0.0155828342365,1.03094503273,-0.112134305041,0.0268584461762,0.206554398,0,0,0.334709238726,0.341601295847,-0.336690165099,0.131141869301,0.00121513254539,-0.120995499625,-9.66502278424e-20,0.607132296212,-0.568934217958,0.247928882907,0.124592494228,0.000461919090367,-0.143187991431,0
1.37244656116,1.70853341473,0.819016639363,0.00522437861,0.0856322902,0.352247315,0.931966548,-0.370730779752,-0.0192212045075,0.258798459279,0.465676318797,-0.333942510592,0.080736068767,-0.723668932908,0.0525918205557,0.0307442786867,0.885861604499,-0.134954621115,0.0584523746469,0.236090179,0,0,0.289054987329,0.32047640696,-0.330748087882,0.131092900332,0.00175763804356,-0.130708764762,-4.61903166421e-21,0.663754473848,-0.56750872499,0.238855931898,0.127009628035,0.000233116363878,-0.133007264453,0
1.39823599051,1.73406525162,0.819595952101,0.0103587001,0.0896413333,0.342669652,0.935112099,-0.245073774082,-0.0379838195252,0.308602377507,0.326337477309,-0.315855284217,0.0594135292355,-0.765131578735,0.0666960192122,0.0232102121322,0.689511884144,-0.130959931532,0.0823113301709,0.245099368,0,0,0.242564384557,0.312048182937,-0.328941327764,0.130231532694,0.00233137583104,-0.146940784865,-3.00082178381e-21,0.706237875017,-0.563651750606,0.225833381509,0.129782651598,5.66957407366e-05,-0.124093567463,0
1.42394054252,1.75887307516,0.815670898707,0.0130974741,0.0925449021,0.336108313,0.937173996,-0.137372755829,-0.0558853262408,0.342880535625,0.220991432507,-0.308781175645,0.0327147422484,-0.780744633137,0.0817896374279,0.0132204536408,0.450655599864,-0.0901998615166,0.11010334756,0.238298434,0,0,0.195072064118,0.319557656487,-0.331582472785,0.126628076557,0.00275597831354,-0.163383057805,-5.42721907134e-21,0.74073716947,-0.560271231632,0.215862436525,0.131799694556,-6.93154098897e-05,-0.114715971874,0
1.44977273233,1.78481406464,0.808601708591,0.0164426933,0.0943501016,0.330014715,0.939104884,-0.0362418898884,-0.0802902573681,0.371355668388,0.137412750564,-0.313112358756,0.00328003050594,-0.783085089171,0.0829491479736,-0.0304028644706,0.22128293659,-0.069031069738,0.142910590697,0.216253286,0,0,0.163503910334,0.325424937569,-0.319358463811,0.121268982673,0.00298388293239,-0.1774010806,6.00739628118e-22,0.769753232941,-0.556147181023,0.202309173995,0.132637493014,-0.000118911088767,-0.105763715858,0
1.47804462191,1.81032933427,0.799177372435,0.00922370967,0.0998945901,0.324916886,0.940406833,0.0330827049445,-0.0749615374218,0.374208342191,0.0976790461256,-0.324594983092,-0.0290115765788,-0.841463771145,0.102430784992,-0.0963029847576,0.153196873607,-0.129435704188,0.177820248464,0.211202363,0,0,0.0994839564566,0.343708828729,-0.303650946144,0.11958102638,0.00327361295181,-0.183397001198,-6.29344805896e-22,0.773552675456,-0.528935051238,0.182029528991,0.131242813347,-0.000129780849734,-0.0967505544554,0
1.5065694151,1.83534791694,0.788928231988,0.0148769033,0.10012843,0.318119946,0.94263072,0.11201921307,-0.103826778256,0.352311737691,0.0684480276635,-0.301407809138,-0.033545661018,-0.893279578782,0.0866926019773,-0.151333453029,0.242964958692,-0.199182757423,0.170134555268,0.180180893,0,0,0.104823745686,0.345300931863,-0.281784695087,0.113524119248,0.00314614524901,-0.192467877665,3.84657495964e-22,0.791132706453,-0.537064395307,0.177369496133,0.130852191495,-9.90811171701e-05,-0.0938421332323,0
1.53731505836,1.86098660442,0.778812552715,0.0158997193,0.0973694655,0.307901604,0.946289062,0.0901051632457,-0.084870087907,0.326470548576,0.276680983106,-0.354098401099,-0.0832749701893,-0.863756334034,0.0961302642187,-0.18917279851,0.294185329169,-0.196501661856,0.119347814623,0.167564432,0,0,0.112240269467,0.345473445531,-0.255264203456,0.114095770954,0.00296593621621,-0.18820234509,2.65877493374e-21,0.794709660764,-0.541903684827,0.183731830717,0.129770711835,-4.94210916429e-05,-0.0821595156546,0
1.56911797257,1.88665378354,0.768766539616,0.0173722672,0.0916083205,0.296226429,0.950555639,0.0606927345035,-0.0674931238569,0.30208121758,0.499786980753,-0.309557752997,-0.163029991248,-0.849310995255,0.118676177547,-0.179766916582,0.389488941776,-0.0957767376823,0.0448823144976,0.187159983,0,0,0.143077116233,0.325006891417,-0.245460719252,0.12032126991,0.00300899905142,-0.177251879592,1.80734716254e-23,0.810395106288,-0.545512792653,0.191893257839,0.131435877224,-0.000115273505576,-0.0791305431977,0
1.6020722565,1.91032154576,0.763461317257,0.0175921725,0.0745241934,0.284115974,0.955727353,0.0671531940814,-0.061323190001,0.250012459341,0.655918833196,-0.104451815942,-0.229040334219,-0.851769568479,0.170486428882,-0.132945142798,0.560139138155,-0.107086145163,-0.0251344343083,0.200613785,0,0,0.231884682468,0.314997534741,-0.24327766541,0.123424052814,0.002654898969,-0.169878525496,-8.50318191011e-20,0.839537365987,-0.550559422605,0.231879424092,0.136090832618,-0.000299604068916,-0.0829585775268,0
1.63462574503,1.93133243179,0.763112924788,0.0153813112,0.0743450745,0.26114672,0.962309002,0.0301147924847,-0.0439354764366,0.220322758812,0.783200359916,0.110125227538,-0.228596766853,-0.830688006253,0.222166418517,-0.113171494605,0.632926216082,-0.151285150344,-0.106664575273,0.224842599,0,0,0.274805553374,0.320179005842,-0.242045798981,0.130003927,0.00219712291481,-0.147661299277,-3.35825631365e-20,0.798646650487,-0.569267663416,0.271730656002,0.136952919002,-0.000283740407377,-0.0855275600214,0
1.66616520113,1.94819605898,0.765906146257,0.0100616098,0.0783247893,0.242550612,0.966919434,-0.107241285293,0.0775692747826,0.227631503835,1.03258461022,0.0482186406295,-0.185968029832,-0.794194857123,0.256691551507,-0.11311250573,0.656442456734,-0.197079533335,-0.162807237833,0.215932074,0,0,0.31215312385,0.340286048762,-0.253521391523,0.133004706256,0.00151005604541,-0.125056442812,4.23128279755e-21,0.734743460704,-0.571454587978,0.293498886462,0.135337696529,-0.000147744956792,-0.100523440831,0
1.6979059927,1.96365038383,0.772607472311,0.00524932845,0.0783095134,0.222144352,0.971849758,-0.252390733356,0.179874755115,0.186690190903,1.1961261875,-0.0272076908811,-0.1290276586,-0.719225966589,0.298445520236,-0.0968092245513,0.620514570089,-0.190191218026,-0.186121542889,0.184316958,0,0,0.363661544838,0.379914482061,-0.263232803034,0.131573079376,0.000826154485355,-0.108673469339,7.38728988488e-21,0.660064929304,-0.569734207159,0.310742535907,0.131778464921,7.64746652685e-05,-0.121885622658,0
1.73058268761,1.97929859715,0.7821055236,0.00187835869,0.0746144785,0.198572946,0.977239959,-0.386843576611,0.227405145474,0.112145536635,1.26213261707,-0.0867615641723,-0.0961506626191,-0.615139943322,0.329962911866,-0.083320059065,0.556109172786,-0.192152840033,-0.186639586541,0.143119956,0,0,0.437383852199,0.396913286612,-0.259798791513,0.128048375323,0.000417424437329,-0.100287336874,1.38600207212e-20,0.587204579271,-0.560635060328,0.325195104759,0.125807313128,0.00026889444992,-0.149744540391,0
1.76271700228,1.99355090353,0.792641002826,-0.00222541129,0.0718723907,0.171518361,0.982553235,-0.519064894536,0.2440324427,0.0311215598033,1.25859752682,-0.145036337149,-0.0652703756574,-0.487250387057,0.350535388991,-0.0759742231406,0.441055307377,-0.167393237821,-0.170036677947,0.106601071,0,0,0.511224285511,0.398531802825,-0.251304847326,0.12519983942,0.000210822099477,-0.0939936282358,1.32227269272e-20,0.51673989361,-0.548549396531,0.337994438815,0.119087291356,0.000380601349934,-0.172861334052,0
1.79387122811,2.00723411243,0.800902158888,-0.00280593991,0.0718496553,0.145914989,0.986680581,-0.636526144742,0.229279737815,-0.0334987820513,1.19336750071,-0.199802058648,-0.0337309791587,-0.373499788222,0.353826641645,-0.0601076042069,0.349054975518,-0.141143455828,-0.140220290729,0.0675171732,0,0,0.574175809024,0.400209293268,-0.251305086752,0.12332921035,9.69071121953e-05,-0.0899328633368,-4.34423929352e-21,0.45424704887,-0.526796468951,0.338699838449,0.113072932843,0.000341793453606,-0.192108679063,0
1.82469540498,2.02114177925,0.807046247487,-0.00220220178,0.0737700585,0.118440881,0.990214566,-0.728883121171,0.191227447631,-0.07614444053,1.07913413611,-0.233636927548,-0.0272169392451,-0.26503190803,0.348766865076,-0.0356955564429,0.254103257352,-0.108703822241,-0.101727337876,0.0370903676,0,0,0.628272381636,0.380364842714,-0.247352549828,0.122909965567,0.000135807014688,-0.0896034087284,1.02471895995e-21,0.395563925649,-0.511914717414,0.346181626644,0.106968906362,0.000205384118912,-0.210899285596,0
1.85611809037,2.03505394186,0.809995407183,-0.00132389514,0.0825583866,0.0918935685,0.992339625,-0.805139140049,0.167906784874,-0.0847738407927,0.916647158366,-0.22294110982,-0.0491660815571,-0.176468843626,0.330391808912,-0.0149794856807,0.166355392403,-0.0784022805532,-0.0650401748826,0.021052275,0,0,0.649497843527,0.361551037007,-0.244253061285,0.120437465096,0.000178483644946,-0.0829558529127,2.21599881258e-22,0.325757082285,-0.507144412573,0.347697335825,0.101107952475,0.000112152192043,-0.223406852436,0
1.8879513258,2.04827074824,0.809144616558,0.000264075031,0.0882940275,0.0666067392,0.993865,-0.871418497116,0.12922268453,-0.0988834167174,0.764602726417,-0.251709380123,-0.0671002576491,-0.0720323212938,0.310798289121,0.0128410409691,0.0600800766605,-0.0466730594828,-0.0320518756002,0.0367308539,0,0,0.668261877751,0.339435508287,-0.247254622631,0.11886521188,0.00021320211159,-0.0806359667057,-7.72170990337e-22,0.278227560781,-0.529387860411,0.362103122322,0.091572382891,0.000343479004706,-0.24242544624,0
1.92046465572,2.06063736528,0.804080769679,0.00484047694,0.104484825,0.044728543,0.993508354,-0.951292609103,0.0788463839614,-0.117797149636,0.618781047676,-0.289048217236,-0.0758434399114,-0.0237674211145,0.277309307663,0.0315958449861,0.0193329480518,-0.0425808066886,0.0273205107609,0.0454719796,0,0,0.645366229486,0.321586622915,-0.24607194451,0.11862209949,0.000273231731583,-0.0793984510514,3.61888851868e-21,0.200065776953,-0.574322866761,0.38012674604,0.0797312876044,0.000698811313715,-0.266937704506,0
1.95340569135,2.07237832444,0.795431514876,0.00699840868,0.110924061,0.0286804439,0.99339031,-1.03729503369,0.0536654693958,-0.11774561169,0.576854075763,-0.349683130268,-0.0740847488545,-0.0238756452919,0.263184210183,0.0652874717851,0.112717085835,-0.105982890045,0.0411442109427,0.0530880239,0,0,0.640614052966,0.327559243293,-0.258632970509,0.119141988314,0.000253178736339,-0.080050544045,-8.97660824689e-23,0.169985585102,-0.595355012413,0.380497434287,0.0683678223885,0.000894837695832,-0.290272220166,0
1.98869989452,2.08409362366,0.785569899475,0.00691452776,0.11494334,0.0144591173,0.993242746,-1.1021532357,0.0511701445683,-0.0907763114151,0.596014934677,-0.397206727695,-0.0801653300465,-0.00848539866332,0.252774503957,0.0913087716355,0.190309007663,-0.133321313432,0.05665006826,0.0582574756,0,0,0.632240787786,0.33025626106,-0.255273089488,0.118787506884,0.000279903704603,-0.0850851292153,-2.38217004716e-22,0.153631346683,-0.603549307357,0.376341685507,0.0610622078249,0.00102043289999,-0.301944813314,0
2.02666110546,2.09429007616,0.776986234306,0.00721282484,0.115574063,0.00405413527,0.993264403,-1.09524720778,0.0542252709298,-0.0553024872132,0.592276043855,-0.378508138705,-0.0537761169136,0.0168088382698,0.23794381948,0.104509582578,0.265513247976,-0.127249559302,0.082442547514,0.0464424705,0,0,0.624417380466,0.3373665201,-0.249256140691,0.118317410968,0.000269554027187,-0.0836755618535,8.3312008013e-22,0.152789529237,-0.594711685758,0.372354910525,0.0643718688536,0.000802907924697,-0.295915058654,0
2.06755732406,2.10395187123,0.769383999354,0.00804096637,0.110869956,-0.00126117639,0.993801593,-1.04457215556,0.0188766730027,-0.0504447187431,0.605099298739,-0.3032715371,-0.0345230923184,0.0583270270259,0.220817755445,0.106748784948,0.333337086773,-0.0568091747874,0.114556222302,0.0296715574,0,0,0.615886284561,0.3605816371,-0.260442876115,0.118288367976,0.000184289531446,-0.0801205274653,4.20812940065e-21,0.182792959552,-0.577692460582,0.366165397214,0.075711628837,0.000489755466366,-0.275288867367,0
2.11028688238,2.11228953551,0.7643311253,0.0105573115,0.0997355625,-0.00615210191,0.994938949,-0.976755630357,-0.0318963084439,-0.0943166296274,0.625405379561,-0.14174243371,-0.0100314199546,0.117978809295,0.19869279875,0.0997173783122,0.380055558339,0.145148936498,0.15899086055,-0.00704940545,0,0,0.624383967201,0.373065317151,-0.264725700713,0.117875698849,0.00014163263049,-0.0752935001021,-2.67725408836e-21,0.233751342379,-0.54209853922,0.347379864126,0.0916400111478,-3.72162149446e-05,-0.240492104544,0
2.15318398889,2.11916828759,0.764141147872,0.0116245861,0.0938504981,-0.0120162611,0.995445911,-0.93931963976,-0.0451235258203,-0.0831310612308,0.717592944815,-0.125570675302,0.0200005967103,0.132143944634,0.172522869392,0.0783928836359,0.464960143489,0.372188994145,0.177681654425,-0.0302006545,0,0,0.612450701296,0.387416034621,-0.265629995816,0.117327519022,9.82739366415e-05,-0.0734318205525,-4.59876456209e-23,0.287289819383,-0.511278032227,0.323007167283,0.106162228585,-0.000236795699162,-0.207903365458,0
2.19241974835,2.12617679205,0.768618475897,0.0132180111,0.0853279052,-0.0244816652,0.995964397,-0.897328790005,-0.0508066683436,-0.0626978238598,0.812803324132,-0.197640711959,0.0919036826711,0.0511585723298,0.087546397316,0.0136929040653,0.673782158114,0.413710677485,0.143713690985,-0.0156260522,0,0,0.592990160559,0.400635198184,-0.27977894122,0.119027310561,6.39355609334e-05,-0.0784261669989,-5.70772687575e-22,0.353079885,-0.519610569645,0.328180134173,0.115348818385,5.41921156972e-05,-0.180276880424,0
2.2307401067,2.13231129517,0.777726841591,0.0134379792,0.083161977,-0.0395755966,0.995659218,-0.828836928853,-0.0344209022828,-0.028200378028,0.830770264741,-0.270801782763,0.127455826612,-0.134383504218,0.0227579879771,-0.018844390222,0.91061274941,0.213752893729,0.0707153298916,0.0173473288,0,0,0.533162602451,0.418046413693,-0.290131920789,0.12010259148,3.38939973554e-05,-0.0827143108031,-9.71084420465e-23,0.394334873565,-0.538266675204,0.338740953732,0.12078182595,0.000311876812994,-0.157994328001,0
2.26685117161,2.13740833082,0.788599061038,0.0179758021,0.0803146095,-0.0544779585,0.995117373,-0.736889936252,-0.0235824628259,0.0175427720308,0.795593403455,-0.322712405541,0.140582355664,-0.315131166371,-0.0469383324305,-0.0433063441176,1.05211949498,0.052559666246,0.0234277861574,0.0581268131,0,0,0.465068931697,0.42290629894,-0.29903046552,0.121324409998,0.000105902665811,-0.0892004738455,-7.55026098263e-22,0.444243575717,-0.563838800439,0.336181952427,0.121534583908,0.000471777369224,-0.145498911537,0
2.30458715235,2.14087062246,0.798875319578,0.0221891725,0.0765906395,-0.0671734598,0.994549768,-0.632192591546,-0.0234988589631,0.0570969819247,0.738862081824,-0.352405376097,0.130267179231,-0.472285925142,-0.0810556199508,-0.0606902918948,1.09359564927,-0.0809222410655,-0.00828123216909,0.0985707025,0,0,0.400332313955,0.417768897866,-0.295736897063,0.12369737272,0.000296083946921,-0.0971663674296,-2.43452591687e-20,0.504584472518,-0.575120379007,0.318091647188,0.123102005577,0.000502827848362,-0.139528153113,0
2.34240535342,2.14350665626,0.808436425765,0.0281501891,0.0717483968,-0.0791825312,0.99387618,-0.502924405703,-0.030630123636,0.10458879257,0.632479354767,-0.355386834027,0.114676424114,-0.593710539744,-0.0939804908369,-0.0694281058461,1.04065504683,-0.170348069209,-0.00967722882781,0.138582243,0,0,0.3388163319,0.403379670118,-0.292693639294,0.126116606943,0.000620315269677,-0.105142708832,-6.98853041726e-21,0.569411572188,-0.587393446209,0.297773585772,0.124457705873,0.000441479700896,-0.133640112919,0
2.3798149995,2.14552086602,0.814015234154,0.0297349885,0.0783861753,-0.0891383107,0.99248466,-0.386332936459,-0.0365725347601,0.145229036501,0.491041999501,-0.332916491918,0.0902610715207,-0.697800559322,-0.0725978345462,-0.0817965973468,0.906303864048,-0.187591333774,0.0180382426228,0.154872717,0,0,0.250698494305,0.4046168124,-0.277381822167,0.12702265026,0.000945536468358,-0.110228879749,-9.91757133713e-21,0.590526355273,-0.581468858041,0.271137362271,0.12475237847,0.00043020058077,-0.126233477789,0
2.41726342511,2.14647280338,0.81574123603,0.0329189878,0.0799402988,-0.0965253622,0.991568829,-0.277391015591,-0.0514888940383,0.17571240585,0.386578031379,-0.328388098125,0.0692642510172,-0.769018442639,-0.0367700842212,-0.0799219473297,0.722871600059,-0.202959953816,0.0527888761095,0.167677636,0,0,0.179108117366,0.407248447796,-0.277927076485,0.128236137807,0.00130645466228,-0.120593681895,1.35015627531e-20,0.627742956169,-0.581518572222,0.250618480888,0.125804247166,0.000362508302864,-0.122800921651,0
2.45399662666,2.14707714997,0.812931969506,0.0360162276,0.0823567971,-0.100325933,0.990885915,-0.174091331289,-0.0759343078103,0.190696897797,0.283192737257,-0.31544596303,0.0516665520664,-0.814089394611,0.00276450040837,-0.0658634703088,0.489536953611,-0.16980609458,0.110984921515,0.170955301,0,0,0.107300173716,0.423501114549,-0.292218419451,0.128197729216,0.00154941301484,-0.13017831239,-5.80706093942e-21,0.656817476798,-0.579133601177,0.234910164029,0.126817586437,0.000297500274203,-0.11752221364,0
2.4917492666,2.14775030312,0.806148128913,0.0382648441,0.0866121578,-0.10119052,0.990350753,-0.0994628441468,-0.0899651458926,0.220200296779,0.237868265679,-0.328637834066,0.0299141235665,-0.868727474305,0.0493611511983,-0.024173529307,0.301297766973,-0.150232494783,0.159641757113,0.181959909,0,0,0.03853854569,0.427575153366,-0.307375766824,0.129278406714,0.00191038007081,-0.138955190767,1.08807668893e-22,0.686029210385,-0.573651439131,0.218360309395,0.128275536532,0.000220438766934,-0.111694006072,0
2.53133223988,2.14803257179,0.796305990621,0.0389701212,0.0901963673,-0.100602091,0.990063212,-0.0382887322089,-0.103546513794,0.239774703058,0.230877034574,-0.341375556707,-0.00217807881189,-0.973923004731,0.088174377688,0.0162933212688,0.306848641443,-0.239232418658,0.171590683236,0.183619385,0,0,-0.0158322646541,0.437139669771,-0.305020228428,0.127409825234,0.00226300447364,-0.150723033923,-2.15575372679e-20,0.711089986983,-0.565325551654,0.196870289723,0.128921931848,0.000157614687621,-0.110672646866,0
2.57071979852,2.14764892286,0.785874839191,0.0404091061,0.0889783571,-0.0984502119,0.990332021,0.0148142722247,-0.11583895586,0.241474022717,0.262094597738,-0.358477829214,-0.0208669083289,-1.00496636478,0.107322975322,0.0509145362282,0.320853967959,-0.234249930099,0.176521218322,0.184955316,0,0,-0.0474047359271,0.432564525046,-0.302986458293,0.126537615016,0.00255953774243,-0.15911322217,-3.24274380666e-20,0.735394165221,-0.559591168748,0.180469216216,0.130054562676,9.53245242797e-05,-0.108200406959,0
2.61260679836,2.14622686869,0.776676762956,0.0385856671,0.0849296154,-0.096410408,0.990960716,0.0495147555551,-0.119110030277,0.227127203521,0.34893127311,-0.352420256513,-0.0575829776347,-0.977069750456,0.125309508051,0.094119815854,0.3504317653,-0.189812114343,0.147264568218,0.20183294,0,0,-0.0640394059232,0.417042225238,-0.303649700818,0.127891386907,0.00296926352994,-0.162903652177,1.43792379763e-21,0.760265776881,-0.555165652407,0.178265885889,0.131695481051,-1.65067869484e-06,-0.101919804247,0
2.65634321793,2.14440062659,0.767463724697,0.0356124866,0.0647667894,-0.0922448593,0.992989375,0.0945988205368,-0.115449133537,0.226911097396,0.486277824676,-0.300672231081,-0.0765109827574,-0.929320153514,0.113196650609,0.0829309160768,0.456226318706,-0.10173150851,0.111288125181,0.213528114,0,0,-0.00633270258528,0.390197360442,-0.3043834037,0.126807431471,0.00317298831632,-0.169842624715,-6.37276437683e-21,0.817303671157,-0.553724510061,0.196118905799,0.13497201494,-0.000237498815665,-0.094148270631,0
2.70036184181,2.14083741438,0.763670437138,0.0267729328,0.0523917105,-0.0858155825,0.994572272,0.147734798057,-0.0895782394288,0.22786984586,0.554675528644,-0.0988558902972,-0.0917447018165,-0.89841177623,0.136958595114,0.0949420791636,0.578051125945,-0.0526715347847,0.0739481540837,0.234562154,0,0,0.0449069233455,0.373849081489,-0.313203679314,0.128111463027,0.00334548133689,-0.174883785755,2.02299547352e-20,0.847638393992,-0.533101586938,0.218970351046,0.138250174965,-0.000476367857309,-0.0905131489771,0
2.74330847543,2.13860048432,0.764689349641,0.0210321587,0.0490524366,-0.0835384136,0.995074289,0.154336525119,-0.0498976536879,0.264185793439,0.638607913464,0.139046024852,-0.10461009437,-0.862831703947,0.138301694522,0.0820824586541,0.660220646088,-0.068010123038,0.0128716104177,0.243628417,0,0,0.0956691425956,0.364047737942,-0.311053442512,0.130758478158,0.00312386156139,-0.168548759794,2.01490035421e-21,0.833789903404,-0.529054515246,0.238650537831,0.137946264926,-0.00044478127679,-0.08281931106,0
2.78217427556,2.13502291137,0.76869555229,0.0161559788,0.0507373265,-0.0746039918,0.995790617,0.0567488220249,0.0319447381985,0.294549956508,0.841135866358,0.176870023961,-0.0844468967006,-0.840550713349,0.135612960819,0.0693988160951,0.741210600209,-0.148623938127,-0.070329944864,0.218690913,0,0,0.154006597564,0.355723279187,-0.293471413196,0.129235438131,0.00254555255248,-0.156927026456,1.11384501135e-20,0.797715679112,-0.496731633843,0.21840833423,0.135958821215,-0.000362261595999,-0.0908527056276,0
2.81940331823,2.13287013235,0.777401556869,0.0130771362,0.0514693716,-0.0592356625,0.996830491,-0.1089261044,0.0715822679735,0.262763703575,1.02612705444,0.0447393626092,-0.0553553821707,-0.784101425725,0.107414057215,0.0455855547861,0.763576428494,-0.215667520605,-0.0956150381297,0.175081177,0,0,0.213654700415,0.365864866079,-0.296281919471,0.128523018088,0.00167721216164,-0.139858593771,-2.60034785723e-21,0.743027039147,-0.486140423823,0.222813997473,0.132661736653,-0.000199631681815,-0.102365153122,0
2.85619377889,2.13225403606,0.787883629193,0.0092251245,0.0519466762,-0.0472598478,0.997488319,-0.264215308778,0.0912054924401,0.237249420424,1.10508425304,-0.0408636827799,-0.0423877564045,-0.707585617201,0.0837499991332,0.02167587174,0.744529218863,-0.261638547954,-0.100067110029,0.131861155,0,0,0.288418035435,0.37377017594,-0.292306016935,0.126585114523,0.00101854198774,-0.124582943848,7.90370849697e-21,0.675015579765,-0.476707543116,0.232136796769,0.129124807826,-5.45132987199e-05,-0.118966344694,0
2.89329069717,2.13165654806,0.798467758439,0.00752229279,0.055547212,-0.0363614014,0.997765389,-0.41545761317,0.0913134188723,0.214454718097,1.10140785287,-0.117149509893,-0.0264838156543,-0.623068554409,0.059507481272,-0.000816838240783,0.690614451702,-0.288388323892,-0.0911407714912,0.0825791191,0,0,0.358396587634,0.376232666916,-0.283841315723,0.123913119384,0.00053974541896,-0.103911201782,2.59238378703e-21,0.58967998982,-0.469886201394,0.233158911206,0.124140852245,7.01783660756e-05,-0.135815501645,0
2.93179475724,2.13050321087,0.807956163571,0.00167705318,0.0543807107,-0.0269487044,0.998155145,-0.524607703163,0.0974290971361,0.195004036983,1.0208023452,-0.168808705304,-0.0320073706855,-0.510531194848,0.0517750084582,-0.029223496288,0.604585181338,-0.299251436929,-0.0808813978563,0.0360156217,0,0,0.445805977793,0.38693033848,-0.276008153233,0.120455957564,0.000236943444056,-0.091452621888,2.3825762463e-21,0.514990000299,-0.461348097591,0.253652524031,0.118804121216,-1.07750043182e-05,-0.164201308444,0
2.96843498168,2.13040208804,0.813292164083,-0.00345336256,0.0569845685,-0.0192913613,0.998182687,-0.621522978158,0.100291929461,0.185304206944,0.887040622391,-0.214026916199,-0.0393716794312,-0.402975044544,0.0424586663811,-0.0688860358861,0.498379675925,-0.290858803038,-0.0374943920654,0.0039868626,0,0,0.518006455138,0.399950212177,-0.276222514241,0.118750251549,9.52708353361e-05,-0.0826554688513,-1.63422296616e-21,0.435839051253,-0.457248481553,0.271969620464,0.111605715335,-0.00018022797589,-0.189441532157,0
3.00379256705,2.13073951044,0.814801919947,-0.00736859485,0.0631775067,-0.0136481117,0.997881774,-0.70535466032,0.102040940718,0.183650086051,0.713810904898,-0.240315216049,-0.0376250855551,-0.313977705518,0.0369409271974,-0.102397824229,0.410630078072,-0.282766558423,-0.0117934154348,-0.00144122415,0,0,0.565385193991,0.416647207898,-0.300828374196,0.118706108768,1.91767426176e-05,-0.0761714536267,1.01184490962e-21,0.354048952308,-0.466497666797,0.297248178477,0.102185530421,-0.000228493565721,-0.214259558285,0
3.03944434547,2.1317738796,0.812582220028,-0.01057272,0.0709940847,-0.0118999445,0.997349712,-0.7778540952,0.0979020590649,0.175687868014,0.534961496448,-0.261127453565,-0.0526702575741,-0.235535493113,0.0337573435597,-0.129136990036,0.336368289792,-0.289984453134,0.00721023599324,0.00639107706,0,0,0.614000491558,0.411679445567,-0.293281323797,0.116521192594,2.23738689179e-05,-0.069118893906,-9.62899552953e-23,0.27976353044,-0.493688665848,0.321604582357,0.0892070063164,-9.58277791409e-05,-0.241970935212,0
3.07614849454,2.13323922747,0.806613153269,-0.00912512482,0.0859496346,-0.011040598,0.996196516,-0.888853002943,0.0751005758161,0.152693207398,0.45233326601,-0.319886411262,-0.0474598729921,-0.179515312606,0.0199561684561,-0.146100403096,0.283131887728,-0.308318060214,0.0239341722449,-0.00431808672,0,0,0.636962358484,0.389769630451,-0.277290576522,0.115105725774,6.47088858115e-05,-0.0624437461012,2.85353194317e-21,0.17530395475,-0.529964075516,0.337766753374,0.078868253102,-0.000103618521794,-0.264301326394,0
3.1143635101,2.13471618714,0.79710732217,-0.0145469876,0.0899063817,-0.0105128581,0.995788485,-0.98628006449,0.0635751926243,0.117262116066,0.478452715133,-0.371084497049,-0.0710717707663,-0.137745420701,0.0221646233843,-0.160655655982,0.314872679087,-0.353761898485,0.0318377902129,-0.0135495379,0,0,0.683811725621,0.392647959062,-0.267263666087,0.115207178758,6.66316136348e-05,-0.0606821732611,-3.76464771287e-21,0.119809388563,-0.531922008144,0.341927239792,0.0692159047139,-0.000338385943868,-0.282249450032,0
3.1526921153,2.13582126596,0.787526536611,-0.019365884,0.0904891293,-0.00765260354,0.995679726,-1.0118847833,0.0373507178987,0.0717034581481,0.483818141386,-0.356737298303,-0.0631253803063,-0.0963445792114,0.0309575598143,-0.154026200425,0.361806865456,-0.377782495421,0.0395992299171,-0.0200551342,0,0,0.724581284037,0.392423761122,-0.257673960553,0.114201648551,6.79194889439e-05,-0.0555784718297,1.52062346936e-21,0.0912407521582,-0.5279979726,0.335978774981,0.0641745191412,-0.000557857124696,-0.291854184849,0
3.1932689038,2.13811734906,0.779148419524,-0.0204493263,0.0880659454,-0.00314496341,0.995899756,-0.979263944467,0.0135510133124,0.0527494127146,0.491902802303,-0.303130164413,-0.0478223387271,-0.0585873552302,0.0336617376778,-0.136296065812,0.432107993838,-0.364347545781,0.0648682005777,-0.0280783591,0,0,0.751962566923,0.392587870537,-0.255150836907,0.112623603075,6.30840391362e-05,-0.0484399111842,-5.3415696234e-23,0.0870676537272,-0.524037427186,0.327187281092,0.0658148489343,-0.000752406580836,-0.291370756947,0
3.23593400425,2.1423817004,0.770780965429,-0.0186577231,0.0774063806,-0.000838083312,0.996824678,-0.91492752587,-0.0269796643054,0.0306730486872,0.508157710013,-0.162041729859,-0.0217818189339,-0.00889286563972,0.017850447615,-0.132206782529,0.518899122405,-0.285185645795,0.0939447091303,-0.0515486191,0,0,0.791033680139,0.381513795242,-0.256929465628,0.112279708855,0.000104923748703,-0.0416611783811,-1.07469276906e-21,0.111413278987,-0.512537888621,0.328335876401,0.0724768628992,-0.00113393429936,-0.282141670848,0
3.27827175872,2.14738778158,0.765827162145,-0.0112771652,0.0594284866,-0.00208606601,0.998166684,-0.858954375977,-0.0537331553208,0.0268665429136,0.591140178411,-0.0916533505065,0.0389797184259,0.0465792650656,-0.0187143483078,-0.131620965511,0.605340026169,-0.107178126135,0.117613126575,-0.0421890011,0,0,0.830408504913,0.37466651647,-0.276433477325,0.112827682026,0.000109744019805,-0.0405849814091,1.63420275326e-21,0.19136409067,-0.515410912716,0.323811294466,0.0803303454157,-0.000738917065168,-0.266508649346,0
3.31917158129,2.15093469314,0.766311442958,-0.00571716747,0.0549670979,-0.0020708362,0.998469651,-0.834307712307,-0.0693842276561,0.0491576969409,0.69265033691,-0.132322204892,0.0890243265531,0.0737701800244,-0.0417114626635,-0.126737459078,0.654060886306,0.16891042471,0.124495627554,-0.0403713445,0,0,0.814174336086,0.370663846269,-0.284226032947,0.11226050018,0.000107667651346,-0.0403425108423,3.23508743471e-22,0.246266316617,-0.488767782623,0.286876335037,0.0937625762444,-0.000663727377664,-0.234731813114,0
3.35723300488,2.15552506654,0.770701653099,-0.00185461235,0.0569610757,-0.005125186,0.998361522,-0.797222432881,-0.0794259146728,0.0664835279958,0.739351605443,-0.191109755128,0.134138143173,-0.00211731012974,-0.0997292837392,-0.133245690388,0.813764104849,0.265856368998,0.0950000859512,-0.0260837511,0,0,0.762754328818,0.377197249561,-0.305119349453,0.113384318737,7.42516083826e-05,-0.0444715595497,1.06924341527e-20,0.291713734046,-0.485768028379,0.284581935532,0.10454913371,-0.000326362271856,-0.20728729835,0
3.39289886824,2.16017553076,0.778789162716,0.00354378989,0.0574934289,-0.0104977037,0.998284401,-0.730740143269,-0.0890422505328,0.088711815809,0.729429024785,-0.234414022314,0.159089365698,-0.142481956702,-0.158158733053,-0.120891345535,0.984014453458,0.181328272888,0.0575150724682,-0.00407903456,0,0,0.692315863034,0.378007668521,-0.320676912195,0.115420657079,5.14597155983e-05,-0.0517607205264,8.162252177e-21,0.338358625102,-0.503004601067,0.296533871311,0.114742298681,6.49628799376e-05,-0.176468205988,0
3.42787297015,2.16403059159,0.788303878724,0.0104781942,0.0561256556,-0.0150232532,0.998255689,-0.643160261365,-0.0974410406953,0.122004203419,0.682429186345,-0.259211606168,0.165298646831,-0.286724138342,-0.190325852108,-0.0904250082168,1.07825830249,0.0956214381123,0.0325097598861,0.034566929,0,0,0.613148768082,0.358750396261,-0.321040537452,0.118246019606,0.00010391359674,-0.0633744624201,-2.52254685842e-21,0.400704651895,-0.528231347666,0.303124630627,0.119546483729,0.000369296969708,-0.153059314578,0
3.46296056979,2.16662155729,0.797238062893,0.0172278073,0.0538083813,-0.0172564499,0.998253513,-0.547966739711,-0.110559070129,0.148489220714,0.619183413375,-0.268765007271,0.154341964467,-0.416521809127,-0.195926865503,-0.0621074143686,1.09749873383,0.0300946544399,0.0266404558185,0.0783393606,0,0,0.525772339073,0.348490565066,-0.32672930562,0.122366831995,0.000253073044149,-0.0811328684549,-1.04329116206e-20,0.473105992891,-0.546383668674,0.299267388981,0.122475466698,0.000472492585192,-0.138693325313,0
3.4970002026,2.16901967341,0.804868455759,0.0233397584,0.052569457,-0.0198938762,0.998146253,-0.444214676144,-0.131868448959,0.162793546175,0.525349490437,-0.24941810543,0.150001038689,-0.533231856401,-0.180116035714,-0.0341460989057,1.04492713784,-0.0199939805111,0.0152485298853,0.126748695,0,0,0.434917133586,0.300624148562,-0.320167315156,0.125982441691,0.000729887868101,-0.095765593586,-7.14971149536e-21,0.548661104731,-0.538259910146,0.29446473406,0.118381500954,0.000365817320633,-0.124712410836,0
3.53164417282,2.1703257935,0.809487444008,0.0278327989,0.0531575111,-0.0199565778,0.997998672,-0.349443911531,-0.148241084237,0.175592913535,0.442163153657,-0.245515875558,0.128504384141,-0.629051206571,-0.147592732106,-0.00869610643394,0.937875927157,-0.0758263917614,0.0176859543568,0.159444319,0,0,0.346161381909,0.287617993484,-0.324183746449,0.128533414802,0.00135122268847,-0.121273619671,4.30681832569e-20,0.611826874617,-0.540888959783,0.29211138596,0.121348026823,0.000219829969439,-0.117142731401,0
3.56638913715,2.17171842745,0.811232155308,0.03182452,0.0538548485,-0.0189750215,0.997861114,-0.244339186621,-0.169795032337,0.175867889555,0.336298564607,-0.226880220496,0.108618896849,-0.693143265669,-0.120385972792,-0.000595189064812,0.772738134039,-0.101533034511,0.0404879208489,0.169709124,0,0,0.262319577416,0.2866127234,-0.329779942418,0.126193637179,0.00201626726284,-0.148400950683,3.42220258799e-21,0.661373341715,-0.539594744867,0.291036081496,0.123432489593,7.59848486603e-05,-0.107759213309,0
3.60077703189,2.17245593734,0.810026760868,0.0344645987,0.0550411231,-0.0168685779,0.99774652,-0.147330799008,-0.184869219647,0.180324391604,0.244436156162,-0.219595198107,0.0867200916295,-0.732516556206,-0.0839476895648,0.0109289890963,0.564142410199,-0.113881514399,0.0688669708083,0.165328174,0,0,0.184389233478,0.296279340673,-0.332268858756,0.120420592388,0.00255321040108,-0.172072977661,9.30658875935e-21,0.699774410527,-0.528004540396,0.281221009789,0.124365028722,-2.88861244252e-05,-0.100137848272,0
3.63583974384,2.17332742877,0.80589086835,0.0311766763,0.0675803106,-0.0187005222,0.997051256,-0.0836744426166,-0.182499738215,0.178646369294,0.178644129955,-0.230358828124,0.0662440062668,-0.769026594722,-0.0336998660139,0.0150986342959,0.319206411969,-0.118482506665,0.0957548801923,0.161325916,0,0,0.0803181013464,0.318102263975,-0.321670993611,0.113573330191,0.00311963870469,-0.191795399033,1.4005823783e-21,0.697022404994,-0.51189656589,0.269937616268,0.123298948957,-1.83590655039e-05,-0.0905544403812,0
3.67155722131,2.17366178044,0.797837761089,0.0327496896,0.0707525747,-0.0187419376,0.996779951,-0.0151939182632,-0.192990625549,0.167787511775,0.145888841243,-0.246179883818,0.0550477558572,-0.859794338117,-0.0139749838108,-0.00664683055476,0.282976853087,-0.203795267372,0.135756043677,0.145605717,0,0,0.0253578500312,0.335742977927,-0.307158165552,0.103286883202,0.00342962525271,-0.213515270205,2.04633625396e-20,0.715060439242,-0.504254416671,0.260287325642,0.123342392953,-4.24420869812e-05,-0.0852792423991,0
3.70841981668,2.17315532045,0.78848987063,0.0328124086,0.0707730213,-0.0187976423,0.996775388,0.0352894926173,-0.196357602447,0.154569980989,0.17121390686,-0.267189056132,0.0335733134947,-0.934344364377,0.00601335838227,-0.0225126286108,0.339889630555,-0.281956833821,0.130720717899,0.128974996,0,0,-0.00492938023694,0.350441792896,-0.285506778196,0.0934783700902,0.00355115320534,-0.230935859705,2.44852414152e-20,0.731860870983,-0.495815038024,0.251685867563,0.123181943834,-5.20585931925e-05,-0.0810926199251,0
3.74615054775,2.17265399981,0.7796808686,0.0315909886,0.0662353088,-0.0198842264,0.997105567,0.0682438029043,-0.189967460309,0.15112931768,0.254572965943,-0.292400897909,0.0073316696834,-0.902902296399,0.0271133626073,-0.032032383581,0.320016409425,-0.241511887751,0.108219873461,0.135354237,0,0,-0.0193311383676,0.351925575051,-0.273793525583,0.0909274491778,0.00388082397858,-0.238156112744,-1.01695247309e-20,0.748386872208,-0.497804916871,0.258502432779,0.123038266348,-7.45879609559e-05,-0.0744646937524,0
3.78634372409,2.17223933093,0.771088587902,0.0301855182,0.0576341735,-0.022179235,0.997634812,0.101081477225,-0.185668273928,0.143518251484,0.358900790529,-0.277885034421,-0.0182250480232,-0.847742240961,0.0525784354253,-0.0251929030417,0.338285639389,-0.172410828616,0.0753000248127,0.147897025,0,0,-0.00280100229813,0.341407957738,-0.264685496744,0.0938260682181,0.00411888924543,-0.235929536865,8.07582434554e-22,0.76770549629,-0.497086881097,0.262369646319,0.122989379393,-0.000114024155444,-0.0678726898574,0
3.82634090656,2.17117235129,0.763699761748,0.0270021231,0.048042666,-0.020484329,0.998270094,0.12402275107,-0.169608228306,0.143526244145,0.472870441952,-0.193537063631,-0.0598019046695,-0.820108272945,0.075625546938,0.00128764783802,0.413459764914,-0.0462000728387,0.026332514329,0.180891276,0,0,0.0249177374363,0.316393583201,-0.275946185695,0.104246666979,0.0043639791049,-0.219621142338,-2.63654281963e-21,0.792615485452,-0.483197534571,0.262956989101,0.124285757841,-0.000226653853861,-0.0636681871064,0
3.86731423373,2.17019718115,0.760430703071,0.0191266706,0.0295558835,-0.015523387,0.999259548,0.172073596871,-0.149246979753,0.130674928718,0.554769786182,0.00154937286193,-0.123541292164,-0.788720847198,0.0918542601334,-0.000635991707659,0.558950698423,-0.0425790650754,-0.00434034328112,0.185225387,0,0,0.111758544921,0.324055173429,-0.280567257766,0.109291632157,0.003641782712,-0.205461384183,-7.39668408789e-22,0.824196835491,-0.458056442268,0.272653479198,0.127328398421,-0.000362916476984,-0.0655026670283,0
3.90525254287,2.16785437506,0.760544400289,0.0116359274,0.0294995836,-0.0158882969,0.999370773,0.149727943508,-0.0917484408179,0.166737164794,0.664738619493,0.220235408206,-0.179051762315,-0.766864316528,0.115770515508,-0.0155384299159,0.636225995441,-0.111666221701,-0.0313565581228,0.202191335,0,0,0.157686540629,0.355784642127,-0.27935624811,0.119657379393,0.00283880603665,-0.179785640713,-1.52197526679e-22,0.797101003681,-0.447173868295,0.27022954546,0.132338368148,-0.000403355813302,-0.0735655910182,0
3.93997800711,2.16577010839,0.76448643375,0.00666646482,0.0312748611,-0.00850452577,0.999452407,0.049828211996,0.00982206883457,0.202806701617,0.860376907971,0.228878893226,-0.146945042192,-0.737094334829,0.111339793828,-0.0401650697227,0.689605359742,-0.179547179261,-0.0775754715531,0.180313566,0,0,0.210905649523,0.377822588469,-0.293158070461,0.127347927274,0.00176986990563,-0.149755197227,1.29314097759e-22,0.74578524281,-0.43921950158,0.275410732765,0.13313752934,-0.000342966129474,-0.0895519540862,0
3.97315852338,2.16419640215,0.77190441167,0.00249471711,0.0320906503,-0.00222952718,0.999479362,-0.0966620473169,0.0914252353597,0.202942391393,1.0345298032,0.0874193425746,-0.0840676198978,-0.676248512669,0.103026139919,-0.0663207710004,0.680429631789,-0.206563866733,-0.098668460494,0.133457578,0,0,0.278515300854,0.410457300408,-0.299749188,0.128085032655,0.000794036719839,-0.118661701975,5.96897653769e-21,0.67190831709,-0.437831644823,0.280522975284,0.129965162499,-0.00016525700874,-0.105550858391,0
4.00642770485,2.16367709839,0.780291100156,-0.00103723456,0.0308916634,-0.000437354077,0.999522105,-0.228515019853,0.128482257915,0.176508994419,1.10963604549,-0.0243139945916,-0.0477068942297,-0.606668596611,0.107797284355,-0.0775804327838,0.660205510897,-0.233752976188,-0.100611978295,0.0901964025,0,0,0.36476501359,0.430588913634,-0.300579906408,0.125972395802,0.000274800077664,-0.0966131430903,-3.23348740534e-20,0.591262627149,-0.440246509072,0.289570045856,0.126832626354,-4.97709708798e-05,-0.131120457261,0
4.03877251204,2.1631944596,0.789542424241,-0.00242904459,0.0324859534,-0.0027704642,0.999465401,-0.352843707805,0.134459218617,0.150097803944,1.10152257934,-0.105213878635,-0.033154418571,-0.52594888105,0.104520992086,-0.0941678841346,0.600187462373,-0.240373719087,-0.0727073292625,0.0487323602,0,0,0.448881516686,0.431384360777,-0.291941064756,0.122485445308,6.08443850251e-05,-0.079491621754,-2.62541341119e-21,0.498490601739,-0.442401903309,0.288799624191,0.120699474888,-3.07572461829e-05,-0.161476759811,0
4.07064489476,2.16345326564,0.797320450556,-0.00472459046,0.0319575772,-0.00523391951,0.999464355,-0.456025934396,0.129720703108,0.123889801237,1.03384342866,-0.177514144503,-0.0104353052177,-0.440266139019,0.106414143577,-0.10435180037,0.535896261809,-0.232410635925,-0.0527916385244,0.022484602,0,0,0.534754292835,0.431059832465,-0.292493739089,0.119156989335,-1.21514468265e-05,-0.0693271451961,-1.08487609215e-21,0.421202853794,-0.442386925894,0.290029138671,0.110743968604,-0.000172044588038,-0.196737759165,0
4.10226550472,2.16377162006,0.803109943615,-0.0059970937,0.0316862938,-0.00882551913,0.999440906,-0.534303151878,0.126054163992,0.113035661339,0.911590030028,-0.229665626588,-0.00569503617365,-0.353198150496,0.114648702277,-0.0966907833594,0.461094745314,-0.218892295402,-0.0313806696558,0.0188263188,0,0,0.606711651226,0.422744286076,-0.296192858973,0.116713710148,-1.58119014712e-05,-0.0620750374376,5.13607921638e-22,0.356552687752,-0.449688246386,0.29247875453,0.0953922175493,-0.000250836355046,-0.234978538835,0
4.13292107611,2.16464032576,0.805611520552,-0.00629434498,0.0332720778,-0.0111977188,0.999363778,-0.598058441283,0.112775811896,0.110251511538,0.755311495425,-0.24616142606,-0.013048415118,-0.278052572562,0.114727480919,-0.0957645435532,0.401354926441,-0.212053188199,-0.0228582973708,0.0182955102,0,0,0.663970853687,0.42017637512,-0.30540062166,0.115842466824,-2.15062666367e-05,-0.0604871657382,-1.06519556788e-21,0.289763125644,-0.484000439961,0.320959118085,0.075361272794,-0.000118943841379,-0.273573221402,0
4.16326968424,2.16620047112,0.805508647218,-0.00559471162,0.0368487355,-0.0140128107,0.999206941,-0.647460130054,0.0765591991639,0.0937722468167,0.569041707295,-0.23918486578,-0.0412337989697,-0.212562133638,0.106584291593,-0.100947356093,0.351310652645,-0.227243010089,-0.0121141558954,0.024032209,0,0,0.711492768574,0.412022959675,-0.310836367234,0.114398890944,-1.45396002222e-05,-0.0600498996596,5.40390173492e-22,0.238184093891,-0.50655746763,0.312932705831,0.0546146067216,-3.79619703372e-05,-0.313351872423,0
4.19445877303,2.16737855807,0.802114060713,-0.0051272064,0.0423718151,-0.0144457018,0.998984316,-0.717138460077,0.0570984002102,0.0972036108089,0.44648397303,-0.270552467679,-0.0535057992464,-0.16184923979,0.101425967699,-0.105249518913,0.326789286621,-0.256831911823,-0.0142727924081,0.0373498348,0,0,0.745154125123,0.403071332374,-0.309804558238,0.113820584362,-2.10695783603e-05,-0.0614094641145,-2.0747263418e-22,0.199746315504,-0.522071006558,0.288513137228,0.0326982445048,0.000194724759237,-0.345079440432,0
4.22567160028,2.16923264826,0.794565916684,-0.00574667603,0.0482718299,-0.0148012071,0.998708031,-0.819066567697,0.0554597623613,0.116376388431,0.450750350644,-0.343296550127,-0.0705032291843,-0.131309569406,0.0908390115851,-0.11591369272,0.349614840188,-0.313670111964,0.00176068759439,0.0489393536,0,0,0.767690426809,0.39817975897,-0.310138601324,0.113691727942,-4.11405381623e-05,-0.0629585399492,-3.20393772128e-21,0.164734065758,-0.541786773744,0.269408017233,0.0183447073679,0.000536399790098,-0.36608530954,0
4.2591460246,2.17112236449,0.786279639427,-0.0047420815,0.0535855564,-0.0108098471,0.998493489,-0.877356088012,0.0562024827102,0.150957087758,0.478760006263,-0.378526901664,-0.0824422057512,-0.102333795449,0.0799450443994,-0.118786379091,0.383760226128,-0.358490954274,0.00755437475162,0.0487190791,0,0,0.770334745594,0.393489887177,-0.309995491856,0.113898332626,-2.85144229412e-05,-0.0641807953458,-1.97712820869e-23,0.135731015539,-0.553792221733,0.25096158065,0.0105947720067,0.000592657436502,-0.376216826534,0
4.29147045828,2.17317938987,0.778292320387,-0.00336147695,0.0533146414,-0.00386040406,0.998564643,-0.847306379291,0.0301274617335,0.16577558834,0.433849551,-0.32052625987,-0.0648702771935,-0.0583611472093,0.067360004389,-0.129475242831,0.417021474331,-0.38490548288,0.0357156522039,8.545052e-05,0,0,0.789047397736,0.364989628901,-0.295395545982,0.11335845979,0.000108301489765,-0.052310753485,-1.1765636603e-21,0.107382470132,-0.534147949483,0.252603905415,0.0221220816462,-0.000760941454592,-0.362885056127,0
4.32607315743,2.17578346595,0.769800680763,-0.00326115652,0.0468690081,0.00494050439,0.998883503,-0.794099082984,-0.0169675538571,0.142834667973,0.415636519024,-0.221953422431,-0.0360985692704,-0.0170655321602,0.0562466387265,-0.146022612135,0.487510917467,-0.381334211348,0.0746248979274,-0.020974022,0,0,0.796940240276,0.368592400404,-0.298849554008,0.113787595836,0.000127856719759,-0.0492444907607,-1.26869115476e-22,0.135550568564,-0.50965720282,0.247737827941,0.0336816609165,-0.00129758586499,-0.346518105489,0
4.36094025247,2.1792878469,0.764316729616,-0.00120664647,0.034863539,0.0123268944,0.999315328,-0.744780822461,-0.0624140348593,0.0966108934322,0.438391422426,-0.0986398327371,0.0150076013906,0.0216773183788,0.0395924126707,-0.153091315483,0.577499488247,-0.309360938481,0.105221234183,-0.0426459311,0,0,0.802298897415,0.367086972744,-0.304623891409,0.1148413699,0.000151728690439,-0.046199641734,-2.85073115923e-21,0.177817364425,-0.483497360758,0.261277904167,0.0572231814726,-0.00149215706042,-0.310923499388,0
4.39692232809,2.18112046032,0.761932490651,0.00469123971,0.0204542587,0.0175085794,0.999626463,-0.721437493154,-0.107601442812,0.0701172590247,0.559341435064,-0.0921238880227,0.0405606198136,0.0785292118747,0.0262841462835,-0.152702715815,0.623307894304,-0.0902797035963,0.147320363569,-0.0507899469,0,0,0.808285484077,0.348499920598,-0.300850572386,0.115003237511,0.000192661754587,-0.0450033241978,-1.61062253239e-21,0.250698980266,-0.447033264184,0.254139225217,0.087086706656,-0.00121982971473,-0.252154460805,0
