0.00213314868875,-0.0292346860993,0.801480278107,-0.0124064981937,0.0133395139128,0.680921733379,0.732129633427,-0.111984421562,0.000407834431337,0.0584348675572,0.312006643053,-0.368633623626,0.0683144227854,-0.0966002438752,-0.0749111000833,-0.0103426701734,0.32049133242,-0.407516787016,-0.03948268713,7.03495752532e-05,0,0,0.30636112852,0.578717713973,-0.748553468574,0.137120431192,-0.000236684396,-0.114996923483,-2.50562060071e-20,0.395974909669,-0.515498368438,0.54353199203,0.144568771023,0.000128958573782,-0.1238393751,0
0.00259370886976,-0.0313167976721,0.801430191419,-0.012927589938,0.0139140486717,0.680537581444,0.732466995716,-0.12223678352,0.00447348924342,0.0643836569072,0.322788247736,-0.366635933014,0.0644505930504,-0.105855584632,-0.0737094885845,-0.00925383146029,0.328678333288,-0.406731780503,-0.0404630009723,-0.00282449950464,0,0,0.308288921556,0.576707009699,-0.740621815351,0.137185868325,-0.000237741056383,-0.116924755994,-2.63800939486e-20,0.393504119219,-0.510098535776,0.53206124938,0.144698472863,0.000108145897763,-0.126785213502,0
0.00332238794055,-0.034088498548,0.801556175331,-0.0141103379428,0.0152084231377,0.680000007153,0.7329185009,-0.135023164771,0.00846731411987,0.0695734767178,0.331990123067,-0.363004591775,0.0608909769706,-0.120324404676,-0.0726346624057,-0.00846231271162,0.340289470369,-0.40557943345,-0.0416639900581,-0.0030683230143,0,0,0.311887501627,0.572207180637,-0.727347338335,0.137082106486,-0.000241173539975,-0.118791454732,1.48520441398e-20,0.389406555475,-0.506749759819,0.51783885051,0.144601353977,9.65786612777e-05,-0.130664387964,0
0.00438460209042,-0.0376466159124,0.801860421822,-0.0155724752694,0.0168202985078,0.679185450077,0.733608663082,-0.148323307032,0.0116524376543,0.0730446117257,0.338075705297,-0.357179736546,0.0565231921401,-0.136537570563,-0.0716406936886,-0.00707453704723,0.350970458418,-0.403337607474,-0.0438854125285,-0.00282293558121,0,0,0.317631902099,0.566227047748,-0.710383084799,0.136829114554,-0.000244161525422,-0.121573768111,-1.73966070339e-21,0.380724461961,-0.506296556673,0.504533543472,0.144404773758,8.52160560201e-05,-0.138421537782,0
0.00579433994674,-0.0421460712073,0.802297008961,-0.0173787474632,0.0187997985631,0.678586542606,0.734074175358,-0.163956137727,0.0140735727629,0.0733090013228,0.343447811599,-0.350475629048,0.052311100166,-0.155533199766,-0.0701294066233,-0.00561478105103,0.3619430867,-0.398612104167,-0.0482544599663,-0.00449344329536,0,0,0.323541686065,0.56116089484,-0.692839036072,0.136464498082,-0.000247207574495,-0.125953372354,-6.06582359935e-20,0.365956428424,-0.508312232191,0.4928544099,0.143779030352,6.12385872112e-05,-0.150584121102,0
0.00734397948902,-0.047792807578,0.802668713562,-0.0197878740728,0.0214291904122,0.678122520447,0.734369814396,-0.183898208973,0.0148959338096,0.0710130778654,0.349502866179,-0.342206936128,0.0482444766007,-0.179984105321,-0.0696871249357,-0.00442924699318,0.376712631863,-0.394884543017,-0.051188095095,-0.00897468812764,0,0,0.328972055615,0.557465322803,-0.676518960193,0.135628854514,-0.000254513397672,-0.131670349737,-9.08096711296e-22,0.340464509698,-0.517258332108,0.490054116103,0.142254620821,3.58451144257e-05,-0.166587501064,0
0.00955009962582,-0.0547946484759,0.80264936936,-0.0227059535682,0.024591576308,0.677997410297,0.734301865101,-0.210552462669,0.0172491028824,0.0669004740735,0.361675231589,-0.334191621839,0.0426361967595,-0.211383904511,-0.0673798756548,-0.00282596853215,0.398179133628,-0.391028839063,-0.0569506704806,-0.013873199001,0,0,0.335062613921,0.554921070778,-0.660109120492,0.13431705869,-0.000264534480906,-0.137654710649,3.51259676652e-20,0.305906499064,-0.531497051637,0.495299951846,0.139594252087,1.60807647713e-05,-0.184292510645,0
0.0121106240097,-0.0630093619543,0.802349068429,-0.0263702347875,0.0284857619554,0.678820133209,0.733277857304,-0.244735943389,0.0186504725904,0.0619859711036,0.379003946028,-0.327578195718,0.0370503609649,-0.248641338188,-0.0666579809026,-0.00380932339119,0.423682909933,-0.387235527995,-0.062816817726,-0.0196364820004,0,0,0.33813327247,0.555542398399,-0.6461831927,0.133026709417,-0.0002793508219,-0.14194753134,1.58529156601e-20,0.264473947824,-0.550380647629,0.505798431813,0.136270397176,-1.50914033928e-06,-0.200968506667,0
0.0155230339444,-0.0726639615435,0.801673994127,-0.0305831823498,0.032787874341,0.681407749653,0.730529367924,-0.285662837005,0.0208965472108,0.0549760930295,0.399866671769,-0.317225660248,0.0297547527239,-0.289804555442,-0.0660353787198,-0.0089854310469,0.450974305893,-0.382241984245,-0.0706754073439,-0.0247914493084,0,0,0.338521772887,0.557903490489,-0.63348675198,0.132133249151,-0.000296923442698,-0.143772937369,-5.70038219908e-21,0.221620898417,-0.570579285679,0.51650193041,0.132936589876,-2.10672131224e-05,-0.215019048924,0
0.0198186644346,-0.0838912913609,0.800802354235,-0.0356193482876,0.0375927686691,0.686874091625,0.72492903471,-0.333337007503,0.022623483147,0.0442898889778,0.420879750628,-0.302659768495,0.020862900767,-0.335415195496,-0.0673144220778,-0.0217008893742,0.479987151136,-0.375665272229,-0.0814045784213,-0.0296615827829,0,0,0.333049178964,0.562375909872,-0.624291086413,0.131640893672,-0.000316665435808,-0.142827415445,2.84824019383e-22,0.182532737842,-0.589706875087,0.521785266023,0.130061635794,-5.04082692648e-05,-0.225427931316,0
0.0247995756219,-0.0971766209975,0.800063328987,-0.0392439514399,0.0403681769967,0.695946455002,0.71588331461,-0.376658635263,0.0217357303294,0.0286304463965,0.431155678699,-0.273048030675,0.00840898664337,-0.372567189881,-0.0724298381098,-0.0436936541385,0.499176858188,-0.360220006323,-0.0947939003541,-0.034759439528,0,0,0.32657866633,0.569424206861,-0.619270969269,0.131303808574,-0.000338496479425,-0.140417418594,2.89312279314e-20,0.157113766897,-0.605721508178,0.519044405693,0.128092549992,-8.90098948043e-05,-0.232485012373,0
0.0304196965897,-0.112161863513,0.799220349201,-0.0465672127903,0.0463120676577,0.707515776157,0.70363920927,-0.437201519849,0.0196141842711,0.0146767825334,0.442890926004,-0.236912175671,-0.00629886801822,-0.424390185514,-0.0847762745821,-0.0753045869529,0.522230474024,-0.348082640708,-0.105442939806,-0.0328222885728,0,0,0.301702941206,0.57540163067,-0.616804222363,0.131306048553,-0.000358345312795,-0.137548413041,-2.94235447359e-22,0.135079377393,-0.626404957256,0.509637036551,0.126494930629,-5.60908159852e-05,-0.237005102823,0
0.0365766225967,-0.127967323496,0.797897161923,-0.0527827143669,0.0503339804709,0.721767187119,0.688282370567,-0.495990975706,0.0171415956843,-0.00371089937937,0.45155599646,-0.186441463965,-0.042527931328,-0.467545926794,-0.100959097251,-0.110279679049,0.537787203713,-0.332793005895,-0.112737192205,-0.0260174758732,0,0,0.269447362901,0.582495984443,-0.622715667508,0.131559138306,-0.000365683108948,-0.135211504778,1.53453062543e-22,0.128367427395,-0.650770857742,0.495137780068,0.12546175403,4.69607949865e-05,-0.239218345176,0
0.0429748750627,-0.143314317664,0.794628375327,-0.0570236891508,0.052124556154,0.735896170139,0.672672390938,-0.539301304128,0.0236589902912,-0.0277304964939,0.464433093874,-0.178142570267,-0.156011388241,-0.503064370317,-0.1168840729,-0.144535898071,0.555205152505,-0.32575254738,-0.124017773791,-0.0175778530538,0,0,0.235229585379,0.588661796257,-0.631990431169,0.131762733429,-0.000362251646952,-0.135046158834,1.50135565816e-21,0.133547714396,-0.677095593763,0.48368653817,0.125312259395,0.000186694491193,-0.237653651467,0
0.0484909729934,-0.15760270995,0.790106544736,-0.0581624135375,0.0514349527657,0.746840059757,0.660455524921,-0.572808318292,0.0340684697245,-0.0213372648677,0.568039233627,-0.260884808802,-0.183451260957,-0.529887373318,-0.132320826685,-0.169963747907,0.573799025778,-0.319855867714,-0.131006048809,0.00311887497082,0,0,0.199801194373,0.586931741759,-0.643275116692,0.132398789304,-0.000313997753091,-0.136744784683,1.27250153808e-20,0.15054201467,-0.716037704296,0.483345020906,0.126801406725,0.000430666477581,-0.229709009504,0
0.0527237810632,-0.171707154216,0.784501658012,-0.0568661913276,0.0493192076683,0.753314435482,0.653338491917,-0.617351572527,0.0636481075582,0.0290292462548,0.789390523075,-0.33908137394,-0.118486362374,-0.561252333953,-0.146727991543,-0.180886022398,0.608265794494,-0.3179276525,-0.131705897698,0.0269701462239,0,0,0.16515475779,0.581399923772,-0.652050833815,0.133103084034,-0.000235789257518,-0.139295421527,-7.24625038895e-21,0.168974218992,-0.762126180555,0.494076996112,0.131298248744,0.000618563337529,-0.214373761394,0
0.055602344272,-0.185759676013,0.77790632621,-0.0532399006188,0.0458249077201,0.756041288376,0.650743544102,-0.649745752969,0.0888719730508,0.0441782503526,1.04270469195,-0.398163266208,-0.0642156768342,-0.597418638262,-0.161035380014,-0.182509672048,0.659794999963,-0.320176725311,-0.12587296444,0.0356603190303,0,0,0.143029057325,0.577522999453,-0.648870948127,0.132733593374,-0.000190792769673,-0.143936919029,9.11811859873e-21,0.188868354397,-0.79558278548,0.502109658056,0.137013443787,0.000642939420631,-0.195941416526,0
0.0578767094051,-0.200089222679,0.77057591472,-0.0476036369801,0.0408567525446,0.75733935833,0.65000128746,-0.649752396806,0.10156697768,0.0272897769413,1.25989691435,-0.439801213911,-0.0579991393412,-0.631834201083,-0.173821293984,-0.182210730275,0.715407341146,-0.323900175918,-0.120132451421,0.0385209135711,0,0,0.129933148832,0.571268061595,-0.638249793906,0.131425835858,-0.000153976870906,-0.151375250248,3.95120216849e-21,0.22426158215,-0.812410547297,0.49416324886,0.141289300882,0.000633517811374,-0.178940271129,0
0.0600047429087,-0.214825997683,0.76316724963,-0.0399421267211,0.0341185778379,0.759311258793,0.648603856564,-0.616481484891,0.108843169974,0.000849926660944,1.42596162795,-0.483457940629,-0.0524386661493,-0.654659740666,-0.18234669999,-0.180544914796,0.759895006308,-0.324598647835,-0.121054912536,0.0456341616809,0,0,0.119116652931,0.560257787629,-0.62891474547,0.129774340306,-7.73988323647e-05,-0.161534473426,-2.54576482582e-20,0.285836963368,-0.814717804492,0.470522981135,0.143440438814,0.000629354849421,-0.164671706351,0
0.0617595442763,-0.230073859664,0.756748207626,-0.0312271304429,0.0266100391746,0.760492265224,0.648049592972,-0.553107202279,0.112334234905,-0.0256898076915,1.52752402662,-0.504470502275,-0.055104538217,-0.665537724488,-0.184916867303,-0.175186501515,0.784387302683,-0.318099999387,-0.122288876606,0.0579011626542,0,0,0.104993250124,0.550156377877,-0.626496338207,0.128208927769,4.36536496372e-05,-0.172046511432,4.96929282828e-20,0.371877704232,-0.792547189891,0.427287141133,0.143566727943,0.000652310446567,-0.155023113859,0
0.0627777726709,-0.246487196136,0.75221903391,-0.0226881597191,0.0193134993315,0.761127948761,0.647917032242,-0.469427691335,0.11131048077,-0.0468613003421,1.56568574138,-0.526706903056,-0.0799198437014,-0.669163536487,-0.187372533619,-0.168107141816,0.789862985493,-0.304621011408,-0.127821088834,0.0709664896131,0,0,0.0882471349199,0.539481695979,-0.627140115893,0.126503280034,0.0002014504621,-0.182887196445,2.91140812213e-20,0.475287659709,-0.743704324122,0.369791398128,0.142312117352,0.000640933904,-0.153560586403,0
0.0633609003619,-0.265757802808,0.751014049024,-0.0112838298082,0.00961084663868,0.761203050613,0.648344218731,-0.369970875022,0.0970232674191,-0.075716020961,1.5488190013,-0.558661973766,-0.1396058814,-0.651989091699,-0.179777179528,-0.164202562697,0.765171051455,-0.274755367615,-0.136234025937,0.0829126760364,0,0,0.0787487671627,0.529249860273,-0.631648651166,0.123698867271,0.000376051136785,-0.196249727896,-2.98435840359e-20,0.589134462553,-0.675146908361,0.321401010479,0.14027257242,0.000446003110628,-0.162828132895,0
0.063181815792,-0.289334028882,0.756950801156,-0.00105171836913,0.000903533538803,0.758521020412,0.651647090912,-0.259935423145,0.0987756683672,-0.0760567408118,1.44155332665,-0.573023896408,-0.203051903609,-0.617411073333,-0.172304350324,-0.169175469668,0.68830970863,-0.214388167179,-0.137857835887,0.0918732881546,0,0,0.0816106719347,0.505642210089,-0.623642053597,0.120738291525,0.000625174141083,-0.211875503452,-2.09252964765e-20,0.672232900653,-0.619216261247,0.318624477371,0.136766716011,4.50309073901e-05,-0.185440491875,0
0.0623601598385,-0.319547480929,0.768459505548,0.00596053572372,-0.00523650087416,0.751237869263,0.659983873367,-0.184152560835,0.0866936731879,-0.0617175039175,1.31419516372,-0.580204990768,-0.228421247808,-0.562794173878,-0.134789399905,-0.160240133225,0.523644067044,-0.0898652636973,-0.140461718631,0.111813172698,0,0,0.101558172249,0.472257618726,-0.600738620247,0.118936341131,0.000992821852804,-0.219870494328,-1.01151645223e-21,0.736489373688,-0.57565952987,0.341263279534,0.134633525662,-0.000455965777492,-0.199452498261,0
0.0615240642326,-0.356877736249,0.781664526605,0.0131087377667,-0.0119135864079,0.739920854568,0.67246067524,-0.135019124863,0.0655487469188,-0.0257069587359,1.16982818441,-0.558814609461,-0.206680770781,-0.482581347557,-0.0906646871224,-0.136559404454,0.267836109195,0.11952877484,-0.131592438273,0.136389508843,0,0,0.139347832514,0.436103142274,-0.578854853659,0.117581630807,0.00136457039697,-0.223196081015,9.1180946717e-22,0.790342732374,-0.535528030271,0.360039229395,0.135029261438,-0.000945799404143,-0.202371926202,0
0.0579331528283,-0.397617201731,0.788421407156,0.013486080803,-0.0128138810396,0.72481751442,0.68868970871,-0.120922349707,0.0502619333786,0.0277063146862,1.01262212414,-0.503903463177,-0.194085408217,-0.432076421431,-0.0751408050057,-0.123262672768,0.000784213522372,0.459997655124,-0.00505247713143,0.187218353152,0,0,0.158381111819,0.404252652961,-0.565277637356,0.118744239753,0.00195121260237,-0.224299594151,2.68750237112e-24,0.811712893589,-0.49374417577,0.372706964287,0.138638421605,-0.00142057098795,-0.194599869856,0
0.0527786455775,-0.440421290914,0.786170739356,0.0108474036679,-0.0108541864902,0.706802487373,0.707244455814,-0.104343569388,0.0448597560717,0.0976899543925,0.831122212886,-0.578805183758,-0.125360858782,-0.461138994813,-0.0571514983079,-0.0292754870987,1.00530719408e-05,0.499760454051,0.0995018675861,0.213786914945,0,0,0.174237332513,0.399892921585,-0.54888235664,0.116667521999,0.00221707421288,-0.228716146268,-3.22388093759e-22,0.794976363218,-0.472703984768,0.379190058155,0.140314674691,-0.0014529693475,-0.186224692696,0
0.048156244314,-0.48423201841,0.775221482447,0.00829935539514,-0.00871842540801,0.689434945583,0.724247574806,-0.104547140148,0.0182127083678,0.102312471705,0.749715794644,-0.68382531025,-0.0159586858652,-0.643433224294,-0.0219226017758,0.0580046277842,0.426761589999,0.247166194014,0.110708382959,0.155015975237,0,0,0.203958691444,0.437477117389,-0.528572264478,0.1063756932,0.00155520223463,-0.240257533924,-3.15858588168e-25,0.720459806174,-0.495481817646,0.388374213028,0.133662222105,-0.000787482536377,-0.194773697912,0
0.0455747625693,-0.528184073662,0.757501261531,0.00552449235693,-0.00598169350997,0.678451836109,0.734599769115,-0.187420047338,0.0265753953394,0.124852987775,0.809416493987,-0.693576155603,0.0312532293696,-0.802379927943,-0.0524019220481,0.00856513047187,0.853511047152,0.0472726487226,0.0997235947047,0.11251205951,0,0,0.217576277255,0.479502109327,-0.532589608471,0.0983917509163,0.000997681714456,-0.250256495553,-1.12703069989e-21,0.625446027882,-0.525871504516,0.407929904363,0.127789175381,-0.000282327133616,-0.208077813559,0
0.0451873716281,-0.570677915815,0.739941054979,0.00184922351036,-0.0019890263211,0.680897414684,0.732373774052,-0.300275353556,0.050661045232,0.128219492258,0.894944579461,-0.69361484228,0.0484992654173,-0.920698690967,-0.123238072722,-0.0348315445916,1.24760391221,-0.101421449716,0.00283380029248,0.0886744558811,0,0,0.210363187551,0.519553886318,-0.556381425662,0.0985222512382,0.000541652332019,-0.244109033107,1.81608199489e-22,0.538691014883,-0.545456635121,0.422739706276,0.128091712089,4.71772637305e-05,-0.207870782623,0
0.0430280236696,-0.611947757677,0.729775978057,0.00375020713545,-0.0039500836283,0.688510298729,0.725206136703,-0.394023226501,0.0310082006342,0.0989114958645,0.951456280686,-0.660821525647,0.0715977480902,-0.952810437308,-0.196454098068,-0.0225614587641,1.54708941699,-0.179813445906,-0.0469066744973,0.0642866417766,0,0,0.244423229373,0.52327808801,-0.548845677476,0.0976148245444,0.000307372510855,-0.240764116081,6.75052980456e-23,0.477742449105,-0.552753376142,0.404863175458,0.129424370502,0.000250909292143,-0.206098473219,0
0.0421933528491,-0.652660124835,0.728560362079,0.00527533935383,-0.00547487149015,0.693842768669,0.720086395741,-0.471275287957,0.0142764716298,0.0802007930687,0.964178777621,-0.593350399522,0.0772351061074,-0.912086977152,-0.236974868422,0.0106826592514,1.73291787517,-0.215885931343,-0.0566205687862,0.0204603038728,0,0,0.308169977145,0.517468341586,-0.505995566207,0.087058735066,0.000136942884885,-0.262412224971,-1.40204094871e-20,0.397575303514,-0.543309760686,0.391753148807,0.123359076377,0.000177579857706,-0.225888062703,0
0.0429285695359,-0.694055238216,0.735888965188,0.00774922640994,-0.00796529185027,0.697275519371,0.716717064381,-0.502051991284,0.00799837203851,0.0810364651224,0.891335018075,-0.48389832497,0.0775606579169,-0.801111678988,-0.246780008614,0.0381280752471,1.81054564919,-0.251825281052,-0.0361238326482,-0.0408031791449,0,0,0.38022125116,0.516011876648,-0.462288347521,0.0695249032208,-0.000140284376861,-0.294639163679,-1.49371089914e-20,0.295550060101,-0.53436541192,0.424077068395,0.114780811709,-0.000330179191308,-0.254232142231,0
0.0456419809324,-0.737716527639,0.750381115492,0.0147130358964,-0.0148581825197,0.703473746777,0.710413575172,-0.489923796542,-0.0137584619884,0.059066979255,0.751409518677,-0.335482749815,0.0752434370458,-0.633106985592,-0.217763150978,0.05168730569,1.79054217443,-0.287466024786,0.00906369206679,-0.0972962081432,0,0,0.446827160562,0.524004503859,-0.446939071614,0.0535995435166,-0.000357652453993,-0.322664712538,-4.44239049487e-21,0.216809871143,-0.512588425811,0.456475519777,0.104786141374,-0.00120477143561,-0.283810179048,0
0.0505430339233,-0.783777868136,0.769151951272,0.0220737606287,-0.0215866230428,0.714610934258,0.69884043932,-0.440581694493,-0.0388545260815,0.00694972978294,0.53402485479,-0.146987963003,0.0583574717433,-0.43514423555,-0.160071381998,0.0540862598874,1.65527920757,-0.304023743343,0.1395520303,-0.136957645416,0,0,0.497420317131,0.523131421802,-0.433605136108,0.0446717484513,-0.000325719414631,-0.337589134187,-3.67469438857e-22,0.157493618879,-0.493224859559,0.482374489502,0.09394411098,-0.00214391190216,-0.310452127556,0
0.0576004585782,-0.833579763608,0.786902476278,0.0274116620421,-0.0257286727428,0.728620290756,0.683885335922,-0.370098683019,-0.0523740215819,-0.0480231217522,0.236103651857,0.118171061371,0.0185132452445,-0.256060852582,-0.0958553559761,0.0473313304239,1.43890632729,-0.331699753217,0.20942923924,-0.152232840657,0,0,0.522101398442,0.503956434151,-0.415159547838,0.039530670816,-0.000185824190938,-0.346944363047,-3.73437678488e-24,0.111788903871,-0.495994765005,0.506524090083,0.0812378487462,-0.00271954218744,-0.333318879985,0
0.0666018693923,-0.885229277,0.795848265661,0.0289986431599,-0.0260901730508,0.742838025093,0.668333768845,-0.337373406963,-0.0117742224598,-0.0318937025728,0.000132599099943,0.402116733413,-0.216768495003,-0.123391196934,-0.0644812494017,0.0045975292444,1.19005373674,-0.306519764291,0.190214954892,-0.162764579058,0,0,0.521367228437,0.482593949634,-0.394111949774,0.0333514326504,-0.000179542204917,-0.359646890331,-2.42252604472e-26,0.0819601900658,-0.505750319165,0.520005627453,0.0685026792393,-0.00311491839613,-0.349780762731,0
0.0760441211515,-0.939024791261,0.796077930114,0.0258660186082,-0.0226036738604,0.752551853657,0.657636463642,-0.347830412086,0.00444153009219,0.0139209255323,1.03438775282e-05,0.291374623471,-0.250194922561,-0.0321112568218,-0.0754382435708,-0.0738323613509,0.919968583509,-0.229962146249,0.070461113411,-0.155502080917,0,0,0.4868152156,0.457975781502,-0.382377119464,0.0237568800826,-0.000264622599204,-0.376819786358,3.15691028148e-22,0.0681530686237,-0.531829876526,0.512984276614,0.0582636491513,-0.00305812194707,-0.357905604819,0
0.0846977747194,-0.994515142602,0.787511736452,0.0183317027986,-0.0159040912986,0.755127668381,0.655128419399,-0.52189316428,0.0126964426299,0.0409122648687,0.405504754301,0.0709981719646,-0.236683926657,0.0444794820844,-0.0730267936698,-0.10425125895,0.715576119905,-0.687959317851,0.0147012473649,-0.132933795452,0,0,0.414430179577,0.43715248413,-0.386451302955,0.0142943870923,-0.000438769789745,-0.388182534374,1.06886440749e-24,0.0569203830967,-0.583999055562,0.502504604618,0.0607643170977,-0.00235716324755,-0.349505021271,0
0.0914883226764,-1.05057398333,0.771069657675,0.0107360966504,-0.00939203891903,0.752571165562,0.658356368542,-0.660652722961,0.0186040832514,0.0420596548997,0.790288944152,-0.0618010046213,-0.21966858499,-0.00651548306645,-0.0740507507326,-0.102258641855,0.673641675499,-0.713894347394,-0.0370447491529,-0.0959124565125,0,0,0.318599258225,0.426508136185,-0.4106193343,0.00514095840174,-0.000367444392628,-0.397978511773,-5.92531317873e-21,0.0741617892901,-0.645530991602,0.48341898598,0.075080717043,-0.00123457680404,-0.327881968049,0
0.0956414146858,-1.10632090565,0.752929782647,0.000516957661603,-0.000468406273285,0.741048574448,0.671451091766,-0.759361694513,0.0565782509337,0.056782914686,1.13280869962,-0.181826878163,-0.214716270785,-0.163236680419,-0.0884923893382,-0.0650090823802,0.769269019157,-0.697626807697,-0.0189652279078,-0.0695342049003,0,0,0.224457658428,0.422918860913,-0.42330591642,0.000851028516266,-0.000215894748401,-0.400160089973,-3.04818215325e-22,0.0909664335236,-0.694505120437,0.476829371752,0.0973720780591,-0.000353052443643,-0.292210852721,0
0.100434235358,-1.1583467268,0.74381318341,-0.00617377320305,0.00580028956756,0.728781580925,0.684693813324,-0.772964530829,0.110990269705,0.077477512477,1.36394589668,-0.244296138316,-0.151476341163,-0.310338310002,-0.084432244544,-0.0313111247731,0.848337655372,-0.666413456005,-0.0240995354922,-0.0434150733054,0,0,0.165571478836,0.409300585728,-0.432011502004,0.000486167189528,0.000307896693255,-0.399782865313,9.80345534635e-22,0.153918284904,-0.712456785065,0.443234634081,0.110364596135,0.000204918934316,-0.268005666101,0
0.105232344176,-1.20756615902,0.744210205353,-0.00483730249107,0.00464959116653,0.7209405303,0.692964434624,-0.711448415487,0.132697520007,0.0699226786372,1.49858022994,-0.282600571883,-0.0712705811992,-0.399173133292,-0.0607355572546,-0.0109384312941,0.861480044816,-0.592306818524,-0.0408384549091,-0.0062564057298,0,0,0.125763635605,0.401008494849,-0.472443413207,6.30001875526e-05,0.00111267413104,-0.403848000342,-1.64674233656e-20,0.266870816166,-0.699101239071,0.392798452204,0.107731541387,0.000513717292759,-0.269473655851,0
0.107151975409,-1.25731221387,0.754800251932,-0.00174800329842,0.00171901378781,0.712992191315,0.701167702675,-0.597899744129,0.108136830725,0.0406313891379,1.52194299911,-0.332666278028,-0.0854337790298,-0.43794534476,-0.0345946208409,0.00797062757735,0.780178684959,-0.465143172773,-0.0513215552576,0.03504037112,0,0,0.0995685724567,0.392236090109,-0.530797591141,-0.000570942554364,0.0019498139256,-0.408065935113,-1.72871601611e-20,0.37669625625,-0.673986265029,0.365551566523,0.104794230307,0.000621645760499,-0.273635589354,0
0.105961635673,-1.30852853768,0.773639477413,0.000652448215988,-0.000665333471261,0.700158894062,0.71398639679,-0.461187108163,0.0341465332593,-0.00234501868829,1.44616573946,-0.385541317911,-0.152964329744,-0.43093542031,-0.0117200806254,0.0326752227883,0.599198650367,-0.285879529966,-0.0517906738247,0.0615664049983,0,0,0.0999835386751,0.38271439448,-0.571454281094,-0.000861179950844,0.00247744197862,-0.411834468767,3.8017565788e-21,0.45181017288,-0.637700513467,0.363295282301,0.104334194437,0.000504507437961,-0.273949152984,0
0.102732386873,-1.36167840494,0.794245272442,0.00107285100967,-0.00114667508751,0.683208942413,0.730221271515,-0.331548797019,-0.0350364627094,-0.0341912921853,1.29983869957,-0.407773580285,-0.246801199895,-0.406723267564,0.00417208544994,0.0568210914479,0.362454800602,-0.0604987579198,-0.0357494166606,0.0759273916483,0,0,0.122510491275,0.372615357159,-0.586072385319,-0.00304721444225,0.00279314723366,-0.416457860793,-3.5068972273e-22,0.490971811562,-0.593913721188,0.368555657553,0.104788550456,0.000313697573862,-0.269182871194,0
0.0978245832759,-1.41876857114,0.807038366109,0.00321691250429,-0.00362107669935,0.664145827293,0.747587323189,-0.2296761104,-0.0968990914277,-0.033180584034,1.14525542251,-0.404402741481,-0.261789998859,-0.37527854082,-0.022824736402,0.0641094823808,0.117001101889,0.209766048387,0.250558314871,0.0934915095568,0,0,0.157622477361,0.357206101046,-0.594133562499,-0.00727674057886,0.00319220272194,-0.422474999013,3.78760140444e-24,0.505659358026,-0.572959554436,0.376748423239,0.103670070832,0.000232775095178,-0.265083512688,0
0.0933319128367,-1.47710750697,0.811122458773,-0.000507219345309,0.000601207837462,0.644833803177,0.764322400093,-0.180879578419,-0.0867688934871,0.0278822918406,1.00022470596,-0.354446561664,-0.220010278609,-0.465041373647,-0.0193202136094,0.0546107436137,0.254600190928,0.069459242728,0.254184961235,0.0904622897506,0,0,0.176672601729,0.36132000188,-0.588328786678,-0.0176168835455,0.00318982089194,-0.432887302971,1.22719387812e-22,0.463004346335,-0.567795483869,0.396011500177,0.10090980662,0.000323316768384,-0.266267522653,0
0.0888887057421,-1.53735335371,0.806963729271,-0.00459735933691,0.00565825169906,0.630578279495,0.776091396809,-0.159164506872,-0.0681702938357,0.0958241867936,0.844065123399,-0.247784842536,-0.0732634321344,-0.566403845775,-0.0375071532699,0.00713602035611,0.500919694514,0.031477478119,0.248394272914,0.0761612653732,0,0,0.1748364402,0.377195546076,-0.588779061105,-0.0276613983095,0.00286464592536,-0.441920948641,-1.95670260218e-20,0.386952128609,-0.586654412771,0.436846290159,0.0993894509547,0.0004953639592,-0.271292886031,0
0.0850311402627,-1.59697963799,0.792664472996,-0.00744386343285,0.00933403428644,0.623456597328,0.78176677227,-0.114581588435,-0.076560458208,0.0910343562694,0.714686098258,-0.647249965934,0.0756512857581,-0.695230898371,-0.0413937545616,0.00212267124078,0.882022044537,-0.0300557304205,0.184832430215,0.0615111663938,0,0,0.162407797588,0.406134652047,-0.594608990321,-0.0298802337023,0.0023666468041,-0.441721023729,-4.81587358347e-21,0.300329041682,-0.605617820425,0.477656492759,0.099632331675,0.000621274576438,-0.273160920923,0
0.0827689234804,-1.65563630097,0.769061915792,-0.0072621665895,0.00908407010138,0.62438595295,0.78102940321,-0.158761172915,-0.0701551394673,0.0751668660749,0.704961573147,-0.665181591983,0.121267585308,-0.80649064134,-0.0593236849764,0.0212476576384,1.29568151919,-0.129421887644,0.156808414589,0.0374251119792,0,0,0.156512151375,0.431847013317,-0.602035765789,-0.0284422149211,0.00172199764965,-0.439144888948,-1.00804846075e-20,0.223150354469,-0.625575592723,0.496231803117,0.0990999540817,0.000597989033074,-0.278273174694,0
0.083037385937,-1.71583710258,0.747694518146,-0.0127158854157,0.0155137721449,0.633790850639,0.773244321346,-0.300886667058,-0.0292741883336,0.0743651014221,0.792300289463,-0.660846200986,0.108367411739,-0.87498619248,-0.0978389648079,0.0233524397721,1.61018072502,-0.193344853226,0.109798413619,0.0237614698708,0,0,0.142103277268,0.449779077634,-0.604122579482,-0.0236138084469,0.00133139912884,-0.430447765101,4.1810301219e-21,0.159240540654,-0.639968001209,0.490388202247,0.0974992371997,0.000577759177663,-0.288787160451,0
0.0832190118309,-1.77346660486,0.739446380434,-0.0138982385397,0.016217045486,0.650586605072,0.759131669998,-0.460537964103,-0.0264908544778,0.0313161485491,0.899584843878,-0.598101796158,0.0947842904604,-0.841261465044,-0.136563581142,0.0302871645721,1.79594924141,-0.232430591461,0.0683953070756,-0.00266638281755,0,0,0.161802337647,0.452393334194,-0.597517968184,-0.011999547929,0.000775571714425,-0.415233292618,-6.60821303307e-21,0.140874100235,-0.625974160271,0.458509915632,0.101320865528,0.000334079399243,-0.285839626721,0
0.0836573114519,-1.82870750915,0.744107949598,-0.0129154818133,0.014496059157,0.665103971958,0.746498346329,-0.533855749127,-0.030846590833,0.00798064469466,0.851393199566,-0.472160537798,0.0771941095455,-0.728737478064,-0.150955224732,0.0395146132062,1.85309800126,-0.271869904944,0.0707235129403,-0.0536893606186,0,0,0.208000722696,0.459122468488,-0.564267121563,-0.00838402741499,-7.48807848578e-05,-0.41173109098,2.00260035567e-22,0.124240317588,-0.579613102017,0.441278400441,0.100865184879,-0.000503394008307,-0.288491204502,0
0.0857516159001,-1.88539884502,0.757482410523,-0.00977832917124,0.010714684613,0.674023866653,0.738567113876,-0.543918577306,-0.0337122924373,-0.00866328445024,0.696974024233,-0.301884238611,0.0599987896956,-0.573900874418,-0.124306319828,0.0546388665667,1.78458504477,-0.27519210254,0.145271083044,-0.0973614454269,0,0,0.268367616049,0.46029225013,-0.516872688563,-0.0181161904967,-0.000688367158032,-0.420854300002,-3.67027325026e-21,0.0860603261408,-0.557141026366,0.494901004218,0.0972859302707,-0.00123718441715,-0.301640393996,0
0.0900466247592,-1.94490928328,0.774852079422,-0.0031766644679,0.00337934307754,0.684912025928,0.728610992432,-0.494307488326,-0.0448585199718,-0.0707980174255,0.441558520076,-0.0686256362528,0.0323083194633,-0.395678646465,-0.0337043379853,0.0813610401539,1.62363849659,-0.297075096793,0.26178999972,-0.124399662018,0,0,0.327644740544,0.460573279441,-0.479086135496,-0.0249340012414,-0.000914809130721,-0.428302378868,-6.04119326621e-24,0.0663787356218,-0.536863715691,0.553609955108,0.0862103194256,-0.00178604639445,-0.322896813582,0
0.0967051540154,-2.00548480345,0.788768835606,-0.000491853745189,0.000504173280206,0.698307216167,0.715797841549,-0.409985200887,-0.00104238882863,-0.080372313957,0.0681878060195,0.255125327241,-0.158916542058,-0.243161435345,0.0372428871902,0.0744597617042,1.39905621108,-0.311141109127,0.261789999924,-0.148431748152,0,0,0.363974009979,0.466586490294,-0.452630159425,-0.0309711459535,-0.00110908040774,-0.437160186802,1.81784705488e-24,0.0563251723452,-0.512981821494,0.596990590872,0.0751176182793,-0.00232838001268,-0.338050393766,0
0.100983072299,-2.06658617906,0.792247010862,0.000454169174191,-0.000446449092124,0.713141739368,0.701019585133,-0.411461596501,0.0311073157081,0.130008400253,0.00083240924943,0.213858939719,-0.254953420377,-0.12487389626,0.00718916238259,0.0282069318301,1.16594302869,-0.293006307057,0.261789988188,-0.125421568751,0,0,0.352402603873,0.441593902686,-0.457587789155,-0.0393512078102,-0.000740506956999,-0.448455925934,-1.0033551071e-25,0.0747425603814,-0.544082275847,0.601649733811,0.0601725162393,-0.00194058239222,-0.350716103437,0
0.108340294415,-2.13138432488,0.790095694447,0.00242111738771,-0.00229672691785,0.725494205952,0.688220202923,-0.492129692941,0.0608563636836,0.174564031748,0.211891666357,0.0878132016232,-0.257301219619,-0.0122457229846,-0.0323185148102,-0.105134473101,0.878281748313,-0.237602551203,0.116048077532,-0.13450832665,0,0,0.320769511369,0.457891934015,-0.468837157638,-0.0526584035337,-0.00113458189013,-0.465648599878,5.3307341427e-25,0.0922151783415,-0.551300267895,0.595506020422,0.0553462269381,-0.00202374012733,-0.353188083833,0
0.116762057303,-2.19749897245,0.777857609508,-0.00310713681392,0.0028811621014,0.733261704445,0.679933309555,-0.627962071976,0.0729300721497,0.16988718395,0.562299573823,-0.0439434438824,-0.257678540946,0.0766292279578,-0.00287790144614,-0.146571826593,0.656345137287,-0.756210250375,-0.0179944006573,-0.119350090623,0,0,0.242558702056,0.465857458215,-0.488052392521,-0.060452654764,-0.00132061768875,-0.472570415117,5.14853212985e-24,0.104683977459,-0.586284078507,0.570374198286,0.0638361399809,-0.00152887277505,-0.340548428946,0
0.121384047571,-2.26438234657,0.756936608101,-0.011548162438,0.0107365529984,0.732282996178,0.680817842484,-0.784471128912,0.0868657046076,0.154173565146,0.981591687539,-0.156555419005,-0.215463911458,-0.00830950892478,0.0070148579907,-0.136514746879,0.647583668133,-0.763087374173,-0.0930651047992,-0.0927608162165,0,0,0.154223290495,0.464037083898,-0.499338761593,-0.0637485279266,-0.00106039395984,-0.474807812404,-1.29803093478e-23,0.119678111886,-0.630392639553,0.545133468077,0.0794463422617,-0.000801443924175,-0.318802465223,0
0.123285341541,-2.33182840133,0.73886852034,-0.0187769327313,0.0180527865887,0.72062599659,0.692834496498,-0.868700871266,0.159173505063,0.188003519231,1.32224636019,-0.241432280573,-0.137368661005,-0.175132865168,0.0113368422834,-0.103469597053,0.749156612679,-0.756156260572,-0.120692922597,-0.075139336288,0,0,0.0939314265801,0.466295998872,-0.492980916722,-0.0634854723829,-0.000747806694231,-0.473913444954,-2.2852556808e-22,0.131471925848,-0.660453923317,0.538934205367,0.0911221163374,-0.000318964215696,-0.300645002169,0
0.126503466055,-2.39386925854,0.734614385013,-0.0203304328024,0.0204159580171,0.70532810688,0.708295226097,-0.844894766797,0.233896493746,0.223873809969,1.53438105557,-0.291952214938,-0.0161201263265,-0.354246964776,0.0323787491447,-0.0615145172309,0.883642765394,-0.704807646267,-0.145263348091,-0.0515218041837,0,0,0.0758889248134,0.455605730175,-0.486705363768,-0.0564909378838,-6.20013034628e-05,-0.466565153157,-3.90441432653e-22,0.188991122422,-0.652472947182,0.501673569819,0.0953506565072,-2.73146540661e-05,-0.291643476553,0
0.128243553773,-2.45168814768,0.742146842038,-0.019118797034,0.0197858214378,0.694618165493,0.71885228157,-0.745468976621,0.255951576529,0.245449301316,1.62052801081,-0.334103057396,0.0604425548299,-0.444972215317,0.0426932016394,-0.050580699457,0.863582641225,-0.592541021432,-0.150473998497,0.00227019703016,0,0,0.0531664597419,0.42376530521,-0.5215558423,-0.045791634258,0.00146693071068,-0.458497331619,4.1934933989e-21,0.288981731883,-0.645328081924,0.452075121593,0.0913667342071,0.000344744037119,-0.296284372713,0
0.128916066201,-2.50949892651,0.758877823464,-0.0155444545671,0.0163613799959,0.68860065937,0.724789500237,-0.612304906897,0.219421729064,0.234301169251,1.59508925191,-0.353471575515,0.048598074886,-0.462980061401,0.0578111075031,-0.049361241489,0.717737007674,-0.418843897062,-0.155430950003,0.0558563768864,0,0,0.0276400443023,0.401428901751,-0.587135615897,-0.0428484089405,0.00283609842557,-0.459619548197,-1.95194004285e-20,0.394643606988,-0.632184549882,0.424389691433,0.0842567502423,0.000461281361103,-0.307952286135,0
0.127216817765,-2.56865251082,0.780646243411,-0.0140618570149,0.0152138555422,0.678611159325,0.73420548439,-0.480771994403,0.130005076472,0.204630862022,1.47700564819,-0.3562145643,-0.0112219646007,-0.444935039287,0.0768634520856,-0.0147607227561,0.485884554964,-0.196584864887,-0.147051676894,0.0904417708516,0,0,0.0252227986812,0.376949743437,-0.623507259881,-0.0468595720449,0.00379829975837,-0.465339007492,1.02151602095e-21,0.46107752983,-0.624882866103,0.432703853588,0.0835112339287,0.00038059834588,-0.30932499576,0
0.123187908137,-2.62950553536,0.800250085478,-0.0146011225879,0.0164762977511,0.663073837757,0.748230218887,-0.365740478531,0.0195811814056,0.156613617118,1.30137852443,-0.345359030778,-0.107717425966,-0.416906768514,0.0751953896762,0.0226412572932,0.210760956412,0.0926338087908,-0.0377225922909,0.11837849021,0,0,0.0476480435202,0.34620782689,-0.626732983261,-0.0536201555493,0.00480666837332,-0.473965550378,1.16524503737e-22,0.486825672647,-0.628804519825,0.458563649396,0.0851204023436,0.000300831315829,-0.303789419507,0
0.117391004176,-2.69111325778,0.810120012617,-0.0151018658653,0.0178279951215,0.646180689335,0.762826740742,-0.265784665395,-0.0500574363141,0.136348394561,1.11190143418,-0.319503198214,-0.15334407889,-0.452944236389,0.050368248099,0.05989786405,0.186030346377,0.080103844349,0.239141237141,0.109280623496,0,0,0.0785179084395,0.339013795858,-0.61050632325,-0.0673558322216,0.00477662026981,-0.488187087676,8.17189674522e-24,0.467286959654,-0.637870660369,0.492302679628,0.083651280229,0.000283649523559,-0.29977866856,0
0.112445813661,-2.75454514397,0.811754351116,-0.0171497985721,0.0209730844945,0.632784366608,0.773853957653,-0.197729634455,-0.0611872607862,0.145878214298,0.922747993929,-0.241020452476,-0.116177514545,-0.539288253392,0.0453463091306,0.0539957348703,0.384038827502,0.029192435559,0.220689146915,0.0946725308895,0,0,0.0848124593897,0.349229905849,-0.60042185388,-0.085169417156,0.00454663322967,-0.505538230558,-1.12500071544e-20,0.409391116756,-0.65372347502,0.532163018261,0.0785798733506,0.000383117519654,-0.306304323428,0
0.108356213653,-2.8184230976,0.804148846437,-0.0179882887751,0.0224916543812,0.624329388142,0.780630111694,-0.123574234808,-0.0672102655501,0.136187901581,0.753997598576,-0.543167344597,0.0204540123709,-0.644486178273,0.0293342030522,0.0142654681716,0.717041436618,-0.00770822514177,0.164615653052,0.0702689215541,0,0,0.0808959587302,0.375863573922,-0.591641787521,-0.0984621580799,0.00384476352809,-0.515980381499,2.80512039558e-21,0.322251229398,-0.671777741728,0.579827439252,0.0773424014559,0.000494518515217,-0.310745367022,0
0.10548042809,-2.88132605959,0.78562433414,-0.0171157922596,0.0214869379997,0.622821331024,0.781881690025,-0.104392500763,-0.0833085800278,0.0900966017047,0.648053830513,-0.668531578934,0.105396334866,-0.758421306872,0.0174643678556,0.0204299478806,1.14298779132,-0.0955761378967,0.146429081452,0.041621748358,0,0,0.0785254885581,0.406881295045,-0.589841872626,-0.102780506201,0.00288792195458,-0.517542035775,-2.73191755827e-21,0.236697323607,-0.681624634327,0.608221193938,0.0804858042299,0.000520182489954,-0.309134234567,0
0.105090434176,-2.94594753202,0.763770865461,-0.020101910457,0.0248178429902,0.629090368748,0.776675760746,-0.225264022657,-0.0504590913954,0.111282670406,0.718044847739,-0.661353511508,0.128942417985,-0.841211785122,-0.0200722487616,0.0171898648238,1.51062728586,-0.167798181158,0.109840127352,0.0245244633406,0,0,0.0616973277881,0.431539695216,-0.594190220357,-0.0931490646714,0.00219990239358,-0.507670995877,-1.35054744649e-20,0.165462815222,-0.683312985207,0.605628870049,0.0838896101411,0.000531020708738,-0.308465323162,0
0.1047847218,-3.01027462186,0.750672758111,-0.0235963966697,0.0277471672744,0.647398710251,0.761280655861,-0.388735214569,-0.0469171617212,0.0767014047137,0.821082228951,-0.62606703938,0.130483016136,-0.844650048625,-0.0818860980982,0.016332227826,1.76164387086,-0.220223921555,0.0749956706997,0.00486002489924,0,0,0.0551505558267,0.440005236433,-0.609922507441,-0.0725075922885,0.00142560500493,-0.487269539594,-7.50099676036e-21,0.138380753635,-0.666248392671,0.565969481493,0.0893082856674,0.000454407501963,-0.304499535331,0
0.104322385775,-3.07015791551,0.751747101133,-0.0233298838139,0.0261840298772,0.664833307266,0.746168076992,-0.50696722451,-0.0567653023191,0.0391721441496,0.84167348399,-0.512185787063,0.112806077599,-0.749655671387,-0.127946919022,0.0191628108844,1.87546961343,-0.269604768137,0.0646726277139,-0.0421475209296,0,0,0.0893019374334,0.450194456704,-0.591677075707,-0.0579877119241,0.000218189314665,-0.472514870353,8.33855410297e-22,0.114033121852,-0.613694161948,0.538967034932,0.0926123124128,-0.000147624104457,-0.298289797119,0
0.105359191179,-3.12998772491,0.762534590095,-0.0202157869935,0.0222064722329,0.672881066799,0.739140927792,-0.541859442237,-0.0583701489047,0.0324287619761,0.726071065507,-0.352553008869,0.0980846713848,-0.602091918665,-0.128480405506,0.0324982347542,1.85657628284,-0.27957605826,0.0955856108692,-0.09275855124,0,0,0.156090606164,0.458405142194,-0.541265192097,-0.0608360582038,-0.000836272038104,-0.47365284108,1.57137443599e-21,0.0544257181395,-0.576027746578,0.597894246221,0.0934535065495,-0.000858610561744,-0.303525826959,0
0.108617216535,-3.19226641168,0.779722434451,-0.0136897163466,0.014674982056,0.681996166706,0.73108035326,-0.511944943322,-0.0745149070208,-0.0250601906037,0.500459468824,-0.132702560482,0.0748620544484,-0.423134309246,-0.055727464789,0.0634704768658,1.71892062808,-0.28885328192,0.218768042389,-0.132947415113,0,0,0.23046086253,0.466638605121,-0.500394287291,-0.0710293372616,-0.00151632766282,-0.483649881009,6.80575951615e-21,0.00860519265915,-0.536083999553,0.665518651637,0.0843460348668,-0.00165500805444,-0.325239096428,0
0.114695803318,-3.25527458859,0.796774376197,-0.0113982083276,0.0118202399462,0.694045782089,0.719743609428,-0.44817446298,-0.0698657786786,-0.0953292432808,0.169056778065,0.169969716085,0.00904568372347,-0.261528833404,0.00766397532827,0.0735623079574,1.49006472436,-0.302835301284,0.261789937531,-0.171869173646,0,0,0.287324688973,0.477193330107,-0.470040406381,-0.079341339381,-0.00211809764735,-0.492395209011,4.13373051192e-23,-0.0188820372047,-0.488353840751,0.706052894792,0.0727843103411,-0.00270901033263,-0.344796155403,0
0.120007102042,-3.31939475575,0.805358160479,-0.00579947372898,0.00576600106433,0.709126591682,0.70503371954,-0.4323192062,-0.0180059413328,0.00120064587835,2.92175468525e-05,0.377861337023,-0.209343689823,-0.101182351672,0.0197993585501,0.049622290698,1.20670266708,-0.291498125098,0.261789992342,-0.18166847527,0,0,0.321685283483,0.480833728301,-0.476431485692,-0.087742911606,-0.00207836330759,-0.502487490601,-1.57338210288e-25,-0.000787450147387,-0.463887207227,0.710849945412,0.060453751016,-0.00320896413085,-0.358738735563,0
0.126461503384,-3.38700323605,0.805828504072,-0.005753996782,0.00553206820041,0.720848977566,0.693046212196,-0.43418245635,-0.00996531100357,0.0566651881634,0.000137829363712,0.31946090691,-0.233340533655,0.0169445033984,0.00995808650703,6.69695555027e-05,0.888819634261,-0.223887998358,0.195477524538,-0.181718140841,0,0,0.308170225227,0.490377442058,-0.494976018878,-0.094949775102,-0.00221892970664,-0.513092080841,-2.8844062248e-25,0.00269739788186,-0.459629726863,0.70355719544,0.0497405842425,-0.0034795992217,-0.369329684213,0
0.134531447017,-3.45638283426,0.797570392862,-0.0108249438927,0.0101718008518,0.728669762611,0.684704124928,-0.597822256978,-0.00233920120041,0.0892810501351,0.403989793414,0.0857805235009,-0.252263022746,0.108956851446,0.020464189635,-0.0226710142394,0.60657383636,-0.52912499627,0.0969064324233,-0.14991299808,0,0,0.246108366371,0.492732778999,-0.519516720919,-0.0949290214024,-0.00195080156522,-0.513154418921,-3.07650184699e-25,-0.00634903707005,-0.495050188764,0.692001891108,0.0472362450845,-0.00281940653966,-0.369400733492,0
0.140126949336,-3.52651910313,0.778636035553,-0.0178814046085,0.0165858343244,0.732949972153,0.67984521389,-0.760042396596,-0.0015833273528,0.125512608651,0.838291708876,-0.0585350012388,-0.201881146968,0.104898318542,0.0450919101376,-0.012321164655,0.502793142773,-0.730170626898,-0.0980258366258,-0.115904867649,0,0,0.165551917879,0.485621395496,-0.54363043837,-0.0900427609089,-0.00155712606159,-0.506272182784,6.57785902967e-23,-0.00591813166259,-0.548413329647,0.672108035366,0.0579535275371,-0.00183722970195,-0.354498279266,0
0.143633634001,-3.59656330895,0.757546471069,-0.0251979026943,0.0236568525434,0.728613197803,0.684052824974,-0.88192163274,0.0510193965306,0.16743092848,1.23788959991,-0.180450095082,-0.122953338165,-0.0361702192449,0.0457015776581,-0.0263682122418,0.579903254624,-0.730786828988,-0.134615839234,-0.0943628326058,0,0,0.101276486682,0.490380336645,-0.549406412228,-0.080775940513,-0.00123642586599,-0.496294418921,1.15589975813e-22,-0.00219474203654,-0.585840371746,0.658380660922,0.071634532457,-0.00115795311156,-0.336281461903,0
0.147048858401,-3.66463999567,0.745355458849,-0.0293440409005,0.0284992549568,0.716756939888,0.696122229099,-0.910833768759,0.13179136135,0.215823544589,1.51451826697,-0.240947440409,-0.010501281017,-0.224051053386,0.070242058211,0.00685538249076,0.730150812888,-0.721722534893,-0.161940952746,-0.0900874659419,0,0,0.0898301814553,0.492753961391,-0.53210718315,-0.0678530519345,-0.00111975897495,-0.484166959256,-2.54450978947e-23,0.0243419019916,-0.590947300465,0.633726697167,0.0829648801732,-0.000884608164592,-0.320727891876,0
0.150818415979,-3.726452668,0.747442824318,-0.0309335589409,0.0310473665595,0.705129027367,0.707723259926,-0.847043555345,0.174043183742,0.250905542345,1.65538773702,-0.285025078318,0.093660732554,-0.38268690323,0.0914399302608,0.0363120544465,0.82120109302,-0.646990365331,-0.162066285818,-0.0498593822122,0,0,0.092602098003,0.461881986884,-0.53465410082,-0.0456484567025,6.9664195126e-05,-0.461412518846,-2.44234295028e-21,0.104098393902,-0.59257442159,0.576935407948,0.0856342861485,-0.000340913018058,-0.311571269263,0
0.153344094769,-3.78529323791,0.761412352363,-0.0272730682045,0.0276686791331,0.701467037201,0.711642205715,-0.717804854195,0.154097524744,0.242619524131,1.67583129404,-0.326607884164,0.0840191877312,-0.425535621487,0.093498906129,0.0189500191004,0.722490488311,-0.497121327381,-0.155894170651,0.0252787638456,0,0,0.0806721081286,0.428269051754,-0.605644906338,-0.026942640617,0.00180447732013,-0.445745473816,2.82741870206e-20,0.222675934549,-0.601899920729,0.522065764794,0.0821688590013,0.000406385738959,-0.314242711475,0
0.153903460053,-3.84485409165,0.783262149479,-0.0242314711213,0.0247519463301,0.699134111404,0.714151024818,-0.575418814004,0.0830361464307,0.211466476702,1.58699435822,-0.326095377916,0.0282011998686,-0.412745344172,0.101471495232,0.0371644772179,0.510909126082,-0.288945181612,-0.147143065108,0.0727764368057,0,0,0.0699145945487,0.413171999177,-0.677519095951,-0.0203673326819,0.00261468566822,-0.439922176698,-1.33560479184e-21,0.314935316399,-0.59903177815,0.503514065572,0.0780120609441,0.000612648715381,-0.319853187506,0
0.151489051526,-3.90601508904,0.80534533741,-0.0235979482532,0.0246537085623,0.691066801548,0.721984803677,-0.442051624997,-0.00618155424946,0.181503816303,1.42800391032,-0.319646048894,-0.0181164692727,-0.389653126285,0.0913797235818,0.0702546242265,0.253003641803,-0.024111405728,-0.0894040389507,0.102684646845,0,0,0.0828488672511,0.391739756652,-0.704332327631,-0.0234708505492,0.00326588394154,-0.443700751509,-6.61844734713e-24,0.364066947316,-0.597166820546,0.512045653491,0.076213600269,0.00061679992398,-0.319513555232,0
0.146999182708,-3.96809057949,0.818920693083,-0.0237940791994,0.0258138049394,0.677338480949,0.734833359718,-0.323114602322,-0.088811259892,0.15483710791,1.23270642317,-0.301412965426,-0.0695811018481,-0.363313856226,0.0399744895374,0.0872025025939,0.0216516671092,0.193957813721,0.251075924727,0.119571082294,0,0,0.112845266373,0.374406932425,-0.696732047372,-0.0348419453511,0.00379852962037,-0.456144935442,1.1105276437e-23,0.374389214162,-0.601226394781,0.533167611323,0.0723673446254,0.000577165086284,-0.318477061555,0
0.142224192404,-4.0324207381,0.823774443882,-0.0255861580372,0.0287847779691,0.663866460323,0.74685883522,-0.233493845909,-0.134236523628,0.130958960636,1.02104768023,-0.26041912199,-0.101929327366,-0.499229697114,0.0417341930288,0.104605395996,0.288699487739,0.044745694405,0.24882926608,0.0991873964667,0,0,0.132359154348,0.381800241367,-0.67850781959,-0.0549249131629,0.00351114548975,-0.477997656713,-4.08734012866e-24,0.33520534272,-0.61068078839,0.568398115378,0.0664376488723,0.000523565438428,-0.323903089561,0
0.138730262309,-4.09783285685,0.819938154285,-0.0275447089225,0.031814083457,0.653977513313,0.755342662334,-0.169287499537,-0.141051441191,0.111932397462,0.801756288162,-0.172912715776,-0.054649831767,-0.603311430124,0.0348086662086,0.0699112254154,0.580662127009,0.0037913675073,0.220680202306,0.0768794864416,0,0,0.13076413306,0.403008293101,-0.665082370956,-0.0738181343819,0.00311918015603,-0.497289362467,1.15087746718e-21,0.263052702862,-0.629708527599,0.615515636209,0.0624345520209,0.000549924358679,-0.332912118187,0
0.136513131766,-4.16227524471,0.804945027501,-0.0287005025893,0.0332673899829,0.652592360973,0.756434261799,-0.0963074095957,-0.158224855752,0.0478764525563,0.637525110331,-0.589873043415,0.0947385679374,-0.73101842164,0.0359653931007,0.052888705739,1.00049948428,-0.0777296892184,0.16521101185,0.0618693381548,0,0,0.117160287379,0.4331287155,-0.662138397137,-0.085388715451,0.00274994682238,-0.506659395036,2.71965838011e-22,0.192257155621,-0.642727407021,0.643692196752,0.0641555437035,0.000598610034109,-0.333643948698,0
0.135820124348,-4.22698593063,0.781244598496,-0.0297417081892,0.0339359045029,0.658432841301,0.751285552979,-0.125371114042,-0.166099967788,0.0169364473559,0.602391212874,-0.643967215964,0.196051738275,-0.831355260754,0.00390022318618,0.0357011071866,1.40772884732,-0.16797914727,0.118300283441,0.0391939096153,0,0,0.103570218651,0.458620768712,-0.660452569898,-0.0927237816612,0.00221081632318,-0.513203260062,5.01314759462e-22,0.129296048114,-0.656048195413,0.644708481338,0.0669481054396,0.000549409876503,-0.33369841946,0
0.135466476162,-4.29363651672,0.759131709269,-0.0371414870024,0.0411204844713,0.669260442257,0.740958869457,-0.280309432189,-0.142683272426,0.048364458212,0.697339641163,-0.647172312705,0.215299951989,-0.895199136346,-0.0598708659355,0.0138128564602,1.72090894713,-0.21691978073,0.0577843122431,0.0229868832976,0,0,0.0833271675152,0.472824802002,-0.652186818644,-0.0951295682143,0.00181923638798,-0.51414980793,6.90305312669e-22,0.0683973299783,-0.673347459191,0.632809613604,0.0704745559564,0.000529512385383,-0.334785235372,0
0.133183202694,-4.35794300197,0.747401067145,-0.0417533442378,0.0443768240511,0.683977603912,0.726953864098,-0.449567594776,-0.157169945207,0.0354678214642,0.804954715226,-0.599079636363,0.226205033877,-0.874124115571,-0.119939657065,0.00824492696892,1.92057531261,-0.250882836079,0.00630732771684,-0.00111010344699,0,0,0.0922099145133,0.473180611289,-0.634911656953,-0.0796768220407,0.00120039094502,-0.497407935337,3.98438581595e-22,0.036256178803,-0.673367199403,0.615452768708,0.0820593839534,0.000407477509606,-0.321032631462,0
0.130031180005,-4.41863798493,0.749331487018,-0.0433993116021,0.044441010803,0.697322845459,0.714060485363,-0.559764593562,-0.176618392329,0.0181113224882,0.803563440555,-0.479120790624,0.216720770478,-0.768160972191,-0.128221862841,0.0099834069358,1.98701355,-0.285671771223,0.00175295110959,-0.0612328611314,0,0,0.139470290597,0.484654090813,-0.595445348353,-0.0648764833043,-0.000136989655146,-0.485175220632,-2.62242150127e-21,0.0062235712647,-0.625867202222,0.607325901377,0.0902160762352,-0.000385350670775,-0.30702630621,0
0.126982125464,-4.47892350647,0.761407420413,-0.0436571463943,0.0439857393503,0.703096628189,0.708388626575,-0.591616799652,-0.182494539357,0.0195906394783,0.661005152462,-0.304116091811,0.207962166717,-0.624058537097,-0.0985400083794,0.0209853608264,1.92232817229,-0.290725559326,0.0817041737108,-0.120484769344,0,0,0.210349109645,0.492868516151,-0.540173464593,-0.0688996980397,-0.00127213640256,-0.488124683662,1.07871328221e-21,-0.0496038563909,-0.581997947777,0.663618136812,0.0950638247771,-0.00123363724025,-0.305617746954,0
0.124663383059,-4.54111517173,0.778557562755,-0.0407079830766,0.0403147786856,0.709362924099,0.702511072159,-0.551659065974,-0.198615344617,-0.0354313114313,0.399633516332,-0.0637927145465,0.190541349856,-0.461734399436,-0.0256026944281,0.0402885597448,1.75274349579,-0.272164761709,0.221705551051,-0.172077745199,0,0,0.282914188768,0.506076170557,-0.498736805834,-0.0802481227744,-0.00215596166358,-0.498111634793,-5.62461180936e-23,-0.0894630830133,-0.530119188413,0.722997037002,0.0918500785448,-0.00220833465127,-0.317148328076,0
0.124607131434,-4.60341687426,0.794054241594,-0.0406604930758,0.0395276248455,0.715871155262,0.695925831795,-0.457666476006,-0.175640931029,-0.0875318817405,0.000112883831956,0.305107888998,0.0389197405083,-0.314437560827,0.0241261476518,0.0407341785653,1.51215111938,-0.282776367673,0.261787743133,-0.218712642789,0,0,0.345315133905,0.514165259591,-0.461435330327,-0.088591044857,-0.00273509262554,-0.507045081314,-3.86797886772e-23,-0.11733279406,-0.478594446838,0.768575573364,0.086238422169,-0.00333268859655,-0.32945260106,0
0.123839500878,-4.66453578569,0.798574373403,-0.0384936220944,0.0365020148456,0.724607408047,0.687117159367,-0.50055044568,-0.121243668594,0.110523580249,0.0004884891569,0.301234397252,-0.213639754677,-0.174927779473,0.0235385547781,0.023620120842,1.24723278996,-0.286521649225,0.261760245374,-0.200729578733,0,0,0.370365963538,0.492075085346,-0.460293446774,-0.096378773008,-0.00213598194056,-0.513682917078,-1.85158587279e-24,-0.114548181923,-0.487017424645,0.778773184491,0.0724619963654,-0.00323341154063,-0.342891179209,0
0.127092505236,-4.73026223402,0.7992302679,-0.0394041351974,0.0366104543209,0.73153924942,0.679674386978,-0.489543353569,-0.108128166226,0.132030343019,0.000832294825422,0.263966868835,-0.236682012129,-0.0734651433753,0.0267809333878,-0.0155423400599,0.948259867189,-0.251336003887,0.245727880199,-0.197776272893,0,0,0.354589112364,0.498140982323,-0.469899936944,-0.104597451192,-0.00224234290645,-0.523116921057,4.58913194552e-25,-0.123416707521,-0.488949499654,0.776396697465,0.0636816532351,-0.003399106944,-0.350634210631,0
0.131371862005,-4.79773481172,0.791755131089,-0.0407878495753,0.036980766803,0.739711642265,0.670667946339,-0.65593515959,-0.0656038289256,0.168060782792,0.480110220768,0.0384296821071,-0.253400412586,0.0223201654161,0.0307869440059,-0.0876787347098,0.651369235365,-0.456773981284,0.161833693178,-0.153292581439,0,0,0.288505651243,0.499665678322,-0.499697127425,-0.100040760426,-0.00178329405636,-0.518381964245,2.15616313736e-24,-0.111500255795,-0.52303680401,0.74288992694,0.0604160837673,-0.00262024063959,-0.350902912935,0
0.133403756741,-4.8649732862,0.771361574291,-0.0485811643302,0.0438994392753,0.740360915661,0.669013023376,-0.825005072483,-0.0658845823634,0.136839190242,0.955132808933,-0.108703540392,-0.253819850818,0.0327202960581,0.0599210930938,-0.0896018616633,0.545488526711,-0.769556271679,-0.0763031748268,-0.128390043974,0,0,0.203187222427,0.483026642694,-0.512512542805,-0.0837358266591,-0.00179867441869,-0.499463636949,-2.03123222672e-23,-0.119536991406,-0.568298474978,0.721721178019,0.0691936548995,-0.00190915946551,-0.338469773116,0
0.133764254857,-4.93258395849,0.748399896538,-0.0538498163223,0.0497587881982,0.73247808218,0.676830947399,-0.925295933307,-0.00990563474466,0.120597232626,1.3585127743,-0.199834130045,-0.253923778869,-0.086250980636,0.0617903138362,-0.102106607959,0.609585273979,-0.779882509754,-0.1268885124,-0.102035194635,0,0,0.121852670426,0.473953254561,-0.522505594752,-0.0652058957429,-0.0014135555036,-0.4813056138,-5.85431521157e-25,-0.121208934363,-0.604687255167,0.713914907551,0.0770340091994,-0.00125266431891,-0.327768737821,0
0.133900335566,-4.99701889362,0.733475323853,-0.0572981536388,0.0554153732955,0.716530799866,0.69298607111,-0.925214816977,0.089424723258,0.122813951351,1.63668691796,-0.262577159685,-0.151008343376,-0.246220936697,0.106151386704,-0.0447379219634,0.719393773553,-0.77892675491,-0.186648111235,-0.087716974318,0,0,0.0634737271477,0.467976061781,-0.522812262472,-0.0525954878466,-0.00113174823821,-0.469123463182,-6.74537794405e-23,-0.0972270242476,-0.611555076798,0.697972906852,0.085041821461,-0.000892481989365,-0.314187415623,0
0.13436376073,-5.05424134567,0.733752170624,-0.0553574599326,0.055664613843,0.70297151804,0.706871986389,-0.810738196547,0.155836907587,0.111461586605,1.75797458844,-0.317985262672,-0.0404290354533,-0.400801545797,0.133391079597,-0.0160016117207,0.835275832156,-0.714636407468,-0.190590721408,-0.0338176749647,0,0,0.00673398298571,0.43634814865,-0.552011297772,-0.0408406102601,0.000397621050203,-0.457367824706,-3.51034943157e-21,0.00930299669192,-0.61575936868,0.635427511571,0.0857579717678,-0.000141902360106,-0.306808731275,0
0.132807990929,-5.1065515759,0.745298686629,-0.0483719669282,0.0490702092648,0.700353324413,0.710462868214,-0.623009771215,0.168412508089,0.083434575126,1.737320583,-0.347446649009,0.00377890657955,-0.446104994033,0.130042528169,-0.0352024042059,0.785950438949,-0.60439997699,-0.182246483287,0.0451330170035,0,0,-0.056237985509,0.387926106312,-0.639713092273,-0.0372499747452,0.0026799927681,-0.45936998928,1.26405465447e-20,0.168794105933,-0.626021596766,0.569490026071,0.0843843821096,0.000676275459021,-0.307123459243,0
0.130006670956,-5.15871055969,0.764392948704,-0.0427586771548,0.0434861630201,0.699812233448,0.711718678474,-0.42871930541,0.164806197426,0.0624024689593,1.60482008953,-0.381975108805,0.0439525865223,-0.447762704773,0.141624000057,-0.0232207826896,0.641018677261,-0.442780103399,-0.179942789325,0.103469982743,0,0,-0.11116431852,0.351456861041,-0.719568798715,-0.0457844459715,0.00453186097071,-0.473150443386,5.08884245864e-20,0.298464198643,-0.622119002544,0.551458168039,0.0811106354036,0.000810615025058,-0.310895786552,0
0.124085153068,-5.21326625178,0.786743393504,-0.0425162315369,0.0440524443984,0.693146705627,0.718191742897,-0.267273736647,0.138781582601,0.0609447473933,1.39572858638,-0.404121692905,0.0502998339766,-0.440106653157,0.148775207033,0.0328145839937,0.435846690141,-0.23744319367,-0.154060695314,0.136213615537,0,0,-0.131566026749,0.317523192299,-0.739073518636,-0.0618900225082,0.00603517130961,-0.490759540674,6.62260295848e-23,0.355372596196,-0.628295269959,0.573776455514,0.07943059661,0.00067317239953,-0.308233892909,0
0.115838919637,-5.27124142893,0.80439023797,-0.0452793501318,0.0484975278378,0.680935204029,0.72933191061,-0.146186901812,0.101789811766,0.0731542301885,1.14679551918,-0.383503231065,0.0356293906177,-0.426670800737,0.132481196215,0.124242179062,0.200160649549,0.000664799920336,-0.0176549107951,0.172258228064,0,0,-0.123943231803,0.279284867414,-0.7230449339,-0.0764587959113,0.00797076567338,-0.507351370019,1.30774381202e-22,0.362998972914,-0.651429581153,0.608541071304,0.0763107379463,0.000598562793939,-0.306121214764,0
0.10613804192,-5.33137526562,0.81286458777,-0.0517690256238,0.0568706206977,0.671166479588,0.737306773663,-0.067667846857,0.0703132309885,0.0686076898451,0.871158401357,-0.318912685763,-0.00576300825985,-0.49628048082,0.118567454319,0.188315505836,0.250920098822,-0.0511824804926,0.0849996128858,0.180018916726,0,0,-0.122050325829,0.269077327966,-0.693305260386,-0.0892235610759,0.00882591819794,-0.521117950094,-1.56915003028e-20,0.322620073781,-0.676437072592,0.64026753133,0.0725851025402,0.000685774190371,-0.309500434535,0
0.0971447756729,-5.39282998801,0.812248587265,-0.0588191486895,0.065005287528,0.668360471725,0.738653421402,-0.0195168084687,0.059335363762,0.0297443394445,0.604999337771,-0.316538656,-0.0139884840179,-0.613309205945,0.0945246491674,0.114932140027,0.515586456951,-0.118557683889,0.0781655305625,0.148678824306,0,0,-0.137671621684,0.302545119337,-0.65806605182,-0.0976068221553,0.00775478837891,-0.526093886595,-1.68459872492e-22,0.238325871131,-0.696714213559,0.667165959735,0.0663400894839,0.000864990363567,-0.321866092903,0
0.0889667127449,-5.45440658436,0.800752651143,-0.0665805712342,0.07252895087,0.672967076302,0.733090639114,-0.00389061326304,0.0583573515954,0.00456615926256,0.478956907492,-0.662666646813,0.00249723861894,-0.753701913007,0.0541590630199,0.0415750981527,0.920158475422,-0.19513755933,-0.0016049112681,0.113140106201,0,0,-0.151095676105,0.347315981137,-0.624261253574,-0.096270689641,0.00625445150644,-0.52003315233,5.75875696317e-22,0.128177874925,-0.726026960991,0.694384435108,0.0623714923399,0.000951306739945,-0.332670875716,0
0.0826171495814,-5.51505246701,0.782319544311,-0.0727535262704,0.07682313025,0.68375402689,0.722001075745,-0.0941281634007,0.0548504674818,0.0114226848329,0.514841673997,-0.710839225594,0.0247745257323,-0.843321958766,0.0156794999951,0.0382402859761,1.29520810218,-0.26151413781,-0.00733752115806,0.0662713944912,0,0,-0.140477372116,0.399902063638,-0.587356522144,-0.0902933515755,0.00424289375325,-0.510993448096,-9.50319639255e-21,0.0126073235863,-0.75583748168,0.720187870038,0.0609115113071,0.000777723573224,-0.341101024727,0
0.0762651067432,-5.57402893953,0.765246504782,-0.081832818687,0.0833090767264,0.695963203907,0.708518326283,-0.244294847233,0.04013741967,0.00351233076111,0.612434508638,-0.715816998752,0.039382021658,-0.87243714236,-0.0255799448958,0.0455777927206,1.56378220735,-0.302669646066,0.00289297157076,0.00691879214719,0,0,-0.102717770736,0.463001462058,-0.540037384298,-0.0788553505728,0.00175620579443,-0.496342673123,-1.9918065907e-22,-0.100120312207,-0.761178266428,0.740653653388,0.066647096173,0.000347830452408,-0.338313455361,0
0.0703626727605,-5.62642904085,0.754967061428,-0.0876696556807,0.0874926447868,0.70237070322,0.700952589512,-0.382238099623,0.0296835883031,0.00697501056014,0.705508576231,-0.724299263251,0.0458926982232,-0.820978900466,-0.045915080359,0.0480509895884,1.70957411743,-0.32188848812,0.00258172628218,-0.0274821463972,0,0,-0.0253962644214,0.512917056322,-0.488273474156,-0.0547126755009,0.00040399759958,-0.469606413982,4.24916709361e-21,-0.183706767817,-0.7337125411,0.742353872505,0.078284852516,3.5111279597e-05,-0.322742487053,0
0.0660431959514,-5.67449910962,0.754000234908,-0.0866676792502,0.0840332210064,0.712683796883,0.691020190716,-0.501737051374,-0.0117027102993,-0.0208404268558,0.791823293835,-0.667591201829,0.0629951465611,-0.689835863518,-0.0374227237428,0.0583781753118,1.74122420143,-0.342829536388,0.0489847194008,-0.0704230517149,0,0,0.0848289583541,0.551412428451,-0.45507220326,-0.0324408184798,-0.000886288370281,-0.441169814194,3.99225632965e-22,-0.235113721979,-0.684680088629,0.737987618257,0.0858908422966,-0.000585966050613,-0.310466165826,0
0.0643520646832,-5.7192606074,0.759079595002,-0.0834019556642,0.0791048556566,0.720741450787,0.683606863022,-0.558519678182,-0.031706717743,-0.0196349109133,0.775134280547,-0.585073025383,0.0649559197655,-0.521035906723,0.00341104271494,0.0705261561971,1.6593034473,-0.358652058066,0.128250271331,-0.111072145402,0,0,0.205745698563,0.57858159464,-0.422395388151,-0.0166727403021,-0.00156467739407,-0.422962775639,5.7751185493e-21,-0.28089732177,-0.624770024708,0.761640584776,0.0906492966377,-0.00131975598803,-0.307942182162,0
0.0643126707357,-5.76396686735,0.768473150608,-0.0815359205008,0.0764248147607,0.725034415722,0.679585337639,-0.591302746318,-0.0481055625483,-0.0175721476318,0.701590377596,-0.478305077106,0.0651016014904,-0.36021931822,0.0388280096674,0.0839289386791,1.48622763047,-0.340394942021,0.208349454947,-0.13349840045,0,0,0.314973143561,0.581557041607,-0.388641021983,-0.00923823213479,-0.00149585344306,-0.415684532133,6.38172278916e-22,-0.318806970033,-0.570348822436,0.789935406997,0.085112239393,-0.00202250112766,-0.321634619642,0
0.0654694526645,-5.80963847423,0.77944169692,-0.0830523073673,0.0768767520785,0.729149580002,0.674931943417,-0.615711796824,-0.0663941511968,-0.0251710459111,0.591743815509,-0.356121060789,0.0565731876171,-0.222310009536,0.0463289513459,0.0770592632926,1.25245239605,-0.327266068351,0.222721869563,-0.149661719799,0,0,0.399044849242,0.570807466569,-0.360869274461,-0.00513925061539,-0.00117792396521,-0.41272841972,-2.23246849635e-21,-0.338013863803,-0.518852022683,0.804298469578,0.0752546621343,-0.00280006897352,-0.339568107096,0
0.0674219772616,-5.85709961162,0.7880941997,-0.0856161117554,0.0778419673443,0.734930634499,0.668197214603,-0.6197278757,-0.0736283927471,-0.0366927166005,0.442552681137,-0.255368392402,-0.0399829745194,-0.109494043802,0.0359264704465,0.0401607684663,0.993307982824,-0.284703985251,0.180429844019,-0.185224309564,0,0,0.462818951685,0.569094582382,-0.343287228965,-0.00468533462612,-0.0011607810083,-0.413855686759,1.56634837533e-23,-0.340738255287,-0.458808372153,0.813532582158,0.070247816362,-0.00402064750866,-0.350867045163,0
0.0694385007546,-5.90462431636,0.792006057725,-0.0860448852181,0.0771381258965,0.739605009556,0.663046300411,-0.605319415755,-0.0458855958787,0.00263661871119,0.298595994892,-0.241691567592,-0.178885326441,0.0107865217898,0.0328220037371,-0.0046042132894,0.667451513122,-0.200633416682,0.101574398524,-0.217619508505,0,0,0.501044298169,0.581271527067,-0.338448423959,-0.00661090627361,-0.00123388410264,-0.418959872528,2.76471191426e-22,-0.32729840943,-0.407554193747,0.824313636212,0.0680979439081,-0.00512802159105,-0.357364891767,0
0.0708709444164,-5.95408322214,0.788507003882,-0.0888446569443,0.0794521272182,0.740096390247,0.661854445934,-0.622578477948,-0.0135600496034,0.103007547745,0.219971243167,-0.271747332891,-0.240957313211,0.11863880797,0.0178205270189,-0.0835008246663,0.396261242353,-0.525872013386,0.0348233092031,-0.257888942957,0,0,0.50808047411,0.602962605151,-0.333894669965,-0.0124619035534,-0.00176770824346,-0.429189401385,-9.16229689782e-24,-0.324410082917,-0.366481590428,0.84118693809,0.0706186947127,-0.00626494521203,-0.358133169987,0
0.0714116093913,-6.00576610839,0.778676751537,-0.0926802828908,0.0837459787726,0.736153006554,0.665188491344,-0.715695076366,0.031178588857,0.236777510127,0.322259367268,-0.292278787245,-0.194029561253,0.142173405592,0.0147807214984,-0.118023258236,0.273874654385,-0.699108552117,-0.0662022840977,-0.262148410082,0,0,0.473640082016,0.624476635477,-0.334845870721,-0.021085790028,-0.00237762790892,-0.440544873287,-3.71014292436e-24,-0.324851666659,-0.364415830309,0.852621901439,0.071188723803,-0.00628420615188,-0.35860905794,0
0.0731551152244,-6.05465509999,0.766620326743,-0.0954949706793,0.0877439603209,0.730140507221,0.670877456665,-0.85904240642,0.0926619359785,0.279660335556,0.642106409528,-0.343874346554,-0.0522268062741,0.0817671016366,0.00714971039446,-0.114636588673,0.286033207994,-0.710970062233,-0.101873563866,-0.220574691892,0,0,0.40097969226,0.640456128778,-0.347120553757,-0.0276443775255,-0.00259874975973,-0.445759603634,5.16702848439e-21,-0.31461188564,-0.407415386181,0.850661717119,0.0674163254961,-0.00498088000253,-0.358819529182,0
0.0755175259328,-6.09786380084,0.756435083626,-0.0961804911494,0.0908598080277,0.720536649227,0.680676698685,-0.960584581922,0.143068289127,0.238052321732,0.957323011689,-0.39954274121,-0.0680888944384,-0.00419753230044,0.00749004302595,-0.0898032412671,0.344766821216,-0.717304156268,-0.121748616848,-0.168412670493,0,0,0.319869118082,0.632516013997,-0.359656803197,-0.0239764941769,-0.00235791067937,-0.436925503928,-2.18301175985e-21,-0.287193704977,-0.47213387423,0.844758590686,0.0743162979744,-0.00316447964248,-0.341913132617,0
0.0781535433952,-6.13417566336,0.7543532529,-0.0925420895219,0.0902586132288,0.709877192974,0.6923609972,-0.975775013842,0.176213849774,0.197535245362,1.18271667795,-0.440219996519,-0.0956037923462,-0.0669980806848,0.0160162235321,-0.0604326901047,0.384513712663,-0.721448070297,-0.144410641109,-0.124932236969,0,0,0.260257464739,0.601507123325,-0.366647900313,-0.00904460721445,-0.00174322448688,-0.416504862029,-9.85199878287e-22,-0.205529813944,-0.517825141399,0.809240326835,0.0919473213179,-0.0017357691718,-0.309152239004,0
0.0798398934123,-6.1663087398,0.759211004059,-0.0884815379977,0.0894972532988,0.697469890118,0.705476462841,-0.925642349488,0.212006317785,0.192069263476,1.31900961963,-0.470925632264,-0.0558425864668,-0.163336266338,0.0277373302474,-0.0164500524798,0.487813448549,-0.705774329809,-0.15021020429,-0.0714641213417,0,0,0.204684342402,0.56265602321,-0.390536167071,0.00615854149847,-0.000742512665753,-0.394495920531,1.11936129882e-21,-0.0896066399686,-0.548365104445,0.75333152598,0.10565205946,-0.000611776982698,-0.273735166611,0
0.0804554349721,-6.19242264574,0.767429111677,-0.0826190933585,0.0849133878946,0.692446410656,0.711675345898,-0.820452811899,0.217648329526,0.193822751127,1.37063559753,-0.500861212527,-0.00886984156133,-0.197283958179,0.0285437215822,-0.0082995494011,0.501923419144,-0.674761500575,-0.145233976969,-0.0192737989128,0,0,0.142768809979,0.530970047303,-0.456969104982,0.0189154192011,0.000149597626115,-0.37683785023,-8.95231104377e-21,0.0581568561579,-0.565182126265,0.677916451628,0.114388384637,9.16258892113e-05,-0.242165662437,0
0.0808524226652,-6.21652343945,0.776336212655,-0.0766912698746,0.0791423842311,0.691659808159,0.713765799999,-0.694900708057,0.200412313668,0.183838712585,1.3473751103,-0.529538974585,0.0094641544035,-0.201219551112,0.0366565329751,-0.000311093234365,0.467300103172,-0.630199031054,-0.141641163878,0.0207847971469,0,0,0.0736120452605,0.520811542632,-0.535609694745,0.0240776069396,0.000753796899442,-0.372195948011,-1.68279195133e-20,0.184921726111,-0.579481429262,0.632010932398,0.11781844128,0.000389059623565,-0.220940606662,0
0.0789952559437,-6.24063080909,0.784056412562,-0.0739673823118,0.0768508687615,0.689504802227,0.716383874416,-0.575135068994,0.166237287429,0.172180406213,1.26245673756,-0.54941250497,0.00232963651535,-0.220993633331,0.0375349797784,0.0105850494049,0.444776624055,-0.588750701009,-0.123454444902,0.0326784476638,0,0,0.0175570174764,0.518136877104,-0.579692911045,0.0227161815271,0.00100174783458,-0.375905841834,5.7979764805e-20,0.268110783138,-0.597064728333,0.626461434773,0.121414990798,0.000413281783132,-0.206247810997,0
0.0760635338531,-6.26444664572,0.789429552454,-0.0717367082834,0.0754505321383,0.685301363468,0.720779538155,-0.45984397903,0.119170173703,0.153505104991,1.12641582853,-0.563902408803,-0.0254067808427,-0.250574845877,0.0363226369105,0.0231613774889,0.441097627503,-0.562716612395,-0.101732760983,0.0290383249521,0,0,-0.0157197059822,0.517824632534,-0.595578053095,0.0162096888614,0.0010595928423,-0.384996547436,-2.74909684987e-21,0.325664656119,-0.616596781019,0.635234758931,0.12481832216,0.000382270454223,-0.194609946302,0
0.0730202264028,-6.28793017854,0.792322086095,-0.070655554533,0.0752960145473,0.68062132597,0.725322604179,-0.354888548169,0.0809935812829,0.142761925958,0.951143125433,-0.561857817516,-0.0547381994827,-0.289290568391,0.035640101412,0.0301706280052,0.44980439073,-0.538615153311,-0.0782124599563,0.0275417640805,0,0,-0.0361917945462,0.514655585984,-0.599442274604,0.00801340143773,0.00119930219512,-0.397376333998,-1.28864769492e-20,0.370976420952,-0.635980266309,0.643760347357,0.127297716683,0.00036385695105,-0.18531611593,0
0.0694253077895,-6.31088851353,0.793053877817,-0.0686352029443,0.0738398954272,0.677353203297,0.728717684746,-0.253091360918,0.049981825475,0.143818616359,0.742158997789,-0.515591414603,-0.0604843073812,-0.329432402905,0.0376676044924,0.0366580400913,0.471235047014,-0.521148773725,-0.0628618398088,0.031747687608,0,0,-0.0490099277841,0.5083623513,-0.609116427903,0.00184717023854,0.00139662808025,-0.408084960011,-2.58467128841e-21,0.406601869991,-0.661070282856,0.660423104741,0.130109558696,0.000336519008321,-0.174424256252,0
0.0653252410882,-6.33339354755,0.791972465668,-0.0683845803142,0.0742858722806,0.673818290234,0.731965899467,-0.164504698594,0.0180977766382,0.157618505522,0.547666403266,-0.627373456174,0.017481262113,-0.380131455368,0.0414469503087,0.0392930474256,0.500046136443,-0.498181629932,-0.0590096285817,0.0455779097974,0,0,-0.0633988144007,0.501876085547,-0.623364480816,0.00128189539607,0.00172382632731,-0.410941721509,-4.59082127036e-21,0.427070830087,-0.685684626135,0.674410640098,0.132383994617,0.000278524574298,-0.164870234707,0
0.0614085675629,-6.35541722329,0.790516608945,-0.0685304105282,0.07497035712,0.671205163002,0.734279692173,-0.129779237072,-0.00392293675721,0.186610514188,0.424130809711,-0.591984131831,0.0746491887521,-0.430477798402,0.0466273796088,0.0427227597805,0.527359595114,-0.47537670494,-0.0615821934261,0.0588995069265,0,0,-0.0718122588033,0.498212840059,-0.642887410125,0.00636159604368,0.0019280020204,-0.405665813469,-6.34641580124e-22,0.438684184805,-0.70634772869,0.682313933923,0.134080213965,0.000215699239259,-0.157702276707,0
0.057895512463,-6.37706826283,0.789724811837,-0.0688637718558,0.0753597021103,0.671050071716,0.734350383282,-0.11382863366,-0.0176553232611,0.198509363059,0.330790594913,-0.57074241832,0.0972366362003,-0.471778880309,0.048016997219,0.0391331444814,0.539162645082,-0.450912937913,-0.0579734352209,0.06913343817,0,0,-0.0715720511107,0.497470322352,-0.667011038776,0.0161678062846,0.00195270421434,-0.393767550225,-4.73754132854e-22,0.449275042818,-0.71673594236,0.677526102874,0.135731849659,0.000173611141486,-0.146844558793,0
0.0542178261454,-6.39797183802,0.790015687264,-0.0734432786703,0.0802623406053,0.671065449715,0.73337250948,-0.148527092979,-0.0393656303535,0.171261684773,0.310707868072,-0.567235705495,0.110567372673,-0.532537425921,0.031727800237,0.0316580842689,0.562947208318,-0.435730300175,-0.0322977600205,0.0847052037716,0,0,-0.0740173008473,0.48775504854,-0.688554608437,0.0289314880572,0.00211079937442,-0.378448366356,-9.60920933497e-21,0.456321109131,-0.717753510297,0.645816828354,0.137301017463,0.00017171818843,-0.137341647096,0
0.0518596384189,-6.4175255934,0.791306707271,-0.0755902454257,0.0816289409995,0.67522829771,0.729170441628,-0.203928756588,-0.0347122406866,0.162214518387,0.348420821231,-0.555393236639,0.113341544277,-0.561995587284,0.0105866550636,0.00629287089417,0.556488380557,-0.430470670763,0.0229389663495,0.092192068696,0,0,-0.0653789944947,0.488044241028,-0.718718121734,0.0399350466341,0.00197356631268,-0.362908859411,-7.59589484031e-21,0.473803035784,-0.692584882577,0.597794438593,0.137699730284,0.000214027833024,-0.123245683478,0
0.0492727383795,-6.4329961329,0.793023792924,-0.0752970725298,0.0805006697774,0.678946137428,0.725866496563,-0.240128084545,-0.0369670197837,0.151920439878,0.373478283745,-0.541802528668,0.128208024099,-0.573171517777,-0.0173355765291,-0.0249507809789,0.557056295521,-0.429014263227,0.0673904598783,0.0824736207724,0,0,-0.0448032342596,0.506031282482,-0.744651127168,0.0485993761383,0.00145444962222,-0.347701360283,-5.82941216527e-20,0.48852147213,-0.647508542819,0.544883678299,0.137076994609,0.000277181907742,-0.109670792955,0
0.0465977002909,-6.44500115582,0.794876342793,-0.0726709291339,0.0771711170673,0.681698679924,0.723913252354,-0.249615184186,-0.0474647739247,0.141224789007,0.370707779055,-0.525055672753,0.141650797505,-0.575565704071,-0.0462278354979,-0.055776008439,0.602507660662,-0.423863187231,0.0344380987856,0.0605863444507,0,0,-0.0131584322822,0.529577466315,-0.758920148955,0.055605335635,0.000856962575098,-0.333794897987,-2.10760039766e-20,0.479843797072,-0.61741477132,0.529607879248,0.136549253557,0.000308938242982,-0.10581117764,0
0.044385155776,-6.45413161932,0.796629431678,-0.0683247745037,0.0721494182944,0.684196829796,0.722496330738,-0.241736574487,-0.0567814016065,0.133198100624,0.353679154191,-0.505614251971,0.145619296048,-0.561950586111,-0.0676467033166,-0.0652771121119,0.67435189911,-0.433113799982,-0.0100284699824,0.0359837152064,0,0,0.0330404302123,0.544842621534,-0.755627372807,0.0606793939155,0.000406556318681,-0.322180534655,4.87376812937e-20,0.449305711448,-0.607190926845,0.546680975037,0.1367355299,0.000334528199798,-0.112706404807,0
0.0430333083906,-6.46145720846,0.798365368338,-0.0605984628201,0.0634441822767,0.688039541245,0.720350086689,-0.217327223446,-0.0647281568233,0.124744019039,0.331341224041,-0.488228739891,0.152411933102,-0.514042964226,-0.0800274601552,-0.0573810000359,0.717888489337,-0.432142524583,-0.0309164501484,0.0140408314764,0,0,0.093713146688,0.55042627223,-0.744759260959,0.0654174101133,9.36868994068e-05,-0.310863033471,6.00237485604e-21,0.419854381204,-0.600487151738,0.568259367317,0.137045074599,0.000353038755089,-0.126910346892,0
0.0430340995575,-6.46685561089,0.799557475356,-0.0546058192849,0.0565052181482,0.692768752575,0.716865956783,-0.200993383833,-0.0685139928099,0.115410582736,0.31940870124,-0.474548835149,0.152235386636,-0.449596995179,-0.0836085379107,-0.0417960391147,0.714781941151,-0.428810965768,-0.0388565018878,0.00603606645018,0,0,0.148851455534,0.546655898688,-0.730943026711,0.0721440761561,-2.21449554338e-05,-0.297345754564,2.03318400596e-20,0.3933402155,-0.588981826407,0.574849788676,0.136279873906,0.000351816133431,-0.143066032912,0
0.0443656369004,-6.47115627094,0.800032531702,-0.0489976741374,0.0499933436513,0.698242127895,0.712430894375,-0.190354951481,-0.0683312729046,0.104622070084,0.321265096927,-0.472510060335,0.147638840681,-0.363203793389,-0.0834444154713,-0.033497870968,0.656918382673,-0.464221825613,-0.0597120000563,0.0094475094229,0,0,0.198207467885,0.539874979697,-0.718251866895,0.0808364739967,-4.47882254119e-05,-0.281576349692,1.48554866577e-20,0.380061358927,-0.568756926719,0.55847057271,0.134858342098,0.000329069421131,-0.158263313865,0
0.0467648625576,-6.47469982193,0.79986144785,-0.043838314712,0.0440172888339,0.704301834106,0.707177221775,-0.185481090791,-0.0630547632357,0.0972887575226,0.333828150007,-0.473697361629,0.138756892074,-0.269384235008,-0.0729508482862,-0.0156320701479,0.537679284033,-0.485006184232,-0.060096905899,0.0155138606206,0,0,0.238052504045,0.53754524121,-0.712968104039,0.0909326199264,-6.94791884203e-05,-0.26335832875,-2.69997171e-20,0.373218019322,-0.543760368139,0.530497669443,0.132716046191,0.000284561710196,-0.173354003503,0
0.0498450226313,-6.47796630695,0.799753712151,-0.04018708691,0.0398356765509,0.709067225456,0.702866852283,-0.188579093392,-0.0513122354152,0.0951851581282,0.35351679894,-0.478091483029,0.127009287029,-0.19681084349,-0.058993972827,-0.0209578569257,0.424323739515,-0.483119779403,-0.0736794643744,0.0180193763226,0,0,0.268132296846,0.543584715431,-0.709091726205,0.101147646925,-0.000137722733926,-0.240137813382,-8.21827372476e-21,0.359463290484,-0.522924103877,0.512873025071,0.130540784749,0.000227201001275,-0.185790217385,0
0.0527122663308,-6.48067997522,0.800114182867,-0.0356745570898,0.035023059696,0.712700366974,0.699684858322,-0.186197299387,-0.0367081556393,0.0950169939742,0.368589281013,-0.47858874406,0.111753460206,-0.136691746383,-0.0423517783387,-0.0286381483858,0.334041571665,-0.468221175251,-0.0931022518898,0.0155955916271,0,0,0.29452995093,0.559247975744,-0.712300961628,0.111736814418,-0.000225347793897,-0.212445552559,-1.48364738475e-21,0.345272419465,-0.506503744855,0.508035891853,0.12951588846,0.000161348215455,-0.193442211418,0
0.0546521356822,-6.48373997595,0.801139644788,-0.0311082974076,0.0303606316447,0.714978158474,0.69779419899,-0.177626423217,-0.0312930997614,0.0906857351555,0.368030842412,-0.467493183857,0.10866331381,-0.102892413639,-0.036824511099,-0.0340092071757,0.287149952905,-0.446670457027,-0.0935353310108,0.00534555362538,0,0,0.315238523787,0.582479749865,-0.724262077309,0.121289011992,-0.000294868321859,-0.179900055778,2.13405002075e-22,0.328482688013,-0.495629300695,0.514484672824,0.130058865583,8.42529958962e-05,-0.19526721406,0
0.0550754682062,-6.48774954138,0.80215716079,-0.0289297252893,0.0282605476677,0.71474635601,0.698213458061,-0.169986556321,-0.0406360263603,0.0856408908569,0.352190036878,-0.452733685817,0.112739154296,-0.103453081959,-0.0501762895298,-0.0454614933444,0.289418418822,-0.437317025609,-0.0792767306148,-0.00738777965307,0,0,0.333557177565,0.59791904836,-0.731349850071,0.129180332422,-0.000292282679343,-0.143023378615,2.41390727311e-20,0.305232050311,-0.493227128674,0.525682318908,0.132343710357,3.3207319792e-05,-0.190011522323,0
0.0565132239887,-6.49123522416,0.802818206435,-0.0270239934325,0.0264856554568,0.713673055172,0.699456214905,-0.161505373797,-0.0431372069298,0.0866211114708,0.336217008602,-0.440078474217,0.110931824638,-0.10828008083,-0.0534269611506,-0.0474944568709,0.298445934946,-0.432529067383,-0.080726263531,-0.0157512780279,0,0,0.36367201143,0.600842049131,-0.716611876268,0.13344457472,-0.000259272781961,-0.112762730642,-3.02885698105e-22,0.288186233651,-0.492476662291,0.535148031353,0.135054467704,1.19704341691e-05,-0.182618901915,0
0.0587775436995,-6.49430749996,0.803139879147,-0.025230076164,0.0247485004365,0.713441073895,0.699823379517,-0.157015569333,-0.0398617023332,0.0841506118192,0.328780276643,-0.430467184087,0.106424081061,-0.107405407665,-0.0479552568439,-0.0466329564305,0.298470491393,-0.429307990017,-0.0893993392911,-0.0191257763654,0,0,0.390740279351,0.59704045897,-0.697261428184,0.135654197238,-0.000240063590471,-0.099215264211,-1.17350013574e-21,0.276597551871,-0.494721284778,0.54225670801,0.136634869408,1.73091285626e-05,-0.178211639603,0
0.0610437745407,-6.4967502398,0.80342439784,-0.0236110482365,0.0231478195637,0.713686406612,0.699684500694,-0.15521326108,-0.034653377185,0.0830410433602,0.326769674336,-0.422615757263,0.101369683213,-0.102217865339,-0.0425017198135,-0.0468531747556,0.291299843949,-0.42471674117,-0.0918150896335,-0.0143595961854,0,0,0.399290289245,0.600146704874,-0.696768445734,0.137066415208,-0.000238692658375,-0.0960408456622,-5.52238333154e-21,0.27238369056,-0.498152097912,0.544673703896,0.136940572484,5.12956590351e-05,-0.176280895317,0
0.0630382138595,-6.49888171882,0.803622497816,-0.0220579933375,0.0215916689485,0.714279770851,0.699179291725,-0.153736232807,-0.0310115362533,0.0819540811635,0.326364749588,-0.417454807378,0.0981584892988,-0.0977968103563,-0.038757931814,-0.0479164120343,0.286495836242,-0.419779822434,-0.0972834063267,-0.00873425602913,0,0,0.391587928367,0.612481354969,-0.715755946255,0.136786497588,-0.000242699110973,-0.0966767312788,2.40727450447e-22,0.276395679457,-0.499240735126,0.541423129526,0.136610380981,7.6430873426e-05,-0.175147780393,0
0.0643645795053,-6.50090184537,0.803802568775,-0.0205590650439,0.0200738143176,0.715204834938,0.698324024677,-0.1520858373,-0.030956380142,0.0789412126673,0.324815729997,-0.410948755978,0.0964124649101,-0.0968358276354,-0.0385412838811,-0.0503203197894,0.288475811617,-0.416312790396,-0.0977132149314,-0.00941696483642,0,0,0.38273321386,0.620443381924,-0.729217809104,0.136047084566,-0.000245743458314,-0.0992435363132,1.60518792263e-20,0.285972030799,-0.498166357752,0.536838217935,0.137057420831,7.10144894417e-05,-0.173462487942,0
0.0654302231154,-6.50239239014,0.803979077772,-0.0188435874879,0.018359221518,0.716004371643,0.697599828243,-0.146921040658,-0.0331292986648,0.074172067973,0.31934531023,-0.404896886998,0.0971667541168,-0.0941358014348,-0.0382935592195,-0.0503751434482,0.289997570291,-0.414994376749,-0.10110924751,-0.0147336628288,0,0,0.380395662627,0.619096191978,-0.727321658609,0.135890359719,-0.000245680868945,-0.103843629228,3.98364654686e-21,0.297479700642,-0.499410682022,0.539558521218,0.138382923744,6.63178026459e-05,-0.170255655395,0
0.0665350003756,-6.5033160895,0.804208084631,-0.0167934019119,0.0163135062903,0.71708458662,0.696592867374,-0.138811186449,-0.0356247948112,0.0675804151009,0.311719171333,-0.399932486804,0.0968823478338,-0.0875478537173,-0.0389179938873,-0.0541864323264,0.287504310691,-0.412912081577,-0.103268295087,-0.0208919476718,0,0,0.380316524071,0.611129728934,-0.717236490863,0.136127151131,-0.000249001365426,-0.110863031863,1.99088632309e-21,0.308538009135,-0.507692121288,0.552589195956,0.139662214079,9.22227681622e-05,-0.166197762836,0
0.0676172824658,-6.50423935047,0.804406349005,-0.0150327906013,0.0145569751039,0.718227207661,0.695493936539,-0.132054800534,-0.0376621912342,0.0610857019616,0.305322353604,-0.395931124057,0.0972432595432,-0.0812339071418,-0.0395889960037,-0.0589046244725,0.284568919118,-0.412883799149,-0.104752939915,-0.0224300175905,0,0,0.374132327356,0.602158656766,-0.708663974121,0.136253898247,-0.00025668919319,-0.117980250361,1.49338448543e-20,0.318147270072,-0.522691339459,0.572766555992,0.14053141922,0.000151420820106,-0.161779446267,0
0.0687865312671,-6.50520995815,0.804483671015,-0.0133580276743,0.0128902597353,0.719469845295,0.694275557995,-0.127348953454,-0.0374607812842,0.0570448594496,0.302134023051,-0.392690448023,0.0957738571869,-0.0758932952774,-0.0394399713682,-0.0641396341936,0.282855248458,-0.411848279156,-0.106227252164,-0.0241113565862,0,0,0.36440019541,0.596320639067,-0.706211479284,0.136013685121,-0.000261935760275,-0.123600834401,-6.38632191503e-20,0.328617883568,-0.536734507304,0.592044635441,0.14138728135,0.000205009330869,-0.156089918821,0
0.0694346031445,-6.50630243978,0.804404979019,-0.0122411102057,0.011780358851,0.720433175564,0.693316280842,-0.125997309007,-0.0384619521479,0.0542394009022,0.301534427119,-0.387681876229,0.095667698192,-0.0754607802288,-0.0409821133309,-0.0687410295379,0.286880566403,-0.414630017647,-0.106719622375,-0.0262120049447,0,0,0.353045995372,0.590654206104,-0.706146000003,0.135614983867,-0.000265850226398,-0.128572452441,-3.87337374311e-20,0.339727934238,-0.548093034884,0.607130429819,0.14230758139,0.000247216938548,-0.14827959359,0
0.0697136761426,-6.50733047728,0.804246499039,-0.0112139489502,0.0107727432624,0.721063911915,0.692694067955,-0.125183854524,-0.0394493211998,0.0531378556258,0.302472829243,-0.385767454505,0.0942442762468,-0.0758178463292,-0.0420169360841,-0.0689843414277,0.291849160673,-0.415865590621,-0.105789994379,-0.0276856441051,0,0,0.340282418925,0.586130890952,-0.708985609452,0.135248357231,-0.000269050789081,-0.132636494493,7.46020600995e-20,0.351911009236,-0.556685750302,0.618779611017,0.143210668313,0.00027650306522,-0.139872174623,0
0.0698004442059,-6.50811432847,0.804139530532,-0.0101632773876,0.00974719692022,0.721654415131,0.692110240459,-0.12360726263,-0.0410961159466,0.0514844712,0.302641572202,-0.384112667825,0.0948478638579,-0.0747558765389,-0.0435549536757,-0.0704872281328,0.294605365623,-0.41705028426,-0.106082690331,-0.0276833493263,0,0,0.327990567707,0.582273677266,-0.713421249493,0.134957499005,-0.000270769385535,-0.135534517093,1.69513978028e-20,0.364945413589,-0.563061700864,0.625652441947,0.143786738188,0.00029730810369,-0.132421678946,0
0.0699297914341,-6.50862549764,0.804189178825,-0.00919245462865,0.00878201890737,0.723006188869,0.690724551678,-0.120955667558,-0.0426198514187,0.0480122558618,0.300632921903,-0.38151189926,0.0942824327187,-0.0720867680111,-0.0449316568109,-0.0740381004697,0.295115654386,-0.416715757986,-0.106578863699,-0.0281648281962,0,0,0.316370442985,0.578589407318,-0.718398864572,0.134570939638,-0.000271825834644,-0.137674943413,1.06384554162e-20,0.378836250875,-0.566643620646,0.625431088254,0.144442473186,0.000313243908154,-0.127377226697,0
0.0699253869291,-6.509060386,0.804281132285,-0.00815385580063,0.00776077108458,0.724305212498,0.689387559891,-0.117424155792,-0.0444221726621,0.0443507773863,0.297274287677,-0.3788512438,0.0946436133348,-0.0682483951848,-0.0462149117138,-0.0771521999953,0.293710935137,-0.414757849529,-0.105630956659,-0.0281306151301,0,0,0.307711827798,0.574253307493,-0.722150753025,0.134364738807,-0.000271040820125,-0.139925397268,1.61655689282e-20,0.390190304337,-0.570618415852,0.627951723146,0.145001774308,0.000328001013176,-0.124201476533,0
0.0696960444228,-6.50963950648,0.804367386603,-0.00656600901857,0.00623250892386,0.725256443024,0.688419282436,-0.112093782398,-0.0467094038971,0.0398140180225,0.293913894046,-0.376056703293,0.0953165730295,-0.0627153316618,-0.0469235503282,-0.0788468238577,0.291762235658,-0.415013366195,-0.106244644383,-0.0284592919052,0,0,0.303777597738,0.569552574256,-0.723844795906,0.134249620937,-0.00026897104536,-0.142396831028,3.3886789494e-20,0.399850519095,-0.573189281859,0.62843219126,0.145403173834,0.000340040456254,-0.122864248655,0
0.0693029406399,-6.51016733469,0.80446657359,-0.00580678973347,0.00550201907754,0.725876390934,0.687778651714,-0.108931061491,-0.0489800744421,0.0367095575023,0.290922570691,-0.37398140439,0.0961131911468,-0.061002478273,-0.0486489371578,-0.0808797534501,0.29176164059,-0.413667713334,-0.103800148251,-0.0291799157858,0,0,0.300866476434,0.564615026433,-0.723914299701,0.133724596766,-0.000268011545476,-0.145510813105,-1.22152311197e-20,0.405359590817,-0.573981569098,0.627639282449,0.14570568436,0.000349651876367,-0.122567320927,0
0.0688168559073,-6.51062458122,0.804510303543,-0.00541804172099,0.00512760458514,0.72628557682,0.687352657318,-0.107348072698,-0.0507741811104,0.0353148569452,0.288662527452,-0.372641299648,0.097231904012,-0.0602632592133,-0.0494947589916,-0.080053889459,0.291962186226,-0.414514111408,-0.103428883614,-0.0302286334336,0,0,0.30140782848,0.560935287267,-0.722698724584,0.133395028737,-0.000266989850485,-0.148348706182,-4.70091325226e-21,0.408225607785,-0.573358645387,0.62691538272,0.145845311464,0.000350221687229,-0.122802132769,0
0.068201656844,-6.51116906845,0.804555896677,-0.00520846899599,0.00492531014606,0.726562559605,0.68706291914,-0.106490935841,-0.0524911942465,0.0342127216593,0.287098254323,-0.37109932546,0.0979511940915,-0.060272315624,-0.0511337846913,-0.0809080152169,0.291900440791,-0.412400605286,-0.101988344087,-0.0310729518533,0,0,0.302862048224,0.559439139739,-0.723859286159,0.132973514708,-0.000267282973491,-0.150247928807,-2.396431824e-20,0.409505818774,-0.570831044349,0.623587714673,0.145903281273,0.000345791691036,-0.123383190744,0
0.0675568729331,-6.51169996543,0.804583405996,-0.00505209667608,0.00477768387645,0.726546108723,0.687082529068,-0.107332935151,-0.0537822899444,0.034379758529,0.287185860645,-0.369682450504,0.0992166470387,-0.0605113907259,-0.0521680129048,-0.0801246925609,0.291977530642,-0.411306566586,-0.0999582407276,-0.0312527641654,0,0,0.305866435295,0.560342938169,-0.726333396834,0.133083442364,-0.000264923781039,-0.150455781503,2.7226335883e-21,0.409882606831,-0.566224488421,0.61820508057,0.145898924502,0.000337778001404,-0.124058710327,0
0.0668886965112,-6.51223831512,0.80458494038,-0.00499249715358,0.00472751818597,0.726096451283,0.687558531761,-0.106704044321,-0.0546170711088,0.0359719194268,0.287073316706,-0.370209084295,0.100626611867,-0.0615961886006,-0.0528010363609,-0.0782677421209,0.292537368663,-0.412369613045,-0.101196905786,-0.0308672916144,0,0,0.310023681837,0.564115942256,-0.731127274164,0.13337139884,-0.000262450030766,-0.148956716005,2.69983533621e-21,0.408001938446,-0.561046391245,0.612749047087,0.145972146069,0.000328757150797,-0.125001896341,0
0.0661695908598,-6.51273282527,0.804643027787,-0.00485660415143,0.00460783718154,0.725425839424,0.688267767429,-0.107732316993,-0.0555109715538,0.0376124656526,0.286661043024,-0.367790701199,0.101780661572,-0.0622444015027,-0.0537123687871,-0.076549032804,0.292528663077,-0.411070979545,-0.0999454436451,-0.0307290833443,0,0,0.316271416722,0.568810658824,-0.735122267971,0.133812527478,-0.000259160138657,-0.146018819378,-1.5693706932e-20,0.405246469426,-0.554943595725,0.606453920492,0.14601371821,0.000315258386368,-0.126082080149,0
0.0653939732859,-6.51308880243,0.804719637404,-0.00497071631253,0.00472939945757,0.724456787109,0.689286053181,-0.100850495559,-0.0561101046359,0.039282864316,0.28166580593,-0.370032635289,0.102172735461,-0.063507749829,-0.054184788581,-0.0742529751399,0.292406532921,-0.41064162269,-0.100458406373,-0.0302228182554,0,0,0.324917386103,0.574423165623,-0.736091679326,0.134682081614,-0.000255074105395,-0.14155298903,-1.88454177964e-20,0.401801985106,-0.547491112699,0.599227733283,0.146034316956,0.000296165913612,-0.12749299371,0
