0,0,0.826407683779,-0.0260383928,0.0323327135,0.944084976,0.327078211,-0.223733695698,-0.0436747837419,0.186055927943,0.173835445572,-0.167108573552,0.0545867927267,-0.219485495115,-0.0424661485782,-0.0580315450836,0.0525678276067,-0.0219097090018,0.0467544766698,0.0437941099,0,0,0.333632056941,0.395651036604,-0.46195673555,0.121790732975,0.000193534830375,-0.076587843527,6.33391517617e-21,0.344975449507,-0.454110470064,0.417266717163,0.117640941306,0.000143248009043,-0.0906239047065,0
-6.15731365236e-06,-0.00046474163225,0.826427778712,-0.0208740146,0.0284340065,0.944451569,0.326752226,-0.208463919913,-0.0398792808348,0.183809226789,0.169742633495,-0.167607323843,0.0611853372716,-0.210627308576,-0.0379397540721,-0.0589679242084,0.0631241049727,-0.0350041906586,0.0439727870586,0.0440095664,0,0,0.343225097712,0.393875194288,-0.462098645201,0.123429391589,0.000187869333556,-0.0781123884567,7.87892896692e-21,0.353657107191,-0.436067256481,0.401440079514,0.119681338901,0.000124511774297,-0.0955594623181,0
-0.000623040579341,0.000641800546915,0.826586232368,-0.0163144106,0.0252388029,0.9439106,0.328830688,-0.19344160207,-0.0313934379707,0.190975440787,0.171111550808,-0.173029475159,0.0678944774947,-0.168811129933,-0.0295084269757,-0.0568379382237,0.00328863762834,-0.0166442212862,0.0326012518916,0.0655833972,0,0,0.353580188948,0.379568721155,-0.44646988232,0.124707719149,0.000263803669431,-0.0790663241194,3.91368085207e-21,0.368956369899,-0.43605046475,0.393483938364,0.11868382707,0.000176813772333,-0.096615214783,0
-0.000875866287505,0.000448740732022,0.826538181785,-0.0163113123,0.0252879768,0.943959521,0.328686602,-0.194830608436,-0.0319036145324,0.190509635444,0.173242723982,-0.17279771516,0.0693615384103,-0.167453077391,-0.0308138525013,-0.0585753136345,0.00042351061261,-0.0119316847107,0.0325949454601,0.0656394871,0,0,0.355598139852,0.377880814376,-0.445703926268,0.12505318927,0.000272675339064,-0.0803619578012,-1.70875692257e-21,0.370540014873,-0.436171318568,0.393192069718,0.118736324015,0.00017571689747,-0.0967965793109,0
-0.00105967900563,0.000185019141355,0.826662199987,-0.0165398817,0.0257320831,0.944367026,0.32746788,-0.195129046301,-0.0352624974509,0.186865725433,0.170220440734,-0.171096566284,0.0767463096935,-0.167882674827,-0.0320995290413,-0.0576606724396,0.000274169805419,-0.0123339984603,0.0325463259161,0.0671036155,0,0,0.352786755588,0.376952558715,-0.447356902085,0.125272958441,0.000273610505187,-0.0792788130456,-1.91561325975e-20,0.371571849707,-0.436499527189,0.38975294694,0.118753184654,0.000180468647882,-0.0975007197626,0
-0.00136633830639,-0.00028006206741,0.826593629716,-0.0165933861,0.0253930648,0.944474163,0.327182528,-0.194869662405,-0.0348216932549,0.188977461268,0.171103869274,-0.171725915858,0.0709187956438,-0.167718823623,-0.0330140150017,-0.058674030801,1.22044836373e-05,-0.0147823497059,0.031841101554,0.0662906415,0,0,0.355000647744,0.377797324676,-0.447211654366,0.125343345647,0.000278200203837,-0.0813337455631,-1.34663692846e-20,0.373012339884,-0.435760757009,0.388956871355,0.118975381352,0.000175363828823,-0.0981798757939,0
-0.00177490008308,-0.00103913238915,0.826624277316,-0.0168650323,0.0257835975,0.944609298,0.326747687,-0.195686106613,-0.0383011175593,0.186747310981,0.16828146288,-0.169613532733,0.0763068585731,-0.169174838835,-0.0342025772781,-0.0555940854281,0.000898245738705,-0.0116893511155,0.0340826203277,0.0710141769,0,0,0.353264414315,0.372525852485,-0.445356985114,0.125279760423,0.000297386495777,-0.0794661261394,-1.70429782622e-20,0.37368034057,-0.437201837225,0.386748227077,0.11829400362,0.00019167045429,-0.0960406561433,0
-0.00211009794937,-0.00202259935835,0.826669011688,-0.0172093132,0.0254734616,0.944877505,0.325977671,-0.195336859257,-0.0395348220875,0.186804567124,0.166021264347,-0.165692589968,0.0708423357103,-0.169989756254,-0.0351845496276,-0.0557412179918,3.44577357856e-05,-0.0090193844118,0.034863518586,0.070874019,0,0,0.352854512155,0.373804315676,-0.447246099145,0.125481675423,0.000294664229388,-0.0802165932121,9.93605313134e-21,0.37446469476,-0.437293690735,0.38711805485,0.118603258646,0.000191239329321,-0.0980578843177,0
-0.00205151023683,-0.00336961429526,0.826661378059,-0.0173046795,0.0256573548,0.944863474,0.32599887,-0.19675704843,-0.0421185286068,0.186153866226,0.163775943233,-0.160585637811,0.0789683424118,-0.171847356799,-0.0368682721721,-0.0528934957372,3.44099313542e-05,-0.00862129594416,0.0319220026339,0.0706336416,0,0,0.350725946116,0.375794122827,-0.451528142857,0.125807620185,0.000283028141256,-0.0804297983939,8.12885730793e-20,0.373889640739,-0.438869134214,0.388389521586,0.118859311645,0.000198721035007,-0.0979355355002,0
-0.0021979513759,-0.00519980830357,0.826509420757,-0.0179026507,0.0260878348,0.944451983,0.327122868,-0.201344996862,-0.0437751910341,0.189780595812,0.166944297549,-0.15891402569,0.0781261328047,-0.176074619249,-0.0385183557798,-0.0468236952624,3.4392975452e-05,-0.00979949005122,0.0303890466228,0.0736700373,0,0,0.349831195204,0.373241644833,-0.449198196426,0.125611018151,0.000303680226173,-0.0796686897591,8.63080650249e-20,0.37283040681,-0.44192736371,0.387216773472,0.118450355062,0.000212463784602,-0.0987478850559,0
-0.00192021092466,-0.00743475938229,0.826606435788,-0.0192559013,0.0265600923,0.943719019,0.329117281,-0.215424519987,-0.0447590456267,0.193513046354,0.185501963679,-0.157857830493,0.0852951480024,-0.181869294482,-0.0384181280944,-0.037764453442,1.00907264528e-05,-0.0118618934481,0.0265151718392,0.0801874215,0,0,0.34586655299,0.373206485079,-0.453020134097,0.126270849322,0.000320043743622,-0.0809774336583,3.91304655684e-21,0.371204880235,-0.446084993656,0.387405945582,0.118484965009,0.000246351831321,-0.0995498759543,0
-0.00126445106463,-0.0105735937716,0.825813351097,-0.0236640136,0.0265586769,0.942683873,0.331785724,-0.253150227188,-0.038446793485,0.197929604278,0.236873109079,-0.168321203417,0.0861119038676,-0.195238535967,-0.0351052748646,-0.0302176048104,1.00279123336e-05,-0.0247022546595,0.0212940947252,0.0874594507,0,0,0.338607272863,0.371220625325,-0.453829496814,0.127076257657,0.000351091522769,-0.0823156493263,-1.28490782924e-21,0.366150957545,-0.448870594346,0.386160293802,0.118109845793,0.000284221901244,-0.101871709174,0
0.000244086990133,-0.0141014189601,0.825111407505,-0.0314988029,0.0284748028,0.941114504,0.335410945,-0.302562337423,-0.0340182698588,0.199749492182,0.288449760623,-0.187215903581,0.0935346301656,-0.219455977881,-0.031432377718,-0.0179998067132,1.00005692589e-05,-0.0418960132946,0.0136774554952,0.0937458903,0,0,0.313456155551,0.372573841636,-0.45213085273,0.127539064651,0.000395172889573,-0.0832842844367,-1.17272110396e-22,0.34689711627,-0.457792367124,0.382612741199,0.117005617332,0.000358738677655,-0.105021838703,0
0.00246385155631,-0.0185427391112,0.823855479231,-0.040486439,0.0288912582,0.939467483,0.339008838,-0.357522766749,-0.0243962847026,0.201661096126,0.347979289432,-0.195460474764,0.0950150883891,-0.245118871365,-0.0251066725314,-0.0130282908747,1.02131929239e-05,-0.0675700362065,0.00891471387478,0.0953357371,0,0,0.302446229203,0.370782811399,-0.443004087061,0.127983646171,0.000440888020679,-0.0868004419423,2.07093698484e-21,0.331535726131,-0.459701828769,0.38391016774,0.11636555832,0.000399435127798,-0.109857390419,0
0.00569480475319,-0.0233991505086,0.822324902122,-0.0508671132,0.0295089266,0.937641788,0.342592525,-0.416837873128,-0.0123623621967,0.200520561936,0.40499367279,-0.203609664766,0.0913202623301,-0.27469008593,-0.0185713728117,-0.0153517823239,1.01218745152e-05,-0.108549754388,0.00962027744721,0.0924580315,0,0,0.29283848655,0.370252506623,-0.432105129566,0.128149643479,0.000493938862766,-0.0937592824664,9.14361073049e-22,0.312501728608,-0.453174692579,0.377503310639,0.115270155249,0.00041956223887,-0.116813609102,0
0.00974938551538,-0.0287525670583,0.821172903552,-0.0622869232,0.0303124666,0.935110219,0.347520318,-0.474481379161,-1.90751201283e-05,0.198995870174,0.451567940506,-0.203077209296,0.0892213349629,-0.307620077934,-0.012573016433,-0.0190321155018,1.00566037705e-05,-0.149575295779,0.016135334302,0.0877076992,0,0,0.289717050107,0.368543088347,-0.416230498064,0.127833454932,0.000558770441237,-0.103673655962,-2.5186086031e-21,0.283152110557,-0.450271350671,0.378941149848,0.113573667362,0.000453941073093,-0.127621159625,0
0.0135187064397,-0.0336235933205,0.820569345791,-0.0725714667,0.0293318389,0.932495926,0.352596616,-0.518227855724,0.0181661575581,0.202475341329,0.480264664279,-0.202864847473,0.0823603658277,-0.334543423871,-0.00400029669744,-0.0250258789779,1.00009221117e-05,-0.207477425566,0.027095468006,0.0830236698,0,0,0.294788942504,0.371570519898,-0.400570142495,0.126802716759,0.000598142493676,-0.114267739514,-8.87598842538e-23,0.2521617632,-0.440061666435,0.374114355375,0.110990452734,0.000472587427519,-0.140056412982,0
0.0176499027551,-0.0379504008527,0.820681695196,-0.0798941744,0.0274555822,0.931030315,0.355029104,-0.542737718777,0.0329938372192,0.204554398288,0.482437473031,-0.1913987498,0.0731998321109,-0.344981866767,0.00451486416728,-0.0293394769935,1.0000002374e-05,-0.280291058924,0.0392515138437,0.0795344301,0,0,0.30241469755,0.384279792677,-0.397248546732,0.125627397513,0.000557256525096,-0.121980815077,-1.50871294017e-22,0.218819835507,-0.434228800912,0.372411442126,0.108991848789,0.000510971472782,-0.151589183288,0
0.022496087866,-0.0427018275551,0.820306066952,-0.0837988956,0.0253483911,0.931161981,0.353938651,-0.565200989483,0.0401913595718,0.202154459673,0.490091204596,-0.180249698916,0.0769035752758,-0.603390289064,-0.0165235504566,-0.0504589259413,0.540342883121,-0.224386894371,0.0111266584158,0.0759491214,0,0,0.31499790687,0.397120370167,-0.395743496328,0.125164921825,0.000491537626979,-0.125500442873,-2.6686124374e-22,0.187597324405,-0.428197672492,0.365815788516,0.105225040227,0.000529133006229,-0.165193691879,0
0.0266985173504,-0.0469740929316,0.81958549668,-0.0835943264,0.0230177533,0.932914108,0.349504563,-0.575004255183,0.0411349350504,0.196342662416,0.489958998632,-0.174698058831,0.0699191226631,-0.581641933541,-0.0438592026351,-0.0762405125751,0.620546780305,-0.253449759008,-0.00243316553212,0.0744660486,0,0,0.335047164446,0.401748262847,-0.387372053906,0.125083605645,0.000454081550183,-0.126808137544,6.17396843056e-21,0.162632318666,-0.427898835507,0.363422275568,0.102808286191,0.000563275328016,-0.173654627257,0
0.0318340359432,-0.05160022533,0.818661033214,-0.0814428498,0.0209359155,0.935969334,0.341892024,-0.58421979994,0.0364205330341,0.189827503736,0.491078151507,-0.158913051372,0.065316788388,-0.547285705758,-0.0713339235237,-0.0973372155899,0.714205149034,-0.27369981742,-0.0190158849562,0.0727236672,0,0,0.360304901297,0.406544171866,-0.381158089948,0.124808867764,0.000392719426328,-0.125270284507,-4.62429003503e-23,0.14212917795,-0.431506600746,0.36112073914,0.100860527643,0.000590522289305,-0.178979399234,0
0.0380792523377,-0.0564204866255,0.816578396609,-0.0742878953,0.0194855195,0.939654273,0.333393867,-0.594245088108,0.0276940746643,0.182936517092,0.513415945928,-0.151907359316,0.0714634392906,-0.49672154529,-0.0909726903508,-0.107003929262,0.807412360439,-0.274707385527,-0.0218891599431,0.0782212749,0,0,0.405348932759,0.405058626191,-0.374243679395,0.125070461956,0.000368480542583,-0.127179480077,-2.82056199298e-21,0.136187401388,-0.434872743478,0.369041751495,0.0979437096191,0.000692566336104,-0.188826914537,0
0.0452523329926,-0.0613228797205,0.815193398129,-0.0700582578,0.0194853688,0.943591915,0.323027025,-0.597719920887,0.00992838509352,0.168123866244,0.501121603666,-0.125287911589,0.0747804199997,-0.423706833747,-0.10463556748,-0.120585915285,0.839215174923,-0.226291571327,-0.00348239563572,0.0668619704,0,0,0.440802343324,0.40126622664,-0.361471662618,0.124906839428,0.000294061707687,-0.121735474077,-2.81006662454e-21,0.112406190897,-0.440507353227,0.378164372789,0.0978265352459,0.000628388614895,-0.19088713575,0
0.0531111540502,-0.0661984558205,0.813619205536,-0.0641762176,0.0186453541,0.947630783,0.312297396,-0.600687944545,-0.0101392877708,0.148308983404,0.494156954916,-0.104373830856,0.0757899884007,-0.342864576729,-0.107406393681,-0.13550219419,0.84804677704,-0.184570787055,0.0204405456857,0.0482625216,0,0,0.483238798044,0.398135650854,-0.346809497828,0.123916164389,0.000236242219782,-0.120150005035,-3.8946108181e-21,0.0924372675855,-0.442599077298,0.387214949906,0.100217302401,0.000417237783985,-0.188539677469,0
0.0621318335899,-0.0722182161103,0.811276906941,-0.0587086325,0.0187179901,0.950974569,0.303068147,-0.604634236245,-0.029224468361,0.133637676686,0.482850772163,-0.0809781419791,0.0782822153213,-0.265359747476,-0.104109201675,-0.149083005335,0.833494783282,-0.135527395683,0.0485360066391,0.0301047581,0,0,0.521247897533,0.395483836137,-0.334339335547,0.122447507059,0.000196811110446,-0.116236351844,-4.78263155703e-21,0.0681005593914,-0.443901269115,0.39482816084,0.10345963814,0.000209679207771,-0.181846770639,0
0.0727130855381,-0.0786753312181,0.808597538986,-0.0521493758,0.0195688442,0.954492424,0.292987569,-0.604264158917,-0.0513886335841,0.118943037147,0.461268129668,-0.0540402539586,0.0819184610208,-0.191860412909,-0.0990832492509,-0.163249516689,0.796416095263,-0.0898589879507,0.0713850699766,0.00219498,0,0,0.558499020606,0.394790422295,-0.326112029829,0.122261320057,0.000172854338429,-0.114609200238,8.80947960359e-22,0.0486323314257,-0.43975095384,0.400550631633,0.108095239117,-0.000124355185025,-0.175438965701,0
0.0848750576005,-0.0857603793876,0.805266162755,-0.0468658464,0.019489664,0.957366518,0.284381953,-0.613538287773,-0.0701518627736,0.102101842665,0.44811780142,-0.0307569997951,0.0883806110398,-0.135717076751,-0.0920350859121,-0.176809588762,0.748003703122,-0.0684395106762,0.0911969562493,-0.0222138483,0,0,0.590376139535,0.395346808174,-0.319153868045,0.121897617468,0.000171089114983,-0.111148318779,-8.93338248739e-21,0.031055406179,-0.437747880172,0.411581755162,0.111956758778,-0.000395926566939,-0.168458074101,0
0.098646931239,-0.0937949614682,0.801582744108,-0.0414832343,0.0176906877,0.959284151,0.278819115,-0.622155690391,-0.0752584640702,0.0972599988291,0.437106035825,-0.00866217631219,0.0792327119265,-0.106661950546,-0.0845080772713,-0.183823759284,0.70478257926,-0.109355325633,0.103016382795,-0.0404488186,0,0,0.620281152805,0.396183259223,-0.310665172993,0.121947179416,0.000183023188129,-0.10853879847,7.52026459777e-22,0.0193052665218,-0.430850129608,0.417049641547,0.115342581523,-0.000607995476894,-0.163186587849,0
0.114609643096,-0.102445098878,0.797732737112,-0.0376174645,0.0146343677,0.960173544,0.276473376,-0.644318763548,-0.0732498294589,0.0896479780858,0.439275483756,0.0133047293648,0.0753613243011,-0.111323868543,-0.058860470478,-0.164188854394,0.677825602708,-0.200059122313,0.104665215861,-0.0494913161,0,0,0.641753668523,0.400726425999,-0.31135783991,0.122573919907,0.000172954714551,-0.103705275669,1.21653286014e-21,0.0100699523193,-0.427214602576,0.42070855176,0.118983385458,-0.000686469692759,-0.156821208353,0
0.132741911775,-0.111854458301,0.79393835273,-0.0351806752,0.0118932668,0.960105849,0.277159936,-0.665259718505,-0.0666271136739,0.0841388969031,0.426341160362,0.0530492141012,0.0599528874314,-0.135735745837,-0.0533859639095,-0.166527266639,0.699935235349,-0.298578817859,0.0783502369076,-0.0593707023,0,0,0.654670857469,0.405809054553,-0.30908748241,0.123103210542,0.000160306803822,-0.09949219949,3.21806657768e-23,-0.000350371569464,-0.418382888999,0.424144968921,0.121059886824,-0.000802619888424,-0.152908497613,0
0.152986980145,-0.122359754214,0.791843357791,-0.033801161,0.00871141888,0.959377267,0.279958662,-0.674153815942,-0.0522874661331,0.0838853908014,0.380493945472,0.122869711221,0.031987410408,-0.17266470137,-0.0500201567997,-0.179371923396,0.721224143235,-0.392903201434,0.0400262450918,-0.0734297392,0,0,0.659335515439,0.417034492029,-0.312007293786,0.123859099811,0.000127897296786,-0.0941344206688,-1.94824287468e-21,-0.00649486025867,-0.401244110344,0.425815602244,0.123891975975,-0.000990140443381,-0.148376948834,0
0.175387998484,-0.134062651885,0.791438170496,-0.03445214,0.00726134855,0.957956863,0.284743694,-0.671828523679,-0.0370844492939,0.0863485646804,0.295797864572,0.220519276716,-0.00761212140063,-0.213907314561,-0.0522898613956,-0.200622404026,0.732688363977,-0.435775836591,0.00307412117793,-0.0885418685,0,0,0.65144177371,0.424305729196,-0.313831996146,0.123804968036,9.37149126106e-05,-0.0888747239259,1.09046663184e-22,-0.00902010955251,-0.384036293994,0.430548468851,0.12612585188,-0.00116560093551,-0.143074408662,0
0.198032809358,-0.146478806144,0.792349414168,-0.036130172,0.0055119739,0.956668699,0.288875804,-0.662245839993,-0.0198388453388,0.0841937870073,0.198125874076,0.327728394192,-0.0535852034804,-0.257410306042,-0.0509318909648,-0.218081513076,0.733507392148,-0.474893155545,-0.0227612041067,-0.0976462401,0,0,0.631259687794,0.43870778195,-0.319629732606,0.123694808861,3.7424593565e-05,-0.0879100916129,4.03154868077e-22,0.000535701924035,-0.3758820435,0.439409221987,0.127484561936,-0.00125027928769,-0.142296179517,0
0.219677905347,-0.159492582634,0.794620226212,-0.0375774609,0.00888287949,0.954654469,0.295201412,-0.68413336229,-0.00657778557763,0.0755304072316,0.195169154802,0.299798108342,-0.0748192020376,-0.304605081063,-0.0554833673584,-0.212238531587,0.730733098853,-0.487155378289,-0.0362812345055,-0.0890656861,0,0,0.60144464214,0.435804075279,-0.317487819316,0.123525990238,5.96669813139e-06,-0.0928535843652,-2.31489600778e-21,0.0260052146181,-0.385087008966,0.440573578319,0.125966144251,-0.00109475243467,-0.1433963128,0
0.24024406054,-0.171832207532,0.79928509806,-0.0403050154,0.0174841439,0.951848299,0.303405054,-0.729489890434,0.00735171899128,0.0761446287551,0.316302328528,0.0949001234413,-0.0539025880578,-0.353663567653,-0.0649641104888,-0.198534996761,0.715048382229,-0.4720311641,-0.0415005709744,-0.0497854158,0,0,0.552214299276,0.421710064602,-0.31567719826,0.122960032613,7.37728182678e-06,-0.100350504906,3.82885464645e-21,0.067370527084,-0.418986303328,0.433267758464,0.12097376359,-0.000560918947064,-0.145086503565,0
0.259124755848,-0.184555772806,0.805238048052,-0.0406947744,0.0253056426,0.94873748,0.312411194,-0.722180442632,0.0443553219591,0.123774493002,0.448492969455,-0.0629862194787,-0.0272881558609,-0.391898486907,-0.0683758758749,-0.174975487635,0.687556297699,-0.431739687425,-0.0387018066123,-0.0152083714,0,0,0.502205564027,0.403452599168,-0.319703464733,0.123440204262,8.12750170479e-05,-0.106710765829,3.85750241452e-21,0.122212365571,-0.458698338826,0.430197431505,0.118352584079,-9.95559929086e-05,-0.143517767312,0
0.276581474554,-0.196499088882,0.810969255967,-0.0361182169,0.0283823579,0.945959282,0.321015503,-0.673326299228,0.0937393782563,0.177577426299,0.597590119604,-0.167891793708,-0.0129039327208,-0.404956661361,-0.0651074988119,-0.156534814763,0.647120440919,-0.3756315551,-0.036791890807,0.00586864432,0,0,0.459160247074,0.401494436336,-0.330388879984,0.123150153964,0.00013484036089,-0.113319468749,-1.8030022655e-20,0.197156644067,-0.478529592183,0.427107289589,0.116930002749,0.000124769549054,-0.140254615228,0
0.292562983177,-0.208746404145,0.816852103998,-0.0364412633,0.0348706356,0.94274401,0.329681367,-0.598374007075,0.12069217429,0.221487341873,0.704377698113,-0.212760701926,-0.00493891988388,-0.407139772286,-0.0572951490715,-0.127684400985,0.557510928662,-0.293804445094,-0.0307516878574,0.0184209229,0,0,0.395585190642,0.387879484698,-0.329499660669,0.122360421616,0.000260807980862,-0.119004781278,7.70943440331e-21,0.251205614875,-0.515191398295,0.427835742773,0.117652211676,0.000263932912635,-0.130938095537,0
0.30844046648,-0.22132757277,0.820111163476,-0.0301844384,0.0348986664,0.939120965,0.340474369,-0.498626019707,0.140369877372,0.245813604013,0.800577338064,-0.228769971103,0.00417953633922,-0.405656568301,-0.0494174240319,-0.1136499688,0.503632534648,-0.237847250248,-0.029771901885,0.0296659058,0,0,0.359172024459,0.39081531998,-0.334565471505,0.119967398764,0.000369359021227,-0.132386984086,1.29178759556e-20,0.332200211879,-0.529983210007,0.41704591854,0.118253304193,0.000311388842852,-0.121283155899,0
0.324598325449,-0.234924145536,0.819443023723,-0.0208569442,0.0270613616,0.935381801,0.351985165,-0.380003542831,0.161317528198,0.259640562242,0.870037695451,-0.212678232528,-0.000468439110816,-0.420728137207,-0.0306677901848,-0.105591459336,0.509035329852,-0.212123065817,-0.033668729701,0.0342333214,0,0,0.347037343627,0.415269188128,-0.346037875648,0.115316547448,0.000387592543672,-0.14972524463,1.01089418483e-20,0.432911627363,-0.522542186436,0.405694648209,0.118836039201,0.000252175884191,-0.111007463101,0
0.340365942598,-0.248944581005,0.818029663227,-0.0169053178,0.026810408,0.930562852,0.364757714,-0.258286674865,0.144950843946,0.275441914897,0.870445766564,-0.177176684751,-0.0125291126035,-0.44610705376,-0.0163823225561,-0.0825151439505,0.49873011835,-0.184457656298,-0.0394782702996,0.0488517851,0,0,0.310463534234,0.411430808077,-0.338528893671,0.113105681723,0.000610376452595,-0.163936706938,5.01660530795e-20,0.510047646023,-0.535717079314,0.391535039656,0.119380596718,0.00023513417433,-0.0974319887453,0
0.35687561138,-0.263899378927,0.813938378205,-0.0141476555,0.0274411263,0.925078345,0.378519331,-0.144596117833,0.115134740584,0.290602326124,0.844647849965,-0.149095321526,-0.0278776769418,-0.488281026422,0.00306199099507,-0.0509840308477,0.51250945926,-0.165974127806,-0.0482471292251,0.0720260172,0,0,0.27366129104,0.406307361539,-0.333926615751,0.110245207599,0.000950239164852,-0.176720823745,-2.08807831395e-20,0.581407549914,-0.54456603976,0.367003756866,0.120348943838,0.000196913032286,-0.0864373237535,0
0.373444811068,-0.280120622852,0.808036324283,-0.0116936746,0.0308874675,0.92006018,0.390382488,-0.0483946853494,0.0655815587515,0.297623288285,0.798231690343,-0.151874290049,-0.0377433657154,-0.549643091023,0.01885659598,-0.0174294096132,0.55270506114,-0.154053124979,-0.0513417565866,0.0969558694,0,0,0.238892025694,0.388920851305,-0.329615920531,0.109655519043,0.00141271484977,-0.18606818035,9.90165128103e-21,0.649646084648,-0.554439883967,0.340425872062,0.120857651802,0.000136021784086,-0.0755996249697,0
0.391974596638,-0.297638979689,0.80010676542,-0.0117933369,0.0345161523,0.91450138,0.402935204,0.0232742922779,0.00595112571859,0.289473496126,0.735252294277,-0.154598958598,-0.0534718115476,-0.622492471322,0.0416868833561,0.014094387318,0.596744855166,-0.128392729379,-0.0484574771744,0.129037059,0,0,0.200314697329,0.378978777544,-0.330951855485,0.110458009693,0.0019641266326,-0.19418672081,1.24211129831e-20,0.705471137473,-0.558169241889,0.310528559365,0.12203545859,6.3045135346e-05,-0.0661902223384,0
0.411021353488,-0.316749847807,0.791874150654,-0.0128422331,0.0387278256,0.909050909,0.414682622,0.0674572472921,-0.0588154886082,0.26737625169,0.672231710246,-0.176004651782,-0.0618471553305,-0.685688747799,0.0673252464393,0.0444634399355,0.610658329844,-0.0827857068219,-0.0433812136227,0.161609368,0,0,0.174561256111,0.353781429907,-0.323640842559,0.110152556584,0.00264810661634,-0.199785847273,-1.13417986638e-22,0.747607933876,-0.559531939094,0.288625864294,0.122907630801,-1.33027370967e-05,-0.0604053091794,0
0.431821578753,-0.337488726385,0.78508074573,-0.0155612103,0.0437129593,0.905685937,0.421402431,0.0717748508079,-0.0958787655548,0.255065386427,0.639019841843,-0.227206160051,-0.032841911494,-0.738033372968,0.0817185243973,0.0631001861773,0.589447199257,-0.0221028068139,-0.0335419182698,0.183212219,0,0,0.146299005006,0.333295247348,-0.327927393167,0.113588002472,0.00311581420661,-0.200354458209,-2.80112698366e-20,0.771543240463,-0.556703997511,0.27400909161,0.124338055423,-6.91724210976e-05,-0.0590909055294,0
0.454108615783,-0.360287931844,0.780691246272,-0.0214578274,0.0495108406,0.904960552,0.422059992,0.0425746593671,-0.129282160356,0.231647364342,0.598197269652,-0.29505730558,-0.0394509919857,-0.782260930834,0.0809582797158,0.0681227283108,0.535057388312,0.0225767475245,-0.00791663129455,0.193556633,0,0,0.116855242862,0.31812714084,-0.334583019748,0.116271560839,0.00336134276854,-0.195257638465,-9.66370085196e-21,0.77787506954,-0.543343410257,0.260608383775,0.124936358515,-0.000102511125481,-0.0608356417623,0
0.47807745172,-0.38468697422,0.780066938977,-0.0297005984,0.0555188039,0.904982485,0.420763875,-0.035892259644,-0.136770382003,0.232028017634,0.623148867905,-0.406770546894,-0.00884240777472,-0.834796611474,0.0882302971939,0.080244138406,0.483658526952,-0.0124867096927,0.0221522202679,0.18876649,0,0,0.094492456486,0.320019727511,-0.338856293485,0.120501519916,0.00320687591157,-0.185304366804,6.40439547445e-21,0.755201330225,-0.538729116094,0.266617586005,0.124718868847,-7.35799268707e-05,-0.0653608420913,0
0.502726862972,-0.409024216655,0.784410660565,-0.0498846997,0.062344382,0.90420245,0.419574338,-0.119125855765,-0.113156356514,0.267835735687,0.597665290065,-0.45348333565,0.00104987726072,-0.887819028215,0.091314513814,0.0770197613674,0.398957992836,-0.0989545849459,0.0240497162988,0.188049256,0,0,0.0479952042562,0.320496392505,-0.336719457959,0.126604290073,0.00303344159862,-0.16708381887,-6.38834785701e-21,0.68708000888,-0.53199753808,0.269726959372,0.120687999988,5.75406597754e-05,-0.0683103065006,0
0.526778874483,-0.432898915226,0.789228876143,-0.0610905697,0.0648444995,0.903887727,0.418389903,-0.187697521536,-0.0917509000579,0.294676321378,0.582857769212,-0.482476968207,0.0114562506609,-0.906373166268,0.0577525688082,0.0182178710311,0.331021875424,-0.158951665788,0.0461085063021,0.168110078,0,0,0.0624377196963,0.322323037264,-0.322007068709,0.128095601902,0.00255940162978,-0.155077836066,1.41665623933e-21,0.622340187344,-0.524161081668,0.28176876336,0.11837819033,0.000167835645491,-0.0785899131833,0
0.549199939947,-0.454990389583,0.793062519977,-0.0669105467,0.0661743437,0.906138059,0.412380593,-0.254942498244,-0.0802000282612,0.293051048109,0.590013606497,-0.501184349205,0.049110477538,-0.898411241079,0.00983451595617,-0.0332849324339,0.331557116677,-0.131098420082,0.0534519463118,0.157784984,0,0,0.0849028330032,0.341797864633,-0.335532923188,0.128485880618,0.00208221116162,-0.14485883815,-1.53374938749e-20,0.57426951442,-0.509186318084,0.281557859811,0.117664189775,0.000253380823238,-0.0964488162982,0
0.570358771096,-0.475374310384,0.797911381317,-0.0629850522,0.0642796609,0.909978589,0.404771511,-0.315642337841,-0.0716489067352,0.289815984264,0.629500413693,-0.499836190961,0.0780366029259,-0.858883085409,-0.0213375465511,-0.0250546193061,0.376223650824,-0.0894009279249,0.0492990667444,0.147178329,0,0,0.15622616727,0.344979351401,-0.350641114033,0.129171985146,0.00161037808772,-0.135150758613,2.58483695912e-22,0.550929446244,-0.504260562984,0.292297391055,0.11647851894,0.00028387439396,-0.119614828697,0
0.590381902481,-0.493779937087,0.806184991328,-0.0624449082,0.0620173505,0.912333271,0.399878088,-0.347923646597,-0.0660647270844,0.283118849647,0.599361752773,-0.441481078522,0.084997654857,-0.824878656474,-0.0387203248807,-0.0113984446767,0.446858105904,-0.0889850740024,0.0437979018188,0.139347648,0,0,0.215783535866,0.364618378266,-0.364970817338,0.130016781405,0.00110692616688,-0.119136516377,7.69998845022e-21,0.502569834704,-0.498926001104,0.303208373422,0.113605943739,0.000388595877005,-0.132443466894,0
0.609353085207,-0.510547511839,0.815088998621,-0.058651947,0.0592024461,0.914347348,0.396262472,-0.355575607072,-0.0676823421798,0.272506938222,0.539690235544,-0.360285804579,0.0808589031842,-0.779457916035,-0.0533239214415,0.0108504592903,0.542250270459,-0.115363465702,0.0390286893122,0.125986807,0,0,0.295529447696,0.383134626861,-0.374329050323,0.129079175697,0.000627745518981,-0.100922177515,-1.49825592979e-21,0.453109114457,-0.502174575011,0.322595724811,0.111663000018,0.000488266165759,-0.139974840182,0
0.627620582113,-0.525769456439,0.822257401092,-0.0532077643,0.0550405508,0.916077533,0.393625997,-0.353009189699,-0.0683891200841,0.259419570785,0.476539462524,-0.280391682851,0.0672747895041,-0.714948505156,-0.0736788516798,0.0135103650587,0.636526778888,-0.146646584499,0.0403170919736,0.116055299,0,0,0.377225606736,0.405047188458,-0.378672078726,0.12621591268,0.000292699950508,-0.0856241435546,-5.92019340199e-22,0.40330508472,-0.507963597944,0.340254556978,0.109772044044,0.000579480787856,-0.148056842641,0
0.645168589941,-0.540281719928,0.827161366514,-0.0459870323,0.0509326305,0.918391919,0.389675947,-0.344562997361,-0.0694355146684,0.252607657097,0.416499756246,-0.217247131648,0.0628165081405,-0.636431835526,-0.10979795763,0.0050693370228,0.735000863687,-0.184989325321,0.0330430388707,0.107614135,0,0,0.456979749625,0.426359508314,-0.382824168663,0.123128104848,7.59133954471e-05,-0.0761321700316,8.69162949425e-21,0.35972724912,-0.509715726034,0.347740476491,0.107299062258,0.000650914886474,-0.161897123635,0
0.663230851355,-0.553913845198,0.828445744146,-0.039668081,0.0482786191,0.921089639,0.38430391,-0.35099909892,-0.0731436470706,0.239408591775,0.381772768686,-0.183232806691,0.0669249692173,-0.536979255626,-0.161626515323,-0.0227485855524,0.804507170022,-0.183735436478,0.0375697291161,0.103090503,0,0,0.525174824185,0.44572374632,-0.385967267084,0.120174868669,-6.4449342559e-05,-0.0692351445438,-2.70882584011e-21,0.318796966459,-0.515227968939,0.346876073147,0.103213991656,0.000758405953379,-0.175037604534,0
0.681820155879,-0.568132798234,0.826129888817,-0.0345172064,0.0453362351,0.924696824,0.376415955,-0.377490469128,-0.0715791103406,0.22914568971,0.382240664024,-0.172277065698,0.0809186450001,-0.436261724823,-0.197693558959,-0.0485608930359,0.863538966946,-0.183261359887,0.031415689324,0.10275524,0,0,0.58455338365,0.460042284915,-0.378137290344,0.117729352913,-0.000156132255914,-0.0671121083988,4.37681815665e-21,0.281397699168,-0.521649583971,0.344614025186,0.0973873789265,0.000902140913126,-0.189165441831,0
0.701739240798,-0.583012288653,0.820895720899,-0.030867131,0.0435649444,0.929785416,0.364209274,-0.427197083904,-0.0789367403013,0.205454203144,0.412364818517,-0.167450596999,0.101572510847,-0.321704051251,-0.218568854142,-0.0779260575715,0.876627456277,-0.131808647872,0.049131176815,0.0879076971,0,0,0.632572249306,0.474057767843,-0.368172818184,0.116822352292,-0.00021404689427,-0.0680442031892,3.21968158047e-21,0.243936884879,-0.524010864766,0.334357437031,0.0919452262202,0.00089798914742,-0.205414718557,0
0.723018979879,-0.598109428979,0.813311823941,-0.0284220687,0.0396992377,0.935919365,0.348813844,-0.494359738584,-0.0847764642435,0.171598789553,0.471136836841,-0.165762322522,0.118575530934,-0.206203032285,-0.191691546281,-0.0956148504573,0.850314760458,-0.0629693102579,0.0750689076733,0.0623713028,0,0,0.674107888494,0.485940838558,-0.345794296519,0.116343808541,-0.000228052051718,-0.0690275102958,-2.70287886854e-22,0.207771718771,-0.515497493647,0.322275386139,0.0887580539921,0.000657757789134,-0.217294001102,0
0.746262779187,-0.614349355667,0.804326843914,-0.0298944877,0.034328584,0.942403961,0.331364817,-0.581436599403,-0.0922928482378,0.132088190223,0.542198185764,-0.160108538701,0.129573053694,-0.122111371547,-0.130111535579,-0.095933718563,0.817701292106,-0.0353845974917,0.091979414185,0.0248610803,0,0,0.704976013629,0.493612059543,-0.310702230658,0.117105377719,-0.000190671950703,-0.0732021246986,-4.4311875144e-22,0.165867267401,-0.499709394105,0.313160607789,0.0857000331875,0.000135706913622,-0.226394704379,0
0.769922428782,-0.630595335567,0.795062476556,-0.0312764168,0.0293058803,0.94858294,0.313613389,-0.659560168087,-0.103380151919,0.101920833998,0.591894315541,-0.134272037636,0.129769243787,-0.0452984424639,-0.0737886740509,-0.0995015131518,0.748757129481,0.0051122603721,0.107251373621,-0.0108643511,0,0,0.730040774141,0.491966501933,-0.267892341954,0.11806434759,-0.000126981255472,-0.0772868603399,-1.1587328957e-21,0.130121429948,-0.486944815429,0.307037990002,0.085727723044,-0.000452229582795,-0.230626879748,0
0.795632899767,-0.647735898096,0.786810933552,-0.0344001676,0.0256930293,0.952952246,0.300064182,-0.721520431009,-0.113810825985,0.0764664422109,0.59298885478,-0.0851001087099,0.123613104434,-0.0132442275186,-0.0128874840456,-0.0803193820785,0.686715600794,-0.0128965518305,0.120406432551,-0.0433972355,0,0,0.745799455517,0.476069859164,-0.220866118659,0.120122826561,-3.42540880362e-05,-0.0827081264057,7.59451652719e-22,0.0924717232087,-0.478544390973,0.312748763866,0.0880278923089,-0.00102050621186,-0.230546506555,0
0.823310703978,-0.666104113305,0.782101451449,-0.0382153606,0.0211892118,0.955733695,0.290970285,-0.770116665352,-0.115527947897,0.0559913316223,0.564464564135,-0.0557296918655,0.105255913955,-0.0405861880204,0.0254604945724,-0.0682307240344,0.658661270185,-0.167400535283,0.0953644800343,-0.0580012454,0,0,0.743674693162,0.464236383086,-0.189040749112,0.121160949857,1.99622598976e-05,-0.0899060055004,-5.89265364857e-22,0.0595692122334,-0.477333356893,0.320008906568,0.0917423835445,-0.00122504636754,-0.225055499067,0
0.852588036194,-0.685476989675,0.781033644371,-0.0510680785,0.0217846551,0.957033019,0.284614266,-0.822597549605,-0.115687263744,0.0445612211306,0.499506334532,-0.0683032771234,0.0776414073761,-0.100334876574,0.0243833357527,-0.100881376824,0.648049730407,-0.301369286443,0.0621383755427,-0.0796397958,0,0,0.704086720386,0.449160816837,-0.165713275367,0.121409872926,4.27767128695e-05,-0.0936151799896,2.62096479038e-21,-0.00688936436788,-0.477343275005,0.324498295318,0.0990380722198,-0.00151679335889,-0.212934440584,0
0.881914937812,-0.705431594,0.783794016319,-0.0589909018,0.0232732582,0.956913608,0.283363328,-0.860863232925,-0.101450487823,0.0564939527649,0.446077307727,-0.144940053902,0.0508483020195,-0.157602518668,-0.00964218646541,-0.170157756462,0.635113536883,-0.434622833782,0.0349774258899,-0.0726605821,0,0,0.666754071509,0.433283318894,-0.149674150693,0.120486822249,6.40049153847e-05,-0.103286874662,-2.17529029104e-22,-0.0325975552388,-0.497963510174,0.333843803138,0.101073780511,-0.00124836232916,-0.203700871875,0
0.911161355807,-0.725300352865,0.788099343593,-0.0669214102,0.0266334237,0.956788116,0.281724487,-0.887671677473,-0.0676787490469,0.104066094105,0.409106006691,-0.211991541022,0.0191266321651,-0.213176170055,-0.0285792279823,-0.206216739476,0.60505365373,-0.487540927058,-0.00119044882988,-0.0619200779,0,0,0.61460017198,0.431958947321,-0.153808600254,0.119430307295,3.89937888682e-05,-0.113946644966,2.77979308128e-21,-0.0467338966072,-0.52431741086,0.336149887565,0.103741540802,-0.000886662923104,-0.19687846135,0
0.938075404533,-0.744995628016,0.790972570607,-0.0717372468,0.0286533816,0.956029739,0.28291322,-0.885862026832,-0.0316803855425,0.145883876468,0.427284275641,-0.196634016385,0.0121935609852,-0.286355915164,-0.0287851263352,-0.191448503837,0.616895560996,-0.513789415406,-0.0335331964693,-0.0479804965,0,0,0.567951568403,0.433756245228,-0.158408829721,0.117406460126,4.30198396348e-05,-0.128268155805,-5.55927300022e-22,-0.0340266783521,-0.541707078976,0.342468938788,0.10169054702,-0.000586830777433,-0.198573041992,0
0.963275739844,-0.764062972588,0.795948833475,-0.0680619268,0.0239836544,0.955159965,0.287161627,-0.844131406108,-0.0129200338165,0.129380491872,0.489448864494,-0.168127199993,0.0140238308104,-0.336837415388,-0.0245433502885,-0.19042841301,0.628398995144,-0.498739063126,-0.0585642008028,-0.0441541115,0,0,0.55781025868,0.453854086811,-0.169715485179,0.115467890781,1.17688620716e-05,-0.145817788776,-8.86462573822e-22,0.00966425901288,-0.538615466413,0.357306204373,0.10084886455,-0.000500574745416,-0.200851988008,0
0.986144485521,-0.782166465529,0.803764368739,-0.0657714904,0.0267495528,0.954419646,0.289899486,-0.796519700776,-0.0152056707582,0.109260850673,0.585041378465,-0.166357671568,0.0175078296515,-0.373361833239,-0.0328918387254,-0.18088756482,0.601343681172,-0.435352821584,-0.0643576820986,-0.0484286845,0,0,0.520612715934,0.463754345024,-0.189872482703,0.113670289149,-5.80486717378e-05,-0.152366885185,2.50692181492e-21,0.0504626555583,-0.536623061469,0.353328126119,0.101407943406,-0.000505708662249,-0.19675517413,0
1.00688581793,-0.799454648636,0.811651756467,-0.0605351316,0.0282858248,0.953510942,0.293857609,-0.721689209122,0.00626184961162,0.113974490177,0.682977511976,-0.180339327763,0.0195550334574,-0.385157171483,-0.0332626766443,-0.162837050193,0.543609181713,-0.353117520545,-0.0550923880512,-0.0407750006,0,0,0.481007820075,0.472717641329,-0.207662310439,0.11163235803,-8.91929245111e-05,-0.158922174443,2.44196411078e-21,0.107007961807,-0.547395838252,0.353997558648,0.101092502527,-0.00031003239287,-0.195165416793,0
1.0268761807,-0.816898016077,0.818129081523,-0.0540403038,0.0294867888,0.952165346,0.299318105,-0.627166583211,0.04711854848,0.140410792153,0.773524321519,-0.202800824612,0.013799502165,-0.389276361216,-0.0351019728738,-0.146849822891,0.479543240985,-0.269019779943,-0.0349582498081,-0.0321826341,0,0,0.44772560921,0.469896077116,-0.212455574841,0.107003863993,-2.30793927798e-05,-0.172269397537,-1.77200579915e-20,0.168703987113,-0.557341091584,0.346285936667,0.100129082615,-0.000138028253559,-0.193693449874,0
1.04659165743,-0.834331092875,0.821080687695,-0.0485535273,0.0290973627,0.950249313,0.306304003,-0.519518120181,0.0911722565239,0.168670639338,0.833759297587,-0.197602504366,0.0126012655005,-0.402846900737,-0.0345763706306,-0.135794730505,0.436828296125,-0.206316564946,-0.0299546706898,-0.0206305026,0,0,0.412696142304,0.47886276894,-0.212517085444,0.101803758497,5.62759378236e-05,-0.188472666234,-8.85941380048e-21,0.227123838742,-0.564842683905,0.340382989582,0.0998767956108,1.17712351641e-05,-0.19463792516,0
1.06676299136,-0.85247309689,0.819642786134,-0.0444988761,0.0305955379,0.946212336,0.319007803,-0.402117888111,0.129418301143,0.204477563975,0.862734154375,-0.180989806417,0.0129669830733,-0.446185263035,-0.0322147094089,-0.111067952607,0.441407325593,-0.179994946547,-0.0363325190561,-0.00654513283,0,0,0.379924699055,0.475669234304,-0.20181995703,0.0935675201712,0.000268888599629,-0.20855273224,-4.5150741726e-23,0.270531487955,-0.582050159486,0.339038495639,0.0987589117282,0.000187078851707,-0.195259841024,0
1.0870597382,-0.871152868608,0.814254255809,-0.0421197516,0.0316130777,0.941703197,0.3322975,-0.277948529708,0.141372440297,0.227668463814,0.849690706385,-0.129345860634,-0.0126689066515,-0.510069016033,-0.0193463376234,-0.0765914063415,0.479381733138,-0.182052662431,-0.0494620865558,0.016969024,0,0,0.341740546564,0.47367931598,-0.192293578627,0.0860830952461,0.000650649189933,-0.230370119126,-2.29972835042e-21,0.314651228015,-0.590005050278,0.313732928051,0.0974757490967,0.000397801616554,-0.195140433613,0
1.10845858506,-0.891297135012,0.805014732912,-0.041287775,0.0356909805,0.936833693,0.345491107,-0.180568701155,0.1292946904,0.239831826174,0.833511711635,-0.11724245192,-0.0195271611154,-0.609837587813,-0.00769433656242,-0.0387954772537,0.570813121555,-0.190504035134,-0.0604097413312,0.0479572965,0,0,0.295405434992,0.462794608502,-0.187511660597,0.0803867538063,0.00128208224021,-0.246650530691,5.16617388451e-21,0.350057217895,-0.612025094716,0.293630899021,0.0966763530472,0.000662936523664,-0.199081816841,0
1.13051731839,-0.912369796159,0.795173693282,-0.0395828373,0.0408040428,0.931582063,0.359058616,-0.0990931361887,0.0938278730575,0.238688687793,0.803616605279,-0.127086873973,-0.0183151928466,-0.709213224624,0.0154534791839,0.00803557366223,0.652812780558,-0.184501246782,-0.0569060080743,0.0909008452,0,0,0.245616658053,0.446413383747,-0.189981751554,0.0784997941316,0.00218284371649,-0.25628015932,4.30242361429e-21,0.385509179228,-0.636743306654,0.272440382371,0.0982296419676,0.0010319061665,-0.197887480626,0
1.15212226312,-0.934074842292,0.785299878601,-0.0390928665,0.0458751321,0.925712024,0.373395861,-0.0412049039781,0.0340701367221,0.220895099399,0.763441008832,-0.157010792557,-0.0306379789365,-0.788144346652,0.0475517962999,0.0523222085787,0.686088768531,-0.155002424284,-0.0517566823434,0.1354961,0,0,0.200689798406,0.430019111439,-0.195083703009,0.0803696645958,0.00312579069799,-0.258455110399,2.29481561256e-21,0.416137843122,-0.659845982177,0.255953613578,0.101438117323,0.00135552517138,-0.191978187577,0
1.17522283098,-0.956844460199,0.776597033018,-0.0390951516,0.0489931731,0.923092933,0.379434678,-0.0217870619849,-0.0171490404747,0.191479378838,0.743192687038,-0.218562604402,-0.032376627242,-0.848971742999,0.069668498839,0.0797842283735,0.685190469133,-0.11697871114,-0.0446712799486,0.168667624,0,0,0.152545430176,0.423874284644,-0.220776667146,0.086454923704,0.00370045836672,-0.253739101754,1.30074828749e-20,0.450337221879,-0.660276835383,0.222230464665,0.105388524483,0.0015503551769,-0.183880444737,0
1.19969152206,-0.981939645785,0.770719658988,-0.0400870229,0.0505359546,0.922883623,0.379637941,-0.0241483295788,-0.0553927176616,0.167924205066,0.707636296939,-0.250061031133,-0.0344036093199,-0.903445116631,0.082807613034,0.0988306496062,0.665556536151,-0.11192380434,-0.0242584858639,0.176078122,0,0,0.120565262241,0.422599442128,-0.243132720194,0.0918120861578,0.00375133473734,-0.247246505568,7.21099318514e-20,0.477341361598,-0.647367230613,0.192174373593,0.108655088967,0.00152353517955,-0.176323357163,0
1.22562413598,-1.00851744524,0.768562666441,-0.0497992134,0.0600713404,0.921111755,0.381398227,-0.103128150057,-0.0684122023293,0.196230254262,0.7214360254,-0.393441468709,-0.0178762113174,-0.972836294421,0.0818815791659,0.115458363943,0.627147243744,-0.146099603119,-0.00777872405487,0.183234724,0,0,0.0730542783975,0.408479455579,-0.247001942398,0.0988273903536,0.00393855741174,-0.234743502772,2.13642903038e-20,0.46716472468,-0.643184710057,0.162100079378,0.108514224017,0.0017626500418,-0.169805666622,0
1.25321724579,-1.03577776634,0.769236006219,-0.0626236394,0.0649003242,0.920185771,0.380951933,-0.19517842046,-0.030645777396,0.260018196102,0.755443872171,-0.494584301765,-0.00549983538052,-1.03593997476,0.0812514598108,0.112321350692,0.583460937794,-0.230352754863,-0.00895694508175,0.171607252,0,0,0.0491615572894,0.419074903316,-0.249564535094,0.099461738354,0.00371772486476,-0.231854787809,-2.79033116424e-20,0.436867629199,-0.634479327814,0.146165605545,0.107236150782,0.00188371150714,-0.171801649784,0
1.28108951678,-1.06175248795,0.77242303855,-0.0819539412,0.0736591607,0.917412769,0.382376374,-0.296913238128,-0.015624669358,0.287400360574,0.750592210343,-0.534676935784,0.0264872941993,-1.07591578671,0.0505115305232,0.0737779152416,0.492341937293,-0.276097431092,0.00179020099061,0.165864708,0,0,0.0102467629188,0.429476933486,-0.256165527105,0.102147716179,0.00358775966377,-0.227353524965,-5.43111682341e-22,0.374630997209,-0.638000347912,0.141701424527,0.103243762334,0.0022404895415,-0.179725130067,0
1.30602688124,-1.08605585575,0.773652983248,-0.0856719592,0.0755686285,0.918209757,0.379263154,-0.370141409299,-0.0120061933352,0.290713567011,0.768525492483,-0.571236409473,0.0555564155475,-1.06036203446,-0.00442201648788,0.0159625113969,0.455745260582,-0.218659441574,0.0223631130062,0.166633375,0,0,0.0193224860148,0.442132451953,-0.27694193262,0.10167194886,0.00332609140859,-0.225170951666,-2.61014565518e-21,0.358664480645,-0.638557490679,0.14168520535,0.0954748207464,0.00249226119948,-0.196708400188,0
1.32886646412,-1.10762721546,0.777779844677,-0.0862378366,0.0755286269,0.920481214,0.373594429,-0.428852575698,-0.010946506612,0.289780846845,0.774829531337,-0.568638995915,0.0945234036161,-1.02282386938,-0.0469663391847,-0.00688597610133,0.48157111205,-0.144645415135,0.0250917546401,0.161104088,0,0,0.0457672180965,0.449653174764,-0.290559427185,0.103055156904,0.0029753410165,-0.221846033055,9.80020362684e-21,0.340344816427,-0.634313939622,0.149994496428,0.0889592207341,0.00255203229704,-0.215444128583,0
1.35083291907,-1.12796267748,0.784395939419,-0.0758991411,0.0698366464,0.92371766,0.36892797,-0.459995754704,-0.00314032542993,0.290354689068,0.784868817416,-0.531645653163,0.113309142564,-0.964889690494,-0.0940901677591,-0.0306191922279,0.58434823205,-0.121998330699,0.00777520284813,0.135392948,0,0,0.136126813691,0.458968515671,-0.289209368529,0.102287092281,0.00213244662996,-0.215706287559,-6.2363999573e-21,0.337757993029,-0.614448160644,0.172852888483,0.0879318981258,0.00202974483975,-0.219401933691,0
1.37218564973,-1.14548183326,0.794159067858,-0.0707059545,0.0671572678,0.924594524,0.368260146,-0.473669139334,-0.0111199170479,0.27736930019,0.728750631845,-0.446334051305,0.10511480129,-0.907018079988,-0.123219749346,-0.0359969104769,0.703100816223,-0.152983513844,0.0013080349561,0.116804558,0,0,0.213399591532,0.457206054969,-0.286862815809,0.108509108244,0.00142561503653,-0.19549018629,-2.76937153085e-20,0.30787075803,-0.605579795427,0.202838026002,0.0892538553892,0.00176113990587,-0.213683015449,0
1.39246921263,-1.16174419379,0.802965903823,-0.064029451,0.0633931152,0.92647083,0.365422144,-0.47719541162,-0.0159936934798,0.267156500401,0.668924954797,-0.35570040019,0.0868590441109,-0.819451066164,-0.171788348712,-0.0568857803164,0.80721519313,-0.169018506575,-0.000659797533259,0.104866467,0,0,0.290802510743,0.450485484309,-0.28078930448,0.113951305981,0.000920151749459,-0.171175604216,5.69231645711e-21,0.288215118349,-0.594236436715,0.220475172402,0.090501034835,0.00156812917915,-0.208111117304,0
1.41241265933,-1.17657218042,0.809697567646,-0.0561730256,0.0596972272,0.928307874,0.362664201,-0.476759989932,-0.0155747854521,0.264553669019,0.616587971288,-0.289056511476,0.0838664138878,-0.713239070113,-0.21652681087,-0.0744352882055,0.896500381607,-0.177450646087,-0.00015910917371,0.105107381,0,0,0.365519906407,0.446603167269,-0.285369480552,0.118736281547,0.000568520185114,-0.14812678911,-1.54022146959e-21,0.273864919197,-0.591538207539,0.235945957832,0.0902350368364,0.00154262361317,-0.20844992383,0
1.43259208382,-1.19095839479,0.812876075467,-0.048758047,0.055737576,0.931060902,0.357269607,-0.478301770146,-0.0181516482454,0.255878405896,0.569382827565,-0.238079023097,0.0824249140292,-0.587005703027,-0.266268827867,-0.106073957269,0.958327880652,-0.153710781633,-0.00218949369511,0.0991041819,0,0,0.434334426262,0.453719768776,-0.298295112314,0.120537815812,0.000247969475633,-0.127045032822,-6.99642342884e-22,0.260600514855,-0.579385381981,0.240856578492,0.0868070998806,0.00143390604418,-0.213934264157,0
1.45337577216,-1.20510021903,0.812103844199,-0.0425244742,0.0529083769,0.934254399,0.350087262,-0.491421689426,-0.0181133361742,0.252614711238,0.54045203682,-0.203797242095,0.0892459680906,-0.42953984003,-0.294996738567,-0.138285649616,0.941357997739,-0.0680378066253,0.0513243570132,0.08635103,0,0,0.497953069639,0.46064123497,-0.310240861835,0.12184070958,3.76313304717e-05,-0.111678728504,2.19822220439e-22,0.239920390978,-0.568452683921,0.24547250833,0.0844462642196,0.00126707354687,-0.221217827935,0
1.47577564219,-1.21976564973,0.807986664782,-0.0378241439,0.0479401161,0.938206935,0.340644723,-0.523040904897,-0.0186751626124,0.229957008531,0.536312225113,-0.184986555608,0.0995092577061,-0.309684626364,-0.279933481438,-0.146665286074,0.939014174239,-0.0558040535029,0.0581953583356,0.0645585881,0,0,0.555059073448,0.473085140619,-0.316764480328,0.120615676111,-0.000100088568406,-0.100703324534,-1.48764886162e-22,0.223527882292,-0.547702722402,0.252154842086,0.0815378490786,0.000961337363727,-0.226435158736,0
1.49985013903,-1.23498702156,0.800282657915,-0.0368413862,0.0432210057,0.941865251,0.331156315,-0.580961056023,-0.0255445432034,0.18878356552,0.558182869525,-0.173096988453,0.114116987912,-0.197042956822,-0.252597555103,-0.156962807909,0.896395657768,-0.0203152331442,0.0759497743272,0.0327765609,0,0,0.60783942283,0.480039310679,-0.310052082792,0.119421082526,-0.000135708625475,-0.0942448225155,1.06845563402e-21,0.190654541635,-0.532865783994,0.267273094533,0.0776108587805,0.000411591742692,-0.233934208962,0
1.5260175815,-1.2510477616,0.790462760394,-0.0384090362,0.0377965048,0.945213535,0.321974445,-0.657282308556,-0.0212233021611,0.159737484838,0.600717898023,-0.152607055767,0.12440894455,-0.112963544294,-0.186532760114,-0.135410956811,0.841935303713,0.00938226269023,0.0804211433843,-0.000455071172,0,0,0.655237624223,0.476870639022,-0.27547742511,0.117656086255,-0.000108595622623,-0.0878575230994,-1.78183407548e-21,0.154082029732,-0.514378198947,0.27727983219,0.0790069206237,-0.000181723568571,-0.232896379058,0
1.55355322994,-1.26775482723,0.780507795537,-0.0416934006,0.0324685349,0.947904507,0.314140892,-0.732989081714,-0.0176297827456,0.129291682621,0.626999495054,-0.113799840548,0.123363797281,-0.0510168225372,-0.128509378391,-0.117998046106,0.768612342682,0.0183373793078,0.095307082437,-0.0273150252,0,0,0.686463797096,0.476327616078,-0.25220975971,0.118802734436,-7.66019542129e-05,-0.0857544069489,-6.45795431293e-22,0.118810914858,-0.497596208737,0.284325159668,0.0846352246658,-0.000691303449442,-0.228106843754,0
1.58287097176,-1.28594491124,0.772048900625,-0.0451556894,0.0276916733,0.949668676,0.308745105,-0.796721660399,-0.0134109971008,0.104876898658,0.621911644008,-0.0653351756759,0.104681516424,-0.0362713770053,-0.0835118983366,-0.0906359416785,0.722881980824,-0.0668015048828,0.0963179893729,-0.0488148565,0,0,0.705527208751,0.480651974347,-0.243308699873,0.118992764826,-5.68803731742e-05,-0.0824911943836,-1.60205404756e-21,0.092431095428,-0.483539338813,0.304393446388,0.0898133899273,-0.00100007544692,-0.219847475906,0
1.61311222364,-1.30402824581,0.767675913268,-0.0559363741,0.0269503869,0.950419123,0.304710174,-0.858402860687,-0.0157441695046,0.0835249579082,0.574287629237,-0.0566598022885,0.0750430343467,-0.07747589827,-0.0318669536197,-0.0587409672941,0.681916562679,-0.217381734194,0.11600001145,-0.0640036643,0,0,0.682805592893,0.47315448702,-0.22669308774,0.118117018105,-5.40524810817e-05,-0.0782250854424,-2.47899388748e-21,0.0449907315134,-0.478551982511,0.318148022288,0.097159013968,-0.00116113760641,-0.206399129374,0
1.64487918083,-1.32326751023,0.766850562864,-0.0612755143,0.0266002989,0.950003178,0.305010979,-0.908649025721,-0.00752947594733,0.0804469307949,0.538868785104,-0.121671425125,0.0552736309296,-0.139826921104,-0.0509830295062,-0.102726955086,0.698266262002,-0.388280842582,0.0728427396678,-0.0549886213,0,0,0.662720713218,0.461763988704,-0.213293257196,0.117890992804,-5.17366835681e-05,-0.0817624200175,-1.73801245021e-21,0.029976477785,-0.489716738097,0.328540796901,0.10014391443,-0.000892825598766,-0.196290971464,0
1.67713169125,-1.34301354722,0.770393830912,-0.0663104835,0.0313926563,0.94946435,0.305180061,-0.939704434579,0.0161092617787,0.120784936001,0.493361692466,-0.212862689219,0.0268955051921,-0.203032857025,-0.0811332760771,-0.150077582826,0.689685458783,-0.473297227983,0.0556284977288,-0.035794164,0,0,0.624027463715,0.443545779666,-0.208331012411,0.118601627751,-2.3514424477e-05,-0.0893951849921,-3.23800348559e-21,0.0287211975005,-0.518873651484,0.336044778407,0.100574744957,-0.000439399961315,-0.189500165947,0
1.70814825801,-1.36374286331,0.773502850919,-0.0708996342,0.035702783,0.949013403,0.305077225,-0.94335392058,0.0614865996498,0.198496762479,0.470202202205,-0.236819761147,0.0115685275519,-0.281382557706,-0.0943026392892,-0.160740518553,0.704307452201,-0.517513548137,0.0297353721073,-0.0248898111,0,0,0.578929067035,0.438757567472,-0.220358582463,0.119537793495,-6.73664926118e-06,-0.0998735038744,-3.29426549131e-21,0.038860644797,-0.541236071287,0.342587155307,0.101038683932,-0.000171745443437,-0.187897012649,0
1.7362576652,-1.38239729042,0.777486951624,-0.0713266593,0.0371478616,0.947451297,0.309626524,-0.902548658707,0.0863855342257,0.229141197566,0.484104212658,-0.204882845363,0.0171387050441,-0.351881935496,-0.0868972476461,-0.144629436142,0.722512682962,-0.537287530424,-0.0132799052172,-0.0119016181,0,0,0.545830139942,0.429396484853,-0.218008427674,0.118559231764,5.20109402439e-05,-0.11100335828,6.95244485032e-21,0.0762993052744,-0.549081663182,0.333858062895,0.099853985103,9.09465907865e-05,-0.180513689017,0
1.76210573274,-1.40062976715,0.784977975367,-0.0707431418,0.0377287874,0.945907231,0.314374709,-0.849480240185,0.102833507642,0.24719733257,0.544843698086,-0.197738603443,0.0218998988113,-0.392412924143,-0.0825155125136,-0.143479604406,0.688886366616,-0.501507819675,-0.0395196818835,-0.00173551787,0,0,0.510598779681,0.435291148945,-0.223050336287,0.117780504511,7.00597069304e-05,-0.119602066146,-3.32456847738e-21,0.118989095592,-0.559117637591,0.332499097403,0.104254696588,0.0002575322778,-0.170084597643,0
1.78619147362,-1.41893218126,0.793795741865,-0.0665049016,0.0382033951,0.945689898,0.315892729,-0.785240263545,0.107334369844,0.250640599082,0.634549741575,-0.198894613176,0.0340524842393,-0.414340217417,-0.0775861955991,-0.134678766772,0.640681299127,-0.441541414854,-0.049932529052,0.00234752241,0,0,0.472589868836,0.447492240999,-0.239888575631,0.116722697427,3.5366652388e-05,-0.120081603572,-2.31711200767e-20,0.181792407703,-0.562975327389,0.329496147197,0.106483508644,0.000297541824931,-0.16042996461,0
1.80814813715,-1.43773752494,0.801569732094,-0.0610070359,0.0392721954,0.945285124,0.318075261,-0.70840346398,0.109296164825,0.250430229185,0.735554792389,-0.206676521235,0.039734886125,-0.42964850004,-0.0773057602561,-0.121049172467,0.587690471182,-0.362352343113,-0.0454713381325,0.0081924993,0,0,0.435851939241,0.456950404391,-0.252629022922,0.11703923491,2.74235833214e-05,-0.122314373664,-6.95339718262e-20,0.26197325507,-0.563204050872,0.311147013795,0.111860176846,0.000374827674121,-0.141297071427,0
1.82893209211,-1.45573691073,0.807809833598,-0.0538344421,0.0393654373,0.944312711,0.322219986,-0.609471472481,0.117369924633,0.257897162996,0.820911830408,-0.207624184935,0.0394069855318,-0.439225925919,-0.0815141186476,-0.111818896742,0.532184175025,-0.296697069078,-0.0338812797526,0.010182698,0,0,0.405505937144,0.457612931638,-0.253671488077,0.116319523487,5.7903072592e-05,-0.127427156119,3.78481263651e-20,0.329134493185,-0.563041612632,0.298799758483,0.11286120624,0.000374836454319,-0.131329037351,0
1.85021928002,-1.4747771841,0.808418814794,-0.041613822,0.0315736025,0.943107823,0.328358083,-0.492181638074,0.141432901977,0.251913172156,0.905241584574,-0.195756983048,0.0320279701726,-0.4531343482,-0.0766115474346,-0.11502616873,0.528492320869,-0.259148805393,-0.0271460318903,0.000499679112,0,0,0.40949276691,0.477690765887,-0.247210513882,0.114174178375,-5.92111396949e-06,-0.141118331064,-2.07660463316e-20,0.40638909143,-0.551716731311,0.298267782646,0.113904517982,0.000288695485811,-0.123560852365,0
1.87161790624,-1.49388188776,0.80579641267,-0.0380274925,0.031494996,0.94031752,0.3366971,-0.384088677338,0.144734490834,0.248896123497,0.949020179511,-0.162096896844,0.0263781665739,-0.495641675493,-0.0690744965719,-0.0933549690745,0.529028731561,-0.237311617112,-0.0436467329752,0.0088478436,0,0,0.374897564364,0.480831168699,-0.240319918179,0.110219436413,9.0598745033e-05,-0.156380364665,-1.13565480638e-20,0.456794660067,-0.564172857722,0.292772096748,0.112972938647,0.000332020186756,-0.117906501246,0
1.89328697787,-1.51348705704,0.799142505583,-0.036368906,0.0334904906,0.936471889,0.347240682,-0.275079961929,0.128116415913,0.246009684878,0.955414618322,-0.131781804115,0.00164198373425,-0.57401452851,-0.0605981399977,-0.0628371673307,0.589424967117,-0.239817324914,-0.0517574556454,0.0223077326,0,0,0.33670471784,0.484663042533,-0.238534483625,0.107152619466,0.000257648052881,-0.174991959139,-8.88311259396e-21,0.501042011518,-0.571758834305,0.279323277254,0.113768414195,0.000375369170809,-0.113930034552,0
1.91507076999,-1.53470948368,0.790438647761,-0.0337885014,0.0372956544,0.932216777,0.358384225,-0.17707845602,0.0834619502432,0.231267820875,0.931494836099,-0.120764254355,-0.0026983126322,-0.665315143786,-0.0369458803557,-0.0142479510742,0.66012275672,-0.235051894841,-0.0359573663513,0.0521871174,0,0,0.29839489735,0.478698037598,-0.229916235035,0.10488917372,0.000628230538061,-0.185514931095,7.12596956835e-21,0.548266497195,-0.596536105258,0.263798216899,0.116006690861,0.000438644619775,-0.107222722723,0
1.93679450808,-1.55631351823,0.781928418232,-0.0311920742,0.0401150668,0.927483828,0.370393823,-0.0849001005535,0.03125870766,0.215865895364,0.872553587291,-0.128797979436,-0.0207695639523,-0.737562566588,-0.0163511198211,0.017622055334,0.693759768319,-0.20520359461,-0.0230033638266,0.0814188512,0,0,0.265585253533,0.469506519621,-0.225775175084,0.104144551176,0.0010390670589,-0.190432000401,-1.30274281156e-21,0.587422447745,-0.601296603949,0.243136107815,0.116879596284,0.000440182821578,-0.10342910341,0
1.95973442312,-1.57943263922,0.774241158828,-0.0320223913,0.0433750027,0.923086781,0.380793868,-0.0181814965003,-0.032620844096,0.183599412217,0.780553424836,-0.12623211754,-0.0452903714483,-0.803238763565,0.00539779971849,0.043502065525,0.694698800458,-0.170165690668,-0.0146935865884,0.111658758,0,0,0.231458041935,0.461951418971,-0.229376486161,0.106458427006,0.00140553030992,-0.187597833451,-1.86446441392e-20,0.620795148713,-0.605139398201,0.225361573897,0.121196261424,0.000424598939118,-0.0955376166255,0
1.98385690251,-1.60467776682,0.769237314499,-0.0352527441,0.0484090019,0.920785071,0.385446059,0.0085111613232,-0.0897355611703,0.150334073515,0.689654129094,-0.1617250506,-0.060956589379,-0.860140020558,0.0142010544831,0.0643075621259,0.662408282667,-0.137389118087,0.0107631274887,0.13490235,0,0,0.191495041554,0.450804996484,-0.256145926214,0.113078035493,0.00162191060674,-0.178898897686,-5.01826598879e-21,0.642095459169,-0.588335627815,0.19607406948,0.122280796936,0.000411409133271,-0.0944134906298,0
2.01017455362,-1.63168489011,0.768468237631,-0.0436376518,0.0548159388,0.920025685,0.385543392,-0.0245499773345,-0.13281924804,0.113565592889,0.62365613506,-0.264232631131,-0.046935989987,-0.923784469279,0.0239806996762,0.0853154823992,0.622306524794,-0.186193002061,0.0176076529118,0.123827617,0,0,0.163631834297,0.445579935727,-0.269652079876,0.117985310666,0.00146207671754,-0.168726066957,-1.12566324293e-21,0.630895825127,-0.569839884434,0.172903543059,0.122760545636,0.000433898455767,-0.0947046102904,0
2.03756401112,-1.65997057042,0.771313317763,-0.0638776569,0.0677585654,0.917375062,0.386977283,-0.104903297563,-0.135875201099,0.137538329827,0.575888649265,-0.370313955152,-0.0138202500308,-0.993751696174,0.026121672568,0.100646571926,0.544388694863,-0.260163274171,0.0370697243596,0.12675966,0,0,0.105749372997,0.431751916408,-0.279594873864,0.123685525488,0.00151700956371,-0.155071717562,-2.25686918046e-21,0.582768378029,-0.569806992842,0.164235860682,0.121259813227,0.000556233691623,-0.0933096082866,0
2.06394283792,-1.68807914097,0.775702146992,-0.0771446171,0.0753007813,0.914685868,0.389523124,-0.169519655735,-0.12002158029,0.198119096864,0.528391285111,-0.432683360613,0.0163022870172,-1.03224942244,-0.0110701466306,0.0562147093258,0.481676641335,-0.305292998075,0.0376638953433,0.117470523,0,0,0.10086392845,0.430376009194,-0.279768770216,0.122956349423,0.00139816315904,-0.15148991179,3.71486856908e-20,0.537652220566,-0.580685709834,0.189838724986,0.119441378732,0.000624965715275,-0.0973703219809,0
2.09052956457,-1.71384190825,0.778716634298,-0.0871789503,0.0776046732,0.914305673,0.387843372,-0.258994761023,-0.10767800303,0.211304658613,0.546923190877,-0.469149204142,0.0446358282431,-1.03119588055,-0.0358845457755,0.0176061199618,0.461025516495,-0.27519141046,0.0443195662233,0.125808708,0,0,0.10239489427,0.432156438073,-0.296042538513,0.124252465562,0.00140187912419,-0.149414248716,-3.39788392327e-21,0.499859116263,-0.581928619265,0.223372794606,0.11587818781,0.000709184210219,-0.114603914414,0
2.11306010637,-1.73670082573,0.783354342084,-0.091498659,0.0785512069,0.916468132,0.381502119,-0.33966533327,-0.101519417084,0.212379053542,0.58080230588,-0.473084251127,0.0711777161389,-0.997425580441,-0.067160844306,0.00237546013116,0.481084467475,-0.194059430444,0.0452645702434,0.128592208,0,0,0.127651535088,0.431922719268,-0.316409402577,0.124334514837,0.00129166505143,-0.145752158897,-3.40517680778e-20,0.479672368249,-0.583576792344,0.249206647928,0.115160843989,0.000724856279218,-0.124669880419,0
2.13441203717,-1.75743644878,0.790836143506,-0.0915697696,0.079259191,0.918335088,0.376820413,-0.386357462624,-0.107696198777,0.208308968936,0.562779920454,-0.422505762287,0.0953836995505,-0.957068451188,-0.0958970525841,-0.00137933289059,0.558745029073,-0.158217091927,0.039549275655,0.123163898,0,0,0.175132053166,0.424238491208,-0.327302135873,0.123602494237,0.00100800751731,-0.130096627785,-5.50986244315e-20,0.45275162514,-0.587731780382,0.281944810835,0.113078419599,0.000712536315992,-0.12660734252,0
2.1552543545,-1.77781685018,0.799293150927,-0.087922194,0.0783711958,0.919241717,0.375662494,-0.408590614995,-0.116436513805,0.200378512803,0.515243539914,-0.34645328337,0.0948904844911,-0.909092513243,-0.117204812909,0.00692808526814,0.677144111623,-0.159514798976,0.0357500455972,0.108905336,0,0,0.249976208372,0.409618253788,-0.32617619181,0.123640864187,0.000724884238827,-0.116728620732,1.1128955318e-21,0.423581257419,-0.595185828811,0.312991170829,0.111752561116,0.00068026840374,-0.125591025845,0
2.17616135955,-1.79555655652,0.806024797282,-0.0854682543,0.0743351278,0.920967987,0.372810185,-0.432332102793,-0.113090571963,0.183295759128,0.482479276835,-0.285369629557,0.0882884170778,-0.8364866364,-0.127433747688,0.00142380791235,0.776882906188,-0.186742539838,0.0327957921813,0.090403714,0,0,0.326706361742,0.406060595262,-0.323855870437,0.123879903973,0.000454467060592,-0.105238789537,-4.56831191349e-21,0.390876607077,-0.573007897936,0.301855578621,0.111443211571,0.000683964435436,-0.12905135176,0
2.19545902312,-1.81181924803,0.809807185567,-0.074441229,0.0708740981,0.922438851,0.372212212,-0.434063842204,-0.112663513151,0.183694126391,0.453741411368,-0.23586761987,0.0860390757819,-0.73075284444,-0.177281048387,-0.0240690085978,0.8801895443,-0.180963285437,0.0180864918879,0.0912563991,0,0,0.422436467979,0.398250955327,-0.325937493156,0.123772090299,0.00029020395092,-0.09443473929,1.48970855804e-21,0.384553005536,-0.57010027549,0.303867096401,0.112494722061,0.000722991339632,-0.134583878791,0
2.21486915469,-1.82657783052,0.810821551726,-0.0687786179,0.067509117,0.9238802,0.37034767,-0.444155759877,-0.103904482739,0.181729451254,0.425421786876,-0.210939925829,0.0880303454079,-0.610480303355,-0.197815977393,-0.042512450456,0.934090610043,-0.166189956414,0.0240068640322,0.0948209572,0,0,0.489766941309,0.405332344463,-0.33365370317,0.123972299355,0.000136858697799,-0.0856617258842,8.15117184177e-22,0.35739266918,-0.575025862653,0.301260776623,0.112748402385,0.000829095493321,-0.141438773963,0
2.23478363166,-1.84135494774,0.809005591995,-0.0632638944,0.0634754236,0.926096834,0.366487658,-0.466164421225,-0.103528217509,0.163405116164,0.416616471818,-0.187659535553,0.0965822912528,-0.480104268708,-0.208277682669,-0.066937254809,0.958681861592,-0.156580550141,0.0297100310493,0.0893768408,0,0,0.547856328798,0.424534554822,-0.35124596819,0.123332448036,-7.23240007879e-06,-0.0829543147374,-6.15240964045e-22,0.331497777725,-0.579037046552,0.300837518793,0.117320046929,0.000879005761191,-0.148313375063,0
2.25499374513,-1.85705894917,0.803882261098,-0.0597051472,0.0586601753,0.931050235,0.355161567,-0.517559535584,-0.104469672566,0.14340546207,0.455732201217,-0.189685506029,0.109604244357,-0.345357898728,-0.199572289003,-0.0873301030634,0.939000866897,-0.125147330812,0.0465111149344,0.0742043609,0,0,0.590543152677,0.439475964798,-0.365024225417,0.121984403342,-9.239570924e-05,-0.0774793600938,3.24321344985e-21,0.302920806424,-0.567756768902,0.292571049642,0.112136678309,0.000845023618971,-0.164395564168,0
2.27761003769,-1.8729687083,0.796548964699,-0.0580676187,0.0538331732,0.935269945,0.344964159,-0.586843811059,-0.103956597415,0.118821590984,0.513991767376,-0.196115276853,0.127958300998,-0.227282545827,-0.145434013918,-0.0835964603629,0.88256808719,-0.0746516238989,0.0709495053923,0.0533268669,0,0,0.6263504789,0.452687077511,-0.366218159509,0.121293721688,-0.000129826638973,-0.075238602695,1.1115712618e-21,0.274028259777,-0.555080376389,0.290303546431,0.110723502349,0.000711108399743,-0.168525842393,0
2.30176898896,-1.8898829107,0.788285755657,-0.0600184229,0.0476652769,0.939260481,0.334537828,-0.673261934484,-0.103263560752,0.0871183251648,0.583402310667,-0.180503559162,0.122338656421,-0.138742668261,-0.0699559954319,-0.0682435414452,0.803105975976,-0.0434339510546,0.0950813655236,0.0234619015,0,0,0.658545830725,0.446238657879,-0.33601156341,0.119593470073,-8.33372725122e-05,-0.070990266116,3.74550324121e-22,0.214671375752,-0.547566770121,0.290475745926,0.103525031902,0.000387362982712,-0.182424553872,0
2.32662883114,-1.90645038654,0.780619106041,-0.0598075881,0.0418415746,0.943161678,0.324219655,-0.740152049784,-0.108962240254,0.0557090119975,0.620039567629,-0.147247950761,0.110263623606,-0.0678009580299,-0.0184315103528,-0.062297428237,0.726127195614,-0.0476766710153,0.0866470437174,-0.00734027139,0,0,0.680192446634,0.451488005071,-0.324544955551,0.120315693621,-5.75844162723e-05,-0.0706840351373,-2.4776834881e-22,0.183000600232,-0.523855663537,0.295713567392,0.104670352358,1.68107060113e-05,-0.180219419392,0
2.35244054631,-1.92416218964,0.775508745786,-0.0662639858,0.0414315122,0.945209967,0.316971029,-0.792238197537,-0.118263843959,0.0315955620041,0.587513905051,-0.113227806789,0.103801379883,-0.029054542558,0.015958627751,-0.049017314745,0.610378889669,-0.0208515299464,0.0787414156071,-0.0450161986,0,0,0.674810623026,0.445040748254,-0.309461652473,0.119377964862,-1.17925322956e-06,-0.0672785593811,1.46720125715e-20,0.111384911573,-0.519209467175,0.31516984301,0.109145607502,-0.000381487800203,-0.171218802967,0
2.38029295864,-1.94272408095,0.772733658208,-0.0691368825,0.03855794,0.946042254,0.314225127,-0.836458691351,-0.115478536293,0.0141227828931,0.556653427478,-0.106439716075,0.0851391410194,-0.0326529998116,0.0467604068559,-0.0407716143101,0.527044313193,-0.115045406305,0.0749465603048,-0.0583699334,0,0,0.669391529261,0.437047554069,-0.291091300691,0.119405203923,2.42728598287e-05,-0.0697649426935,-2.90486559235e-21,0.0747183474718,-0.513828366606,0.327331110389,0.110764054592,-0.000551383194736,-0.168430667691,0
2.41021875216,-1.96384484232,0.771329805961,-0.075697639,0.0384603238,0.945869193,0.313244539,-0.88675214095,-0.110004240071,0.00518097890936,0.516306635651,-0.144378330407,0.0622407642358,-0.0888044296986,0.0253585869598,-0.104945325422,0.543735535424,-0.256663728075,0.0640796636009,-0.0673820979,0,0,0.648010184849,0.434834708851,-0.275909545348,0.120234613863,2.53211311624e-05,-0.076571474037,5.43586610456e-21,0.0315900914049,-0.514837386411,0.345625044289,0.112450432827,-0.000664843230247,-0.167802308542,0
2.43868348212,-1.98367671282,0.772378423697,-0.0847980906,0.0424235078,0.945336997,0.312005596,-0.943193109054,-0.0893015026092,0.0280330113701,0.499345831796,-0.248358839005,0.055194117949,-0.161159759533,0.00676536214461,-0.146285854509,0.550483594103,-0.353878895258,0.0591253431413,-0.0424365368,0,0,0.599381791512,0.433297463878,-0.267578831924,0.121199982726,-2.73609054515e-06,-0.0866026257847,5.74033194685e-21,0.00670281616581,-0.544949905225,0.355146190168,0.111743543648,-0.000274418931265,-0.170087218939,0
2.46629816983,-2.00208048881,0.775062374772,-0.0899089383,0.0467317915,0.945558775,0.309275161,-0.962130388444,-0.06054080268,0.0716447905344,0.473096580884,-0.3079498764,0.052529161904,-0.229503992709,8.67001950169e-05,-0.157070923956,0.559521975977,-0.406947065401,0.0529338710224,-0.0306481164,0,0,0.549363660694,0.439798911296,-0.275767977906,0.121515292667,-2.94506302904e-05,-0.0942543534295,-4.85509541334e-22,0.00160848259366,-0.56183415155,0.364144414795,0.111876231921,-5.64060504971e-05,-0.170215491216,0
2.49177754679,-2.02001110483,0.77748423485,-0.0888160696,0.0476338303,0.945098837,0.310855131,-0.931683971537,-0.0326254627861,0.104619848812,0.482472334892,-0.274559955051,0.0487219024079,-0.293588712997,-0.00517365204694,-0.156871339237,0.591243019356,-0.443363026041,0.0303049897463,-0.019818121,0,0,0.519838309893,0.434803243264,-0.272259137256,0.122025484637,2.17501108075e-06,-0.104296639283,4.80683655872e-21,0.0141657848069,-0.578947842514,0.374519486513,0.11074725,0.000127119453466,-0.17199211809,0
2.51552333696,-2.03563975371,0.782340959665,-0.0857354342,0.0463510208,0.944397702,0.314028658,-0.876414394203,-0.0297483543223,0.0830776718026,0.530706698429,-0.196560456157,0.0324637076872,-0.337371397589,-0.00188161417506,-0.160061146872,0.600084971264,-0.433815066698,0.00402092395878,-0.0252113857,0,0,0.501813488962,0.42934438698,-0.259845041551,0.121571343065,2.09377316387e-05,-0.111126644276,1.3032857163e-21,0.037658422839,-0.572728402285,0.383838313139,0.1131269022,7.31740146439e-05,-0.165084303265,0
2.53520746277,-2.04911215749,0.790528388642,-0.0781305793,0.0439829822,0.944563372,0.315849879,-0.801152836615,-0.0178872210106,0.0809749295527,0.619598609243,-0.182753347635,0.0161782077246,-0.33389922455,0.00836209168692,-0.149621912037,0.54093234585,-0.383512143887,-0.0258737395896,-0.0287389038,0,0,0.486029643154,0.435257861708,-0.263734958544,0.120840886672,-9.33949482668e-06,-0.11247795277,-4.17364274817e-22,0.0775924249092,-0.572418642307,0.393257474398,0.114056059305,7.72966983986e-05,-0.157283718538,0
2.55410244619,-2.06320973187,0.797086655173,-0.0658854623,0.0353771771,0.944804143,0.318986977,-0.707359835908,0.0121583903281,0.0737080609851,0.729058236378,-0.193073390506,0.0261971505429,-0.323634485521,0.0199932178988,-0.150654419469,0.497671717653,-0.321191896975,-0.0258113295736,-0.0266411184,0,0,0.492242089952,0.455661747171,-0.270067473744,0.120326145616,-6.08585224879e-05,-0.115239561234,1.80206553721e-20,0.154664533163,-0.552232975369,0.389222189917,0.114169527675,7.21283089108e-05,-0.151476833577,0
2.57174356719,-2.07717979716,0.802863441453,-0.0583924221,0.0344452513,0.94392884,0.323113285,-0.601175348926,0.0405742024572,0.0956610082424,0.801109176455,-0.188994439293,0.0235466814451,-0.322959042781,0.0177321934407,-0.143800439433,0.44967915963,-0.263601774408,-0.0184027160255,-0.0324867106,0,0,0.47914976467,0.460662080516,-0.276403441446,0.120587953619,-8.8715359129e-05,-0.119151703544,-9.499853817e-21,0.219736263644,-0.532080724917,0.360050185866,0.121829183266,3.52642630626e-05,-0.139163734081,0
2.58871638939,-2.08948769326,0.805391885491,-0.0520611543,0.0325327568,0.942678389,0.328007182,-0.484604537858,0.0676046457192,0.117885344258,0.852503350571,-0.171280497439,0.00682447148454,-0.336671173443,0.0303269098907,-0.126008153067,0.432552577977,-0.222902370777,-0.00471608792174,-0.027241641,0,0,0.467185217439,0.465083577664,-0.267288833357,0.117852816528,-7.59259845093e-05,-0.123726221992,1.2977672923e-21,0.252884187333,-0.548423579131,0.360413089954,0.116944614759,6.71558250425e-05,-0.143629164171,0
