1.61811238401,-0.640809307812,0.798087477174,0.00424963472,0.04139644,0.677941664,0.733936902,-0.111801627826,0.0480535932251,0.192772072333,0.130886597173,-0.0379663027346,0.00774418646732,-0.153796152212,-0.0596457558666,-0.175377592057,0.225885913768,-0.153864249876,-0.0386072499139,-0.0258000009,0,0,0.727208753554,0.0480107080534,0.14797248978,0.123232722297,0.00144650319937,-0.0894539805959,-2.47962395262e-21,0.446001465779,-0.258001379973,0.244464527402,0.132102807707,-0.000699083893518,-0.0974945970759,0
1.60891857278,-0.641728677902,0.798087477174,0.00461845206,0.0469842531,0.67777284,0.733754133,-0.127480794199,0.0409322262798,0.197718954909,0.14577902017,-0.0380918347394,0.00354236824282,-0.165632633111,-0.0704729781818,-0.169772259915,0.230411457449,-0.153642177776,-0.0342483846884,-0.0231999997,0,0,0.725994115201,0.0289676298767,0.166322154599,0.12298724703,0.00149981040706,-0.0893547545729,1.10791783433e-23,0.441694890697,-0.265797745368,0.24384852669,0.131794006021,-0.000659110542831,-0.0969799599066,0
1.60891857278,-0.642648047991,0.799926272517,0.00539126277,0.0542126984,0.682159753,0.729170754,-0.157420919299,0.0308896167338,0.18897713176,0.17963820878,-0.0495885477229,-0.00358493587053,-0.178661178504,-0.0874949826609,-0.171172295269,0.238531011968,-0.155437261621,-0.0327615396795,-0.0226000007,0,0,0.720503983907,0.0265241952843,0.16405200812,0.12303868844,0.00149996949994,-0.089029141021,5.84969489951e-20,0.445749586043,-0.272622345817,0.234735236142,0.131260388151,-0.00062671341162,-0.0958857742247,0
1.60891857278,-0.643567418081,0.800845642606,0.00616083949,0.0607082728,0.689093922,0.722098412,-0.192739567864,0.0208096492834,0.160624438164,0.222512237825,-0.0588899885286,-0.0236957735719,-0.185413052711,-0.103655879334,-0.175168984909,0.239620449065,-0.154574354624,-0.0344991697985,-0.0203000009,0,0,0.709272057329,0.0391256474052,0.148829245988,0.123078203064,0.00145988033305,-0.0888654244855,-2.19898760556e-21,0.453321855128,-0.28282428116,0.226715818747,0.130659179364,-0.00057744114582,-0.0951516526189,0
1.60891857278,-0.643567418081,0.802684382785,0.00728020033,0.065201795,0.69601913,0.715019647,-0.228002736749,0.0210691388179,0.13330759878,0.273085217626,-0.0780020762033,-0.0478633667694,-0.183795481205,-0.119867583051,-0.184516604599,0.233657261293,-0.151989662048,-0.0341922099988,-0.0172000006,0,0,0.695615058662,0.0528514219654,0.133848131891,0.123062024308,0.00141499546999,-0.0887081896938,7.42096912186e-23,0.463191707692,-0.298867859087,0.222528442528,0.1300880762,-0.000505330208756,-0.0947437444862,0
1.59972476156,-0.642648047991,0.802684382785,0.0110944126,0.0631681856,0.702646158,0.70864312,-0.259605429003,0.0495598210572,0.12379349205,0.34802426093,-0.121387007203,-0.0528946832428,-0.175340374981,-0.131898600349,-0.190229153408,0.239871726542,-0.158573848538,-0.0338777075015,-0.0157999992,0,0,0.691274228372,0.0670801622961,0.127015965998,0.123008975659,0.00138291152931,-0.0895476775384,-1.27057600978e-21,0.491353761398,-0.31700818754,0.219990957975,0.129520994789,-0.000424684915796,-0.0940180187198,0
1.59972476156,-0.642648047991,0.805442548217,0.0124988409,0.0674937423,0.70793434,0.702934808,-0.254076195231,0.0780289614655,0.131015327592,0.328613029837,-0.112150520893,-0.0289631961273,-0.161995643705,-0.154224586526,-0.20906946041,0.215186476283,-0.143890500084,-0.0293882977569,-0.0199999996,0,0,0.68587223064,0.057439452264,0.123734809854,0.123248124623,0.0013904290989,-0.08831194179,5.10361714866e-22,0.477887289123,-0.330522481532,0.218403729028,0.129608846137,-0.000395282971454,-0.095212843507,0
1.59053095034,-0.641728677902,0.805442548217,0.0170031531,0.0618114584,0.71113186,0.700129783,-0.252592620781,0.137425964704,0.148038925102,0.348956935214,-0.115177567293,-0.00197811132977,-0.150871036213,-0.165320052329,-0.21589084608,0.23036000554,-0.154112454102,-0.0288780844327,-0.0264999997,0,0,0.694883748026,0.0648843535729,0.126031026895,0.123258857659,0.00137432701681,-0.0889676097597,1.48257186695e-21,0.501881334829,-0.328358816818,0.202428933789,0.129294460731,-0.000418896878436,-0.095541908112,0
1.58133713912,-0.640809307812,0.805442548217,0.019904447,0.0596133188,0.714159552,0.697155793,-0.23284617051,0.180575894623,0.164799759225,0.31701432705,-0.101849228075,0.0337419387706,-0.139047107994,-0.183303738843,-0.225821136891,0.23193996948,-0.154781170956,-0.0267981775327,-0.0350000001,0,0,0.699999590771,0.0643075364344,0.129191336747,0.123459789024,0.00137719704812,-0.0893255123955,3.96788430866e-21,0.506630263052,-0.321258853607,0.185793238967,0.129186034015,-0.000474855061276,-0.0963989980056,0
1.58133713912,-0.63988988256,0.805442548217,0.0219073464,0.0559187516,0.717240525,0.694232808,-0.206686086665,0.221102712496,0.184375156429,0.267228110962,-0.0827832243737,0.046633637814,-0.129680072756,-0.199084880124,-0.236131653099,0.238734063123,-0.153005104258,-0.0231619393746,-0.0434000008,0,0,0.706258855113,0.0669837220044,0.130777659385,0.123656274722,0.00137077820889,-0.0896626093928,-2.94903464339e-21,0.510280648767,-0.313944181154,0.173117794509,0.129159714725,-0.000530734081364,-0.0972343943402,0
1.56294951667,-0.63897051247,0.803603752875,0.0230119166,0.0516267364,0.718372,0.693359071,-0.175977526197,0.247992850777,0.189021744218,0.208410674008,-0.060358651837,0.042280764322,-0.122040241022,-0.214185783848,-0.239009534087,0.24707225578,-0.158457870513,-0.0196852327165,-0.0502999984,0,0,0.70906150749,0.0705888205695,0.13352648878,0.123839285674,0.00137023011504,-0.0906197898512,-5.48327767e-21,0.512513047525,-0.308213448872,0.164932347578,0.129168715242,-0.000574209585379,-0.097767025544,0
1.55375570545,-0.63805114238,0.802684382785,0.0232992249,0.0480983992,0.718976076,0.692976978,-0.144353944514,0.261543705951,0.177634973172,0.145260498817,-0.0528303700399,0.044044239147,-0.120195645149,-0.231947005211,-0.236092034306,0.258983610941,-0.16317296451,-0.014309888929,-0.0548,0,0,0.709210185636,0.0731043204782,0.134086384074,0.124031489382,0.00137281398445,-0.0915496024967,9.8701811401e-23,0.513193552435,-0.308131866852,0.159505709599,0.129109918701,-0.000588509833848,-0.0980390647055,0
1.5445617839,-0.637131772291,0.800845642606,0.0234028588,0.0447054627,0.719087842,0.693084701,-0.1164808461,0.265695287815,0.171046127356,0.0947503728379,-0.0635178688596,0.0546616359946,-0.119383066622,-0.250611276838,-0.229830290529,0.269398088004,-0.161840969941,-0.00846676886693,-0.057,0,0,0.707538800712,0.0754883770057,0.134618355027,0.124033894394,0.00136658619404,-0.0918794827065,-1.90894805321e-21,0.515925000974,-0.310076436766,0.154427637482,0.128938715314,-0.000586713331624,-0.0980624871516,0
1.52617416146,-0.636212347038,0.799006847264,0.0222062421,0.0410115302,0.720202491,0.69219456,-0.0963895061886,0.267165244824,0.182775298411,0.0594911260312,-0.0668018942115,0.0640485580303,-0.117050910598,-0.270274742326,-0.229108577853,0.274800011407,-0.156572102799,-0.00367598190803,-0.0595999993,0,0,0.70548771726,0.0777577666412,0.135179054028,0.123987437331,0.00135528345065,-0.0919130689767,1.36427416655e-20,0.519706939895,-0.314164157923,0.150880405606,0.128728457331,-0.000572387566233,-0.0977791850755,0
1.50778653902,-0.636212347038,0.796248736995,0.0192085806,0.0368164452,0.722322635,0.69030833,-0.0908507377918,0.264681045208,0.20111635976,0.0552837421511,-0.0545355456001,0.0464696173722,-0.112969102384,-0.288879164328,-0.230430924487,0.27497929104,-0.147010092404,0.00333431925741,-0.060899999,0,0,0.701776101415,0.0832233438048,0.132257875952,0.123861952952,0.0013278896868,-0.0916133293369,-3.97733728116e-20,0.524145533955,-0.314686900661,0.144933685185,0.128515793095,-0.00057377616267,-0.097827684073,0
1.48939890738,-0.636212347038,0.793490571563,0.0153979226,0.0336954548,0.723902318,0.688907072,-0.0944604762449,0.253541900428,0.188796234902,0.0653830342507,-0.05601995561,0.0277881666512,-0.107222522693,-0.307468958183,-0.225465692171,0.261717058329,-0.126615279489,0.0126618334652,-0.0595000014,0,0,0.696622308112,0.09217011531,0.120801755076,0.12373880556,0.00128041660779,-0.0906084383214,-4.37647439741e-21,0.526923417631,-0.318133804733,0.139341890833,0.128304743386,-0.000562932389984,-0.0982276840949,0
1.47101128493,-0.635292976949,0.792571201474,0.0123998504,0.0311996219,0.723991224,0.68899168,-0.100864534888,0.244436177549,0.202431110519,0.0749583768748,-0.014283512707,0.0100844652016,-0.0886186734887,-0.325122811523,-0.225561894423,0.22405698558,-0.0858459443046,0.0206647449014,-0.0568000004,0,0,0.689463396887,0.098511109063,0.107878237385,0.123728323529,0.00124705853159,-0.0898799183222,9.23149253961e-22,0.53089807607,-0.322834571688,0.133416638084,0.128082154576,-0.0005465074488,-0.0989675688789,0
1.45262366249,-0.635292976949,0.793490571563,0.00997018151,0.0311005655,0.724013157,0.689012553,-0.126770994494,0.236524405792,0.221881714451,0.122894094757,0.0265477478528,-0.0173356288333,-0.0632146919444,-0.342104949568,-0.230424552118,0.157660662317,-0.0209838100064,0.02736626951,-0.0520000011,0,0,0.680541125553,0.0962219316751,0.101551554769,0.123719466816,0.00124817477818,-0.0895038000499,-2.003023932e-22,0.537711986283,-0.32680746531,0.127334378447,0.127765343536,-0.000523175406071,-0.099139142113,0
1.43423592972,-0.636212347038,0.795329366906,0.00818071627,0.0333029175,0.720063084,0.693060709,-0.150166008892,0.216505422211,0.240933844876,0.172854973933,0.0190362975651,-0.020241089642,-0.0258877259108,-0.359189458076,-0.245406970275,0.0494477422729,0.0774039849192,0.0350843406699,-0.0467000008,0,0,0.673474392759,0.0846501058916,0.102609824725,0.123802508144,0.00128795998957,-0.089477971775,-4.56048002331e-24,0.540180792443,-0.331217495276,0.128997678358,0.127642259019,-0.00049036578357,-0.0986277532795,0
1.41584830727,-0.63805114238,0.798087477174,0.00446054322,0.0366044592,0.714086956,0.699085143,-0.160596412863,0.191968597217,0.273467762562,0.200346516083,-0.00720246735142,-0.00664929287743,-0.0283749041267,-0.377036311339,-0.267269399031,0.00121019221896,0.157327400766,0.0249588665827,-0.0384000018,0,0,0.664721763066,0.063929775279,0.115118223861,0.123727240392,0.00136165629176,-0.0895574649508,-7.0489452055e-22,0.535949625868,-0.332060668477,0.141904753171,0.127893965652,-0.000463184622413,-0.0980357100193,0
1.39746068483,-0.63988988256,0.800845642606,-0.00121018356,0.0375056897,0.708107398,0.705106922,-0.158640118919,0.176395579322,0.3035007388,0.199461492262,-0.0254607943105,0.00091316948044,-0.0473907766138,-0.372202888182,-0.275098900934,1.00001056534e-05,0.111888310691,-0.0282345484676,-0.0318000019,0,0,0.65922385708,0.0410760768805,0.138469758831,0.123603202744,0.00145592562905,-0.0906765219795,2.21105859466e-21,0.525533408774,-0.330401063266,0.170969044423,0.128528965974,-0.000435872650312,-0.0966624205363,0
1.37907306239,-0.640809307812,0.804523178128,-0.00793156314,0.0349068765,0.70213837,0.711140147,-0.150041470798,0.171230585731,0.323706400177,0.183610162046,-0.0291011534293,0.00131120669824,-0.0498967391983,-0.328145516963,-0.244347203549,1.03401970129e-05,-0.0404071886458,-0.0742588969771,-0.0306000002,0,0,0.661081967259,0.0314267773692,0.15811237752,0.123293095988,0.00149850572969,-0.0915067554593,6.50733614795e-21,0.516194399538,-0.312805919296,0.194273801299,0.129156119728,-0.000476120991633,-0.0945722935179,0
1.36987925116,-0.641728677902,0.807281289316,-0.01419263,0.0317834971,0.698637208,0.714628876,-0.14138516533,0.164513509265,0.330359198022,0.160552979176,-0.027637758196,0.00404992786719,-0.244704545034,-0.307947014372,-0.156083144664,0.380742776441,-0.148055747514,-0.0801147187164,-0.0372000001,0,0,0.674761895214,0.0290942170989,0.168053725949,0.123179050049,0.0014976591125,-0.0913400120291,-1.85567015862e-21,0.512731473416,-0.285845794791,0.204159587109,0.12959518561,-0.000562725162965,-0.0915206612638,0
1.36068543994,-0.642648047991,0.809120083739,-0.0203886147,0.0289838132,0.697610434,0.715600395,-0.136475628868,0.156168935433,0.325655436611,0.136455218965,-0.0230777272323,0.00767215855616,-0.288047428023,-0.249409873959,-0.141227178,0.474206294009,-0.191469290773,-0.0860518702003,-0.0483999997,0,0,0.689432688464,0.044052018628,0.160394842318,0.12339727295,0.00144740945011,-0.0912788243339,1.03583104726e-20,0.511140276311,-0.247703300174,0.200150594952,0.130169187524,-0.000711062990833,-0.0890618316798,0
1.36068543994,-0.641728677902,0.810958824837,-0.0259021481,0.0271022474,0.698057885,0.715059254,-0.136846402002,0.146846110479,0.312838626491,0.118371648368,-0.0176017226322,0.0103564282681,-0.312853482771,-0.187514107893,-0.146134970392,0.529820132455,-0.217342454547,-0.0843351158067,-0.0628999993,0,0,0.704268786696,0.0680313611363,0.142996946476,0.123877614671,0.00136885331434,-0.0911078192785,-2.92264468713e-21,0.510403883418,-0.21860919346,0.197991640043,0.13075897894,-0.000824627176469,-0.0863027083442,0
1.35149162872,-0.641728677902,0.811878194927,-0.02960109,0.0261009615,0.700025766,0.713026256,-0.142355750409,0.13459419134,0.297261017384,0.115658096745,-0.020089582352,0.0147784672113,-0.318124036556,-0.132691831886,-0.170843285639,0.539909180287,-0.220624531319,-0.0729808056358,-0.0764999986,0,0,0.713845535072,0.0906277557604,0.124465688854,0.124526100232,0.00130201593159,-0.0915338489766,-9.55710381196e-22,0.50718878862,-0.205544579023,0.202733043055,0.131309126421,-0.000876436671218,-0.0841812574221,0
1.3422978175,-0.640809307812,0.810958824837,-0.0318987661,0.0273989404,0.702972821,0.70997252,-0.154556110511,0.117350805736,0.279004026041,0.121385306929,-0.0253625249969,0.0190174995899,-0.314395139262,-0.0842795616508,-0.190859299933,0.517066028544,-0.231506623274,-0.0539412612613,-0.0896999985,0,0,0.715129023714,0.110363497403,0.105905017858,0.125201844991,0.00124408990013,-0.0926105862599,2.29898974255e-22,0.505884682218,-0.202771883842,0.203473030579,0.131404663836,-0.000887693136484,-0.0821751368242,0
1.33310400628,-0.63988988256,0.809120083739,-0.0317967868,0.030096956,0.706928539,0.705928593,-0.165041720544,0.0969725531798,0.269282101911,0.132644862192,-0.0357480616518,0.0223005218397,-0.304236630018,-0.0403806444492,-0.193449841167,0.474453530229,-0.26672038359,-0.0350544100234,-0.101000004,0,0,0.71202820196,0.121006541922,0.0931658960493,0.12572836414,0.00121129046959,-0.0937732737374,3.95046370203e-22,0.506047112505,-0.209144321144,0.202130493296,0.131106239661,-0.000863073193955,-0.0805830351454,0
1.32391019505,-0.63805114238,0.807281289316,-0.0292962439,0.0329957688,0.709908948,0.702909876,-0.165074127502,0.0718727329801,0.264586631816,0.136120948463,-0.0455457674859,0.0288502165194,-0.290444461435,-0.00486875651342,-0.17727893889,0.423784123892,-0.271269238318,-0.00237583665139,-0.109999999,0,0,0.709452601191,0.115763531046,0.0928238175863,0.126102772413,0.00123200546687,-0.09473115486,4.35305567866e-21,0.494751437379,-0.219311257646,0.20549309952,0.131441685677,-0.000854596167196,-0.0809666047317,0
1.31471627351,-0.634373606859,0.805442548217,-0.0244983292,0.0347976281,0.710951555,0.701952166,-0.158284468878,0.0473310956241,0.262685651563,0.143182531527,-0.0586480693273,0.0374284860941,-0.27674298843,0.025666226638,-0.144923955027,0.386924297036,-0.256581457378,0.0147883184952,-0.115000002,0,0,0.711567721034,0.099151148513,0.100188241932,0.126455933502,0.00129525078801,-0.0950781998015,3.30138455766e-21,0.488735653812,-0.235254098246,0.208014615178,0.131323175868,-0.000809853030804,-0.081199185798,0
1.31471627351,-0.631615441427,0.804523178128,-0.0193004945,0.03560091,0.710018144,0.703017995,-0.146621608866,0.0305652400077,0.271495696674,0.149395806827,-0.0696001995944,0.0410039173425,-0.261021159302,0.0469631787006,-0.124726888286,0.359836648338,-0.241576787249,0.000652185199257,-0.111000001,0,0,0.713513672691,0.0830334993234,0.110375889346,0.126460267433,0.00135342481669,-0.0948101525132,1.06163522619e-22,0.48748127451,-0.247190606963,0.206435854395,0.130984021323,-0.000768195958934,-0.0819184892592,0
1.30552246228,-0.627937960149,0.803603752875,-0.0119012369,0.0369038332,0.708073576,0.705073243,-0.134804347829,0.0141364473465,0.285474881064,0.162353084189,-0.0822888572414,0.0440659028594,-0.239321714742,0.0481755086819,-0.112192055881,0.334995013375,-0.216836794895,-0.0281676515868,-0.103,0,0,0.718781627946,0.0685382887082,0.114352428799,0.126486811233,0.00140010361898,-0.093517125303,-6.70736607345e-21,0.492231435419,-0.258100564956,0.200510480104,0.130303842528,-0.000717981903514,-0.0824857832319,0
1.29632865106,-0.625179794717,0.801765012696,-0.00372018069,0.0400019428,0.708034408,0.705034241,-0.137476910851,-0.0014001615535,0.298838418235,0.193683989346,-0.0946991934431,0.0436864133957,-0.226213414003,0.02840820017,-0.093204106449,0.329454290166,-0.207718961237,-0.0331386876043,-0.0947000012,0,0,0.722473199698,0.0593624981489,0.113343661413,0.126362460701,0.00141346355796,-0.0915996163495,2.42029878738e-21,0.497290414868,-0.271569745682,0.197022152212,0.129719497922,-0.000658634515092,-0.0833444633185,0
1.29632865106,-0.624260424628,0.802684382785,0.00139970918,0.0456905071,0.710852355,0.701854221,-0.166747694996,-0.0101389040458,0.302729383277,0.251059006996,-0.101533184258,0.0361969837496,-0.235838918802,0.00983346636073,-0.0837077564075,0.343685453611,-0.190985534732,-0.041780177216,-0.0825000033,0,0,0.712722947272,0.0637479129911,0.110206939842,0.125506334089,0.00136639364384,-0.0897925493356,-5.16695415049e-21,0.506979311488,-0.277862126693,0.189569404504,0.128938330499,-0.00061236842647,-0.0833978077737,0
1.29632865106,-0.623340999375,0.803603752875,0.00527001533,0.0538001574,0.716002092,0.696001993,-0.223447883045,-0.0126875242678,0.296008162562,0.344162233827,-0.0892128505318,0.0205690465282,-0.245297743679,-0.00925684184829,-0.0719048096873,0.3530631844,-0.185012501761,-0.0534324520108,-0.0666000023,0,0,0.694119929527,0.0716295695444,0.101700916921,0.124535718967,0.00130629964395,-0.0879528530506,9.76860627424e-21,0.523144233134,-0.283920139719,0.175901537625,0.127911683075,-0.000562988549811,-0.0835730634747,0
1.28713483984,-0.622421629286,0.808200713649,0.00814821634,0.0637860358,0.725841112,0.684850077,-0.277194879373,-0.0292432716073,0.260950396297,0.405098965601,-0.0300128118797,-0.000573723754744,-0.226655577672,-0.0422856603739,-0.0779043955743,0.313360706573,-0.168850306508,-0.05845804471,-0.0612000003,0,0,0.671045809424,0.0764532831349,0.0881496553293,0.124018951774,0.00124892977608,-0.0860959601037,-1.63527460105e-22,0.512846818358,-0.308083402683,0.190058301844,0.128100532895,-0.000475081347373,-0.0845017127918,0
1.27794102862,-0.620582889106,0.811878194927,0.01270097,0.0683052188,0.739056475,0.670051199,-0.335993170248,-0.014496836217,0.235113749821,0.498380509838,-0.0433671496762,0.00469443913002,-0.203338216104,-0.0788359391665,-0.10401824535,0.295138859727,-0.168371347573,-0.055930455162,-0.0671999976,0,0,0.656807843515,0.0962208043897,0.0603215674629,0.124036417273,0.00115084454183,-0.0850379598645,7.06564290206e-22,0.511619092996,-0.341840001012,0.214618517098,0.128339033068,-0.000349843291859,-0.0847022230313,0
1.2687472174,-0.618744093764,0.814636360359,0.0162967691,0.0708859463,0.747851751,0.659869196,-0.372497224681,0.0331112857017,0.237262535492,0.557355622443,-0.0507669180871,0.0373552704536,-0.182092998572,-0.106422870416,-0.119911947654,0.276187377788,-0.163651446813,-0.0504190923334,-0.0697000027,0,0,0.645491039358,0.117465848447,0.0362165895253,0.12396851281,0.00105644071085,-0.084308095502,3.23551365539e-21,0.505912462759,-0.373167559065,0.24365703724,0.128830345402,-0.000234747163827,-0.0852109613851,0
1.2687472174,-0.615066613406,0.814636360359,0.0210973413,0.0658916958,0.749905514,0.657917097,-0.389566107142,0.11119375777,0.232407741255,0.601829487408,-0.0517402267158,0.0636555982343,-0.168450855303,-0.113893567717,-0.116262944508,0.28844749123,-0.173481696984,-0.049417885809,-0.0659999996,0,0,0.65510065724,0.131333337766,0.0321201115646,0.123873125214,0.00101803476673,-0.0839294553634,-5.5085585612e-21,0.517937512005,-0.392565207767,0.265038650641,0.128943333759,-0.000145177749024,-0.0856132721277,0
1.25955339698,-0.613227818064,0.816475155701,0.0250964717,0.0660907092,0.748894721,0.65890734,-0.37445625632,0.159548370574,0.224635549243,0.559624949181,-0.0458625888392,0.0848918320894,-0.152547027529,-0.132194286432,-0.109380025474,0.274490117377,-0.163828078568,-0.0446817678574,-0.0639000013,0,0,0.660528350767,0.119883587901,0.0421303790744,0.123834230186,0.00106128084021,-0.083668994024,5.36300203762e-21,0.506939030749,-0.396691635066,0.27462922099,0.129485347773,-0.000140017254948,-0.0870429616653,0
1.24116577454,-0.611389076965,0.817394525791,0.0286030039,0.0649068203,0.74607835,0.662069535,-0.342285703814,0.188526383673,0.186835911879,0.477587678407,-0.0426677594237,0.0807098195011,-0.138428948454,-0.149913020063,-0.0977820716349,0.265838712108,-0.159882033261,-0.0385527175965,-0.0621999986,0,0,0.665036351891,0.109558834637,0.0548628450667,0.123797709746,0.00110662151174,-0.0840483392816,2.3183998331e-23,0.503955677565,-0.381826872514,0.266450637836,0.129676055529,-0.00019968055843,-0.0882057664761,0
1.23197196331,-0.608630911533,0.816475155701,0.0305919093,0.0618836342,0.743803298,0.66482419,-0.298623230466,0.209846526782,0.136877398781,0.374173788883,-0.0529528629423,0.0707530764569,-0.128048853348,-0.165935303525,-0.0844341597842,0.266837159031,-0.164701405389,-0.0288439763096,-0.0628999993,0,0,0.670757034879,0.1119598486,0.0590718770367,0.123894309794,0.0011148783565,-0.0849715561498,-7.73903073825e-21,0.500388024468,-0.365022652388,0.259702069942,0.129916244975,-0.000268418771253,-0.0890161172774,0
1.21358434087,-0.605872746101,0.814636360359,0.0311060186,0.0578111856,0.741143414,0.668129271,-0.243826620018,0.232890232138,0.0934049468523,0.25467357287,-0.0472236387615,0.0641268012092,-0.127715620962,-0.180686835763,-0.0709877746118,0.287347590987,-0.176979482275,-0.0234820413125,-0.064000003,0,0,0.677637290126,0.116057157487,0.0645331042054,0.123936947929,0.00111829999516,-0.0859143132141,-5.13773701742e-22,0.492036775717,-0.359944408306,0.267732236125,0.130332445855,-0.000290094378571,-0.0891797790898,0
1.20439041932,-0.603114635832,0.811878194927,0.0309990399,0.0535983392,0.737977131,0.67197919,-0.183890976031,0.252686566761,0.0618719432503,0.134644035077,-0.0476651768877,0.0699973748929,-0.133459103781,-0.196928193335,-0.0550612548413,0.313356870994,-0.193257046919,-0.0151041141771,-0.0671999976,0,0,0.683230924978,0.118724926985,0.070887219944,0.124114765362,0.00113200189223,-0.0874787327855,-2.02910948674e-21,0.480332398568,-0.360496225177,0.279937668884,0.130760304266,-0.000292394430798,-0.0886999351923,0
1.18600279688,-0.60127584049,0.809120083739,0.0295914402,0.0487858869,0.735787162,0.674804813,-0.114399123903,0.269408113921,0.0556536463087,1.0311164657e-05,-0.00992271846128,0.0701089337409,-0.139534618101,-0.212937808284,-0.0460664098988,0.341475554817,-0.20578493811,-0.00820535441493,-0.0724000037,0,0,0.686445506973,0.129038110211,0.0707332406791,0.124263452086,0.00111054429588,-0.0887192875959,-3.56907945123e-21,0.469780915875,-0.355937914495,0.286350156406,0.13125661394,-0.000321311788957,-0.0887871581326,0
1.16761517443,-0.600356470401,0.805442548217,0.0265988215,0.0439980512,0.73696735,0.673970176,-0.112228107035,0.281723739212,0.0673304139745,1.00148947647e-05,-0.0243722494881,0.0699948960274,-0.141783178802,-0.231173099007,-0.0476703382702,0.360325609905,-0.217080552158,-0.00198382812939,-0.0798999965,0,0,0.682952758251,0.146083725096,0.0642407380077,0.124383381565,0.00105358394589,-0.0899667657354,2.90734318167e-20,0.465076859679,-0.345111315298,0.279293338672,0.131537306846,-0.000381595442044,-0.0888965504307,0
1.14922755199,-0.60127584049,0.801765012696,0.0227011266,0.0393019479,0.740036717,0.671033288,-0.111125383706,0.28593164721,0.104727183756,1.00219972843e-05,-0.0283903991507,0.061569556913,-0.137027595734,-0.253436790829,-0.0576841216441,0.367920755372,-0.219467512706,0.00670147877447,-0.0878999978,0,0,0.676760104262,0.162400547248,0.059563209876,0.124413931757,0.000992972979229,-0.091271267456,4.69928214658e-20,0.466583826801,-0.331798082492,0.262857488376,0.13161358672,-0.000456756579616,-0.0893736122921,0
1.13083992954,-0.60127584049,0.799006847264,0.0183024313,0.0357047428,0.742098543,0.669088892,-0.110706061004,0.28315935392,0.122751195723,1.00062975629e-05,-0.013859462494,0.0382205320712,-0.130290348769,-0.277704349975,-0.0628159026139,0.363365321833,-0.210273291801,0.015283749531,-0.0917000026,0,0,0.665007817884,0.176867689715,0.0501205679284,0.124422105753,0.000933085619731,-0.0925344215813,-2.02803311966e-20,0.469423491751,-0.321234665246,0.245633694483,0.131592040577,-0.000520973934967,-0.090563839847,0
1.1124523071,-0.600356470401,0.797168107085,0.014003234,0.0327075511,0.74317158,0.66815427,-0.115666763449,0.274670171704,0.127368085394,1.00989003598e-05,0.0472340766859,0.00761977230969,-0.117638047066,-0.302874296082,-0.0714160051916,0.343484619486,-0.182306825681,0.0248519212699,-0.0954999998,0,0,0.657486061037,0.190948223903,0.0341522991454,0.124661369184,0.000874386386344,-0.0933984746119,1.31539125238e-21,0.469845488606,-0.312942630746,0.233034159738,0.131714134235,-0.000580582635228,-0.0920303119355,0
1.09406468466,-0.60127584049,0.799006847264,0.00949294048,0.0319098838,0.743230183,0.668206957,-0.123767285772,0.260727238415,0.143275116614,0.000134400288453,0.0801852902514,-0.0167822960348,-0.0993789913704,-0.32640484727,-0.0833283729117,0.302063589157,-0.131237879151,0.0307456903461,-0.101999998,0,0,0.653568920838,0.201467085928,0.0196767681954,0.124910184918,0.00082260126441,-0.0936717246359,-2.38578451116e-21,0.459402987358,-0.306295904326,0.226935226338,0.132356060655,-0.000657787307705,-0.0942399508907,0
1.07567695189,-0.603114635832,0.802684382785,0.00553230534,0.0318132574,0.742309281,0.669278897,-0.182159722103,0.24435730534,0.140907207563,0.104253325542,0.075513828798,-0.0338469488184,-0.0818692106975,-0.353068985262,-0.0988751976136,0.254339313066,-0.0563528457229,0.0334731288894,-0.108000003,0,0,0.649600232618,0.202387515284,0.0133868691319,0.125086179782,0.000811003534897,-0.0943063751975,1.46328662681e-22,0.455987958675,-0.292364743408,0.212097950894,0.132674112746,-0.000759388416374,-0.095628557234,0
1.04809551822,-0.604953376012,0.806361918307,0.00219003448,0.0342005413,0.73701162,0.675010665,-0.194288274799,0.215655164664,0.163661123791,0.141044780525,0.0529827271325,-0.0262860131027,-0.0872835953667,-0.38459643509,-0.116747314775,0.222370441101,0.0357024170355,0.0339046295457,-0.105999999,0,0,0.64252928845,0.197698559258,0.0117380036565,0.124990397849,0.00082058110792,-0.0943049523198,2.17011312502e-20,0.464338951709,-0.273277948561,0.187997089986,0.132215463025,-0.000844596603318,-0.0955004897089,0
1.02970788658,-0.606792171354,0.810958824837,-0.00267120146,0.0366164696,0.727327118,0.685308224,-0.185619345754,0.197737439774,0.217139967183,0.150471232905,0.0303005810623,-0.0181079039249,-0.123797254476,-0.397570177025,-0.117958944718,0.223331763345,0.0863430689156,-0.00859426081515,-0.0930999964,0,0,0.640310922104,0.19196276985,0.0197488615884,0.12461771493,0.000849720842426,-0.0933365816793,-1.37542381216e-22,0.471445212934,-0.263146491909,0.183281492811,0.131824793776,-0.000848986759496,-0.0951792743264,0
1.01132026414,-0.608630911533,0.815555730448,-0.00885017884,0.0365007376,0.718014515,0.695014048,-0.174639434765,0.191032286704,0.262789872282,0.145256115089,0.0211088911395,-0.0166852812828,-0.186652840805,-0.382368281361,-0.115050526819,0.296583670423,0.00399971798259,-0.0707803029316,-0.0822999999,0,0,0.643839627061,0.183483416494,0.0384735587425,0.1241051055,0.000894104826217,-0.0924747871884,-1.77409524134e-21,0.473048545245,-0.253795935063,0.193397906227,0.132055912174,-0.000853358694778,-0.0952715766213,0
0.992932641693,-0.609550282542,0.817394525791,-0.0142914315,0.0349790286,0.712572778,0.700579944,-0.170732609566,0.185933197901,0.283691563245,0.141706098256,0.0153955299319,-0.0144818761436,-0.232738576867,-0.349799912466,-0.126044106586,0.379630827034,-0.11626143992,-0.090323768891,-0.0802000016,0,0,0.652360475853,0.187058542758,0.0499247798535,0.123788385023,0.000887808692204,-0.0919457241624,1.68772435606e-20,0.471958391954,-0.255752609364,0.214019180605,0.132463479649,-0.000816921394183,-0.0945568215731,0
0.983738830471,-0.608630911533,0.820152636059,-0.0196024893,0.0322040903,0.711090316,0.702089169,-0.168808276348,0.178074767452,0.284097191606,0.133294850685,0.014404856811,-0.00963427725132,-0.256471348493,-0.302127008387,-0.146877055404,0.432260109526,-0.152006969336,-0.0980002550541,-0.0841000006,0,0,0.658096961898,0.198469928908,0.0557365478624,0.123671230868,0.000849346623325,-0.0923611372013,-4.21798410138e-22,0.470534060753,-0.250105334745,0.22319625097,0.132944409161,-0.000838134390659,-0.0940738450431,0
0.974544908923,-0.608630911533,0.821072061312,-0.024185374,0.0295821105,0.711569697,0.70157575,-0.170383305909,0.168642618759,0.274115846223,0.125636183662,0.0196449435149,-0.00551284775352,-0.2664176419,-0.243464160998,-0.173637591255,0.46226560497,-0.187871715625,-0.0968134726206,-0.0917999968,0,0,0.66471244981,0.206832237279,0.060518109292,0.123663692242,0.000815207556629,-0.0924796404453,4.79469856508e-21,0.471205342061,-0.232220952659,0.213782712168,0.133409227046,-0.000938997958299,-0.0942048067232,0
0.974544908923,-0.608630911533,0.821991431402,-0.0274013188,0.0280013486,0.713034318,0.700033681,-0.175699786418,0.157298695024,0.263771374238,0.12568125831,0.0218814836834,0.00102893447562,-0.268169616502,-0.177666519141,-0.195500303905,0.465690558303,-0.210202532865,-0.0833500586644,-0.0991000012,0,0,0.666790515046,0.2157730241,0.0607299634913,0.123741778592,0.000776226544572,-0.0928752613198,-1.85239070637e-21,0.475424590877,-0.212073183189,0.194987497827,0.133623888317,-0.00105488845368,-0.0944363583186,0
0.965351097701,-0.607711541444,0.821991431402,-0.0294986497,0.0274987409,0.715967242,0.696968118,-0.187463105998,0.143121713638,0.248082972925,0.140149070831,0.0135574843453,0.0110095267719,-0.262487791826,-0.117655513216,-0.223344556095,0.444256986072,-0.219760723923,-0.0576158239803,-0.107000001,0,0,0.664054147565,0.222553986833,0.0594224816262,0.123871037464,0.000742449375554,-0.0938976724909,2.96709986371e-21,0.473611226167,-0.205349260841,0.188547624105,0.133972034621,-0.00111593550169,-0.0948950694613,0
0.956157286479,-0.606792171354,0.821072061312,-0.0292948292,0.0280950412,0.720872763,0.691877837,-0.200357381596,0.12095809627,0.227755691332,0.157749211336,0.0023349689555,0.0215371166419,-0.245519382658,-0.0730209385283,-0.264151274259,0.403844921404,-0.229738283045,-0.0325223233635,-0.118000001,0,0,0.662531275806,0.222548526108,0.0593022257657,0.124031670469,0.000727914680515,-0.0946342691453,3.14956542994e-22,0.468654489093,-0.209171459382,0.187385520548,0.1342930001,-0.00113819310218,-0.0952802670658,0
0.946963475257,-0.604953376012,0.81923326597,-0.0268916492,0.0291909349,0.725774608,0.686786682,-0.208162652239,0.096740757425,0.214810440679,0.177310253212,-0.0131829621111,0.0310112071827,-0.227955002665,-0.0363192975216,-0.287832112587,0.361397000689,-0.262103389186,-0.0139758492747,-0.127000004,0,0,0.663811836623,0.211395306354,0.0646556583405,0.124160732304,0.000761409113408,-0.0950403667124,7.12588578422e-21,0.467432324574,-0.214317091697,0.182628671078,0.134305841841,-0.00114875294671,-0.0957709732774,0
0.937769664035,-0.60127584049,0.81831389588,-0.022791833,0.0299892528,0.728738832,0.683754994,-0.206554480941,0.0747818677203,0.21133950443,0.193212250314,-0.0284723777689,0.0389246474679,-0.213200624182,-0.00587050523117,-0.284392022796,0.327265080091,-0.276038288638,0.00288616184795,-0.130999997,0,0,0.662671024311,0.203980071862,0.0634870256737,0.124353923705,0.000788136608037,-0.0956577202263,-4.10521461974e-22,0.469559979116,-0.222286237486,0.180379038152,0.134069830098,-0.00112788039691,-0.0963856095956,0
0.928575852813,-0.597598304969,0.817394525791,-0.0170959202,0.0297928885,0.728826011,0.683836792,-0.193172238251,0.0581096100139,0.215670181743,0.201637774472,-0.0401508294999,0.0448071063414,-0.197929615117,0.0228133811799,-0.243428547876,0.300058739422,-0.249604854444,-0.00637636486274,-0.128999993,0,0,0.663569331228,0.195597960688,0.0625533029203,0.124535213259,0.000830410435937,-0.0958817739466,-1.41379443396e-21,0.471612314224,-0.233515452494,0.186492451839,0.133845279388,-0.00107109625585,-0.0970646281388,0
0.919382041591,-0.59392082461,0.816475155701,-0.010199373,0.0298981603,0.72695528,0.685957793,-0.176983313241,0.0439395917853,0.226683534022,0.209459227428,-0.0537509715469,0.0485270798301,-0.183412148827,0.0399226912347,-0.181952293378,0.283861093026,-0.216476479415,-0.0237862041971,-0.123999998,0,0,0.668065591178,0.182896080608,0.0655611056349,0.124676656742,0.000894477313171,-0.0954603756318,6.26032926619e-20,0.470166446999,-0.2511333651,0.201929573564,0.133742493623,-0.000975660787436,-0.0977334012482,0
0.918462671501,-0.591162659179,0.815555730448,-0.00207006399,0.0322009977,0.724022384,0.689021334,-0.16789185193,0.0296362080746,0.246243884402,0.228531091187,-0.0664854451997,0.0489080431684,-0.176031623851,0.0230855915503,-0.149948043687,0.285500579354,-0.193159735478,-0.025750995549,-0.115999997,0,0,0.671605588819,0.163650717802,0.0733015171461,0.124686179952,0.000980498091123,-0.0947548587379,3.55027151407e-20,0.467592152023,-0.268432941667,0.213514465944,0.13349552424,-0.000880362710083,-0.0981771544506,0
0.91386576589,-0.589323863836,0.815555730448,0.00453944962,0.0363955878,0.723912189,0.688916466,-0.181104040373,0.0193881228534,0.262562080617,0.271440127949,-0.0759698736631,0.0486026742888,-0.185968606974,0.00401363097545,-0.136552280583,0.309722319123,-0.176841403768,-0.0336669941488,-0.105999999,0,0,0.670283989265,0.147409380847,0.0829713501611,0.12439781587,0.00104235998612,-0.0938209857721,8.21622492715e-22,0.471235201294,-0.277831677178,0.212597508217,0.132894117488,-0.000814518300357,-0.0981489513284,0
0.90926885936,-0.588404493747,0.815555730448,0.00952529504,0.0420792146,0.726641048,0.685661283,-0.214048652678,0.012457952953,0.269739502865,0.339211973756,-0.0848307787719,0.0426377013696,-0.199527911242,-0.0151445641905,-0.126463351099,0.336853053827,-0.180103812909,-0.0462895396612,-0.0914999992,0,0,0.660081381232,0.13260022136,0.0891345977895,0.123988772083,0.00109547619102,-0.0931866500448,-3.21533765333e-21,0.485436409024,-0.288328545884,0.202799556037,0.131643162422,-0.000721469289653,-0.0971261977762,0
0.903752528496,-0.586565752648,0.816475155701,0.0140954818,0.0470849066,0.73176542,0.679782097,-0.257919882213,0.00346161051725,0.246402206011,0.414986342411,-0.0697089183185,0.0250822540226,-0.201429524517,-0.0340353066381,-0.11757055544,0.347385454843,-0.184096329802,-0.0586497986677,-0.0816999972,0,0,0.649326581941,0.135150055447,0.078472226629,0.123889285686,0.001082123614,-0.0927422252962,1.25008281438e-21,0.495422458852,-0.304865314037,0.200409258666,0.1307553982,-0.00061776985729,-0.0962549295298,0
0.896397512616,-0.585646382559,0.821072061312,0.017604714,0.0541144899,0.738197646,0.672179984,-0.273688648527,-0.00560408035287,0.234311563673,0.425246341617,-0.0323016544767,0.00312651535745,-0.185687534969,-0.0643238611499,-0.118277477052,0.322074139204,-0.168227831058,-0.0547389575679,-0.079400003,0,0,0.629764473221,0.136510280844,0.0655778726526,0.123824761966,0.00105740350586,-0.0926889268328,2.08589625008e-21,0.486878648697,-0.317453543151,0.201412807677,0.130664593871,-0.000573711567126,-0.096298109834,0
0.888123071484,-0.584726958225,0.823830171581,0.0223062538,0.0564158193,0.744208684,0.665186531,-0.292485070828,0.0196289137839,0.227689357731,0.46481943558,-0.0430683866707,0.00382424048624,-0.168036972209,-0.0894273661338,-0.123437455998,0.308408946792,-0.162444144936,-0.0501128046867,-0.0771000013,0,0,0.619944917896,0.133474903201,0.0613066515197,0.123911649582,0.00106966178602,-0.0932629686001,8.69839883844e-21,0.490224989228,-0.326254313014,0.193845564256,0.130265868787,-0.000541713551524,-0.0967612290568,0
0.879848629432,-0.583807587216,0.826588337013,0.0264975957,0.0567948476,0.746932213,0.661939946,-0.296756731649,0.0650779678527,0.231783051526,0.47846532844,-0.0463372749362,0.020649516213,-0.145426587744,-0.109751294505,-0.125322432949,0.285520235973,-0.151803886857,-0.0436018371573,-0.0764999986,0,0,0.624454692526,0.117383777581,0.0712565619293,0.123988365215,0.00113243531186,-0.0929940307938,-1.43892673948e-21,0.485794998721,-0.330670861192,0.18951328138,0.130282845465,-0.000541602787805,-0.0980147573306,0
0.871574188299,-0.581049476948,0.826588337013,0.0309960375,0.0518933662,0.748904285,0.659915673,-0.303963520997,0.12688615254,0.216511519787,0.506713215854,-0.0657578058747,0.0361468243025,-0.130608019936,-0.121249091671,-0.125324862419,0.29359949511,-0.163916299307,-0.0407540452857,-0.0771000013,0,0,0.644169305348,0.111425071018,0.0812738581609,0.124216319965,0.00117527279582,-0.0929847188891,-7.57009220305e-21,0.500497460551,-0.327266398068,0.176917727705,0.129809176244,-0.00055340597219,-0.0984698083396,0
0.860541581735,-0.579210681605,0.827507707102,0.0339165892,0.0509249091,0.749366538,0.659322463,-0.284039881957,0.164681731712,0.193753713914,0.462552677023,-0.0593467720462,0.0515384902644,-0.110683379715,-0.13893104926,-0.122973033596,0.278347844366,-0.161402182813,-0.0332379826096,-0.0781999975,0,0,0.653023219336,0.111172089909,0.0808221934712,0.124475416166,0.00118832372035,-0.0932356567215,2.42066453185e-22,0.499569412091,-0.326428306459,0.171452821893,0.129742274984,-0.000567348813206,-0.0987843795308,0
0.848589604162,-0.577371941426,0.827507707102,0.0357945704,0.0491925381,0.74888644,0.659899949,-0.258646222802,0.194995161787,0.156731195995,0.39922620526,-0.0494946427292,0.0510137407682,-0.0980233805667,-0.157582942201,-0.119445706866,0.273341419243,-0.162820285787,-0.0263843596738,-0.0795999989,0,0,0.661529367582,0.12189354315,0.0742137832977,0.124682862417,0.00116088057973,-0.0934502254518,1.37913305399e-21,0.497829607481,-0.326129291005,0.173577466822,0.129785356771,-0.000566065118063,-0.0981224780031,0
0.834798886409,-0.575533146084,0.826588337013,0.0370970613,0.0466963036,0.748940716,0.659947776,-0.225399543242,0.222744278049,0.122371900736,0.322507874912,-0.0397903403766,0.0474937639525,-0.0925757384374,-0.177758863499,-0.114891667482,0.28447673511,-0.169953170339,-0.0201979328319,-0.0820999965,0,0,0.666928412148,0.132224866425,0.0667699058027,0.124928370617,0.00113373366412,-0.0939849493136,1.53008919924e-21,0.494289953941,-0.328558164469,0.179284439892,0.129954208124,-0.000556847316557,-0.0977232878356,0
0.820088799487,-0.574613775994,0.82474954167,0.037479904,0.0437765262,0.747599147,0.661645213,-0.190203960097,0.249109430066,0.102477046996,0.247769543738,-0.0571398354663,0.0511944544629,-0.0985193206665,-0.199270221411,-0.106296649281,0.310489760074,-0.180511044981,-0.0115869493293,-0.0847999975,0,0,0.672511537547,0.134603062366,0.0689918388608,0.125109259915,0.00114044793025,-0.0949151426857,1.71169014624e-22,0.490294492235,-0.330536372787,0.184135555965,0.130088036987,-0.000549069343641,-0.0970170086387,0
0.804459286392,-0.573694405905,0.821991431402,0.0369140534,0.04031535,0.747284499,0.662252145,-0.154103448044,0.272766374869,0.0905521418047,0.168154608025,-0.0700651256028,0.0583982120482,-0.103491135522,-0.218934696214,-0.0977065983619,0.334357102827,-0.19271620363,-0.00664848750384,-0.0886000022,0,0,0.677562264095,0.12936113512,0.0780665952145,0.125201096156,0.0011698975899,-0.095612823243,1.21710181115e-22,0.489044877409,-0.329356616468,0.180836377816,0.130028749977,-0.000560359513265,-0.0963502354827,0
0.786991033118,-0.573694405905,0.81923326597,0.035014611,0.03661528,0.749312686,0.660275546,-0.121039075668,0.288070872952,0.0949221392016,0.0915096388381,-0.0800782061961,0.0707220977709,-0.100386702274,-0.240800170797,-0.0977319569988,0.347775599145,-0.200653464372,0.000579725715521,-0.0947000012,0,0,0.678999693366,0.124756145699,0.0825834750427,0.125408978244,0.00119357694422,-0.0966046033647,-2.33866844385e-22,0.490969771739,-0.323988239052,0.172526107628,0.12990739114,-0.000595069801231,-0.0959849351276,0
0.768603409755,-0.574613775994,0.816475155701,0.0319871407,0.0334865371,0.752697389,0.656735956,-0.0934623937276,0.289878926648,0.121632769323,0.0246566270369,-0.0960021207457,0.0853392041434,-0.0968034415485,-0.266183023836,-0.10069918275,0.354645830304,-0.199944788136,0.0096704445274,-0.101000004,0,0,0.675861851703,0.125705393947,0.0803213301925,0.125579165944,0.00118946553856,-0.0975719101377,3.36723739611e-22,0.496138100213,-0.320109293591,0.161861110346,0.129617527087,-0.000622006101621,-0.0956709603461,0
0.748376991049,-0.575533146084,0.813716990269,0.0275096879,0.031611131,0.754265638,0.655230724,-0.0843796446524,0.281611742335,0.148012117168,0.000933690159944,-0.0757708357296,0.0761928701685,-0.097913670644,-0.291382925802,-0.098305633157,0.357747565338,-0.192704925997,0.0140743605178,-0.103,0,0,0.671910014276,0.131694268716,0.0706638317658,0.125652443954,0.00115850594149,-0.0975224031613,2.75011882854e-22,0.500701684974,-0.319540765197,0.156076559934,0.129388377548,-0.000626886489713,-0.0957134625442,0
0.725392407831,-0.577371941426,0.810958824837,0.0223964048,0.0310950089,0.753879018,0.655894754,-0.0861240067604,0.262100615573,0.130875645616,1.00004364838e-05,-0.0587545623027,0.0472336066431,-0.100660121571,-0.32098213678,-0.0907401184906,0.348326452816,-0.172399821592,0.0217411067578,-0.100000001,0,0,0.665848438612,0.143109651564,0.0552454436647,0.125556784299,0.0010989158962,-0.0964798767925,-3.1628327925e-23,0.503853224824,-0.325836653489,0.152677582596,0.129125295819,-0.000598986414331,-0.0961453776848,0
0.702407878856,-0.579210681605,0.809120083739,0.016889807,0.0307814247,0.752545894,0.657603159,-0.10480760804,0.256001183264,0.15579939388,0.0311718908689,-0.0258027577415,0.0141477345857,-0.100696444667,-0.345837834982,-0.0828371893843,0.324680051031,-0.133482654059,0.0280985981142,-0.0952999964,0,0,0.661799989311,0.147262136352,0.0477038516052,0.125421354576,0.00107228370874,-0.0954773042487,-9.55757649312e-22,0.507845340107,-0.330948838928,0.146459602994,0.128787885598,-0.000575291962995,-0.0966252290911,0
0.680342719971,-0.581968847037,0.810958824837,0.0115995197,0.0322986623,0.746969061,0.663972492,-0.143194180237,0.253412509558,0.190140731202,0.106278058279,0.011589433768,-0.0225863685595,-0.117352190907,-0.368180980593,-0.0634531733666,0.300756226266,-0.0663245783836,0.0294676106945,-0.0841000006,0,0,0.652532502886,0.136791500095,0.057444619385,0.125045285591,0.00111542053113,-0.0955165299641,7.93770434031e-22,0.514523074644,-0.331801676064,0.134605719041,0.128284277008,-0.000560920322136,-0.0972502664558,0
0.657358135834,-0.585646382559,0.814636360359,0.007523034,0.036014523,0.740298569,0.671270725,-0.159279950276,0.233767153742,0.231953162173,0.144373171213,0.0314554654846,-0.0305275571667,-0.14794715849,-0.398401407707,-0.0598534421516,0.289335224959,0.0233493340199,0.0265732683639,-0.0725999996,0,0,0.646541136088,0.114623185279,0.0762117456115,0.124758533685,0.00120968175105,-0.095597400252,-1.5058272692e-21,0.520241468137,-0.330901940639,0.128824661861,0.128005738013,-0.000547686110402,-0.097816704951,0
0.634373606859,-0.588404493747,0.81923326597,0.00276035227,0.0389049632,0.732093404,0.680086782,-0.16828179292,0.211036318161,0.276376670596,0.172477976401,0.0150086776101,-0.0161176955414,-0.190076441997,-0.412829807584,-0.0629067169161,0.298084714382,0.0785504784105,-0.00905695846157,-0.061900001,0,0,0.642164149425,0.101068544994,0.0883717128865,0.124559606499,0.00127252451453,-0.0956260960282,3.16655364446e-21,0.513704803326,-0.338216694616,0.154088296225,0.128718689843,-0.000493266169595,-0.099021916051,0
0.615985983495,-0.590243289089,0.823830171581,-0.00437887642,0.0369905105,0.726813534,0.685824041,-0.164572703333,0.201208568679,0.306401207919,0.172096254345,0.0101521768842,-0.00944298546683,-0.235124270505,-0.38867712238,-0.0609912164042,0.34893794698,0.00523964677396,-0.0845510996014,-0.0544000007,0,0,0.642729507728,0.102981010272,0.0991147057048,0.124092835689,0.00127459068351,-0.0953901758185,1.01309104686e-20,0.500294327208,-0.347561643002,0.207533860801,0.130063054241,-0.000414439724083,-0.0993743595765,0
0.604953376012,-0.591162659179,0.826588337013,-0.0118986544,0.0333962216,0.724918027,0.687922211,-0.164952123314,0.197113723102,0.314477489972,0.165729114754,0.00624291802815,-0.00501015279927,-0.266382829356,-0.346147176507,-0.0728348499441,0.413763159145,-0.10422385809,-0.102852175758,-0.0571000017,0,0,0.653264537644,0.123762427043,0.0983945443937,0.123732808289,0.00119476160424,-0.0948165422584,-7.37016935585e-20,0.485085133175,-0.354819116728,0.257322331102,0.131208065691,-0.000357281954772,-0.0977628674582,0
0.5948401947,-0.592082029268,0.829346502444,-0.0178990559,0.0297984289,0.723961814,0.688963692,-0.164619917921,0.19215970034,0.316276872892,0.158376522748,0.0046680984776,-0.00254685683764,-0.285888824372,-0.297572242883,-0.103192642314,0.46304230476,-0.147268458566,-0.104487241492,-0.0621999986,0,0,0.665938345459,0.144627772334,0.0927828700214,0.123549573096,0.00110574881159,-0.0935866506613,-1.21055319671e-20,0.478746260917,-0.34444566451,0.269219490445,0.131661598504,-0.000393170009846,-0.0962903650357,0
0.585646382559,-0.592082029268,0.831185242624,-0.0225986979,0.0265984661,0.723958242,0.688960293,-0.165500341686,0.184337796034,0.3127516347,0.150572815059,0.00463706572526,0.00117637709872,-0.292332160352,-0.248260516484,-0.155221858612,0.490978447561,-0.192233352922,-0.0966019040262,-0.070100002,0,0,0.677815682117,0.156303183045,0.0927681451526,0.123508598823,0.00105323881691,-0.0927196688872,-8.89847889101e-22,0.472709239746,-0.323497235905,0.260970570659,0.132028589169,-0.000495064113242,-0.0957343428577,0
0.576452516174,-0.593001399358,0.832104613633,-0.0252972268,0.0246972936,0.72492056,0.687924615,-0.168867566836,0.172097411132,0.306033657653,0.149528601729,0.00371220114685,0.00340968867735,-0.286966275902,-0.202842939488,-0.216016774693,0.494420398251,-0.21849807485,-0.0831468040538,-0.0777999982,0,0,0.684177813201,0.164333771539,0.0892778578245,0.123727802971,0.00102138088284,-0.0927232990935,-3.16305241555e-21,0.469406881839,-0.303255917192,0.244986020728,0.132255782799,-0.000604146851496,-0.0955514439258,0
0.568178075041,-0.593001399358,0.832104613633,-0.0274959891,0.0237965294,0.724894285,0.687899681,-0.174918628102,0.160603629724,0.302381335664,0.157676653369,-0.00538872931665,0.0101769611798,-0.282275334917,-0.150296245662,-0.253360793214,0.483848650106,-0.23837069499,-0.0694793130606,-0.0821999982,0,0,0.683762544874,0.17045991321,0.0856049853565,0.123853090165,0.00099658534219,-0.0930363429004,2.03506340592e-21,0.463809892941,-0.294527812788,0.240447677247,0.132527324693,-0.000657169915163,-0.0954104256402,0
0.559903688152,-0.593001399358,0.831185242624,-0.0284155283,0.024113177,0.724395834,0.688376197,-0.179291889256,0.146104890246,0.299755542112,0.168020355563,-0.0189179481859,0.0178843121735,-0.27927093185,-0.0899691478096,-0.257883072584,0.463636808188,-0.266917805741,-0.0624919190594,-0.0850000009,0,0,0.680414619032,0.170361373084,0.086932090655,0.123938090613,0.00100025455469,-0.0940025269875,-4.60314292551e-21,0.454028013502,-0.299854524958,0.250879561606,0.132946626503,-0.000645492635583,-0.0955583098663,0
0.550709821767,-0.592082029268,0.830265872534,-0.0271963722,0.0250966521,0.723903403,0.688908105,-0.177862871922,0.127964299785,0.301452348978,0.174921807368,-0.0321199700491,0.0242823334997,-0.272521931459,-0.0357045560168,-0.242045762881,0.433597946928,-0.273801898906,-0.0477554555438,-0.0901999995,0,0,0.673469538459,0.161282024003,0.0921102875268,0.124089753723,0.00103671327449,-0.0956411454,5.10755898339e-21,0.442273245001,-0.315078908766,0.269540494354,0.133416797743,-0.000592133039154,-0.0953493686263,0
0.541516010545,-0.590243289089,0.829346502444,-0.0246978043,0.0258976974,0.723935593,0.688938739,-0.172910614718,0.10793914467,0.30184877943,0.177330226451,-0.0419281109085,0.030912076444,-0.264166129443,0.0171517622757,-0.195684168534,0.400000928674,-0.272597839544,-0.0361936455471,-0.0961000025,0,0,0.667515980249,0.14908531111,0.102882047073,0.124137058515,0.00108394010113,-0.0973517947966,2.09491212294e-21,0.428976367911,-0.328131388741,0.287856017003,0.134044742655,-0.000556858131917,-0.0957142034222,0
0.533241568493,-0.588404493747,0.828427077192,-0.0200999668,0.0264999567,0.723998804,0.688998894,-0.163409414764,0.0859979657449,0.302544174294,0.180088175937,-0.053488455839,0.0375466770046,-0.253524977075,0.0570955589781,-0.144478466179,0.372628041538,-0.273728486709,-0.0177929030002,-0.101000004,0,0,0.66613405975,0.13805799741,0.110539486743,0.124256824278,0.00112675162073,-0.0983833280663,2.09292448479e-21,0.418482847086,-0.34121820207,0.30305995913,0.134490143617,-0.000517513755763,-0.0958359750874,0
0.524967127361,-0.586565752648,0.826588337013,-0.0136004596,0.0279009417,0.725024517,0.688023266,-0.150874858982,0.0587935994629,0.299096746792,0.178775812538,-0.0647391854268,0.0441217521613,-0.23828865104,0.0747628355319,-0.109157403484,0.347200980012,-0.262593232069,-0.00246258669928,-0.107000001,0,0,0.666634386132,0.134229146447,0.109318208677,0.124476569627,0.00113613424105,-0.0987139033658,-3.45516886562e-22,0.412436400201,-0.350412367998,0.308206510014,0.134709225101,-0.000497346483237,-0.095689282536,0
0.518531480651,-0.584726958225,0.82474954167,-0.00664003608,0.0300001632,0.726003977,0.68700373,-0.138657419263,0.0356397061284,0.302132753066,0.181273388302,-0.0755706614385,0.0451622992694,-0.217076659663,0.0707214971372,-0.0945121538093,0.316823104805,-0.223040646399,-0.0256912639116,-0.108000003,0,0,0.672712486138,0.13910592092,0.0966376144281,0.124716080982,0.00110875243292,-0.0969995491765,4.32741947671e-22,0.412783048689,-0.354646464257,0.302780978966,0.134528347333,-0.000487970487969,-0.0957216804099,0
0.51393457504,-0.583807587216,0.823830171581,0.000246002538,0.0329003399,0.724007416,0.689007089,-0.136369827498,0.0217941153404,0.31884253886,0.201188795189,-0.0918803353729,0.04842369249,-0.205071865186,0.0500824394134,-0.0843173729692,0.311112253477,-0.226150818694,-0.0221466237246,-0.100000001,0,0,0.673695780264,0.147550565769,0.0843751689233,0.124625204567,0.00107168172111,-0.0952756457658,-1.8386967545e-20,0.420753290696,-0.355895457052,0.292713288888,0.133872720257,-0.000464875242444,-0.0957122532111,0
0.509337669429,-0.582888217127,0.823830171581,0.00507283658,0.0375209824,0.723404502,0.6893855,-0.154922123375,0.0132712404326,0.328230142727,0.243767269849,-0.100754920451,0.0466762476355,-0.214561701079,0.0349133108421,-0.0677669381782,0.325727586362,-0.208930153775,-0.026872141169,-0.0894000009,0,0,0.667007069895,0.151836660615,0.0828119163133,0.124116511266,0.0010468449497,-0.0940150821533,-1.33678364407e-20,0.431059682334,-0.355901218688,0.281557581023,0.13315881959,-0.000441872783006,-0.0960717560145,0
0.506579503997,-0.582888217127,0.825668966923,0.00812588915,0.0435779547,0.725632919,0.686652604,-0.198291037373,0.00823912489735,0.323633915055,0.317397138498,-0.102608265348,0.0461332803355,-0.224039494717,0.0221285442777,-0.0535760492128,0.332681629832,-0.186609961673,-0.0422302425129,-0.0781000033,0,0,0.654973957854,0.154241465213,0.0831339816415,0.123588673103,0.00103201798965,-0.0933986488056,-2.15604192229e-21,0.44673813467,-0.35596462243,0.267183849571,0.132268772501,-0.000412777830885,-0.0961840379097,0
0.501982598386,-0.582888217127,0.826588337013,0.0107026859,0.0491123234,0.733183946,0.678170136,-0.259901397396,0.00328994983399,0.289976005747,0.409242296968,-0.0744518183819,0.0259491418398,-0.221131492162,0.0010380571507,-0.0615526364602,0.326546761756,-0.181576443251,-0.0561864885226,-0.0741000026,0,0,0.639875661156,0.169183346745,0.0692276302983,0.12336676121,0.000960742558881,-0.0930302239097,-3.35372554107e-21,0.461368936804,-0.354205326155,0.251003176121,0.131614351448,-0.000410186442712,-0.0964344269721,0
0.494627527343,-0.583807587216,0.830265872534,0.0115068402,0.056833785,0.742441325,0.667396727,-0.302958475955,-0.00747117214689,0.259368011316,0.450884540331,-0.0348291115769,0.00557773834234,-0.204714713558,-0.0324001206111,-0.0763697728868,0.291353094826,-0.168308832715,-0.0520468677313,-0.0772999972,0,0,0.617090995135,0.18469955949,0.050094237384,0.123242304923,0.000868900192665,-0.0930318162939,1.69364327662e-21,0.453875746745,-0.34778283946,0.240279139644,0.131812099225,-0.000467816721767,-0.0978750855822,0
0.487272455381,-0.582888217127,0.833023983722,0.0148969199,0.0583879297,0.749844969,0.658863759,-0.338810265725,0.00925026786028,0.229608097361,0.506023694575,-0.0321536542006,0.00379722574809,-0.185731585763,-0.0575603867551,-0.0871237701429,0.275921893586,-0.162899213381,-0.0451183842705,-0.0793000013,0,0,0.608849066645,0.194380506319,0.039186490648,0.123295555778,0.000820039881061,-0.093318988901,-1.42778738071e-20,0.461802498287,-0.349477449262,0.230249908427,0.131579467578,-0.000473600236927,-0.0991769303158,0
0.478998069412,-0.581968847037,0.835782149154,0.0179000165,0.058700055,0.754000728,0.654000608,-0.355652513394,0.0477560867024,0.215638092267,0.533721412213,-0.0333075429973,0.0179258362277,-0.167075696736,-0.0771032539033,-0.0912692773342,0.257851493609,-0.155016846333,-0.0381671885332,-0.079400003,0,0,0.60844502383,0.193108518445,0.039433530226,0.123346203974,0.000828236428247,-0.093622652858,-5.2093772118e-21,0.468295943928,-0.348154749832,0.220590037079,0.131349085319,-0.000486580738634,-0.100187258433,0
0.47072362736,-0.580130051695,0.837620889333,0.0211951947,0.0579868534,0.755828646,0.651852243,-0.352425901451,0.0945350337839,0.203071992563,0.528318015246,-0.04681638023,0.0414324548854,-0.146284349852,-0.0944086042659,-0.0931396728124,0.240213228621,-0.147956177484,-0.0342146527246,-0.0786999986,0,0,0.61492484404,0.184860006883,0.0462995919943,0.123401629188,0.000870126030824,-0.0936222631403,3.88341446335e-21,0.475507822802,-0.339925284375,0.202429631941,0.131038376863,-0.00053837844974,-0.101853189285,0
0.461529760975,-0.577371941426,0.836701519244,0.0249985376,0.0513969909,0.756955736,0.650961932,-0.345623758342,0.15084483578,0.169078796805,0.525249573919,-0.0728219308151,0.0504354361321,-0.134193398057,-0.101096913711,-0.0901500066468,0.25434300476,-0.157933314052,-0.0336577455047,-0.0759000033,0,0,0.631528597501,0.186924346209,0.05314359161,0.123600286571,0.000893981722576,-0.0941794908178,-2.56353131471e-20,0.500762527121,-0.329581241532,0.185362486627,0.13033724372,-0.000563956459997,-0.102431762155,0
0.450497209573,-0.575533146084,0.837620889333,0.0278021775,0.0493038628,0.756059216,0.652051095,-0.313256057359,0.180890106115,0.129723677702,0.453926623271,-0.0714164861219,0.0573387805054,-0.120653500854,-0.117254691225,-0.0827429923836,0.251351027574,-0.15750503756,-0.0280156699871,-0.0763000026,0,0,0.641980743975,0.182772304891,0.0591781921384,0.123743272912,0.000924651381289,-0.0944796860977,-1.07689296371e-22,0.503593934311,-0.326826624536,0.18472472959,0.130346359255,-0.000574320722054,-0.102740182037,0
0.436706464239,-0.573694405905,0.836701519244,0.0295084194,0.0461131586,0.75521547,0.653186362,-0.27213592344,0.205496125108,0.0853673229627,0.366757832568,-0.0735139780685,0.0587744672166,-0.114048816988,-0.132385175637,-0.0718380152818,0.258491661699,-0.162411189706,-0.022620696588,-0.0766000003,0,0,0.653989345713,0.180322742028,0.0664862284969,0.12390398892,0.000954950307357,-0.0950946477834,-3.23255531272e-22,0.504697415153,-0.328779387661,0.188180934616,0.130361609335,-0.000559590181166,-0.102420198521,0
0.421996348816,-0.570936240473,0.835782149154,0.0312983486,0.0421977714,0.752960271,0.655965389,-0.223900274825,0.228075400205,0.0487891308735,0.274679087442,-0.0880037200738,0.0586708606868,-0.11037165518,-0.149282340002,-0.0564340453379,0.274689783733,-0.170509593116,-0.0151688822885,-0.0759000033,0,0,0.663815629496,0.172273405673,0.077464338184,0.124037393943,0.00100970707919,-0.0960433973644,-5.00733350146e-22,0.50658834401,-0.329964543496,0.18973874537,0.130317086206,-0.00054758111292,-0.102131489681,0
0.406366864222,-0.570016870383,0.833943408055,0.0318062332,0.038007445,0.752147331,0.657128747,-0.177327771114,0.248234903467,0.017521898911,0.183817257381,-0.0961124532879,0.0597025370458,-0.109157620791,-0.167403055943,-0.0490732749929,0.292006510342,-0.179819897762,-0.00848665281171,-0.0778999999,0,0,0.671316333639,0.167233684584,0.0883082984565,0.124159123804,0.00105008269756,-0.0973485954681,2.55834250475e-22,0.50805987435,-0.330211966308,0.187776971932,0.130180427651,-0.000543011463313,-0.10119876883,0
0.390737378709,-0.569097500294,0.832104613633,0.0304888628,0.0337876559,0.752725052,0.656760092,-0.138002848976,0.263623007452,-0.00190947482018,0.100465117865,-0.0954083203469,0.0649753845489,-0.107768321131,-0.186097231267,-0.0469162878793,0.306682354367,-0.188002164578,-0.00312684549061,-0.0834000036,0,0,0.676685871036,0.171122490867,0.0880169834694,0.124386185192,0.00104143374735,-0.0979820235438,3.67215413908e-22,0.506295121812,-0.323173422942,0.178881525588,0.130155466788,-0.000591152468129,-0.101119659544,0
0.373269097853,-0.569097500294,0.829346502444,0.0285891105,0.0298886152,0.754712533,0.654750583,-0.106328640702,0.272216313877,0.00438113084548,0.0361909136618,-0.0945600954747,0.0706840488288,-0.106762074906,-0.206885389226,-0.0457530593968,0.319997312129,-0.188299976185,0.00372090349111,-0.0879999995,0,0,0.676978366248,0.178408864309,0.084531554402,0.124535181631,0.00101408829488,-0.098614734961,-2.72273735263e-23,0.507350828042,-0.313587430684,0.164495253967,0.129971506349,-0.000651586393924,-0.101103361201,0
0.353962076819,-0.570016870383,0.826588337013,0.0253086815,0.0270092657,0.756259401,0.653224072,-0.113594213405,0.269957475175,0.0234413837506,0.0559609127819,-0.115638935606,0.0568042709736,-0.109434906488,-0.231458818584,-0.0430208033747,0.329673184028,-0.186366167997,0.00923367955076,-0.0904000029,0,0,0.674047833122,0.180215282972,0.0842057344324,0.124484271024,0.000999374732622,-0.0986596352075,4.96503354486e-20,0.50839370269,-0.306885063449,0.152368085055,0.129742255408,-0.000692989786822,-0.100820215146,0
0.331896917934,-0.571855610562,0.823830171581,0.0213963647,0.0250957353,0.755871524,0.653888858,-0.118091430659,0.257164735488,0.0259014513094,0.0689364401905,-0.10700220629,0.030047691568,-0.110307376168,-0.258335146185,-0.0357917903817,0.327218271806,-0.174877078092,0.016897547758,-0.0885000005,0,0,0.670031282381,0.183996412901,0.0799978075098,0.12438724569,0.000977738588292,-0.0983275022151,1.84908652607e-20,0.508606663812,-0.307487835506,0.148271963834,0.129597612815,-0.000691366801927,-0.100887027528,0
0.310751130058,-0.573694405905,0.822910801491,0.017103717,0.0248053904,0.753163668,0.657142789,-0.113834098203,0.245918922939,0.0573742326464,0.0493076601288,-0.0312054718618,0.00560107376564,-0.105670553576,-0.284097213969,-0.0268647029492,0.300495455006,-0.143294371338,0.0227754438176,-0.0843999982,0,0,0.662273329178,0.18179349865,0.0777975896495,0.12417117639,0.000975437971698,-0.0976952475672,-1.56122961175e-23,0.504391325767,-0.311887854524,0.15127261349,0.129641053412,-0.000668692790678,-0.10092598024,0
0.290524738933,-0.576452516174,0.823830171581,0.0127006352,0.0258012916,0.748037446,0.663033156,-0.149368067701,0.239094305316,0.0952031161328,0.11392373042,0.01524365154,-0.0276578687994,-0.110356819056,-0.30421889605,-0.0129806973194,0.269938164871,-0.0911336286326,0.020870689255,-0.0763000026,0,0,0.657718203807,0.166899925277,0.0859083566958,0.12385154628,0.00103019983433,-0.0967772212214,3.41880161948e-22,0.503604748661,-0.314016865331,0.150289310132,0.129475770397,-0.00064541422538,-0.10077253733,0
0.269378950138,-0.580130051695,0.827507707102,0.00879901834,0.0286967983,0.740917341,0.670925156,-0.175740556705,0.221037937465,0.132236475019,0.170532857972,0.0128704241487,-0.0338936982806,-0.131882691054,-0.332423463693,-0.0172256196858,0.25266348081,-0.0149188341722,0.0159562320835,-0.0684999973,0,0,0.651453845114,0.145027352422,0.0979120564288,0.123588764852,0.00111256975723,-0.0962049176739,-1.19488715114e-21,0.495791959962,-0.312041229003,0.154180440661,0.129636973388,-0.000643880970474,-0.100828329077,0
0.247313763672,-0.583807587216,0.832104613633,0.00505857003,0.030891268,0.731793146,0.680807559,-0.175748367447,0.198532535784,0.174874687651,0.183678310366,0.00257958981767,-0.0210128896102,-0.168587221594,-0.353267147752,-0.0407574973429,0.266333752456,0.0311561547002,-0.0123283187128,-0.059799999,0,0,0.645360333164,0.137785167937,0.0992721980049,0.123460696782,0.00114408615836,-0.0958417578351,-1.40580798457e-21,0.488398099582,-0.309329529855,0.162798657284,0.129846321837,-0.000633996130178,-0.100568120262,0
0.228926126517,-0.587485123657,0.836701519244,-0.000543674179,0.0291825112,0.724565782,0.688587331,-0.165524916133,0.187592294541,0.21074027035,0.174890212847,-0.00342965133414,-0.0137737336901,-0.214355461347,-0.340616870797,-0.0566962353067,0.325745956664,-0.0381155695516,-0.0776299933842,-0.0526000001,0,0,0.642160503214,0.141831275062,0.104494452211,0.123065816275,0.00113522981531,-0.0955599974726,-1.39603412628e-20,0.48168628468,-0.302077309156,0.177070977825,0.130281094616,-0.000640692945202,-0.100534088399,0
0.216974162735,-0.589323863836,0.839459684675,-0.00646167131,0.0260067279,0.722186815,0.691178776,-0.159056033472,0.181430124528,0.222205246519,0.157334361433,-0.0019693911671,-0.0146165931891,-0.245690236321,-0.310328245726,-0.0808340683966,0.398177884806,-0.133609188795,-0.0970773225753,-0.054299999,0,0,0.647135017458,0.148029250612,0.114545440992,0.122578955342,0.00110313017922,-0.094792859515,-3.55523842328e-21,0.479450988307,-0.291722846691,0.185790634558,0.13068749531,-0.000675042382654,-0.0997598626227,0
0.206860953842,-0.591162659179,0.842217850107,-0.0123941735,0.0225893807,0.723659762,0.689675759,-0.156373945457,0.171348306079,0.221907326268,0.137808777641,0.00499879855445,-0.0120937408225,-0.264657629213,-0.276111253418,-0.122267334932,0.453436611739,-0.160106032891,-0.100511264758,-0.0615000017,0,0,0.654660644564,0.151467104421,0.125494433508,0.122278009774,0.00107810662665,-0.0943701420532,6.39465764843e-21,0.482346457881,-0.276348214389,0.177419520656,0.130788630918,-0.000749788792283,-0.0987005584807,0
0.19766714262,-0.592082029268,0.844056590287,-0.018102023,0.0201022449,0.726081117,0.687076726,-0.158621547859,0.161429938279,0.211803193851,0.122032678359,0.0101541672481,-0.00734516631429,-0.274137296037,-0.23394606374,-0.165908344551,0.490804537726,-0.190165038817,-0.0978226630428,-0.0715000033,0,0,0.661279222559,0.163882523031,0.125211186994,0.122225333086,0.00101392454581,-0.0938581493533,4.90221726689e-22,0.484504451156,-0.260630497393,0.16756407199,0.131005971468,-0.000839362652224,-0.0982148433237,0
0.189392700568,-0.59392082461,0.844975960376,-0.0225999077,0.0192999213,0.726997005,0.685997166,-0.165861718738,0.151079683093,0.205096034502,0.119392347503,0.0093398889897,-0.00269053502425,-0.282493200896,-0.187822858166,-0.200344088309,0.511286449488,-0.208286677159,-0.0819099459611,-0.0780000016,0,0,0.662244577896,0.181342506545,0.114711642281,0.122381597179,0.000938082221487,-0.0938388026182,6.69797960192e-22,0.483705331898,-0.254878621285,0.166383198231,0.131288910643,-0.000881702891783,-0.098374077854,0
0.182037643316,-0.5948401947,0.845895330466,-0.025496695,0.0199974077,0.727905643,0.684911233,-0.177663704787,0.139429439901,0.201189949027,0.131044980292,0.00170183518057,0.00401978121277,-0.287471032469,-0.140299415733,-0.221875401853,0.511431578826,-0.22008161318,-0.0676188267576,-0.0807000026,0,0,0.660363950484,0.194495425566,0.105322935135,0.122474064664,0.000881186664776,-0.0938058926276,-4.62671547915e-22,0.482021599792,-0.261059461524,0.172370130434,0.13142759979,-0.000860487508702,-0.0986016999982,0
0.173763202183,-0.59575956479,0.844975960376,-0.0271141718,0.0216112957,0.727380164,0.685358206,-0.192032760643,0.126389891406,0.200890103176,0.150671447938,-0.0107343338934,0.0103117196865,-0.286869199777,-0.102165795819,-0.249240692215,0.495096345936,-0.226532687536,-0.0461002742821,-0.0830999985,0,0,0.659704678055,0.192818058207,0.106284838441,0.122433102992,0.000879621614692,-0.0935374669822,-1.36562903717e-21,0.478220557797,-0.272890836294,0.182244004208,0.131575481972,-0.000813672064584,-0.0988214044833,0
0.166408144012,-0.596678934879,0.844056590287,-0.0269945182,0.0234952274,0.726852377,0.685860694,-0.199998457081,0.11183632863,0.203903638174,0.166140402089,-0.0232899812336,0.0181518981291,-0.277781878587,-0.066821991275,-0.265907860357,0.462624204287,-0.245866561096,-0.0336723545707,-0.0855000019,0,0,0.660802527541,0.181252050222,0.111397831773,0.122492620159,0.000921068234113,-0.0935756804792,4.47600252006e-21,0.474094108763,-0.284858122694,0.190206559802,0.131680187024,-0.000768799482869,-0.0990563914032,0
0.15905308676,-0.59575956479,0.843137220197,-0.0249956847,0.0243957874,0.726874498,0.685881568,-0.200548980051,0.0957723650885,0.205752151862,0.17471985059,-0.03291436151,0.0253113874114,-0.260020792702,-0.0339961624637,-0.271191784061,0.417021568435,-0.262434850859,-0.0205017130677,-0.0882999972,0,0,0.665686309182,0.165005712819,0.115487693167,0.122756492748,0.000984199994176,-0.0935625466515,-4.23869570967e-22,0.47157035725,-0.293538242065,0.191994967192,0.131676356589,-0.000742864631437,-0.0993228717427,0
0.152617413388,-0.59575956479,0.842217850107,-0.021298028,0.0261975755,0.725932824,0.686936399,-0.194491257467,0.0755721186023,0.207102615309,0.173676661967,-0.0384152452482,0.0319233136722,-0.239199141494,-0.010993734129,-0.265143350218,0.367103797467,-0.262824054159,-0.00566647812036,-0.0922999978,0,0,0.669700027948,0.149808365434,0.113859269676,0.12324591108,0.00104408523513,-0.0937982486527,-1.50338177853e-21,0.464684945152,-0.301804903717,0.194239094847,0.131810052274,-0.000726694505311,-0.0995281677319,0
0.146181739097,-0.5948401947,0.840379054765,-0.0154002889,0.0275005158,0.725013626,0.688012932,-0.18445012895,0.0575969022052,0.214089687004,0.178816549828,-0.0492728622386,0.036520988971,-0.215838663492,0.00214141889432,-0.253459801806,0.321936941317,-0.255752736409,0.00673379887695,-0.0922000036,0,0,0.673734710387,0.134855087498,0.106916951895,0.123813192568,0.00110590079938,-0.0936284069371,2.55566324129e-21,0.466449996699,-0.310248254608,0.188841612448,0.131433723438,-0.000692979912379,-0.0993181933405,0
0.140665449605,-0.593001399358,0.839459684675,-0.0107006648,0.0294018258,0.72404493,0.689042791,-0.165267746194,0.0376245671233,0.223730897961,0.161043284305,-0.0513903081522,0.0446009434104,-0.186504733919,0.0121060861772,-0.23466260795,0.263448096061,-0.213359527419,-0.0116050283183,-0.0927999988,0,0,0.677432516054,0.118307637081,0.104848842505,0.124247425585,0.00116729607016,-0.0932196865282,-9.5963098735e-22,0.461126902993,-0.312970859889,0.185886734299,0.131424309498,-0.000693771396362,-0.0993010859433,0
0.136987927875,-0.590243289089,0.838540314586,-0.00345063921,0.0292054111,0.722133781,0.691128019,-0.14621472691,0.0234140341705,0.231901900043,0.158031374312,-0.0595780189066,0.0480065524377,-0.163197384002,0.0059188276855,-0.21559480255,0.232933255229,-0.164988640789,-0.0219840646017,-0.0888999999,0,0,0.679658745045,0.108371283117,0.0956549876919,0.124737685465,0.00121174747412,-0.0930229945236,-1.10100145085e-23,0.46599539497,-0.322144746352,0.184621492932,0.131049846449,-0.000643279957342,-0.0994694763285,0
0.134229776234,-0.588404493747,0.838540314586,0.00272081687,0.0282084697,0.719215916,0.694208431,-0.12460587071,0.0147101538703,0.242333209392,0.148024239598,-0.0645219198869,0.0471720343161,-0.149894599832,0.000159133493113,-0.198538012525,0.22447077364,-0.152541898079,-0.0245785407077,-0.0829000026,0,0,0.679394196708,0.101104269652,0.0910201346838,0.125056696122,0.00125306968236,-0.0935020240725,4.50823088308e-22,0.471657094438,-0.328076256832,0.185616740726,0.130758965119,-0.000598911239879,-0.099649581221,0
0.131471638383,-0.586565752648,0.838540314586,0.00737756539,0.0265912249,0.716763489,0.696770105,-0.103262230558,0.00970080530046,0.255231521536,0.136386467809,-0.0665931809054,0.0447192914002,-0.138680379447,-0.00336436169484,-0.186985276212,0.219438308205,-0.142555795269,-0.0241977846546,-0.0780000016,0,0,0.678980194138,0.0945116491296,0.0916321626338,0.125167950958,0.00128642643218,-0.0937581770686,9.44190084737e-22,0.477223023331,-0.330630507247,0.185414453078,0.130531582128,-0.000572562906216,-0.0997945835162,0
0.129632870622,-0.585646382559,0.838540314586,0.0106969267,0.0244929612,0.715794335,0.697799499,-0.0868235313422,0.00321099138346,0.258211568907,0.122808130252,-0.0621027794467,0.0456960260129,-0.122717701121,-0.00657573860103,-0.188963133152,0.205381034622,-0.134162098502,-0.0265551281068,-0.0793000013,0,0,0.684361413179,0.0842818803363,0.095743106119,0.12537308622,0.0013233891664,-0.0934506237722,6.10346206232e-21,0.477097153076,-0.329703528641,0.186665356987,0.130630028705,-0.000579866946156,-0.100061683944,0
0.127794102862,-0.584726958225,0.838540314586,0.0129046261,0.0228081759,0.719257799,0.694248858,-0.0785347296969,-0.0048783406839,0.248831033913,0.114626238719,-0.0550675438771,0.0480435298522,-0.107412284475,-0.0123611346785,-0.202098428344,0.194913381732,-0.132274302497,-0.0276374419514,-0.0851000026,0,0,0.687259907723,0.0826787235342,0.0916229711954,0.125590776704,0.00131718323377,-0.0928069814087,3.1907856769e-20,0.48343126879,-0.31833253101,0.173429349532,0.130459981305,-0.000642950401022,-0.100028611858,0
0.125955335101,-0.583807587216,0.838540314586,0.0141036271,0.0214055055,0.723185962,0.690177482,-0.0757627111427,-0.0110242731694,0.235820962252,0.111929807401,-0.0512287404685,0.0508381182385,-0.0972060247781,-0.0179518032221,-0.215432346005,0.190978494464,-0.136962582251,-0.026950414162,-0.0910999998,0,0,0.684554589281,0.0956768924196,0.0760929766895,0.125717675607,0.00125852371072,-0.0924091224002,-2.1363699119e-21,0.493308070423,-0.303021677469,0.156816033512,0.130190622091,-0.000720727410349,-0.100034796542,0
0.125035964092,-0.583807587216,0.838540314586,0.0139021119,0.0214032528,0.726110332,0.687104372,-0.078225662534,-0.015532190619,0.22924053317,0.112084810964,-0.0484522458749,0.0519244827067,-0.0973724625894,-0.0232582482703,-0.22285758352,0.194967862708,-0.140316173479,-0.0265322010606,-0.0944000036,0,0,0.67896715196,0.11163928778,0.0622581580165,0.125617432909,0.00118600607536,-0.092055516233,8.09041880946e-21,0.498619890823,-0.292201007144,0.146249873974,0.130102526317,-0.000781674599945,-0.100656455937,0
0.123197196331,-0.583807587216,0.838540314586,0.0132015745,0.0215025654,0.727086718,0.686081819,-0.0819559349844,-0.0170620567467,0.228086523506,0.116180425856,-0.0475407763348,0.0512653143252,-0.100714652058,-0.026065848503,-0.225672989935,0.20119415314,-0.139455477379,-0.0276993446493,-0.0948000029,0,0,0.674483704104,0.120025106397,0.0589676995683,0.125321150183,0.00114209795959,-0.0914790695613,-4.53558468478e-21,0.504798018783,-0.28450529163,0.142432111948,0.130026998867,-0.000809491192727,-0.100690274144,0
