0,0,0.815342502405,-0.0318277459,0.0561182506,0.698101887,0.713085894,-0.300105000934,-0.0406106802261,0.237720480267,0.226730508999,-0.244609790151,0.0602390868159,-0.29449618687,-0.00258532660516,-0.0408181838043,0.147460577187,-0.1430087516,0.0451516784439,0.0632237202,0,0,0.48968891401,0.351599188316,-0.327390406831,0.130543040652,0.000305930710255,-0.09222943333,-8.46533412897e-21,0.543151222059,-0.369460509544,0.345566071937,0.13053275269,-0.000169158618045,-0.105205981557,0
0.00127546013134,-2.16938741703e-05,0.815757543637,-0.0279603486,0.051992573,0.695222404,0.716366387,-0.283254129427,-0.0315102464525,0.255637520129,0.222807563501,-0.234045438262,0.048760997466,-0.277863081695,0.00488797575699,-0.0334928897078,0.137551604854,-0.131208328009,0.0470481067228,0.076186531,0,0,0.497154361959,0.346780838428,-0.326358299218,0.131856833925,0.000324042002692,-0.0925509477759,-1.6531379041e-21,0.536572165479,-0.381145953101,0.341832412133,0.13132720524,-0.000129763721877,-0.110679274463,0
0.000146850855233,-0.00141165086856,0.816076787099,-0.0265105849,0.0586292482,0.690537238,0.720429124,-0.28258399295,-0.0677445954402,0.1906040408,0.196795383925,-0.214396289455,0.11411117896,-0.312181368446,-0.0120216964152,-0.0304110811012,0.180395595369,-0.150352198578,0.0347157574567,0.0480281437,0,0,0.488991316067,0.365355597686,-0.339679996797,0.128895313287,0.000224723756741,-0.0881158362937,-1.6837785505e-21,0.487069710298,-0.39661828655,0.327320455585,0.130646943061,-7.80876805065e-05,-0.11611200843,0
0.000360245651303,-0.00233812004937,0.816807169935,-0.0239462081,0.0578230771,0.687820437,0.723177791,-0.273086173413,-0.0735987993955,0.188592046884,0.192012390418,-0.194467396573,0.100399757665,-0.311856181967,-0.0100851741746,-0.0167815468929,0.185751645791,-0.132534375672,0.0247065819921,0.0527923098,0,0,0.479017370905,0.340095394594,-0.341955452468,0.123098055925,0.000306457132037,-0.0783265878886,1.92519214181e-20,0.469643125482,-0.396827938947,0.307777524121,0.119833429297,-0.000106761491667,-0.120390719379,0
0.000223526321811,-0.00154749245207,0.816488439489,-0.023653964,0.0578902117,0.684909065,0.725939932,-0.274222198561,-0.0705049596904,0.195405713906,0.200371998374,-0.203447212817,0.102348869552,-0.313238396631,-0.00844759035245,-0.0125738524437,0.188902389075,-0.135221453301,0.0256738615642,0.0614984146,0,0,0.469474986505,0.341288352573,-0.340157756366,0.122821299447,0.000330243954257,-0.0794499089879,4.03777550383e-20,0.438973090167,-0.412569140913,0.318114821275,0.117445954983,-2.33163152889e-05,-0.12858363395,0
0.000332567662296,-0.000742857842279,0.816204649237,-0.0242183819,0.0575765218,0.683628366,0.72715244,-0.276470015032,-0.0659797255771,0.1997189289,0.208433596578,-0.207808913879,0.101457688046,-0.316744655939,-0.00370059184412,-0.00524749321481,0.197143307912,-0.138553739952,0.0244705618578,0.0666305797,0,0,0.456764916912,0.339407532177,-0.33694431146,0.123529432867,0.0003722705233,-0.0827771220412,4.58122545665e-21,0.414492026309,-0.413376760109,0.318881816032,0.115705213809,1.37259607895e-05,-0.135516014866,0
2.00169628825e-05,0.000158490404724,0.816238066935,-0.0245474767,0.0575564765,0.684114539,0.726685607,-0.279504225169,-0.066931821565,0.196403300876,0.217333574204,-0.212598901169,0.105978573989,-0.320684294425,-0.00407359109473,-0.00330651405806,0.208123119009,-0.144114997689,0.0234697551745,0.0669652922,0,0,0.443181729433,0.337076613747,-0.336359854479,0.124078583414,0.000407590205179,-0.085642366903,-1.60914035299e-20,0.395748227342,-0.408088843798,0.31321273865,0.114572453094,2.01292712199e-05,-0.139156700732,0
-4.34986662676e-05,0.00104220965278,0.81615803289,-0.0249504638,0.0567797383,0.683943567,0.726893894,-0.28506327804,-0.0638411778648,0.195833441301,0.233017781614,-0.220466883564,0.105690806109,-0.320219592668,-0.00145435339435,-0.00180184322267,0.21208996785,-0.149412631795,0.0213180792513,0.0698498095,0,0,0.430619154851,0.337146268558,-0.335776067622,0.124720176531,0.000453596891199,-0.0904720366279,6.48391868934e-21,0.377359006697,-0.402301089652,0.310879498738,0.114114110465,3.43645781552e-05,-0.143115623583,0
-0.000431763745945,0.00233963518178,0.816056007226,-0.0263005437,0.0556776835,0.685390011,0.725567922,-0.293402069451,-0.0596931929343,0.194397026492,0.256065429384,-0.227985335027,0.107692700288,-0.315515354244,-0.00056763891374,-0.00591473755267,0.207717851326,-0.148319571149,0.0187592033772,0.068222457,0,0,0.417250156607,0.332999309157,-0.33171389669,0.12476636544,0.000506121056526,-0.0940726483087,3.37199322482e-23,0.366124888997,-0.391828878972,0.306968091622,0.11295438379,-4.92368136758e-06,-0.144238228996,0
-0.00121229483401,0.00428192396291,0.815860372841,-0.0281849427,0.0545137992,0.687366673,0.72371328,-0.299080709376,-0.056880322306,0.185836077824,0.268742934339,-0.237526885517,0.110488432864,-0.301923968405,0.000923569738961,-0.0126177726119,0.184998125654,-0.1450592207,0.0187298785468,0.0670013866,0,0,0.404259689909,0.330353865466,-0.329888942734,0.124711152402,0.000551121830244,-0.0973559874286,9.18317389599e-22,0.353367240287,-0.38846531228,0.313977477951,0.113057332324,-4.05955409935e-06,-0.14276256185,0
-0.00173946407443,0.00639491474788,0.815750700676,-0.0292089875,0.0547926598,0.689445883,0.72167096,-0.302764421021,-0.0588553382859,0.180929738838,0.279004535423,-0.243590999742,0.11079456497,-0.298607006642,-0.00147290097002,-0.0179038229512,0.182863981748,-0.146674832578,0.0185463644176,0.0628798197,0,0,0.395849343485,0.321063568128,-0.324824966381,0.124821760424,0.000618859943688,-0.101373741097,-1.45497554516e-20,0.346798525371,-0.381757009379,0.310550101611,0.113336518674,-4.59401531437e-05,-0.141295983968,0
-0.00268207018447,0.00896286174532,0.815566707506,-0.0304818017,0.0549681452,0.692135422,0.719025674,-0.307971679246,-0.0609441120213,0.174955349907,0.291637017226,-0.250788252533,0.110850960714,-0.299552039538,-0.00517326635184,-0.0241062505428,0.191310155236,-0.156304114268,0.017513087244,0.0566221074,0,0,0.389807944427,0.3149789383,-0.325380213505,0.124738190772,0.000668971241286,-0.106702574056,-2.8489597544e-21,0.342389649479,-0.377622753405,0.312712704536,0.113737216556,-9.51641417729e-05,-0.14264047003,0
-0.0040019250313,0.0123177465473,0.815683930555,-0.0318633283,0.0544904192,0.695037846,0.716196842,-0.304811376294,-0.0643800108827,0.168131738992,0.291534754604,-0.252804123637,0.111179739835,-0.277570390627,-0.00611229189643,-0.0284325527799,0.156660272136,-0.147667158924,0.0149813342814,0.0611225316,0,0,0.382412826426,0.307559425457,-0.327274894084,0.124111637427,0.000717057881891,-0.106134766738,-4.48497483296e-23,0.342709687425,-0.377823657461,0.31119507099,0.112457868135,-6.91090587751e-05,-0.140162593674,0
-0.00553856333254,0.0149757053126,0.815149031326,-0.034640345,0.0558627602,0.69713981,0.7139156,-0.32121940799,-0.0625698220142,0.167789058419,0.321149508102,-0.276381100508,0.114011176287,-0.288669492093,-0.00950960729442,-0.0327402775018,0.176976351794,-0.160198818863,0.0128141981682,0.0600703806,0,0,0.378295717419,0.306354264971,-0.333468503678,0.124227075011,0.000761407214599,-0.111681488634,5.71284318917e-21,0.344558138406,-0.379930811897,0.315369371858,0.112634404987,-7.32865846017e-05,-0.142526402646,0
-0.00748164131122,0.018481745192,0.814499739824,-0.0363386151,0.0567207448,0.699126207,0.71181796,-0.333317686824,-0.0655492890673,0.163965209857,0.350492473408,-0.29089881977,0.117163582803,-0.301396768017,-0.0126754643414,-0.0336599657787,0.208902609395,-0.182289036276,0.00724125746514,0.0600035699,0,0,0.378001594535,0.304594966672,-0.339559330252,0.124556312008,0.000777005588006,-0.113463919324,-1.36370282708e-21,0.350037937459,-0.38575814678,0.318791139114,0.112828813905,-5.73928885141e-05,-0.142791810557,0
-0.00948691214765,0.0206335595959,0.813892532116,-0.040151966,0.0625471216,0.701321769,0.708959416,-0.346851534056,-0.0814461797827,0.152682409646,0.351400494001,-0.289486495353,0.122112071403,-0.334095451293,-0.0214672653157,-0.0327099855554,0.255639502378,-0.202548882802,0.00691296676873,0.0500597638,0,0,0.360089818438,0.302037991047,-0.348098157128,0.124826100174,0.000752388164233,-0.112191605621,-4.70632082828e-22,0.341062392805,-0.392199746725,0.312937466246,0.112692252926,-7.7026271419e-05,-0.143246486714,0
-0.0115178220209,0.0254526207301,0.812967623669,-0.0425789044,0.0649226564,0.701747289,0.708182764,-0.35428395299,-0.0857070607063,0.152061499888,0.365558500257,-0.297618879891,0.127372330555,-0.362428942176,-0.0259252751265,-0.0287815377072,0.31563953577,-0.232376536237,0.0023352184335,0.0572389095,0,0,0.356701839811,0.300103141127,-0.356087826626,0.125925907951,0.000763896477083,-0.109891953581,3.39411006658e-22,0.351917519076,-0.400018343292,0.313979122567,0.112506475687,-9.30519518114e-06,-0.141966962957,0
-0.0134526520578,0.0299951683376,0.810985423116,-0.0439368661,0.0681192483,0.702622599,0.706930551,-0.363175424097,-0.0976366219224,0.140220321671,0.37749935698,-0.313410185621,0.136064660417,-0.412660468447,-0.0401531761946,-0.0384899300633,0.416997064049,-0.273669815956,0.000571669175355,0.0559568121,0,0,0.3528950479,0.304436445482,-0.363485393349,0.126257997197,0.000736614473374,-0.11000498288,-1.15726190022e-20,0.364589500318,-0.402757817389,0.305360579454,0.113286519832,-7.37359120384e-06,-0.139534560279,0
-0.0154254835562,0.0340252902737,0.808024863082,-0.0447739608,0.0726295811,0.701330985,0.707711159,-0.374706452373,-0.108854181906,0.140497278653,0.398232838915,-0.331153681215,0.143692933016,-0.484895505546,-0.0568737747295,-0.0377052557593,0.558390391303,-0.294650557415,0.00779616597606,0.0640154142,0,0,0.344483804833,0.303318800903,-0.364023593561,0.126792800549,0.000793597518739,-0.112249817855,-3.62295867291e-21,0.375905133624,-0.414486662018,0.304435616808,0.113486471203,7.52937242052e-05,-0.137722307896,0
-0.0173217876241,0.0393521707915,0.805218961496,-0.0466287256,0.0781754055,0.697709495,0.710574295,-0.387061780577,-0.115259763933,0.147048664814,0.419370992391,-0.350928820211,0.152647534176,-0.564264721188,-0.0627227511376,-0.0231835719098,0.692109884891,-0.300138772411,0.0138165410019,0.0818347099,0,0,0.32699764009,0.310021074124,-0.374975707765,0.127915241518,0.000867269595323,-0.115112803098,3.19021727101e-21,0.392301607719,-0.426474944857,0.306558166241,0.113373760221,0.000187096245222,-0.135412085549,0
-0.0190070604158,0.0465867268459,0.803583424975,-0.048327092,0.0833834993,0.693422054,0.714057098,-0.391830165327,-0.117549938979,0.161458793391,0.434891461301,-0.374733826713,0.153457544295,-0.635412364675,-0.0538560826999,0.00072409802596,0.785892900657,-0.310236064234,0.0120988925815,0.105584885,0,0,0.305394092838,0.310109802921,-0.382646991057,0.129650635668,0.00100854756629,-0.117338200324,4.06532701492e-22,0.411931166795,-0.441790550725,0.307999028413,0.113335380261,0.000309989705892,-0.13377856671,0
-0.0204762489155,0.0559033130813,0.802820886751,-0.0483430603,0.0869380376,0.689111793,0.717795001,-0.383195246866,-0.117063227216,0.183757330811,0.438643657035,-0.392457598486,0.144783031026,-0.694963072959,-0.0352296807191,0.0205055393445,0.823134826433,-0.306847903763,0.024932567448,0.134459367,0,0,0.284152616562,0.305121269235,-0.392966095723,0.132228444763,0.00118667902662,-0.117633479373,9.47524018183e-21,0.441663755982,-0.453894414527,0.300288099863,0.113837112794,0.000399413993906,-0.132722149363,0
-0.0218093560017,0.0646636686766,0.802228994109,-0.0478244766,0.0911929292,0.684780291,0.721437886,-0.370977300772,-0.121597606446,0.199015219576,0.432600741905,-0.400183859631,0.141160694586,-0.750648103155,-0.0244634186245,0.0357045142686,0.806891473903,-0.290608280905,0.0300158224923,0.155377657,0,0,0.262201838083,0.296737253481,-0.39931935651,0.134221706481,0.00137159452797,-0.118169466676,-2.52583653099e-20,0.46509926939,-0.465053981239,0.294794008431,0.113179735538,0.000445304540089,-0.133886257648,0
-0.0231916209747,0.0749314312992,0.800882068159,-0.0471034151,0.0963232949,0.680503925,0.724856882,-0.353502048732,-0.132040096809,0.211752573233,0.417323651688,-0.410148605931,0.142714930453,-0.80355805061,-0.0162722133537,0.0483628570553,0.763760945745,-0.264293952351,0.0374446112841,0.168441298,0,0,0.238230699775,0.291295712854,-0.407712644098,0.135783707223,0.00153094677982,-0.119634931443,3.26405820807e-21,0.490095990709,-0.473388732922,0.291538531596,0.113640330605,0.000432056824903,-0.131813740822,0
-0.0239730281354,0.085259780187,0.799882816642,-0.0478998415,0.102966203,0.676220541,0.727893774,-0.306706276123,-0.151886118728,0.214810628989,0.327613353394,-0.379714583752,0.145319268962,-0.842296113277,-0.00390929431346,0.0611450859378,0.670481910793,-0.196122630388,0.0472343580881,0.164059663,0,0,0.204042892469,0.289090652381,-0.409228457009,0.13634366711,0.00152760080155,-0.114378557247,3.58062791034e-21,0.499449026219,-0.485624864967,0.290003802119,0.11579920755,0.000427939123762,-0.119752979012,0
-0.0238272889813,0.0995408445593,0.79726714899,-0.0458422396,0.106696792,0.672432703,0.73099148,-0.282600009731,-0.158302104421,0.229307920121,0.323139926815,-0.403288426769,0.140333822138,-0.888898436912,0.00990429647499,0.064999822532,0.630434989125,-0.176062073563,0.063131888579,0.176375357,0,0,0.185859409935,0.290065688369,-0.418612814704,0.13711415152,0.00171159391356,-0.120598497517,2.65465742645e-21,0.526014313318,-0.49376878671,0.289879560836,0.117089806626,0.00038964234404,-0.116976455204,0
-0.0244067741031,0.115041655201,0.794029416418,-0.0451246343,0.110813004,0.667310397,0.735106169,-0.255126661406,-0.167965058761,0.242683718057,0.30907435548,-0.421369557238,0.133962616708,-0.928710143024,0.0273752945894,0.071500188087,0.579009101341,-0.150087358608,0.0731930212384,0.185519189,0,0,0.165342101621,0.293024789656,-0.430222808958,0.138084202819,0.00183965869926,-0.124173145035,-1.57255995528e-22,0.545107789894,-0.502653460315,0.290589025955,0.118611433436,0.000358440458446,-0.111274658488,0
-0.0246686941867,0.13140147942,0.79040176013,-0.0441335425,0.114960829,0.662088911,0.739239144,-0.221918875477,-0.177630458435,0.257353848695,0.288029918418,-0.434016461059,0.129679542488,-0.96236714429,0.0351143031403,0.0663162744703,0.53086164995,-0.131847431322,0.0812470569352,0.188338862,0,0,0.152275285932,0.290660261648,-0.431105377546,0.138882083214,0.00192558391934,-0.125450063774,-1.20606041598e-20,0.562670909613,-0.498777767817,0.279317246991,0.119327917409,0.000309385501856,-0.105306886908,0
-0.0243707958337,0.148999434516,0.786228448762,-0.0424306472,0.118568549,0.657023618,0.743277273,-0.183777882566,-0.191538193,0.265280089591,0.263399012094,-0.440809927234,0.128411586993,-0.985843682869,0.0419597330053,0.0625270562754,0.494861869971,-0.112873758838,0.0868748045303,0.189584146,0,0,0.144176972068,0.291327382663,-0.431746162174,0.13966338129,0.00191068564897,-0.122905627725,9.34535919798e-21,0.575175415372,-0.508407482133,0.283238477116,0.119313412585,0.000282701642827,-0.100522480341,0
-0.0237079569618,0.167368819178,0.782322158117,-0.0412410476,0.121193525,0.65259124,0.746817232,-0.147892178603,-0.200722175309,0.2717558951,0.248139357434,-0.440161211889,0.127177786069,-0.994858076262,0.0526040066709,0.0650942354916,0.470596298025,-0.100728769836,0.0824090122058,0.196968627,0,0,0.13989105765,0.292689966101,-0.436196435156,0.141072661961,0.00187400159989,-0.118285375707,2.61497937121e-20,0.584639487998,-0.502084608862,0.267000441105,0.119187483469,0.00027835439758,-0.0976790226213,0
-0.0247661040011,0.191221714604,0.779513811894,-0.0271438137,0.11734541,0.648711035,0.751443452,-0.0338141730644,-0.246033515095,0.259623982636,0.140114244628,-0.371501788439,0.10241640288,-0.974874373719,0.0543786819026,0.0868391222663,0.503529219625,-0.107767379595,0.0800412100528,0.17455507,0,0,0.187355000606,0.289154362573,-0.432111859503,0.139255932474,0.00150484324342,-0.108748010533,3.68723169095e-22,0.609336360604,-0.50413675523,0.260229700556,0.121148293994,0.000205625826856,-0.0880989568494,0
-0.0221523950936,0.21464797723,0.775127420867,-0.0244789718,0.115251865,0.644917802,0.755115101,-0.00590959789468,-0.246569289488,0.254916343993,0.178290056812,-0.375989649555,0.0872967061872,-0.956931328788,0.0778490635403,0.107264511441,0.551286968053,-0.0897423193931,0.0610410446763,0.183004172,0,0,0.210494131262,0.289611854436,-0.429874182233,0.139701448535,0.00142577608876,-0.104268401629,-9.33769347077e-21,0.622127988562,-0.513227738841,0.274861789236,0.122420271334,0.000161932738939,-0.0910082256702,0
-0.0202417450802,0.239665352756,0.77346970977,-0.0325970706,0.116410181,0.642796782,0.756437967,-0.0124270005895,-0.228170518852,0.250606530414,0.245108666768,-0.359790837993,0.0577384979234,-0.958626531555,0.0850139910999,0.0996998097598,0.605174159698,-0.0983013278067,0.0341342315386,0.204974536,0,0,0.20048820819,0.293765741485,-0.429410940187,0.141952061258,0.00137342939144,-0.0942331131196,2.65284834257e-21,0.610729907463,-0.498007019701,0.260630020763,0.121265191138,0.000193896090759,-0.0905138294144,0
-0.0179736995485,0.266685087206,0.772401938547,-0.0265278576,0.104118771,0.642492246,0.758722128,-0.00301225266672,-0.205013398005,0.264395141559,0.372737744938,-0.34165912073,0.00830775996288,-0.928713507782,0.0995243622781,0.0996428789968,0.688551734565,-0.140617129694,0.0164339371911,0.200682479,0,0,0.269538223637,0.303262482716,-0.423281651737,0.138917459248,0.0011095269278,-0.0913646686533,-1.78060868326e-21,0.633909936487,-0.490851383057,0.27880251993,0.123220490422,7.25989321498e-05,-0.0919896045969,0
-0.0159805737949,0.293608607405,0.772261046927,-0.0292751819,0.0908169813,0.645134752,0.758087325,-0.0146541079648,-0.158711872661,0.267337103053,0.516031143018,-0.257157341917,-0.0412998495796,-0.893535061812,0.112720001306,0.0793711473685,0.746280125476,-0.194527233672,-0.0224860390157,0.19404501,0,0,0.316652431671,0.326407879457,-0.411919971383,0.136794379707,0.000865243087372,-0.0904838011258,-5.24889968711e-21,0.638230592892,-0.456117911429,0.277654061599,0.123639222997,-2.13256694435e-05,-0.0913152961225,0
-0.0132494675234,0.318114327518,0.773284859736,-0.0363029813,0.0815191311,0.651937287,0.753003651,-0.050142355615,-0.112748993503,0.247781374261,0.643794024886,-0.0958531955711,-0.0886982895773,-0.860029742422,0.114623009123,0.0477539759049,0.77631226849,-0.240872660085,-0.0652320318371,0.194161179,0,0,0.336809268771,0.35572840948,-0.410288921898,0.134814360306,0.000653542015497,-0.0864750487245,2.03008366037e-21,0.628554309149,-0.419208958651,0.271324560403,0.123145556445,-8.86149087073e-05,-0.0952970437539,0
-0.010383805369,0.342445982868,0.775395471298,-0.042040093,0.0775959032,0.660103571,0.745972374,-0.129702145768,-0.0545578493991,0.237672838025,0.80760884002,-0.00329173609357,-0.0871892341351,-0.832192867197,0.108308252342,0.0239811917268,0.805737912246,-0.299258122154,-0.0965268901026,0.175546824,0,0,0.357549793733,0.373421534537,-0.404342580605,0.133332578248,0.000504179688699,-0.0863688662583,5.14452157928e-22,0.601098006643,-0.399301080575,0.273899823539,0.122036691199,-8.76897164011e-05,-0.102999059235,0
-0.00811277484292,0.366728066977,0.779344589516,-0.0488704626,0.0824854792,0.667079556,0.738791371,-0.269690354044,0.0163358230453,0.24511028683,0.982933538348,-0.0651989313385,-0.0646159454818,-0.804333921748,0.0888467731929,0.00429404348289,0.801919238433,-0.337523615291,-0.104403525395,0.133379389,0,0,0.374637632521,0.372196120158,-0.386475023097,0.129599192659,0.000391785517778,-0.0806478992842,5.30217335214e-21,0.540461722767,-0.399460135387,0.278014129467,0.118173728373,1.09829775643e-05,-0.106175515434,0
-0.00562148451345,0.392844281484,0.784910886036,-0.0525635767,0.0801152635,0.676033283,0.730614546,-0.394453536095,0.0701580067868,0.221307314022,1.07281490796,-0.119103769712,-0.0356371219906,-0.747885295498,0.0756862988835,-0.0167177912359,0.783377896343,-0.382814009616,-0.115404895256,0.0978842312,0,0,0.405528676241,0.378439554217,-0.36342678043,0.127068209208,0.000291175529656,-0.0810308824467,6.10148034966e-21,0.493925985155,-0.403874724959,0.296411409487,0.117432997091,2.19298436135e-05,-0.113356457401,0
-0.00335256255331,0.418650774568,0.790620617186,-0.0560822178,0.0781254019,0.684551468,0.722592896,-0.522624838111,0.0846727748375,0.180339428504,1.09215573047,-0.170611730176,-0.0170566193447,-0.681406097225,0.060168236505,-0.0457710274029,0.739816153746,-0.404303430646,-0.116652842514,0.052509077,0,0,0.439503363321,0.376727652393,-0.339175921769,0.125169022034,0.000224563670569,-0.0846977628192,1.33288468446e-21,0.446828849511,-0.387683378925,0.306685417186,0.117194366379,-0.000126847605522,-0.125919121571,0
-0.00186045814362,0.443351460676,0.796304436473,-0.0593752489,0.0745796161,0.693837546,0.713794032,-0.631469875218,0.0787637672376,0.137674289508,1.03532759829,-0.198082406779,-0.005297398915,-0.603304941893,0.0481900838193,-0.0792291657189,0.674716420544,-0.412846339966,-0.102913227136,-0.00104707255,0,0,0.468302728479,0.391196726696,-0.330492384894,0.124155567992,0.000111445000056,-0.0893981755064,2.16706380141e-21,0.39363047412,-0.382262171899,0.327447447525,0.118893022023,-0.000311032165429,-0.130770144285,0
-0.000806934432934,0.469719983035,0.800769090816,-0.0620418894,0.0716146496,0.701064596,0.706774772,-0.719026834545,0.0543497492414,0.0996357227511,0.928958364901,-0.230984755162,0.00439317402644,-0.51345253384,0.0468979933145,-0.102947380714,0.585161083558,-0.396525833093,-0.0773560611188,-0.0278698922,0,0,0.490795440461,0.401817754708,-0.327210170236,0.121295185198,7.68696467806e-05,-0.0963160581967,-9.99031655081e-22,0.351145272613,-0.377185051565,0.33513790623,0.117077503017,-0.000506455593575,-0.141715030531,0
-0.000587370676222,0.49624805955,0.80273132515,-0.0668929716,0.0702143353,0.705933343,0.70160772,-0.785960015428,0.0409236755338,0.0839089538901,0.780874271693,-0.230448630947,0.0118225276815,-0.424806415888,0.0515224187678,-0.124070325941,0.486405189818,-0.382273652183,-0.0624304066064,-0.0348504491,0,0,0.507359455407,0.410275973844,-0.327256786088,0.121541785274,5.8070696041e-05,-0.100289463099,6.80337142558e-22,0.310824772506,-0.382327131508,0.345097992634,0.116109996127,-0.000583128905041,-0.15217688686,0
-0.000817949650306,0.52346850981,0.80240437175,-0.0721700548,0.0683303693,0.708572653,0.698603779,-0.831685566208,0.0165756827973,0.061096036589,0.604576055612,-0.209412794867,0.00228147595239,-0.3292758767,0.0657987398094,-0.137052528217,0.372087574686,-0.356119277071,-0.0487235420747,-0.0299484808,0,0,0.521831753669,0.411912312518,-0.323185599187,0.120698713103,7.23539615211e-05,-0.101404228173,-7.25972542359e-22,0.272170219769,-0.397793594762,0.353687866509,0.113715146855,-0.000528264968049,-0.159135699786,0
-0.00128277461534,0.551513201699,0.799055359933,-0.0769702311,0.0670300032,0.711365871,0.695371238,-0.884701595183,-0.0135159287164,0.0342747554924,0.472969544424,-0.203445492346,-0.0130596039286,-0.236467422714,0.0778238022031,-0.153801081085,0.265819294602,-0.337610949195,-0.0224920906393,-0.026400684,0,0,0.533033579248,0.404232055529,-0.316928625676,0.120165746789,0.000108767166559,-0.10141041274,5.62875256819e-22,0.241076266022,-0.4079546448,0.360073648178,0.110810224818,-0.000520441745959,-0.168593597221,0
-0.0017316818732,0.58003699828,0.793156608431,-0.08035339,0.0648519145,0.7121936,0.694347059,-0.962599084523,-0.0308500136038,0.0168439551711,0.470354377938,-0.259914312489,0.00822938916827,-0.171696122698,0.0918726088058,-0.156712462411,0.227235510666,-0.343389910346,-0.00905204447858,-0.0102324444,0,0,0.542759891416,0.411210670381,-0.324019381994,0.120487533917,9.6100226497e-05,-0.0997016347926,-4.65006556648e-22,0.217874161135,-0.42238150975,0.356490685506,0.108756513282,-0.000359366850529,-0.173895668978,0
-0.00187646129358,0.610677809,0.785924342006,-0.0809515949,0.0591132807,0.713011007,0.693950836,-0.991416304547,-0.0324243702579,0.0209411410338,0.492749252537,-0.293243299832,0.00744755070787,-0.132770490055,0.10186766835,-0.162833263746,0.269609418692,-0.374960083935,-0.00803221777092,0.00340370933,0,0,0.559622821381,0.406044782741,-0.318249098977,0.120333215071,0.000123522253856,-0.101560385854,-1.24549795005e-20,0.216957268571,-0.426114521415,0.349796361839,0.105532985321,-0.00026628007403,-0.181912693938,0
-0.00328724180155,0.641679841247,0.778888364566,-0.0774532143,0.0555809211,0.713472088,0.694168092,-0.95865783228,-0.0481348327672,0.0231073046359,0.492892892277,-0.238709054531,0.0181712667176,-0.113232902497,0.0961777806296,-0.162268246911,0.362886862675,-0.410707247728,0.00121065084809,-0.00252653914,0,0,0.571619154157,0.399405931551,-0.315159068776,0.120462476314,0.000129731934739,-0.0978768131741,2.14199991304e-21,0.216329891369,-0.428177793326,0.338622429043,0.107489791787,-0.000301245277652,-0.177095066864,0
-0.00459330041066,0.674072055449,0.772341995758,-0.0720978544,0.0497575849,0.713305883,0.695356598,-0.920766812262,-0.062962775092,0.011117925901,0.523018123044,-0.126034335508,0.0380119897269,-0.0951641562923,0.0911518136788,-0.159035425808,0.473279935503,-0.405138939972,0.0241053386886,-0.0162604904,0,0,0.589941521563,0.393193313684,-0.313171796463,0.120498010018,0.000139124424029,-0.0932723524668,-4.00485383176e-21,0.23551544543,-0.414281626447,0.328358135132,0.110052811898,-0.000464771347378,-0.170057426764,0
-0.00685103504512,0.708185367544,0.770284123627,-0.0640628108,0.0503952115,0.713244306,0.696160067,-0.893468109707,-0.0757398343426,0.0196382899928,0.590019287519,-0.0893368737469,0.0547956353795,-0.0844140513272,0.0712665861868,-0.138615969926,0.581700169103,-0.32309684607,0.0473518689327,-0.0214252787,0,0,0.593120148993,0.37990533235,-0.321993936568,0.120702487483,0.000162888827931,-0.0875945090233,-5.71791563482e-21,0.268233916808,-0.409971426112,0.316672977947,0.11211390767,-0.000484769390084,-0.162605832853,0
-0.0087800541462,0.74220502035,0.770562396667,-0.0513384712,0.0518903682,0.711262844,0.699125824,-0.856109719877,-0.0979762365016,0.0369040935614,0.659972487881,-0.121839529393,0.0940804636071,-0.0536542096877,0.0390261415406,-0.128372492918,0.642095298145,-0.0934871378269,0.098406450587,-0.0197525615,0,0,0.594599047447,0.365882286713,-0.338968176702,0.121091292932,0.000188237891338,-0.0836419591163,-3.44238185659e-21,0.312335840361,-0.425083384928,0.316289827259,0.114246203263,-0.000329105178952,-0.153699457782,0
-0.011248801182,0.774095342977,0.77361412814,-0.048410587,0.0580923051,0.707523146,0.702632689,-0.821011739042,-0.111133865333,0.0512788716986,0.685995527904,-0.15608161874,0.138821306877,-0.0884703874318,0.0160967383961,-0.0993971652567,0.741297264203,0.117350095787,0.120168469518,-0.0178185898,0,0,0.559957763272,0.346578337776,-0.336573335056,0.120617902831,0.000221625542651,-0.0797483491898,-6.56478565399e-22,0.328181240282,-0.432985870931,0.317145197313,0.114908311473,-0.000228946238013,-0.144119814854,0
-0.0139592763366,0.80427721565,0.778752329121,-0.0470359218,0.0622262093,0.700044879,0.709825816,-0.777865985026,-0.107358935954,0.0721303679678,0.698303754546,-0.208500407581,0.16886268491,-0.20243016696,-0.039182304328,-0.0903447596504,0.916858225791,0.107227901741,0.103380658713,0.00901121135,0,0,0.522434972137,0.336154727189,-0.335093866713,0.122143947083,0.000285027050672,-0.0846186467734,-1.58934442245e-23,0.350713736812,-0.446557551567,0.316265428992,0.115177544436,-2.60670168047e-05,-0.13937373336,0
-0.0156773803529,0.834056389795,0.785698384562,-0.0441025975,0.0659270679,0.691580549,0.717931004,-0.715386384627,-0.101268878858,0.0988037418672,0.679905770161,-0.250186554315,0.177220672735,-0.337060637821,-0.0966468094318,-0.0789680419095,1.03422655333,0.038633331756,0.0658229665483,0.0490476481,0,0,0.473925459259,0.329488752944,-0.342561977253,0.123484552,0.000384148698673,-0.0879711339145,-8.40176885067e-22,0.376961472419,-0.472732878846,0.333799970252,0.114126716618,0.000224780356155,-0.137823967704,0
-0.0170830026863,0.863726322966,0.792430177099,-0.0404564949,0.0694271308,0.683160793,0.725833642,-0.645630574902,-0.0995696168571,0.126866553184,0.646131219809,-0.282930104979,0.177227526733,-0.469385738192,-0.135822108396,-0.0621198131725,1.07518320631,-0.0217928003787,0.0359409044181,0.0891430097,0,0,0.420849996926,0.325350977606,-0.354660037067,0.125810403608,0.0005185233392,-0.0899467954592,3.11638466797e-21,0.40997089157,-0.487573931152,0.332037378142,0.112875113475,0.000378758736048,-0.136710780971,0
-0.0186261878335,0.893603107903,0.797867581772,-0.0366452466,0.0719863986,0.676316589,0.732168666,-0.571030502945,-0.102001007706,0.154938014441,0.60668277836,-0.314864152679,0.17618973638,-0.592200043706,-0.126345958328,-0.0267657183953,1.05426376919,-0.091052391825,0.025663527651,0.132370308,0,0,0.363038555824,0.325945594169,-0.370729774748,0.129535899069,0.000748573887125,-0.09805722295,2.32422299931e-21,0.449899442819,-0.492480005504,0.318828917166,0.112364190819,0.000473484139528,-0.137504633034,0
-0.0189123771207,0.924220022964,0.802142369933,-0.0321381159,0.0755809575,0.669571223,0.73819309,-0.479452180006,-0.111141590389,0.184602405465,0.530517802295,-0.327068873374,0.162507229011,-0.684061692366,-0.120131695532,-0.0117352786625,0.9662314963,-0.140376910414,0.026623551288,0.165182497,0,0,0.308356343081,0.326496621538,-0.382134159814,0.132640478145,0.00103349664568,-0.107063236206,-4.955865156e-21,0.489311355025,-0.488454491871,0.297212071523,0.112101774123,0.000492484286519,-0.137942618868,0
-0.0194011303595,0.954853179829,0.804280562957,-0.0270354652,0.0792979231,0.664550771,0.742531613,-0.379052960301,-0.13366492917,0.20486911703,0.432137348529,-0.321652806905,0.14841059508,-0.749965575053,-0.11080026483,-0.00743564647946,0.830667638953,-0.150219794597,0.0410254224944,0.166349445,0,0,0.260773339821,0.333484084122,-0.385380735736,0.133451462497,0.00122517700368,-0.116577859161,2.25776466222e-22,0.509609516193,-0.496324908315,0.297879436167,0.114611906087,0.00043406955467,-0.141530268807,0
-0.0193234866154,0.985022241832,0.804087797963,-0.0236230964,0.0824022486,0.660471468,0.74594186,-0.28394305311,-0.154226272942,0.217389025011,0.337112497058,-0.320597827266,0.144570806433,-0.790004343598,-0.0860605994531,-0.000568946811764,0.65000900947,-0.123901655398,0.0659112319013,0.163731126,0,0,0.214509634262,0.344712727416,-0.38471022908,0.131957490162,0.00138730178181,-0.124745901775,5.7325356294e-22,0.527713602453,-0.500496368012,0.300972418454,0.114351613429,0.000353632149434,-0.136671637382,0
-0.01887037837,1.01613690665,0.801651410729,-0.0199847227,0.0844718422,0.65668482,0.749152966,-0.182274566011,-0.174894003483,0.231619415464,0.236821170229,-0.312615288342,0.136239988135,-0.804676207489,-0.043073542446,0.024090665259,0.438013998257,-0.0664303295648,0.0992550783568,0.155233647,0,0,0.177545632202,0.356436168901,-0.377847535375,0.130663643333,0.00147979404094,-0.131311544546,-2.50769423233e-23,0.54029971219,-0.499366918043,0.304163157462,0.116572698869,0.000262850740631,-0.131259485497,0
-0.0186963469804,1.04855387614,0.796985503657,-0.0159669204,0.0855941912,0.654642055,0.750907766,-0.0917707752467,-0.199673862675,0.229887466964,0.166305942299,-0.30392837203,0.119717084899,-0.83553915108,-0.00423343194695,0.0593526577249,0.313806367463,-0.0573765917613,0.134354669179,0.136729585,0,0,0.153335029354,0.367491006088,-0.364397953743,0.127299033473,0.00148465161446,-0.13830722249,3.61786615926e-21,0.553871582687,-0.48325564844,0.277345845403,0.117590191759,0.000204852542256,-0.123103464483,0
-0.0175714619987,1.08065505628,0.790883737891,-0.0129338092,0.0849790495,0.651859678,0.753452214,-0.0451497040344,-0.209892272087,0.226589126829,0.192716299053,-0.329708495166,0.10403281575,-0.885425398072,0.0305949600581,0.0780492535198,0.32903273911,-0.107243913038,0.139351603423,0.121486021,0,0,0.145857638476,0.369999415664,-0.344493117009,0.125133129771,0.00150484481934,-0.146350187998,9.17906764575e-21,0.565228436496,-0.467112888548,0.261277395409,0.118071072952,0.000121075761069,-0.122572952417,0
-0.016961240924,1.11409611622,0.78495606355,-0.0095285868,0.0810350436,0.650365354,0.755226744,-0.0228030970056,-0.212920388675,0.218174261843,0.284984875113,-0.360521734289,0.0932994967219,-0.878514826728,0.042961261816,0.0718848360574,0.353798972003,-0.115427852393,0.115825836924,0.111371992,0,0,0.149494637534,0.371829116272,-0.325921173246,0.12392280879,0.00147058512702,-0.149000140415,-1.87110739231e-21,0.57518267407,-0.463707614774,0.262957545019,0.119044375141,8.52503772183e-05,-0.11604530813,0
-0.0150264016932,1.15056974864,0.779191491261,-0.00676945372,0.0709033755,0.64879779,0.757620165,-0.00277032467449,-0.194128704869,0.222802856705,0.413292008712,-0.375221573675,0.0578102417346,-0.833491611131,0.0752509926911,0.0848806914519,0.404479082966,-0.0979375399262,0.0806862249552,0.129226893,0,0,0.168692090436,0.357896321405,-0.316416534107,0.126428995536,0.0015992544358,-0.145693057434,-6.83154321841e-21,0.595355397931,-0.460741530006,0.272413132316,0.119712286962,5.2339647288e-05,-0.108090453774,0
-0.0128319920436,1.18710075049,0.774398457556,-0.00537394029,0.0600711671,0.648786023,0.758577137,0.017849588826,-0.173407046357,0.220537969014,0.527674046263,-0.312849083754,-4.13316800362e-05,-0.795216480694,0.104269738883,0.103847202178,0.466078906524,-0.0283540751365,0.0447773244367,0.152843754,0,0,0.195782315043,0.340338849027,-0.305736539512,0.128902897786,0.00176318390383,-0.141817103358,-2.25796387894e-20,0.620797890795,-0.436503546655,0.259962599376,0.120082610094,-5.5674822936e-05,-0.105258377724,0
-0.0108182777404,1.22286290073,0.77244810072,-0.00783348084,0.0483781045,0.650709089,0.757743939,0.0276406171428,-0.134658195614,0.225722998728,0.634006599551,-0.134405176781,-0.0619508373261,-0.774306520399,0.135581405404,0.105859580653,0.567940898345,-0.0413892617491,-0.00514665237158,0.184254196,0,0,0.229927137354,0.328589833081,-0.301450366013,0.132026688454,0.00182369258409,-0.134692494034,7.67661912633e-21,0.643964542268,-0.409768206272,0.254790201878,0.121475291242,-0.000179546106797,-0.101553973718,0
-0.0090277292877,1.25761978025,0.773341414603,-0.0105764708,0.0422821372,0.654977604,0.754390282,0.00137429460897,-0.105719851727,0.218162299172,0.738125074888,0.0688738756444,-0.109719576077,-0.75094162997,0.143689221213,0.0935156334046,0.648270324869,-0.105510403803,-0.0682171974813,0.183303786,0,0,0.267842775076,0.336435517828,-0.30574793318,0.131475340656,0.00155738238042,-0.129496990716,2.92410638274e-21,0.641768671785,-0.390340976883,0.253220825732,0.122018991489,-0.000224935078736,-0.101966086874,0
-0.00771759677724,1.28887625975,0.776641393937,-0.0175765077,0.045440858,0.66295623,0.747071102,-0.132222481826,-0.0264500315464,0.23874802783,0.939104400315,0.0418297241901,-0.0797748751939,-0.734827857534,0.128023587719,0.0745220322549,0.695530717998,-0.183821095286,-0.100515231982,0.156917751,0,0,0.292236469836,0.334099764185,-0.306519552505,0.131028622919,0.00124649913408,-0.120077928447,-4.35396411462e-21,0.610387601799,-0.375877870942,0.244173373182,0.119978021143,-0.000189775832279,-0.104298259044,0
-0.00726202392603,1.31977801408,0.783539518314,-0.0235478382,0.0504749787,0.672230891,0.738243459,-0.275629621359,0.0619443224881,0.263937118614,1.05662091071,-0.0306992201569,-0.0411120938816,-0.688652727252,0.0965014797307,0.0523608257689,0.67898511492,-0.231774027711,-0.109318454517,0.125408743,0,0,0.312999051216,0.331714416398,-0.313329449033,0.12964088836,0.000934736251743,-0.107279320474,-2.65844009842e-21,0.5636567651,-0.387102667827,0.250533961479,0.117899664038,-7.25711174531e-05,-0.102799501563,0
-0.00675533555709,1.3511580953,0.790254427319,-0.0268976112,0.0499178013,0.680284081,0.730751874,-0.408521172902,0.103811323441,0.252057955324,1.0852594543,-0.115860463884,-0.013583513326,-0.627539024414,0.0774100105576,0.0296472223425,0.661127571048,-0.27387551239,-0.105141154919,0.0791615728,0,0,0.358664443864,0.346318245415,-0.317582312052,0.126153585913,0.000568348297437,-0.0986344699841,-5.10434897689e-22,0.517276874106,-0.392384074629,0.271038054494,0.117560737313,-6.38340432669e-05,-0.104909261174,0
-0.00669237963982,1.38236434896,0.796904705605,-0.0307461201,0.0486460241,0.686810152,0.724555074,-0.520965034943,0.121728495932,0.236299067898,1.0256543867,-0.179354745285,-0.00466241755318,-0.549432437769,0.0671024049125,0.0131237411406,0.605969402435,-0.295944001568,-0.0987900240928,0.0415840844,0,0,0.410935219335,0.354317080083,-0.312601882424,0.124058431558,0.000352105113896,-0.0923076748318,7.74490011353e-22,0.464707020044,-0.415555381534,0.310459910646,0.118384551836,-3.73009878498e-05,-0.114439564081,0
-0.00772297712046,1.4130256665,0.801961321544,-0.0361972591,0.0499392938,0.690692609,0.72051339,-0.612892886611,0.130518950784,0.232980817902,0.899926282299,-0.221079014729,0.00400245681252,-0.470577565844,0.0538482128284,-0.0120232474504,0.529330854702,-0.299522293649,-0.0738160603499,0.0231981644,0,0,0.453234021771,0.355534382677,-0.305134906264,0.121559037679,0.000273001582909,-0.0869078320458,-2.07549005233e-22,0.414088870917,-0.420339692865,0.319415101379,0.117206734303,-6.50372084808e-05,-0.124654297688,0
-0.00861188674075,1.44421324751,0.804530483174,-0.0421705786,0.0515871231,0.694189738,0.716701485,-0.679540001382,0.152222317959,0.254777916707,0.736823419558,-0.253501670245,0.0146332757784,-0.389011126669,0.0507049837624,-0.0260834862289,0.44324188669,-0.290862527519,-0.054528100577,0.0312262928,0,0,0.47779242791,0.356203931193,-0.300728165447,0.120362069393,0.000249723838531,-0.0815051194821,1.32088757495e-22,0.374594323333,-0.432063237188,0.317282695697,0.114397772683,-5.26919955013e-06,-0.140414088145,0
-0.0106382095044,1.47507171733,0.804300272669,-0.0495195339,0.0537477676,0.6979974,0.712361301,-0.731369108725,0.128226549385,0.242742344272,0.542943957161,-0.2164238609,0.00097323723768,-0.321131107026,0.0412849902026,-0.0564040989529,0.380698430701,-0.295012430428,-0.0377511558255,0.0333446683,0,0,0.495169821299,0.375072174807,-0.316634380868,0.120485415724,0.0001824064289,-0.0806018979582,1.3186551433e-21,0.334668523924,-0.450698819047,0.31968970516,0.110879470607,6.03501402811e-05,-0.161916525734,0
-0.0136917996918,1.50700888891,0.80139991561,-0.054151112,0.053299914,0.699570204,0.710512706,-0.791755509246,0.101928846569,0.209106370737,0.458699994185,-0.219314092144,-0.0101579373215,-0.262484107873,0.0356082616992,-0.0795443509692,0.358597490293,-0.312018737976,-0.0205949475252,0.0387252129,0,0,0.516171516002,0.389804901122,-0.331728504072,0.119610771085,0.000122117807393,-0.0767715172898,3.54328836828e-22,0.308826717164,-0.463565451766,0.312813793911,0.106313925014,0.000146536762375,-0.175415736728,0
-0.0166926297617,1.54017714062,0.795933356413,-0.054904528,0.0501643625,0.702087936,0.70819599,-0.833824158767,0.0773855652459,0.17961074778,0.474916028707,-0.247860617207,-0.00490775161834,-0.235870741007,0.0348722289676,-0.0815676314253,0.427007751276,-0.359044852366,-0.0145691294578,0.0482921067,0,0,0.53668631608,0.393818903318,-0.331425748228,0.120418499759,0.000109140917141,-0.0793767406774,-5.71427481083e-21,0.304400119474,-0.473686989147,0.298019000929,0.102193135412,0.00024510738074,-0.187641554922,0
-0.0190622498165,1.57385364511,0.79021614609,-0.0509737671,0.043962993,0.705827563,0.705178262,-0.816152020816,0.0420788925109,0.157430009184,0.500338050141,-0.227596253134,0.00480618912497,-0.206101023567,0.032933479143,-0.0818613565515,0.517475949625,-0.385878833695,0.00243502794071,0.0575326793,0,0,0.555745791884,0.403062397972,-0.34067471804,0.121511252788,6.62728210858e-05,-0.0809666494981,5.97564172961e-21,0.321908551018,-0.47669430544,0.277012814663,0.100541324103,0.000305384515178,-0.192667703148,0
-0.0228724610845,1.60886948698,0.78441238698,-0.0435222243,0.0392533277,0.706752168,0.705029337,-0.778657517376,-0.0135881854138,0.118278221586,0.543459209526,-0.189209048401,0.0255180684882,-0.181087196673,0.0232493611366,-0.0673633110926,0.625451600738,-0.365216975214,0.0227810610241,0.0583277853,0,0,0.577849687751,0.399569792006,-0.341192290653,0.121814610411,5.98598233033e-05,-0.0808528621889,-1.25748298305e-20,0.348475399913,-0.476614047522,0.258806475676,0.0996451815515,0.000262432887821,-0.195165748831,0
-0.0281988245418,1.64377298955,0.780656112822,-0.0359326567,0.041829373,0.705058095,0.707002284,-0.753374025812,-0.0306580840902,0.133567918096,0.605399185058,-0.179174600982,0.0813868739091,-0.173296941458,-0.00300464227362,-0.0493491525454,0.729626555667,-0.216023538392,0.0740900023493,0.067161761,0,0,0.585529751812,0.374783455472,-0.335597393088,0.121437491582,0.000127093231011,-0.0793416133167,-1.42628541129e-21,0.377565113942,-0.489246952152,0.246005051375,0.101360002124,0.000342647315934,-0.190038814614,0
-0.0330209156835,1.67795041015,0.779133649259,-0.0314188255,0.0444548749,0.703116429,0.708987947,-0.727084420037,-0.0563355341349,0.136568189836,0.666938425071,-0.217995512329,0.123418457213,-0.187999602186,-0.016999967815,-0.0228179900329,0.824275796894,0.00525915256425,0.106895332255,0.0664216264,0,0,0.578791772208,0.362793614165,-0.345915911728,0.120328690166,0.000145896338475,-0.0731143902486,-1.52652934288e-24,0.404428818876,-0.493673746639,0.242245297923,0.104677175467,0.000354720600885,-0.174355696043,0
-0.0371885290893,1.70967341168,0.780019097829,-0.0325373403,0.0461113915,0.698659662,0.713224886,-0.695458703846,-0.0572915380225,0.145688511298,0.705676317554,-0.27578743833,0.148551231063,-0.296583398648,-0.031453488031,-0.00128701581,0.974931042079,-0.00138079521933,0.0959735690182,0.0829376304,0,0,0.555900924107,0.356008969066,-0.345787845784,0.121096334141,0.000182093382847,-0.07345346023,-2.643534896e-21,0.430007425717,-0.493482311945,0.23702188571,0.10838184343,0.000422811011989,-0.161408182427,0
-0.0416596214052,1.74059815056,0.784187805851,-0.0340789092,0.049268181,0.691257533,0.72012103,-0.645901451089,-0.0508308486507,0.168009247855,0.705809261725,-0.329675971829,0.166231893556,-0.438348333382,-0.0546103379167,0.0159257157664,1.05854762501,-0.0654669542863,0.063783130951,0.107284362,0,0,0.521786102899,0.348275560078,-0.350491978399,0.123037332906,0.00024775658299,-0.074936360742,2.12943934071e-20,0.45309792667,-0.499810990601,0.245929522585,0.110945376008,0.000501655614397,-0.149313431443,0
-0.0462418669179,1.77222197835,0.789672293917,-0.0330873261,0.0511137891,0.68157555,0.729210106,-0.573382602227,-0.0452701760632,0.203749049164,0.673568239441,-0.36081550086,0.171300673984,-0.563532542093,-0.0507470389526,0.0361704314224,1.04334927472,-0.140129336744,0.0511073553929,0.147786777,0,0,0.487413347486,0.336662152484,-0.351661935669,0.123048471716,0.00033521039124,-0.0712142094496,-1.47327029063e-20,0.488409040422,-0.513425804868,0.2605192571,0.112025157412,0.000573717831718,-0.1362892892,0
-0.0509637026657,1.80424097493,0.794457093636,-0.0302818448,0.0526789325,0.677204507,0.733281662,-0.492668840068,-0.0696625464494,0.212451427962,0.624567356996,-0.374928003412,0.170921879631,-0.657777683718,-0.0486705600121,0.046700802902,0.955639992623,-0.199893934954,0.0332282142954,0.168938826,0,0,0.44922493562,0.338145649584,-0.361503566456,0.124926492777,0.000406215146066,-0.071859054576,-3.68558105554e-21,0.526814554859,-0.518486851348,0.261890354414,0.114022862863,0.000510048095243,-0.131536246753,0
-0.0544480030213,1.8361612023,0.797491345818,-0.0288789989,0.0577257747,0.673209388,0.73662939,-0.407530708441,-0.0865097175307,0.241614874861,0.54228298719,-0.386578372485,0.159622897698,-0.730931186849,-0.0453933049296,0.0500654751582,0.808951043242,-0.216957350232,0.0476075117921,0.179143598,0,0,0.404511404766,0.338357087584,-0.368023824081,0.128494889011,0.000547412241672,-0.0794132492783,1.62011551277e-20,0.55828941529,-0.510731957294,0.243383842091,0.115920903052,0.000439779085082,-0.131505247831,0
-0.0580882781951,1.86881728466,0.798340079785,-0.0276691066,0.0632400355,0.669718333,0.739400076,-0.32171715862,-0.11720293935,0.255170226315,0.459658692295,-0.382733455911,0.155310350091,-0.778547433997,-0.0110886108455,0.0808670192067,0.619756735893,-0.200322357073,0.0739894740692,0.169591242,0,0,0.368484300651,0.331482331306,-0.355249953475,0.129401005717,0.000725609022626,-0.0883361397347,2.5145392602e-21,0.581543142763,-0.50778095051,0.236081536971,0.114646841319,0.000332261601855,-0.132709449009,0
-0.0614721629085,1.9010096675,0.796530096957,-0.028156302,0.0711309803,0.667040943,0.741082982,-0.245859957053,-0.144987719671,0.272719090995,0.381191868405,-0.38817958604,0.153319608942,-0.813306665444,0.0574626179961,0.172950316282,0.42237339795,-0.16439708761,0.12032289711,0.155538536,0,0,0.327494547679,0.338859529356,-0.349207342983,0.128821966227,0.000874067372461,-0.10020712684,-1.95063403497e-21,0.59477045218,-0.498477324325,0.217849440125,0.115010748789,0.000261761706335,-0.134779799427,0
-0.0647331781881,1.93529846204,0.791859472535,-0.0277086285,0.0768330144,0.66519369,0.742190187,-0.175940436699,-0.174261529803,0.277698519136,0.331081851895,-0.397690215512,0.143661120813,-0.861776815062,0.13322783239,0.285584362392,0.364821708559,-0.186293256169,0.139949058736,0.145997339,0,0,0.290876297137,0.346350327837,-0.342560119817,0.130431719429,0.00101962790893,-0.112451980383,-4.07526343967e-21,0.61017337559,-0.4801070415,0.189755592999,0.115869200202,0.000173722543732,-0.134379192884,0
-0.0691222459044,1.96949438981,0.784385756159,-0.0244551418,0.077993982,0.664611943,0.742704416,-0.138841498523,-0.192808085673,0.281184309721,0.377194183042,-0.437427000865,0.136178416408,-0.892918873421,0.174003338582,0.338467152556,0.405900282851,-0.217510333827,0.15052717681,0.135273803,0,0,0.276391729405,0.354006874549,-0.330821901904,0.128120146309,0.0011424835293,-0.126873383278,4.46473290436e-21,0.626646228732,-0.477690370775,0.186051733528,0.116371933011,9.42265970273e-05,-0.136563965479,0
-0.0736255449087,2.00520167132,0.776127915389,-0.0192241895,0.0769445444,0.664144293,0.743385718,-0.0980817566259,-0.208554111982,0.290342077551,0.4356587368,-0.458505788966,0.121226460111,-0.870193395136,0.197790563625,0.396283880266,0.455201990108,-0.190908224035,0.155869651356,0.179772023,0,0,0.249432856706,0.346229405143,-0.332078174878,0.130411799763,0.00148258710279,-0.128213361064,1.27036660613e-20,0.65903370257,-0.476092517564,0.176575292377,0.117897340905,4.94179190976e-05,-0.129838434126,0
-0.077251545757,2.04076964807,0.767643710808,-0.0156712824,0.0719585407,0.669400653,0.739242278,-0.0834705101282,-0.20239841466,0.300327079191,0.558086783887,-0.449813367,0.104109796039,-0.86894391181,0.210230336071,0.400643778692,0.594727589081,-0.174073007697,0.142061807048,0.201113658,0,0,0.248467481511,0.339178678898,-0.331653317779,0.132210702496,0.00166699802797,-0.131439925241,-1.74441171561e-20,0.687758853475,-0.454656513691,0.161564297848,0.11934098913,-0.000111367723918,-0.13033888541,0
-0.0819184126638,2.07577871409,0.762613944502,-0.0138586825,0.0656556289,0.680252203,0.72990014,-0.0788753284257,-0.16902053602,0.330016594743,0.70040236972,-0.36967861534,0.0658108151595,-0.860521394165,0.202299717227,0.384532878644,0.719874119651,-0.21241963516,0.131844877558,0.216275863,0,0,0.258185807787,0.347298096071,-0.348357691977,0.132932732621,0.00144876900912,-0.119698755518,1.57473844001e-19,0.720794655071,-0.399717596679,0.120609480842,0.121627354451,-0.000403857296819,-0.126898127934,0
-0.0873654397736,2.10720856146,0.7607355146,-0.0192624637,0.0606385645,0.692564524,0.718544572,-0.0983897078019,-0.0920389328987,0.384485770105,0.828168726486,-0.211337859478,0.0515317852632,-0.851392277458,0.187458023635,0.35300883917,0.810270529239,-0.276950159747,0.0757433826264,0.210758075,0,0,0.269630430642,0.362473233454,-0.356007638035,0.1326649991,0.00126077081982,-0.117438259834,3.49466143957e-21,0.714923716475,-0.368561190255,0.125403942139,0.123444142422,-0.000472408934121,-0.118417248405,0
-0.0938994740605,2.13671307574,0.763349631254,-0.0233128082,0.0642003238,0.709308121,0.701581657,-0.17326041782,0.00796645518259,0.455925425224,0.972895443967,-0.245586033609,0.0731252154442,-0.830248400542,0.139077745233,0.330255113278,0.851896048291,-0.330779983568,0.0589347989316,0.181117363,0,0,0.283540482828,0.369771432921,-0.369521192601,0.130703620559,0.00103524849839,-0.116461337196,-5.59066333189e-23,0.691141624673,-0.355066176624,0.124836361593,0.122034101724,-0.000444944101915,-0.11807223849,0
-0.101860095166,2.1652943006,0.769638685255,-0.0324383974,0.0721583531,0.729065001,0.67985671,-0.296217234053,0.0675750186332,0.477126255302,1.04517196947,-0.267621308061,0.0780888298889,-0.791835432199,0.072558273844,0.30405177453,0.82669936585,-0.339765623435,0.0436895001885,0.170340971,0,0,0.281924040569,0.349865021248,-0.373145085793,0.130507881429,0.000921387627931,-0.0990362067606,-1.91916164783e-21,0.652119056647,-0.349310242451,0.118685772424,0.120102189467,-0.000276061887887,-0.107407656805,0
-0.113009259146,2.19426255772,0.776942895164,-0.0380169665,0.0732266493,0.752242234,0.653700382,-0.418471609284,0.0871482571782,0.46632094979,1.03940333283,-0.295786281037,0.0618607143482,-0.725817242874,-0.00317669453724,0.259497463776,0.78806921181,-0.348075328645,0.0332908748324,0.132143196,0,0,0.315697190098,0.349166255434,-0.376790455713,0.127569822447,0.000679971225907,-0.0923239435572,-3.78196110007e-21,0.617500773607,-0.354431446246,0.143642709805,0.119119204891,-0.000244558861071,-0.110347436001,0
-0.125158449684,2.22278931839,0.783776621427,-0.0449289527,0.0719458033,0.775852806,0.625186064,-0.535567830342,0.10112607933,0.450610968369,0.983349910466,-0.3126285183,0.0388463354996,-0.64973791162,-0.0706215054918,0.198136744282,0.739775934312,-0.373563909339,0.0257634866675,0.0927791952,0,0,0.352643638771,0.363456077618,-0.385668318407,0.12485794472,0.000440216263641,-0.0890783000773,-7.60233753387e-21,0.58037849931,-0.370446723461,0.181615584433,0.118741240652,-0.000222248889955,-0.120645090453,0
-0.137881851308,2.25312340027,0.789911964864,-0.057335968,0.0774841511,0.79751394,0.595550425,-0.653043308145,0.102925923682,0.434652823034,0.88643371186,-0.327951947657,0.0302444829851,-0.548056558162,-0.138379876192,0.126794334972,0.612407509734,-0.363925743401,0.0305910564103,0.0711599206,0,0,0.362065484998,0.351019307148,-0.377234287456,0.123554746187,0.000404682150077,-0.0854254146156,8.90345058072e-22,0.519598578826,-0.391642257375,0.185870479606,0.116398255824,-0.000124122664673,-0.131550273862,0
-0.151516751273,2.28226799487,0.791728430255,-0.0663405139,0.0716164635,0.818810898,0.565701981,-0.740627943768,0.114236950842,0.410675837558,0.781472314984,-0.326682676575,0.020521659732,-0.439265979887,-0.175333211061,0.0374044926384,0.523055681144,-0.363356422921,0.0447251147586,0.0342055814,0,0,0.408715022674,0.365194388714,-0.364209622213,0.121095448409,0.000271613466294,-0.087793015631,-1.07263837756e-21,0.481673174822,-0.396817637378,0.200994835921,0.114231975687,-0.000244067181711,-0.146980235487,0
-0.166124408004,2.31051401304,0.789900701514,-0.0755812359,0.0665895509,0.835965843,0.539457522,-0.82665191889,0.0977080701448,0.355715295303,0.656884911022,-0.300558275296,0.0136290655775,-0.336059895765,-0.198392812249,-0.0530153543867,0.440929620431,-0.366120775536,0.0724486336067,0.00400972035,0,0,0.455716000562,0.378514603388,-0.349912806383,0.118446367438,0.000183230097591,-0.0885451099721,3.46709573722e-22,0.444219337464,-0.41004581496,0.217073643761,0.110353595888,-0.000361608456353,-0.163397314843,0
-0.181777347872,2.33942347567,0.784948546682,-0.0860201344,0.0600542885,0.850268377,0.515788432,-0.907656413741,0.0721563992929,0.275962976506,0.538889491734,-0.277574677944,0.001934546762,-0.239484086117,-0.19947078392,-0.138008003619,0.375355497068,-0.369462189229,0.0987585334623,-0.0307996594,0,0,0.508476998949,0.388150760114,-0.324812031212,0.1162697634,0.000120419802271,-0.0867498189739,-4.41567628004e-22,0.398019436566,-0.432258435165,0.244334332442,0.108125625435,-0.000472210182118,-0.173332514076,0
-0.197659572428,2.3681977248,0.776597225904,-0.0927717636,0.0414837137,0.860584535,0.499065888,-0.986942684566,0.0675587672102,0.175047920733,0.500765647806,-0.279772963337,-0.00168561855497,-0.169186061243,-0.16952299174,-0.207591671672,0.397417043891,-0.405185560844,0.118749733733,-0.0374077533,0,0,0.588055973979,0.414074207834,-0.305667984462,0.116834585586,7.25326530916e-05,-0.0835570907756,4.57982204473e-21,0.386894552554,-0.445293506161,0.284866752984,0.107467314042,-0.000433965466776,-0.179821710546,0
-0.216402631647,2.39891231133,0.768946662715,-0.10261558,0.0435363946,0.865998634,0.487463836,-1.04654721082,0.0299399351346,0.0989896662612,0.466034099804,-0.2817815377,0.00117972656048,-0.101318770352,-0.165164335171,-0.237858399397,0.359274524986,-0.392422730942,0.14096701615,-0.0743675865,0,0,0.622873406412,0.403049172057,-0.287897969631,0.115789645994,0.000103935711798,-0.0763230433907,-8.14412897947e-21,0.313417059518,-0.486035976762,0.315739022121,0.110729040241,-0.000457734627584,-0.173593360394,0
-0.237017172998,2.42951454937,0.760696045529,-0.103909446,0.0345453523,0.871237746,0.478491626,-1.05164075133,0.0362366732896,0.0746999492294,0.488548135391,-0.26076578464,0.0104790530305,-0.0422102667775,-0.14707584143,-0.243302998795,0.390597065472,-0.369978530118,0.161034229544,-0.0746181682,0,0,0.676525166019,0.401142635841,-0.274647485693,0.11578366648,0.000135563131651,-0.0677153912377,3.24290868902e-21,0.302262319927,-0.498104112448,0.322121071124,0.112008129906,-0.000392794468487,-0.168553199524,0
-0.261157394619,2.46018275308,0.753744300033,-0.100392402,0.0258085512,0.877110347,0.468969853,-1.01542092366,0.0305824486591,0.068597699805,0.534551994029,-0.108803304418,0.0257502473896,0.0201284500159,-0.126325783651,-0.218395159644,0.423297489096,-0.294212430526,0.16526533575,-0.0848954966,0,0,0.725334602448,0.412208347772,-0.289177466418,0.115290386086,0.00012834491832,-0.0565668600735,4.64527258314e-21,0.315846960153,-0.487147886954,0.304484170875,0.114845475461,-0.000482984698191,-0.164600353952,0
-0.286733732361,2.49011342852,0.750899140834,-0.0985052005,0.0261267794,0.884067269,0.456113124,-1.00516009138,-0.0102909890528,0.050493421781,0.621407493919,-0.0662319126717,0.0274828791419,0.0550044513018,-0.117674782483,-0.193827479964,0.47141534911,-0.135901563663,0.165402187169,-0.0892981957,0,0,0.738397186268,0.427199983585,-0.323580998571,0.11304093955,8.42157787499e-05,-0.0440413669624,-9.46690768914e-22,0.344904821787,-0.477590457733,0.279211097973,0.116673962407,-0.000501020798297,-0.159386631407,0
-0.312284429458,2.51965800946,0.751263521357,-0.0874558552,0.0282959272,0.891433418,0.443731084,-0.973084900608,-0.0453922427135,0.0659390057574,0.713774118841,-0.110809920547,0.070729515926,0.0910232334387,-0.140292674106,-0.198015419943,0.541108973536,0.088764950393,0.145253181571,-0.0777237077,0,0,0.747041162015,0.433956840589,-0.354681218585,0.113108152147,5.7219698988e-05,-0.0394748966459,-3.5955519161e-21,0.408729636001,-0.484335833921,0.26387174042,0.119211928033,-0.000274627934977,-0.152865035291,0
-0.337764073032,2.54722167147,0.755339789192,-0.0850204967,0.0334199846,0.89374053,0.439183886,-0.936169092133,-0.0676868871531,0.07947610838,0.765033285695,-0.171796875317,0.117839416443,0.0551147988365,-0.180224147931,-0.189337551546,0.661076914976,0.259251993762,0.0953526894862,-0.0675409662,0,0,0.724431530461,0.414267131821,-0.3447377621,0.11456231775,6.52269166711e-05,-0.0434707046833,7.40149812585e-21,0.422259823774,-0.503181696536,0.274382707145,0.121645376126,-6.30845400443e-05,-0.140238891441,0
-0.362489613714,2.5738319527,0.76219418776,-0.083160936,0.0384524089,0.893728564,0.439152507,-0.882146949003,-0.0826888552668,0.0925420836946,0.781011563914,-0.22027451983,0.153355987961,-0.0731501925358,-0.201852125228,-0.145129625973,0.850210006419,0.209443127322,0.0699569914013,-0.0344262122,0,0,0.682649407135,0.392379406993,-0.333572477643,0.115790659941,6.75251169478e-05,-0.0523171138249,3.02001433098e-21,0.434377651748,-0.522427557877,0.289383775614,0.121736043315,0.000129822835564,-0.135178425567,0
-0.385344006919,2.59959433383,0.770918668241,-0.0806252312,0.0423347968,0.895613215,0.4354128,-0.815490045593,-0.11019542638,0.0916054112767,0.766715076537,-0.256646873778,0.169130361951,-0.234133842293,-0.189824008637,-0.0892796865721,0.997012478188,0.0932807279623,0.0364723599021,-0.00262448526,0,0,0.62191724179,0.382870199022,-0.332370597776,0.11680294068,7.95662764261e-05,-0.0624534780424,1.16902130407e-21,0.460927794461,-0.519157928102,0.280823209032,0.119618766104,0.000198182773643,-0.132935295731,0
-0.407600346702,2.62528074643,0.780296452406,-0.0793789842,0.0461218137,0.89383588,0.438895402,-0.736828866259,-0.109763053919,0.11423338798,0.726666092133,-0.281960693995,0.172710039665,-0.399632224884,-0.173234107171,-0.0445258219257,1.07414224419,-0.0161915485505,0.0180488254228,0.0433499982,0,0,0.553808606191,0.359699561478,-0.326192156197,0.119970958669,0.000195650832102,-0.0788051548216,-1.29140359451e-20,0.471975308765,-0.5380643442,0.325311600846,0.115940537984,0.000336745237401,-0.125165029994,0
-0.42878060405,2.64996647603,0.788305590221,-0.0772194561,0.0506631854,0.894244589,0.437946357,-0.656468445514,-0.119033091801,0.131607644184,0.677421785813,-0.311861645453,0.175213077057,-0.555279208169,-0.145680870676,-0.00815208657279,1.0909569944,-0.114204117406,0.012535465794,0.0866366599,0,0,0.476789005554,0.335291065291,-0.318096867053,0.124275412508,0.000469620692412,-0.0969080865537,1.86842863316e-21,0.500422890408,-0.5350665104,0.321565243769,0.115558973274,0.000368462185487,-0.126310278434,0
-0.452157588717,2.67603092013,0.796023398851,-0.070970305,0.0558987492,0.894007086,0.438850631,-0.548005032209,-0.135604162491,0.155990908871,0.591152481432,-0.322254079802,0.171877061717,-0.666733054423,-0.137693893298,0.0146630192778,1.02254142574,-0.162761227709,0.00667467431839,0.120988805,0,0,0.409790015803,0.31642504301,-0.323498733769,0.126483809391,0.000842076327773,-0.112256951886,-2.16118705294e-21,0.529530171459,-0.537921768056,0.319093928884,0.115651736237,0.000363169941374,-0.127561198916,0
-0.473817982303,2.70211942446,0.799481025544,-0.0681693266,0.0598757885,0.893738561,0.439316761,-0.451783660948,-0.140064497432,0.190482494521,0.517055306866,-0.329684471247,0.146883766165,-0.752516711852,-0.114197593095,0.0236981927928,0.895652943115,-0.166978842891,0.0118518062525,0.154087178,0,0,0.33814285985,0.302142525786,-0.329078350589,0.127285957058,0.00135704407368,-0.128789745112,7.01044042964e-21,0.554137388925,-0.538231548098,0.317424723128,0.115984844524,0.00034278609818,-0.129876164094,0
-0.496603465066,2.72852253213,0.800810913505,-0.0655040657,0.0658254096,0.89422883,0.437871022,-0.352555253033,-0.159449288465,0.207351264336,0.428634028681,-0.341586119776,0.157009852354,-0.813811524421,-0.107899255905,0.0213189240272,0.724833595118,-0.173750792178,0.0346882341425,0.166851861,0,0,0.267089898955,0.296075226226,-0.336323152626,0.12714725137,0.00186128913571,-0.144507957545,-2.0799973954e-21,0.574968871896,-0.529768624894,0.298894099224,0.116568968771,0.000303492226034,-0.13259944006,0
-0.518662499947,2.75562793736,0.798784168893,-0.0723826593,0.0717672724,0.893718204,0.436895846,-0.262731540212,-0.172962411886,0.212323250235,0.323413477513,-0.347011125538,0.134172858377,-0.855393793585,-0.0687068850008,0.0282699662143,0.488441653252,-0.131486475973,0.078176209588,0.168796402,0,0,0.168870507963,0.306771304814,-0.343478585497,0.12515296338,0.00228255989647,-0.155486592167,3.68214866051e-22,0.561402221308,-0.52053046724,0.285028918027,0.115458530241,0.000357539837727,-0.132442451258,0
-0.541175571649,2.78267615702,0.792841091225,-0.072673038,0.0758306228,0.894574062,0.43440257,-0.175838078698,-0.190128302215,0.209847633072,0.258801054326,-0.353933999278,0.113281239113,-0.912487539406,-0.0316573722326,0.0532505894525,0.342339689211,-0.148586985594,0.105584328023,0.161745579,0,0,0.109465330695,0.316702674337,-0.345542174466,0.120866222011,0.00261307257797,-0.171269350196,-4.83970065093e-21,0.568700438376,-0.506302311563,0.270003808433,0.116341407671,0.000294009935675,-0.13553481834,0
-0.564201364329,2.81121998142,0.784747213048,-0.070865816,0.078161601,0.896014514,0.431308231,-0.0877442276186,-0.205444430894,0.194483875342,0.208206280534,-0.358559752817,0.0975863727389,-0.993531275803,-0.00092406782175,0.0742416764722,0.353119392095,-0.215815487703,0.120981800622,0.148905863,0,0,0.0701094434676,0.321032716906,-0.337606140143,0.116919713712,0.00282579110696,-0.184777135041,-5.43690943712e-21,0.577401565961,-0.497853810074,0.263277482674,0.116473435355,0.000223333348105,-0.136971707054,0
-0.588192727884,2.84080130088,0.775831392616,-0.0667955415,0.0788303365,0.896049013,0.431764172,-0.0200264260265,-0.209361748978,0.189258030952,0.219242433087,-0.368006123639,0.0761712919945,-1.01230778548,0.0132726194827,0.0716500360577,0.369359166907,-0.229589210809,0.118871348546,0.146356351,0,0,0.0521869516506,0.31937305716,-0.321977488921,0.111514404994,0.00311856373558,-0.196382944332,-1.38960974983e-21,0.585392100568,-0.501704122393,0.264808420305,0.116555078512,0.00019738470817,-0.137548217594,0
-0.613275677415,2.87130233335,0.768375641884,-0.0592711286,0.0756204521,0.896461029,0.432580749,0.0334403317464,-0.212977414903,0.175896466197,0.278419959266,-0.36732785634,0.0542616962317,-0.970707914862,0.0263569158154,0.0833791550992,0.393850049126,-0.186958805067,0.0864427574712,0.156071025,0,0,0.0546065427081,0.306391456181,-0.310488080342,0.113071546966,0.00338328732144,-0.197641615064,-9.05412703044e-22,0.60113381517,-0.50211081605,0.26361160674,0.118490948777,0.000163952185986,-0.130434753853,0
-0.638433957433,2.90279941513,0.761245566611,-0.0473197582,0.0708800229,0.897239043,0.433242384,0.0734560912711,-0.21031519573,0.168889070053,0.384081654985,-0.337714274492,0.0346408879671,-0.929250548953,0.0340304943329,0.094180113864,0.466289523563,-0.0688427949007,0.0580116495135,0.183238138,0,0,0.0796380094666,0.280008427923,-0.311572300456,0.118923451004,0.00363191630092,-0.187765827579,1.07097455604e-20,0.634361016105,-0.499185821711,0.258980633138,0.120468397291,7.35851542869e-05,-0.119938418744,0
-0.665080843851,2.93455733479,0.757531315568,-0.0338693048,0.0568279952,0.89999776,0.430845078,0.10915752827,-0.185179961266,0.172217549829,0.510449996744,-0.231295551565,-0.00497989961996,-0.892629320249,0.0599488983847,0.105918829224,0.596633511942,-0.0469396973022,0.0327304139129,0.183673299,0,0,0.156002876512,0.281003686367,-0.311466628854,0.121921064776,0.00312833985377,-0.178266576011,-4.14405751943e-21,0.675349786384,-0.473549368824,0.262295624416,0.123063446851,-0.000135114196509,-0.112062444172,0
-0.690658150622,2.96532870236,0.758337392967,-0.0264924724,0.0434178524,0.901194407,0.430420353,0.146748866223,-0.14000299114,0.201702783311,0.576804470828,-0.0178682713655,-0.0531023731884,-0.849114416039,0.083148375767,0.0932756589817,0.698020841996,-0.0968460772069,-0.0230114387559,0.196754536,0,0,0.219164172614,0.301438921993,-0.320494757693,0.124715320803,0.00258400718504,-0.165794209615,-3.62114796324e-21,0.693743472442,-0.455803380415,0.273840581339,0.125582486947,-0.00023435721879,-0.102484872935,0
-0.713510787807,2.99449887416,0.762047145474,-0.0286283908,0.0372243855,0.904167729,0.424588599,0.094773085484,-0.0605907156478,0.246404194589,0.7333325183,0.105073311002,-0.0503775597094,-0.81207357659,0.0868648183725,0.0719485829572,0.755321698071,-0.159397161404,-0.0781978283964,0.20165708,0,0,0.250707441443,0.314521751652,-0.331806529292,0.130067593291,0.00199163361481,-0.143289832859,2.11926896878e-20,0.681042018961,-0.431145473567,0.263583381125,0.124820279987,-0.000228814621139,-0.0977291723724,0
-0.735726115796,3.02129700352,0.769757853717,-0.0348240217,0.0376820046,0.908289634,0.415183448,-0.0469764461504,0.00806210798844,0.261169313834,0.938321209253,0.0129637017866,-0.0100828422811,-0.761586272813,0.0673329708994,0.0501645356214,0.753115335698,-0.20378484626,-0.105089591889,0.183207514,0,0,0.270493734,0.326671724155,-0.341739086878,0.131741463057,0.00138135643585,-0.11740204645,-4.3010420044e-21,0.638226681686,-0.426867782712,0.252290273534,0.121067231235,-8.33268651238e-05,-0.0964079950704,0
-0.757871700384,3.04694215425,0.778052752019,-0.0366131185,0.0333446534,0.912768084,0.405465213,-0.181133018278,0.0540916477187,0.251335389381,1.06138920018,-0.0492446806532,-0.0144529049586,-0.69340386014,0.0528502094892,0.0230547651924,0.741731241123,-0.252489292193,-0.118076371489,0.145903546,0,0,0.321084598724,0.353135678111,-0.346739205917,0.128948924884,0.000833603346325,-0.103853847112,-1.80695123941e-21,0.595063847695,-0.417123614277,0.255552763422,0.119252422765,-3.4598351097e-05,-0.104387122102,0
-0.780576013664,3.07216611768,0.786327844993,-0.0387794478,0.0283840303,0.916228428,0.397763709,-0.317231059668,0.0761504844012,0.229609226786,1.1142837825,-0.109783420462,-0.0119777518099,-0.613888572484,0.0473037299842,-0.00250065477533,0.702959675403,-0.282699165842,-0.114385799441,0.103113673,0,0,0.384297934371,0.371510141271,-0.335388237767,0.125239976401,0.000466078369013,-0.0941466114509,-1.5750042736e-21,0.542838353077,-0.409494038919,0.263491159465,0.116843459425,-1.93088982688e-05,-0.113729154723,0
-0.804500663181,3.09755320706,0.794708732179,-0.0386578216,0.0239365245,0.918813337,0.392064622,-0.431428568064,0.0881775880975,0.213306087736,1.09032749623,-0.160330879962,-0.00404729301328,-0.516461606202,0.0382968581247,-0.0302588171098,0.637919322577,-0.296772309118,-0.104503653263,0.0589155888,0,0,0.455868343815,0.387668931327,-0.32261472855,0.122136104945,0.000218689131928,-0.0866824124588,-3.44477586421e-21,0.48684990533,-0.413125972526,0.283580743453,0.115214532911,-6.40306119925e-05,-0.130218373473,0
-0.827525279971,3.12154925303,0.79960859256,-0.0411120937,0.0209833758,0.920091968,0.388973346,-0.53673887825,0.100306780583,0.203044224752,1.00987928532,-0.190485385086,-0.00128500622632,-0.432914802091,0.0376873338846,-0.0515870937509,0.575661170267,-0.298628255757,-0.0891160693015,0.0325401189,0,0,0.515109001544,0.396105708972,-0.314177211499,0.120114075872,0.000111730540796,-0.0811255038476,-1.44815835135e-21,0.428890811452,-0.416294767805,0.300540158782,0.11299951866,-0.000117345297442,-0.145449784502,0
-0.850464426409,3.14471186079,0.802300617648,-0.0450465843,0.019264022,0.920891833,0.38672721,-0.627169575537,0.108155630532,0.192644745952,0.879128415471,-0.207580940161,0.00705079469442,-0.351250787607,0.0382444824957,-0.0696552270627,0.50468960449,-0.293748280612,-0.0657491235267,0.0170717389,0,0,0.562874011099,0.406995082861,-0.314651679299,0.119319318059,4.97604264933e-05,-0.0777988223121,-2.311462512e-21,0.374722175145,-0.420569192001,0.309489947898,0.109829066838,-0.000180591219684,-0.161336316199,0
-0.873831858697,3.16724838777,0.802135844159,-0.0507624816,0.019728491,0.920477943,0.386981024,-0.696752814755,0.117419769889,0.197531708967,0.707876932776,-0.219230908087,0.000106097290095,-0.276420380046,0.0379925336897,-0.0825008642063,0.435800689354,-0.295322836641,-0.0426654693952,0.0176220788,0,0,0.599401283954,0.402536667952,-0.3076104717,0.118481621874,5.17056369786e-05,-0.0749138918315,-5.73101823501e-22,0.319502599136,-0.432907062507,0.315869562899,0.105265222816,-0.000144357840196,-0.177850601975,0
-0.897649955513,3.19006049032,0.8001263968,-0.0637426,0.0289709518,0.919172443,0.387581714,-0.770949087552,0.0948310498135,0.185245352946,0.512867181889,-0.231892748309,-0.000932549637681,-0.213419883702,0.0229892988607,-0.0942377759302,0.348348377214,-0.289197709113,-0.0155471838556,0.0206645028,0,0,0.597538170942,0.385126636246,-0.30410447035,0.117824289712,8.4927135012e-05,-0.07024204187,-1.48033444997e-22,0.239299142277,-0.46293261403,0.313343317873,0.101385517249,3.44588895884e-05,-0.187839798741,0
-0.922429572407,3.21317482133,0.794506491114,-0.0683473998,0.0289140343,0.918127858,0.389273487,-0.865930879477,0.0913777589069,0.157690753636,0.460961171996,-0.294397133083,-0.00560516411813,-0.153293703142,0.0201516342085,-0.108476547429,0.322951298183,-0.301869634342,0.0168635826432,0.0297405736,0,0,0.626283523088,0.381743303564,-0.301747537133,0.117739107263,7.49599855697e-05,-0.0687617788965,5.72498607395e-22,0.198556079056,-0.481824743965,0.316040688029,0.0977994043304,0.000209221247841,-0.200927445948,0
-0.948743748255,3.23661589152,0.786262486124,-0.0713371715,0.0282469573,0.916600823,0.392372334,-0.945288887034,0.0851100482542,0.13370006489,0.491237595505,-0.351661546177,-0.0185660109645,-0.122593047161,0.014512525608,-0.107316550852,0.369473078098,-0.337958007007,0.0319904037984,0.0307477523,0,0,0.655181456052,0.377482114427,-0.296303769486,0.117622742343,7.30428879946e-05,-0.0677088181448,-1.11207206694e-23,0.170337568835,-0.484987580994,0.309794368696,0.0948948588758,0.0002418176115,-0.208825282888,0
-0.975791066924,3.26022359051,0.778063252281,-0.0711671817,0.0276131676,0.916376371,0.392972126,-0.945388395921,0.0644403881931,0.114776472838,0.490525783544,-0.324176379168,-0.00616833742608,-0.0971767089238,0.0123545291448,-0.0903804759843,0.440204814521,-0.353813760108,0.0468601409909,0.0294489343,0,0,0.675977370186,0.373058442022,-0.292649207791,0.116805283949,7.05925214094e-05,-0.0639403375459,-2.52507550807e-20,0.163873013479,-0.481319182192,0.296538470681,0.0941818171323,0.00019790325245,-0.210668292232,0
-1.00450975779,3.28445126559,0.770341583166,-0.065465305,0.0264639156,0.916047813,0.394804204,-0.897655785081,0.0363374531018,0.106294876966,0.499565514524,-0.230656134797,0.000783501292837,-0.0693614583708,0.00179047764259,-0.0746156403208,0.533738461948,-0.336346092982,0.0669665197376,0.0160389637,0,0,0.698538115543,0.368694246236,-0.290968682979,0.114900936349,7.21310552351e-05,-0.0561483092787,-4.27984636826e-22,0.172079259349,-0.468054970564,0.285016947665,0.0962690429441,-3.23510267273e-05,-0.205164375187,0
-1.03511287844,3.3081299133,0.763640069557,-0.0503615156,0.0237034423,0.916031471,0.397225639,-0.856334183452,0.00266647996915,0.0780568489412,0.559553369751,-0.111960080115,0.0270393471125,-0.0410473138756,-0.0190803789298,-0.0652488656917,0.659092700823,-0.24825091841,0.0887073757441,0.0203349503,0,0,0.73635013607,0.364084139022,-0.302362637015,0.114036917284,6.0229499705e-05,-0.0526390613134,-3.41025443405e-21,0.238368862157,-0.449158566168,0.27758040257,0.0974343276573,-0.000106134646467,-0.201299993369,0
-1.06482503515,3.33196687859,0.761793230542,-0.0439378401,0.0279692389,0.916140827,0.397458392,-0.839816722144,-0.0279901114673,0.0809947937319,0.661500084685,-0.109803437745,0.0683802263253,-0.00636293039433,-0.0552522748638,-0.0725811340515,0.702642125472,0.0100139122326,0.108443640656,0.010543066,0,0,0.728145402242,0.359470746884,-0.314352492661,0.112722419956,7.21770179368e-05,-0.0478251605089,-1.77806821138e-21,0.277793289473,-0.444599262398,0.270064184367,0.102640388582,-0.000192602614831,-0.184330821438,0
-1.09281375506,3.35362755627,0.763676003604,-0.0421397506,0.0338939471,0.915968797,0.397588486,-0.808561707713,-0.0548488990601,0.0938713021927,0.707475021739,-0.146448911719,0.11013473493,-0.0354160076617,-0.0885041708918,-0.0690625670645,0.80453941524,0.225130286481,0.0988103579534,0.00317973911,0,0,0.692408121585,0.353491290562,-0.324642758883,0.113033924801,9.11473128483e-05,-0.0475226095978,2.38558272107e-22,0.307971205398,-0.442814864052,0.271125459676,0.109087533307,-0.000164601279786,-0.165718220117,0
-1.11891917602,3.37371587,0.768678265677,-0.04278317,0.0397723917,0.912819459,0.40416382,-0.768770541126,-0.0631187978221,0.112773059127,0.72865661811,-0.197832976581,0.155911825338,-0.145570670529,-0.156892503584,-0.0811452479269,0.967947672982,0.247244316403,0.0623703134183,0.00833641258,0,0,0.645893356258,0.342186220944,-0.323632961421,0.114830671872,0.000127727808861,-0.0526671342793,-4.99148266379e-22,0.330744984839,-0.455320722021,0.289055545152,0.113647487671,-1.19444099329e-05,-0.149454229258,0
-1.14235690886,3.39375656894,0.777431207467,-0.0428534996,0.0447786651,0.909286554,0.411529357,-0.704036523483,-0.0677422761173,0.135357077595,0.703202044796,-0.232695503013,0.164782911538,-0.296738858133,-0.177796332681,-0.0591961876219,1.08414774388,0.150230549924,0.0346350258313,0.0422289906,0,0,0.580112364039,0.338406581769,-0.328910027441,0.117044848503,0.000170498485257,-0.0610157781536,1.16823504095e-21,0.36611243872,-0.473387410176,0.301246235583,0.114185941323,0.000237503450623,-0.13514354881,0
-1.16716910865,3.4150825088,0.786590698158,-0.0375973526,0.048690617,0.907137989,0.416312781,-0.616583052513,-0.0780216521752,0.162136381008,0.656459661199,-0.262449788036,0.166974030843,-0.424677243526,-0.175787940647,-0.0349089417094,1.12017610143,0.0619614345506,0.0140160767207,0.0878842941,0,0,0.51587415253,0.326663945417,-0.330796474589,0.120980022641,0.000301106377525,-0.0708640146499,-1.7711092892e-21,0.423155751165,-0.490738596852,0.303020832864,0.114381158509,0.000393196889794,-0.127007718892,0
-1.19036807797,3.43570011997,0.794777738236,-0.0355131591,0.0537013186,0.905477982,0.419481356,-0.53272410841,-0.0915293680889,0.186589746329,0.592308815659,-0.273645193913,0.159072710366,-0.547588145941,-0.161513422532,-0.0195644635073,1.09522325406,-0.0155977837497,0.00592292833571,0.138436017,0,0,0.443527005021,0.320532930251,-0.334619238532,0.125639947811,0.000583639914824,-0.0873482964628,1.13547545693e-21,0.479088674269,-0.507763893565,0.301037297473,0.115240394396,0.000468381113816,-0.125961686434,0
-1.21318364659,3.45719401255,0.80103097863,-0.0340030569,0.058772877,0.904769267,0.420454653,-0.441156102323,-0.106724126988,0.213004942876,0.508762888004,-0.279952055435,0.145142563834,-0.642484062557,-0.141260513411,-0.0126002500121,0.998523361052,-0.0680497405861,0.019234342113,0.172823198,0,0,0.369494522529,0.312859644723,-0.344321099483,0.129593164153,0.00102641335937,-0.107173389638,-2.56125798837e-20,0.532772018243,-0.507750963074,0.2915128937,0.116524649049,0.000398688434707,-0.126909190501,0
-1.23571638572,3.47949245635,0.805005100362,-0.0322109015,0.0628694382,0.904651195,0.420257192,-0.342680099512,-0.127920687512,0.224162786146,0.410673763993,-0.269033570865,0.127096641457,-0.709639824111,-0.112362480524,-0.00907380186167,0.847135346954,-0.110658158873,0.0330257639507,0.188200649,0,0,0.299053145801,0.312462664328,-0.349629670598,0.129806511745,0.00148190430822,-0.123955189399,2.91324879677e-20,0.576895130525,-0.50309091144,0.283829887135,0.117741263693,0.00026879912289,-0.124701394855,0
-1.25739147011,3.50120066608,0.806129434726,-0.0311300449,0.0659097227,0.904851276,0.419441291,-0.254026922943,-0.147800601,0.227363401536,0.328902965688,-0.268943377995,0.105240476644,-0.752440623257,-0.0744091375724,0.00844965692236,0.651028423968,-0.126366044237,0.0590768265165,0.185644047,0,0,0.23443534387,0.312433763384,-0.345605934938,0.129202422708,0.00192537538657,-0.141776414233,1.07036326894e-21,0.606821459512,-0.497032924959,0.28020751011,0.118941985643,0.000145491201939,-0.123166932694,0
-1.27990415751,3.52362919325,0.804334695252,-0.0417598825,0.0679780312,0.904966996,0.417935205,-0.191353754931,-0.151663991058,0.224260769473,0.260440757458,-0.280411762374,0.0880556087545,-0.7809982776,-0.0253202437799,0.0307274252261,0.395033536074,-0.115305147099,0.0848003008475,0.178186375,0,0,0.136791017667,0.335723773147,-0.345811249084,0.126688190681,0.00224557683758,-0.152176159204,2.17082711177e-22,0.601387939849,-0.482659299457,0.269309861179,0.11834718379,0.00013689833127,-0.118582082317,0
-1.30170017741,3.54568626249,0.798998195516,-0.0413572106,0.0711002912,0.905824016,0.415592566,-0.121276532758,-0.16668469705,0.228243314372,0.221448121625,-0.310340120051,0.0830461266256,-0.832911954384,-0.0150916574027,0.0324805313047,0.256288994611,-0.135882542994,0.108151371831,0.162874399,0,0,0.0847258991841,0.344951546705,-0.340285072631,0.119119372584,0.00250067014002,-0.167573544037,-3.75636275486e-23,0.623001903207,-0.469772835075,0.256771162795,0.119121235421,3.83283202509e-05,-0.112839748497,0
-1.32444181853,3.56916739935,0.790888501209,-0.0416050202,0.0744317038,0.906487616,0.413532521,-0.0670066648097,-0.177783713704,0.23274696476,0.215251774909,-0.333962206189,0.0717258144352,-0.940789060062,-0.0268812555434,-0.0106105018265,0.331805890988,-0.247584644896,0.12883295934,0.139617978,0,0,0.058407232257,0.355421170811,-0.32465189372,0.112685048851,0.00255321361711,-0.182838735113,2.30045614051e-21,0.638764102698,-0.463877776157,0.25048309394,0.119977397733,-2.39706249803e-05,-0.112972571002,0
-1.3473546026,3.59327393666,0.782777209936,-0.039587988,0.0744220413,0.907564186,0.411365287,-0.020935455948,-0.182312022108,0.21751600767,0.2465943213,-0.369736239989,0.0631329837675,-0.956233600177,-0.0276713111153,-0.0132124057769,0.344218518352,-0.249791038217,0.118061756473,0.135284362,0,0,0.0279028445837,0.35948949388,-0.308843353889,0.112323224574,0.00268323928864,-0.188178754502,-2.72068634304e-22,0.649895583296,-0.465484793098,0.255441672373,0.121551584311,-2.64917926045e-05,-0.102910072618,0
-1.370308575,3.61854348305,0.776245385752,-0.0355477815,0.0711849138,0.90761616,0.412191666,0.00653012105242,-0.172675415027,0.214147515943,0.334802491407,-0.397315427099,0.0426734462775,-0.922255526016,-0.0233478638322,-0.0085037045685,0.362462035995,-0.215566896832,0.064677296024,0.144488749,0,0,0.0261437730163,0.349786237886,-0.296120045585,0.11551018063,0.00284823876667,-0.185566999131,1.55389933219e-21,0.663438821054,-0.470840012134,0.264642956977,0.122624426764,-3.39054522067e-05,-0.0942448225183,0
-1.39522064726,3.64558625078,0.770669539611,-0.0299272624,0.0646746632,0.908243908,0.412328208,0.0250593851075,-0.153417581506,0.216224793786,0.456855697158,-0.377952934907,0.00380528944263,-0.9059742809,-0.0047559967242,0.00481871587208,0.468908908346,-0.245837406888,-0.0342447700601,0.154783003,0,0,0.0450786753214,0.338659337949,-0.290736520042,0.120224566206,0.0028698540922,-0.177701735005,2.01140394034e-21,0.679583561505,-0.473340850048,0.269181021939,0.123644653346,-6.96045146412e-05,-0.089880618234,0
-1.41764382363,3.67193991408,0.768462029779,-0.0241353578,0.0566561674,0.911216073,0.407299438,0.033050925666,-0.127332562151,0.210682093796,0.577015012992,-0.293617519905,-0.0302610618431,-0.916094949709,0.0141628580325,0.0200350978401,0.623443106362,-0.289393623349,-0.105347529171,0.156275279,0,0,0.0890617327256,0.317809290471,-0.286892061612,0.125392456589,0.00260454114317,-0.162087286861,2.65629089301e-22,0.698212069599,-0.454687311495,0.260727761023,0.12295906289,-0.000131457721617,-0.0832258229567,0
-1.44093672621,3.69910438041,0.769812961476,-0.0227372802,0.0516573718,0.911767181,0.40681094,0.0319966846315,-0.105524803957,0.212990986402,0.666412631684,-0.0645893734622,-0.084899337908,-0.902138171708,0.0202693238898,0.0150141966077,0.729309316809,-0.34991442483,-0.146027774937,0.177064357,0,0,0.132395161053,0.297741991515,-0.282089292264,0.130726818979,0.00238577450785,-0.138816656702,1.50380362798e-20,0.694675367405,-0.458355630732,0.265579897744,0.120977597536,-0.000100629923969,-0.0717314842675,0
-1.46122256917,3.72207850566,0.773120178186,-0.0239079771,0.0490471694,0.913672283,0.402772569,-0.0153371989102,-0.0600332843934,0.22954413482,0.792049925736,0.113595785446,-0.0865590571912,-0.868869396732,0.0086943443483,-0.000386202134819,0.76927879153,-0.392278141825,-0.185788858639,0.185682933,0,0,0.177426772221,0.290392853273,-0.304347502042,0.135550728064,0.0018909278422,-0.116300470634,-1.09242502774e-21,0.674333449315,-0.452732219841,0.261101553943,0.120089056467,-6.74277161926e-05,-0.073142823562,0
-1.47829789327,3.74430691094,0.778087884365,-0.0307117167,0.0489573932,0.917331404,0.393907426,-0.142670323784,0.0536187528631,0.278250356255,1.00035697148,0.0795029259514,-0.0617953647303,-0.842008069241,-0.00752991496299,-0.0249044944417,0.797949032836,-0.477398129148,-0.173212231833,0.15817277,0,0,0.220472410818,0.346897587575,-0.321685840681,0.136088951021,0.00119876713685,-0.1090160368,-3.58516407531e-21,0.628140947958,-0.464140699148,0.255363958758,0.125916008532,6.04965288817e-05,-0.0889827720815,0
-1.4959638284,3.76466559654,0.7850286221,-0.0361678771,0.0486872606,0.919708278,0.387889312,-0.316777729929,0.0818879211678,0.23279647646,1.18572636695,-0.115372006872,0.0266964593577,-0.799523004906,-0.0204752801802,-0.0475662958826,0.793395693909,-0.522952127261,-0.169246974002,0.0945583949,0,0,0.270587183026,0.388856968353,-0.338729245323,0.132006115312,0.000580539795647,-0.104119371428,2.77665711996e-20,0.547878730863,-0.476281692915,0.279417375792,0.125891091091,0.000189508138139,-0.104718057015,0
-1.51473328859,3.78358793158,0.793816406631,-0.0339678147,0.0482815938,0.92007614,0.387266021,-0.534934355468,-0.0864824141189,0.133729120611,1.37463909784,-0.566017247073,-0.00692868775872,-0.734978454608,-0.032859603037,-0.0613034277133,0.776601376132,-0.567929786462,-0.12587658763,0.0174649042,0,0,0.354115906602,0.393488140172,-0.332936154553,0.121165672909,0.000215837685308,-0.0981559836886,1.95943189405e-21,0.46191817268,-0.485395376016,0.307893284039,0.126181158693,0.000168534056826,-0.120808816322,0
-1.5310916326,3.80244893464,0.799934040931,-0.0415700979,0.0402001632,0.921241853,0.384667808,-0.613344140546,0.159114677001,0.202785129111,1.28069399659,-0.278390541188,0.0877528529134,-0.672921565029,-0.0242034375945,-0.0959597407014,0.730439337587,-0.572336473703,-0.158151834632,0.0090945392,0,0,0.408653886103,0.396092811057,-0.323685247307,0.12253102013,0.0001095029883,-0.0836503050384,1.47423425241e-22,0.396256858981,-0.475813498553,0.312122838204,0.122882119207,8.21653493089e-05,-0.147052482617,0
-1.54876210947,3.82008300399,0.805852026824,-0.0501306969,0.0377001527,0.921209257,0.383978016,-0.734033412798,0.189582585782,0.191488845883,1.21987623219,-0.308244452667,0.025780516823,-0.616722714558,-0.0195761088645,-0.117667244767,0.673923055748,-0.573375281417,-0.141795128517,-0.00516393081,0,0,0.45586840738,0.387301289284,-0.301863023826,0.120193612951,9.60549539029e-05,-0.0780390598858,5.0352934091e-22,0.325269085281,-0.471871202267,0.308648549902,0.11570016815,-9.32172240681e-05,-0.176332276431,0
-1.56586593442,3.83529817918,0.810831723584,-0.0517566089,0.0381787232,0.922364187,0.380930367,-0.81388232409,0.169055480027,0.169820049207,1.09991235493,-0.286933663891,-0.0147376694432,-0.561585071336,-0.0322269297306,-0.131835820466,0.637568196803,-0.569459938549,-0.113734034953,-0.0335484935,0,0,0.504537310667,0.377370273264,-0.294974173799,0.1198210799,8.8865891139e-05,-0.0747357855989,8.86720120367e-22,0.269411842389,-0.470089420863,0.299935725679,0.104509409587,-0.000526841238362,-0.212448093666,0
-1.58339168217,3.85059889367,0.813317773997,-0.0581473668,0.0384858434,0.921594565,0.381839209,-0.91723375137,0.134411911059,0.124840066416,0.975321467261,-0.315493250665,-0.00172662590867,-0.525514336281,-0.0326578275741,-0.139229737927,0.616186901602,-0.572608048878,-0.0981380610269,-0.0420564569,0,0,0.53107133173,0.394802994354,-0.313298630555,0.118685578666,4.45366421082e-05,-0.0710622784885,7.16845850395e-22,0.212087867714,-0.48409577539,0.313189847152,0.0906727576608,-0.000736238199559,-0.241849569439,0
-1.60254333867,3.86637673067,0.815192638535,-0.0586226053,0.0384407119,0.920371149,0.384711125,-0.939552233774,0.0423467151784,0.0284633395664,0.767249837455,-0.212323401847,-0.0281481382909,-0.474955662488,-0.0413622541612,-0.150637713566,0.597722555352,-0.579106624063,-0.0889716960824,-0.0644935729,0,0,0.567795488072,0.399521550136,-0.32579778819,0.1186017944,4.75749860898e-05,-0.0691716174955,-3.99953644784e-23,0.164568082856,-0.502625375884,0.341016914221,0.0764114797739,-0.00117283753154,-0.275103658651,0
-1.62173645011,3.88236000359,0.812975846622,-0.0557934132,0.0248229021,0.918737133,0.390119211,-0.912830280749,-0.0402457102006,-0.126302507993,0.556440109279,-0.018589888348,-0.0885589832295,-0.440642652753,-0.0278764786006,-0.169522707624,0.649489685914,-0.615433256261,-0.0802723653279,-0.0960157866,0,0,0.632725345793,0.424983086797,-0.332470750984,0.120719299576,6.33582618338e-05,-0.0705606142756,3.73074149813e-22,0.151610473829,-0.458958708575,0.349980210314,0.0647203308121,-0.00214375256906,-0.2973735523,0
-1.64340999913,3.89955123418,0.811413169288,-0.0534131468,0.0214551656,0.914207604,0.401137343,-0.879748940558,-0.127425282308,-0.29376537166,0.435191746721,0.0656534042216,-0.107618087949,-0.388726121614,-0.0214387054547,-0.155836307053,0.646879773884,-0.629875319927,-0.068364293284,-0.104176199,0,0,0.666361284625,0.41600756127,-0.333306922418,0.12121423676,0.000123319134361,-0.0694928829071,6.21818591432e-23,0.128556220655,-0.450258085822,0.355443314763,0.0579653228787,-0.00253894302929,-0.309981728872,0
-1.66437069609,3.91758190655,0.808107044804,-0.053819461,0.0260500296,0.908309484,0.414003313,-0.861573417775,-0.170648142591,-0.366300932877,0.399350117939,0.106940010621,-0.113298038702,-0.366558181718,-0.0331721097578,-0.1372041693,0.679113278345,-0.653928884656,-0.0572956578352,-0.123460265,0,0,0.674019718839,0.403568116157,-0.332608935022,0.122120272017,0.000193229948715,-0.0741131694471,-5.87521219774e-22,0.093420967652,-0.449080122269,0.361147039427,0.0551352542763,-0.00310434075335,-0.31625042914,0
-1.68599839554,3.9341545861,0.803105594546,-0.0417289097,0.0105479582,0.903915546,0.425539803,-0.77425711027,-0.157970639427,-0.408913028878,0.373809497235,0.166187608511,-0.131997299912,-0.295676509776,-0.0223510758193,-0.130356523996,0.702796609774,-0.663577367589,-0.0517218720245,-0.109917574,0,0,0.711976279261,0.411510871202,-0.338851978363,0.122820492125,0.000203744830804,-0.0707764228346,-8.21373205496e-22,0.122067278974,-0.442906630208,0.366418689117,0.0584772619869,-0.00274042567504,-0.314247401848,0
-1.70823555333,3.94997483419,0.798418230936,-0.0317375409,0.0091803045,0.899585906,0.43549242,-0.758702084937,-0.171857617206,-0.370654721216,0.476706423186,0.0615676024929,-0.0851036399252,-0.250334669136,-0.0388223353351,-0.10917871487,0.741953654887,-0.677976466598,-0.0235359262154,-0.0872852074,0,0,0.718671437029,0.397225848497,-0.333993471424,0.122012498915,0.000208031286835,-0.0705644294303,1.00118865628e-20,0.157196139312,-0.458338837273,0.358793789601,0.0559734203254,-0.00215064222016,-0.311642064155,0
-1.7289251705,3.9634047993,0.798009398291,-0.0317713954,0.0165710736,0.893053153,0.448522066,-0.77491789532,-0.190394185446,-0.331279618757,0.567068515843,-0.00981477713501,-0.0164526595532,-0.221323679048,-0.0621978634979,-0.075260366495,0.733698252786,-0.640770192003,0.000788788290685,-0.0724161339,0,0,0.676065596464,0.384178594004,-0.339581336711,0.121076698017,0.000162024400403,-0.06708030592,-7.58019833726e-23,0.151146893405,-0.451241125925,0.355130272448,0.0675870726764,-0.00177895410586,-0.295690996829,0
-1.74678110512,3.9762023307,0.79740420403,-0.0238279561,0.00869644135,0.888294412,0.458573481,-0.75466812148,-0.194761984186,-0.32429062783,0.651976583864,-0.0657453805319,-0.0351627577948,-0.199863089191,-0.0713741564338,-0.0740474769069,0.795730859945,-0.597556288475,0.0290166162176,-0.0544477129,0,0,0.675316912725,0.415186950324,-0.355824506011,0.119510680838,6.63312526317e-05,-0.0624591161522,-1.2282707244e-20,0.235354980053,-0.420819564111,0.31769402127,0.0840189414998,-0.00136184113862,-0.25516271909,0
-1.76298087412,3.98782759483,0.802813319318,-0.0263010744,0.0090486323,0.881382644,0.471583514,-0.729203631332,-0.180258622392,-0.307405475367,0.657444712114,-0.0929236926818,-0.027242323639,-0.176667064464,-0.0795436458643,-0.0622520254518,0.77760900094,-0.507104706329,0.0418274638008,-0.0503177807,0,0,0.627256538106,0.436845437208,-0.374340239854,0.12133147828,-9.22826940401e-06,-0.0645396070749,9.53588897491e-22,0.26797196118,-0.395954888278,0.32587555652,0.107125163442,-0.00102196444888,-0.20939764874,0
-1.77738810556,3.99726291852,0.809090446176,-0.0265148072,0.0126959714,0.869840167,0.492456964,-0.696946160332,-0.151036175178,-0.261932837881,0.640471869793,-0.108546702615,-0.0189012181793,-0.166410578632,-0.105583311321,-0.0458744763899,0.765129748804,-0.415101264412,0.066793963691,-0.03675241,0,0,0.591364064209,0.428986133894,-0.351304844902,0.121931021441,-1.68749327791e-05,-0.0689665807841,-5.83370659273e-21,0.298011789991,-0.406152131115,0.344843321995,0.120096476801,-0.000578117123978,-0.175413681339,0
-1.79037197731,4.00557287262,0.815711532243,-0.024899613,0.0178826196,0.857455534,0.513644068,-0.661784747615,-0.128778860909,-0.217468627494,0.617222414694,-0.112160071459,-0.00331735239761,-0.137009160934,-0.127760154833,-0.0142604018182,0.71121277746,-0.242534811619,0.0649617306706,-0.0245052467,0,0,0.556291903369,0.425756699256,-0.320790102648,0.123639499142,-2.52013675616e-05,-0.0738328522903,-3.37761507242e-21,0.3300801005,-0.429448958935,0.356693846677,0.125458456591,-0.00026766742009,-0.153894016578,0
-1.79983075444,4.01136564144,0.821184153846,-0.0304105843,0.0223525286,0.841972744,0.538198346,-0.64564116524,-0.0958386944388,-0.177085071687,0.597223659056,-0.11232017698,-0.0157505485936,-0.17949698544,-0.148239891502,0.000972244288692,0.74481103534,-0.247063648955,0.0935920270995,-0.000803906487,0,0,0.497576438547,0.445052460498,-0.307580422412,0.124532418492,-5.4466300268e-05,-0.0876071088425,2.94965136403e-20,0.347311785813,-0.457468683809,0.375118488418,0.125668392967,-3.91803719109e-06,-0.144107194815,0
-1.80956670686,4.01641395904,0.824625740999,-0.0376280965,0.0279076731,0.824496362,0.563924673,-0.644565565451,-0.0546878456395,-0.122276785425,0.593351143328,-0.11617556003,-0.029193939891,-0.215166031994,-0.157924243429,0.0301538562447,0.753710425414,-0.201921878681,0.0840350429569,0.0253492225,0,0,0.43693493561,0.472173293921,-0.29353124383,0.124917334951,-6.051947018e-05,-0.10070323146,3.86816186184e-21,0.362755420495,-0.482937873512,0.373368840281,0.124177177431,0.000174444667586,-0.146764839814,0
-1.81793646677,4.02229434496,0.82962912012,-0.0399020103,0.0351088869,0.80411703,0.592090362,-0.608755202375,-0.0196842916157,-0.066130914278,0.545506599354,-0.121670336776,-0.0183513931943,-0.226168425948,-0.179910531077,0.0550183842642,0.721376401794,-0.126737774362,0.0937360157749,0.0325849488,0,0,0.39792523334,0.50576898167,-0.281018938947,0.124518754693,-0.000112851393628,-0.110387317113,-2.42802648825e-21,0.381898445281,-0.489782081674,0.363750861965,0.122788990873,0.000215249799527,-0.150675343821,0
-1.8239230781,4.02543493563,0.831578109836,-0.0482438768,0.0383435039,0.777581408,0.62575511,-0.604256947542,0.0371535136374,-0.0110100076925,0.541278622887,-0.127465591589,-0.0260951580427,-0.268199400673,-0.174664964212,0.0923250607778,0.720890511876,-0.0954871134591,0.0759969542788,0.0655171773,0,0,0.35867048019,0.538154923978,-0.250040458407,0.124325431123,-5.53314560555e-05,-0.118165855323,6.28408567259e-21,0.394306509222,-0.495172847357,0.356761250959,0.119625952382,0.000359119564609,-0.156239086711,0
-1.8320736941,4.02776647929,0.832401305209,-0.0557221098,0.0410206217,0.749826752,0.658006228,-0.605256802481,0.0911801880585,0.0493563771634,0.557084065568,-0.154188621497,-0.0288886887704,-0.302738659467,-0.180013627003,0.109662934408,0.709837946873,-0.0813285545095,0.0876646455991,0.102684645,0,0,0.317689215473,0.586157138569,-0.233544226019,0.121584794366,-1.10503687154e-05,-0.117431967247,-1.83232855527e-20,0.414038743948,-0.504689037628,0.332496098185,0.113903136016,0.000480089591556,-0.152711386822,0
-1.8314946397,4.03406961547,0.83484555132,-0.0598816112,0.0369175988,0.722614923,0.687661949,-0.573634126206,0.15692656382,0.0894616339703,0.551953697949,-0.166226532066,-0.0644088590004,-0.306708286926,-0.182545419746,0.0870066479977,0.686925849503,-0.091298126488,0.0569507872244,0.0758111776,0,0,0.342627337418,0.656311553447,-0.205063694042,0.12268936424,-0.000373812440604,-0.119340648786,5.12113797181e-21,0.414068088448,-0.466041188185,0.3071260879,0.113846160222,0.000292054507506,-0.168909360289,0
