0.125035964092,-0.583807587216,0.832593037807,0.0139021119,0.0214032528,0.726110332,0.687104372,-0.0783349749497,-0.0155093073633,0.229221758059,0.112309343052,-0.048496181091,0.0519116234693,-0.0974005858741,-0.0232599118734,-0.222837116963,0.195022002238,-0.140313291458,-0.0265281875864,-0.0944000036,0,0,0.678970273601,0.111677432134,0.0622140204705,0.125618569896,0.00118729658695,-0.0920593860424,1.94968096307e-20,0.498624569467,-0.292165105257,0.146208234557,0.130102249725,-0.000780838286509,-0.100658469752,0
0.123197196331,-0.583807587216,0.832593037807,0.0132015745,0.0215025654,0.727086718,0.686081819,-0.0819560129699,-0.0170620374447,0.228086524785,0.116180586422,-0.0475408031091,0.051265308477,-0.10071465912,-0.0260658497809,-0.225672988041,0.201194166918,-0.139455475728,-0.0276993439,-0.0948000029,0,0,0.674483716602,0.120025265183,0.058967516031,0.12532115111,0.00114210169441,-0.0914790669101,1.15469770167e-20,0.50479802629,-0.28450523202,0.142432042906,0.130026997993,-0.000809489722397,-0.10069027595,0
0.122277812451,-0.583807587216,0.832593037807,0.0115015636,0.0217029509,0.727098846,0.686093262,-0.088119436822,-0.015965048044,0.228456177888,0.121894796792,-0.0469946874478,0.0494906522749,-0.106279185109,-0.0264829548725,-0.22689573761,0.20591043389,-0.138521442625,-0.0296108584596,-0.0942000002,0,0,0.668089952713,0.125891186295,0.0603905701024,0.124937495474,0.00110914567645,-0.0912606287135,-1.44668074877e-21,0.509095135669,-0.279388478738,0.145865816885,0.130162025265,-0.000822237931744,-0.100988704178,0
0.121358428571,-0.583807587216,0.832593037807,0.00848097864,0.0221025494,0.728083974,0.68507903,-0.0985285748801,-0.0126454072807,0.228740861621,0.130416522573,-0.0467291658306,0.0476370658778,-0.114585323924,-0.0252772691533,-0.227092303332,0.210701077742,-0.141127847413,-0.0304370290828,-0.0943000019,0,0,0.661009626348,0.132911912207,0.0621357331776,0.124515511404,0.00106986807715,-0.0910619509921,-3.4653297508e-20,0.508489395547,-0.275142011401,0.154300709396,0.13053457642,-0.000834317839285,-0.101203849324,0
0.12043904469,-0.585646382559,0.832593037807,0.00385055409,0.0221031804,0.728104762,0.68509859,-0.116104217365,-0.00448704892612,0.227759537319,0.147493097917,-0.0496642396519,0.0445756315758,-0.128068050668,-0.0220898430667,-0.228082846333,0.225340438661,-0.15663369903,-0.0297162194973,-0.0958999991,0,0,0.655169525113,0.143293103019,0.0624965846044,0.124169826899,0.00102132086463,-0.091164769386,-3.35515396332e-20,0.505150356874,-0.270230205678,0.162174926298,0.130932640857,-0.000850882680642,-0.100761074601,0
0.121358428571,-0.586565752648,0.832593037807,-0.00238049475,0.0213044274,0.727151139,0.686142606,-0.138186101721,0.00574719801263,0.222078885262,0.165946563174,-0.0521356424241,0.044968832195,-0.1466282026,-0.0205067056558,-0.241394541572,0.250296823787,-0.191963205709,-0.0268645944933,-0.103,0,0,0.654141727365,0.159671238544,0.0588072597074,0.123950253568,0.000945471470989,-0.090960391197,3.00746758113e-22,0.49187887953,-0.264688732319,0.170353710452,0.131700369943,-0.000898189018689,-0.100443586289,0
0.122277812451,-0.588404493747,0.832593037807,-0.00642770256,0.0180935336,0.724740974,0.688753824,-0.162316626946,0.0204861473107,0.21383970597,0.203234866864,-0.0662421104505,0.0466153006295,-0.171725732825,-0.0317856222817,-0.279289197066,0.305281634122,-0.244185068447,-0.0274694688029,-0.107000001,0,0,0.658567861183,0.185301357163,0.0466429854906,0.124101563889,0.000854715109131,-0.091219486198,1.28464372739e-21,0.494153264001,-0.261651849565,0.165319483103,0.131587943931,-0.000914287598389,-0.0998036493001,0
0.124116580212,-0.590243289089,0.833512407897,-0.0122967184,0.017095439,0.720807676,0.692815149,-0.177583944445,0.0338190254232,0.213771316665,0.214469867099,-0.0687784350843,0.0485666533366,-0.18915968378,-0.0533517264324,-0.342096857631,0.339219330295,-0.280709849005,-0.0309947495592,-0.108000003,0,0,0.65358822575,0.212251951142,0.0355993981005,0.123935510279,0.000744139860612,-0.0912540015906,3.4484844723e-22,0.488996786095,-0.25655919657,0.16379337064,0.131758875221,-0.000941548533243,-0.0991170326058,0
0.125955335101,-0.592082029268,0.835351148076,-0.0168085104,0.0155078521,0.716362751,0.697353131,-0.185002998764,0.0493471295584,0.21921449106,0.217646192206,-0.0658605648803,0.0495584402319,-0.199375659957,-0.0769519626396,-0.389314852936,0.36171086496,-0.286009088607,-0.039483827893,-0.105999999,0,0,0.647889875623,0.233571954592,0.0318748078701,0.123706890609,0.000658857890917,-0.0916302484819,7.17955802568e-21,0.488103255153,-0.255375635431,0.167681617423,0.1318286854,-0.000933202279338,-0.0984986816236,0
0.129632870622,-0.593001399358,0.837189943418,-0.0202966873,0.0128978947,0.71188379,0.701885431,-0.183096423986,0.0675212002824,0.22997186963,0.211933896862,-0.0630070742582,0.0473695112015,-0.209482403757,-0.0978859072364,-0.396446243334,0.379874066106,-0.276512854609,-0.04379853706,-0.101000004,0,0,0.644186113425,0.234221346665,0.0478718812992,0.123198816931,0.000660135762574,-0.0920948145225,4.20972418133e-21,0.489382384892,-0.261320502631,0.176596622009,0.131779961534,-0.000883837734474,-0.0982545682066,0
0.133310392353,-0.59392082461,0.838109313508,-0.0227963955,0.00991843165,0.706888233,0.706888233,-0.173015974942,0.0853434433915,0.240937285332,0.199876148542,-0.0598057614363,0.0446102777231,-0.218668064392,-0.116954796149,-0.371261983472,0.392945520073,-0.258890288868,-0.0453268368423,-0.0966999978,0,0,0.645667950009,0.222040668073,0.0701501290071,0.122767804804,0.000717384852538,-0.0925489713505,-5.64974917889e-22,0.489849341066,-0.268307501516,0.183574492267,0.131745261869,-0.000841443294549,-0.0986230879566,0
0.136987927875,-0.59392082461,0.839948053687,-0.0240955121,0.0066087691,0.701869293,0.711867421,-0.157803640739,0.102455993016,0.253684455262,0.181972191724,-0.0553115093693,0.0409059966993,-0.22240031326,-0.138979057012,-0.34028764615,0.399732009393,-0.242721448353,-0.0475310546999,-0.0917000026,0,0,0.65062378088,0.205414815668,0.0908151761925,0.12245076338,0.000795812639642,-0.0926407286054,-4.51195469466e-23,0.491841309576,-0.271631321268,0.183427950261,0.131592169978,-0.000821895102718,-0.0993558433805,0
0.141584833486,-0.59392082461,0.840867478939,-0.025193142,0.00337908004,0.696810342,0.71680488,-0.1421305807,0.118683764432,0.262957403287,0.161993209607,-0.0481623118947,0.0358932815837,-0.221167832634,-0.164163534027,-0.314912040442,0.396300668062,-0.228622543218,-0.0502374131224,-0.0883999988,0,0,0.656286004486,0.192215627392,0.105852235391,0.122283197038,0.000859761395463,-0.0927008517618,-6.46483293921e-21,0.493948549381,-0.273451523384,0.178925247056,0.131414051973,-0.000819242233124,-0.10039039008,0
0.147101122977,-0.59392082461,0.841786849029,-0.0257088669,0.000840289833,0.693239136,0.720248463,-0.125573774394,0.132996952363,0.272404774138,0.141204570938,-0.0378240153061,0.0309514093004,-0.213373383505,-0.190553358424,-0.291880514336,0.37826788019,-0.184408454865,-0.0476227558273,-0.0854000002,0,0,0.662951266224,0.185266194066,0.112027204554,0.122259149171,0.000895570836808,-0.0923768697081,6.78065287377e-20,0.49796641046,-0.270940872182,0.168398659186,0.131136600412,-0.000839506598724,-0.101458801913,0
0.152617413388,-0.593001399358,0.842706219119,-0.0252884078,-0.000972554202,0.68968385,0.723668251,-0.11167022047,0.144251755291,0.279886401944,0.124829910408,-0.0291415694617,0.0285975415032,-0.198479173276,-0.217016163997,-0.273975541547,0.340130948959,-0.0979737962517,-0.0390131384419,-0.0829999968,0,0,0.670098000256,0.180916895309,0.111644731658,0.12240027776,0.000920920827657,-0.0919866712508,1.01025583915e-20,0.503203573395,-0.270987763561,0.160241130557,0.130826185758,-0.000842420110482,-0.102214668575,0
0.15905308676,-0.592082029268,0.842706219119,-0.0243043827,-0.00197035543,0.687123892,0.726130961,-0.100940091594,0.155460039115,0.284036011009,0.113246946087,-0.0222192402548,0.0256059619398,-0.173344199198,-0.237107751738,-0.258478956127,0.28262951394,-0.00532872421837,-0.0257976957407,-0.0820000023,0,0,0.674531165892,0.178344698536,0.106798361791,0.122657706748,0.000937661057252,-0.0918799720056,1.41360491093e-21,0.507526171211,-0.273169054105,0.156695032263,0.130636363323,-0.000835455564107,-0.102914699493,0
0.166408144012,-0.591162659179,0.841786849029,-0.0233037614,-0.00305049237,0.686110745,0.727117373,-0.0962760555155,0.168514525341,0.281846984021,0.110418897126,-0.0151598703495,0.0224471698061,-0.14218980401,-0.252359808563,-0.253026409648,0.214286219435,0.0752612938623,-0.0170707237942,-0.0820999965,0,0,0.676665770142,0.178910618624,0.103715485375,0.122891686738,0.000945141611481,-0.0924322634099,2.60371517967e-21,0.512362723651,-0.2730001838,0.153621431336,0.13051525463,-0.000839312542093,-0.103585033672,0
0.176521353824,-0.591162659179,0.841786849029,-0.0225031226,-0.0027103759,0.68509504,0.728100989,-0.0969876049477,0.183171818676,0.280402710302,0.111794926169,-0.00907090546646,0.0189341492515,-0.110678232098,-0.261037679617,-0.249867971019,0.145276638755,0.140713915522,-0.00538634913433,-0.0813999996,0,0,0.675306999884,0.176911502397,0.103353771509,0.122994643059,0.000959063886819,-0.0930262933308,3.14560681152e-22,0.51798331141,-0.269105439197,0.145322835865,0.130278455084,-0.000859592468664,-0.103989588399,0
0.186634548927,-0.591162659179,0.839948053687,-0.0208884716,-0.0011493657,0.684622163,0.728597863,-0.0989714652043,0.19659745307,0.278377605263,0.114090032326,-0.00162557281859,0.0146023905282,-0.0667236109258,-0.265158165503,-0.25343617444,0.0487623890328,0.222408223074,0.00939012850672,-0.0806000009,0,0,0.673273782714,0.173191518465,0.103746167077,0.123034295914,0.000975279978193,-0.0933260853928,1.32023949424e-22,0.52285917146,-0.267950137439,0.13752933274,0.129984767161,-0.000865467579813,-0.104091623146,0
0.19766714262,-0.592082029268,0.839028683597,-0.0190032348,0.00124021117,0.68411649,0.72912411,-0.103753298577,0.210397035582,0.274542936501,0.117719486582,0.0066414217412,0.00896377991441,-0.0470338654516,-0.268264222077,-0.253105790142,0.00173649410728,0.287606500506,0.0200496833002,-0.0797000006,0,0,0.670242104896,0.170109813374,0.105311588454,0.123009246436,0.000988085626551,-0.0936482425993,9.90173191523e-23,0.526212363192,-0.263313065624,0.130429379265,0.129835412281,-0.000890528457569,-0.104473738588,0
0.211457873243,-0.593001399358,0.836270573328,-0.0171033378,0.00452088202,0.684133496,0.729142234,-0.111812270097,0.224776939973,0.267137323209,0.121354966258,0.0176010088621,0.00232821721328,-0.0451726380804,-0.269578252847,-0.243055052236,0.00142958606708,0.282683118809,0.0437854289115,-0.0804999992,0,0,0.668481815664,0.169137009064,0.107322467133,0.122939872079,0.000988376018675,-0.0936880689722,1.39264171875e-24,0.527463066846,-0.248554164879,0.107426830037,0.129545431899,-0.000989787081673,-0.105528123734,0
0.227087358757,-0.5948401947,0.833512407897,-0.0152037844,0.00789196427,0.685170537,0.728181225,-0.119819388089,0.240532101386,0.257300115946,0.11915963297,0.0351712556352,-0.00626967150778,-0.0374702229837,-0.259255438345,-0.226441213165,0.00148858924379,0.211749571177,0.0617037939481,-0.0839999989,0,0,0.669474341228,0.171269789822,0.107931681682,0.122909321378,0.000972671496526,-0.0934255281387,-3.32402819255e-20,0.528210716819,-0.22819741471,0.0767486834161,0.129176041062,-0.00113080118697,-0.106601742159,0
0.242716858061,-0.59575956479,0.829834872375,-0.0132037988,0.0112032229,0.686197415,0.727209223,-0.115157935475,0.254398758213,0.245828061861,0.0933614198151,0.0596503096202,-0.0145903968819,-0.0673359365401,-0.25229461135,-0.210395095786,0.0779732294494,0.0986063815625,0.0568185449654,-0.0874999985,0,0,0.671171153056,0.175643228409,0.106864598672,0.122962973555,0.000952993442174,-0.093447000164,2.88853237319e-22,0.527483110945,-0.223526250314,0.0642858643356,0.128968433016,-0.00117723704778,-0.106951988837,0
0.258346342654,-0.596678934879,0.827076706943,-0.0105029123,0.0145040215,0.686190268,0.727201649,-0.0764343679521,0.259863799521,0.245227602847,0.00262540738669,0.117534922259,-0.0204859715687,-0.099326229692,-0.244640911496,-0.213463111195,0.157990298775,-0.00464522651777,0.0437202100188,-0.0921000019,0,0,0.677286699418,0.17981058149,0.105540667954,0.123153330703,0.000938681075274,-0.0934420628767,1.53754631855e-23,0.5244861645,-0.231112436966,0.0688483260658,0.12903301838,-0.00115236951214,-0.106840564103,0
0.27581462351,-0.596678934879,0.824318595755,-0.00824125262,0.0182027667,0.684103967,0.729110763,-0.0789871662863,0.27712785278,0.236114703993,0.00123795608549,0.131756647566,-0.0215724842127,-0.123979946717,-0.232777741887,-0.228988134394,0.213399668057,-0.0720839213963,0.0270870788138,-0.0974000022,0,0,0.689081267252,0.183105968187,0.106714779057,0.123405023884,0.000932162582047,-0.093122656378,1.27477176277e-20,0.517724403819,-0.239915709373,0.0766317822658,0.129243288749,-0.00112150492043,-0.106353581037,0
0.292363479113,-0.597598304969,0.822479800413,-0.00710977253,0.0206993376,0.680978195,0.731976561,-0.0777844515891,0.295822961761,0.225936029547,0.00107607684848,0.092303748622,-0.0116054536614,-0.149459860223,-0.21438129006,-0.225643634542,0.259198546859,-0.114428666739,0.0151546146841,-0.101000004,0,0,0.700053034642,0.189905818005,0.110425483949,0.123566078992,0.000917325978194,-0.0931348838379,-3.93121826431e-21,0.509713554385,-0.241517252349,0.0799206349319,0.129551947118,-0.00113490409523,-0.1065151284,0
0.309831759049,-0.599437100311,0.821560430323,-0.00599254263,0.023710061,0.677287362,0.73531201,-0.0734474227051,0.310298194706,0.217500954506,0.000405360953107,0.0266996167225,0.0056140164234,-0.183446291397,-0.1963244437,-0.21376240619,0.3106476975,-0.138680245152,0.00715447824524,-0.103,0,0,0.712798073499,0.1895405981,0.121699080114,0.12364176111,0.000933888370551,-0.0931859746319,7.61664876034e-22,0.503315185114,-0.241914379974,0.082469944892,0.12977586934,-0.00114117978487,-0.106097181076,0
0.325461244562,-0.600356470401,0.821560430323,-0.00455760419,0.0275854999,0.674645399,0.737612265,-0.0726247540506,0.314486802142,0.198429945335,0.000297138857782,-0.0464960669318,0.0275764674534,-0.20287701385,-0.179058715382,-0.2094231889,0.338664405279,-0.156697999816,0.000565196852351,-0.104999997,0,0,0.720768965486,0.191047331542,0.124480061537,0.123916143416,0.000944944138304,-0.0937782709755,4.89791299132e-21,0.496985506511,-0.247864127697,0.0862605544513,0.129904659169,-0.00112157561123,-0.105689190189,0
0.342010127746,-0.600356470401,0.822479800413,-0.00168009237,0.0311017095,0.674037088,0.738040558,-0.114996222468,0.310417071565,0.12960675931,0.0741081976294,-0.116426410211,0.046984957288,-0.198714678671,-0.162630632551,-0.220026170132,0.334721276625,-0.170848215658,-0.00479947732015,-0.104999997,0,0,0.722303194523,0.197013917033,0.114239489404,0.124267335593,0.000933232847272,-0.0942650888976,-3.09391500752e-24,0.494209647894,-0.255499708666,0.0849830975427,0.129771566222,-0.00109860204768,-0.106017249736,0
0.355800845499,-0.599437100311,0.825237965845,0.00253986057,0.0343981126,0.673963022,0.737959459,-0.163703684668,0.285663116474,0.0506673163252,0.160125313618,-0.0946439601631,0.0680303340094,-0.188786919998,-0.146605545422,-0.222264652799,0.320249964332,-0.169003212157,-0.00950647977146,-0.0993999988,0,0,0.714096165754,0.198406062162,0.100599446407,0.124360634182,0.000929414844048,-0.0947390948623,4.64610172626e-22,0.497557725397,-0.26192402355,0.0713327104766,0.12909911185,-0.00107755701921,-0.106913983281,0
0.367752822153,-0.599437100311,0.827076706943,0.00885677097,0.0382860399,0.671755049,0.739730282,-0.193188240473,0.241718034855,0.00851072512268,0.231587791971,-0.0648894773422,0.0564834784579,-0.178490461211,-0.135009012829,-0.211405552279,0.300509903616,-0.160569717663,-0.0124521450034,-0.0904000029,0,0,0.705088333001,0.187005651696,0.0916003998319,0.124372631103,0.000973902421078,-0.0948976217751,3.76923879626e-21,0.502137495185,-0.275029950743,0.0621270496818,0.128370438451,-0.00100777253658,-0.107555825988,0
0.376027263285,-0.598517730221,0.829834872375,0.0156075014,0.0431207256,0.667320747,0.743357269,-0.216361389335,0.183017852136,-0.0114773669782,0.304978314984,-0.0896074815554,0.0477602306386,-0.165284793151,-0.127255349645,-0.190822436398,0.272633609619,-0.148071533968,-0.0132913524466,-0.0782999992,0,0,0.69698485673,0.165303104492,0.0866496927115,0.12430874799,0.0010508142629,-0.0941278567804,-1.39680501465e-21,0.505009056668,-0.293406496556,0.0600604145015,0.127830552841,-0.000901040203809,-0.108195655721,0
0.382462937576,-0.599437100311,0.832593037807,0.0188980319,0.0509946896,0.664930791,0.744922445,-0.222337206036,0.126873110583,0.00967661510506,0.316397375195,-0.06526651728,0.0384210266024,-0.14818333605,-0.126179148477,-0.190942240245,0.226074608874,-0.126927377564,-0.0102189163471,-0.0738999993,0,0,0.69264933502,0.13608391545,0.0917024876569,0.124217163668,0.00113535902177,-0.0922774460574,1.72903906965e-21,0.491118693225,-0.308659103939,0.0685625356821,0.128016126312,-0.000829022201959,-0.107868724799,0
0.389817981038,-0.599437100311,0.833512407897,0.0218877235,0.0537698429,0.661628901,0.747580717,-0.222512942392,0.0946494401322,0.0666333266236,0.327315371014,-0.0593683313961,0.032961138393,-0.139179440684,-0.118729254911,-0.184537395097,0.206234255635,-0.120144623557,-0.00793780397423,-0.0681999996,0,0,0.696608980577,0.117238791719,0.09508661126,0.124261868879,0.00119547110169,-0.0909998417167,-1.56703284172e-22,0.486145843719,-0.318703685768,0.0770550690486,0.128142830928,-0.000769940203109,-0.108232642267,0
0.39717305208,-0.598517730221,0.833512407897,0.0235081729,0.0557193738,0.657228521,0.751261198,-0.216184267193,0.0720585129436,0.137037170732,0.328077393976,-0.0850857473043,0.0350493396118,-0.135178575106,-0.108930262163,-0.176213185454,0.195324640331,-0.117433521351,-0.00539338155892,-0.0623000003,0,0,0.699064097176,0.106991158114,0.0970225745299,0.124248240935,0.00122977326047,-0.0903485372559,4.81014153494e-21,0.47916731524,-0.324371592493,0.0866057077687,0.12836779896,-0.000729284702073,-0.108572830173,0
0.404528096461,-0.598517730221,0.832593037807,0.0238959861,0.055890611,0.6518905,0.755873004,-0.205917156197,0.0456873251832,0.175209561789,0.316888962098,-0.0995435713897,0.0387510564869,-0.135585973584,-0.0932859878903,-0.16227877181,0.19214980935,-0.118490554785,-0.00659236821536,-0.0549000017,0,0,0.69849584914,0.104212519306,0.0952694261054,0.124205660011,0.00124416486482,-0.0902844721019,-3.08937053443e-21,0.473638070664,-0.328053118063,0.0984040452381,0.128588204288,-0.000685287551799,-0.108622984396,0
0.410963769833,-0.597598304969,0.830754242465,0.0236025976,0.0549060424,0.647071205,0.760083614,-0.194355153402,0.0128333870739,0.181920996006,0.291378733051,-0.094520368896,0.034201919124,-0.136815149588,-0.0761809711323,-0.151969092244,0.195018395366,-0.120387989682,-0.0110324055947,-0.0507999994,0,0,0.698717456595,0.105393823572,0.0932778831228,0.124211039797,0.00124725531788,-0.0905421763626,-1.49326251708e-21,0.467044342921,-0.327124398282,0.109506907254,0.12885185276,-0.000666462523666,-0.107966314202,0
0.417399443205,-0.596678934879,0.828915502286,0.0226096337,0.0527224644,0.642273663,0.764325643,-0.180223952846,-0.0189998373197,0.16749875567,0.260216651991,-0.104707934642,0.0273507837243,-0.139254493594,-0.0571261301669,-0.140717777335,0.201405457855,-0.121576207656,-0.016469304882,-0.0474000014,0,0,0.698997576798,0.105599361144,0.0951649540321,0.124127615924,0.00125369551859,-0.0908498029052,-1.02496042166e-21,0.463093016679,-0.31735162111,0.115420594206,0.129077461247,-0.000692118338732,-0.107623103937,0
0.422915746487,-0.59575956479,0.827076706943,0.021312141,0.0505287886,0.63636252,0.769438351,-0.168813559868,-0.048233270651,0.137885213698,0.233541766648,-0.127638101771,0.0245550149439,-0.143368420945,-0.0385044184562,-0.128117705391,0.210829543668,-0.125052594565,-0.0209868239655,-0.0427000001,0,0,0.696866061602,0.105272496261,0.0959926257166,0.124032509603,0.0012611485901,-0.0911453677918,1.6191181817e-21,0.460542053099,-0.308340675132,0.121935084498,0.129242157097,-0.000705958662828,-0.107002921496,0
0.427512653017,-0.5948401947,0.826157336854,0.0196002612,0.0485006472,0.631008384,0.774010295,-0.161587956806,-0.0709010746858,0.109951742736,0.211593074113,-0.140335479104,0.0201045711317,-0.14893481212,-0.0211230866262,-0.117016416288,0.220286211434,-0.127889406808,-0.0246500137385,-0.0392999984,0,0,0.698071490776,0.104140326244,0.0976470983441,0.123890365876,0.00126400945997,-0.0908441436666,-2.8850116651e-22,0.456851527462,-0.298267583903,0.127104888737,0.129446027248,-0.000732688049857,-0.106668416391,0
0.432109558628,-0.593001399358,0.824318595755,0.0188033975,0.0461083336,0.626113127,0.778140608,-0.15325277591,-0.0884381362069,0.0756125966439,0.193014719064,-0.11957193284,0.0295846007298,-0.150212108663,-0.00681619501555,-0.111056197699,0.228622886983,-0.131627326195,-0.0282948308651,-0.0381000005,0,0,0.698650202021,0.103010829721,0.0974017191493,0.123905277284,0.00126892461712,-0.0908307037943,-4.03091948033e-22,0.460309227849,-0.289632005155,0.12823891766,0.129477573973,-0.000753695798219,-0.105725012447,0
0.434867696479,-0.592082029268,0.823399225665,0.0174893047,0.043473413,0.624618021,0.779523261,-0.14694928671,-0.0848550646595,0.0646048702159,0.183394253195,-0.0952614283589,0.0406777547995,-0.147557863509,0.00453734546455,-0.11165102072,0.232484783521,-0.136693224187,-0.0308721914939,-0.0410000011,0,0,0.697590568735,0.102479514741,0.0984513509988,0.123937600142,0.00126848059857,-0.0908584874885,7.87950220339e-21,0.463771498575,-0.278946572569,0.127379570548,0.129624992773,-0.000799985616649,-0.105008381078,0
0.438545232,-0.591162659179,0.822479800413,0.0145028257,0.040307855,0.624121631,0.780151994,-0.146318609234,-0.0689087405069,0.0586868143611,0.181764015327,-0.0764503576092,0.0348522646739,-0.145061442055,0.0177561109977,-0.116627602707,0.234173750209,-0.142607124796,-0.0309688714678,-0.0454999991,0,0,0.693963906183,0.108606855484,0.0947662680913,0.124018087781,0.00124518844051,-0.0911633671888,-7.81636577824e-21,0.465667491215,-0.270915026185,0.130201557816,0.12993939364,-0.000842501963438,-0.104854955049,0
0.440383999761,-0.592082029268,0.821560430323,0.00984601086,0.0370849732,0.623747298,0.780683719,-0.154461251802,-0.0504281576236,0.0556821932566,0.19215648923,-0.0731494550572,0.0265782807652,-0.150242466536,0.0315335764731,-0.124558288064,0.245680205226,-0.156803787115,-0.0266515849745,-0.0500000007,0,0,0.689374235193,0.117990288126,0.0916922080868,0.123878352894,0.00120106407173,-0.0908944681114,3.18155688722e-21,0.467573687792,-0.26364773531,0.131900909402,0.130169538831,-0.000876722050662,-0.104097814587,0
0.443142137611,-0.593001399358,0.821560430323,0.0031600775,0.0348008531,0.621015206,0.783019175,-0.167754723162,-0.0299504201711,0.0589989542494,0.208728047234,-0.0770847270888,0.0254919075949,-0.178145634059,0.0433229559776,-0.133326020768,0.290324817513,-0.185504657846,-0.016747173143,-0.0553000011,0,0,0.685875203938,0.12302640191,0.091923231484,0.123756328314,0.00117233286582,-0.0906582262777,3.01747704195e-22,0.465498042033,-0.259817551383,0.136138919289,0.130475111152,-0.00089893869294,-0.103303284488,0
0.446819673133,-0.59392082461,0.821560430323,-0.00404945791,0.0328955973,0.614917676,0.787894494,-0.178188062736,-0.00679744475057,0.0654424621397,0.21854137998,-0.0804844956825,0.0254786628724,-0.217619266868,0.0506219124822,-0.140486582957,0.348065522749,-0.209447052121,0.00912388201266,-0.0590000004,0,0,0.684089542963,0.124957734207,0.097532420448,0.123577178196,0.00116122897315,-0.0907656511845,4.13178432187e-21,0.456883513241,-0.257644219554,0.145949657936,0.130978723082,-0.000913254306615,-0.102782779576,0
0.451416579663,-0.59575956479,0.822479800413,-0.0109021524,0.0312061599,0.608120036,0.793156568,-0.184701574694,0.0174020684557,0.0704355363794,0.223756661856,-0.0815207040426,0.0216343340979,-0.265918395103,0.0461460285932,-0.149648659846,0.425028182261,-0.238854575688,0.0554932628622,-0.061900001,0,0,0.683999397021,0.135524679987,0.0985123457676,0.123323730188,0.00111678449003,-0.0905309664407,-5.66099356353e-21,0.449328464782,-0.255362330011,0.157600878329,0.131537109793,-0.000926607338454,-0.102575381622,0
0.457852253035,-0.596678934879,0.825237965845,-0.0159937952,0.030288249,0.600766916,0.798690136,-0.181662885562,0.0420515599596,0.0792642108403,0.215587421438,-0.0765716607507,0.0166500423057,-0.315490505975,0.0299081006354,-0.148272854452,0.498530785844,-0.240455037839,0.0659585868139,-0.058699999,0,0,0.67507230313,0.152123401057,0.0985556639988,0.122858609359,0.00105704098881,-0.0909056656566,1.60035122384e-21,0.452055391774,-0.251608420898,0.162546058229,0.131596749845,-0.000923006264337,-0.10229297533,0
0.464287926406,-0.597598304969,0.827076706943,-0.0188106991,0.0294167324,0.594338038,0.803456975,-0.168485211516,0.0637324590539,0.0913341191914,0.197923557794,-0.0687309835493,0.0134648087516,-0.347280625833,-0.0190648965597,-0.173191222254,0.547088993126,-0.253408732644,0.0434286584144,-0.0527000017,0,0,0.670630214708,0.161757619765,0.101027508573,0.122389745255,0.00102257377719,-0.0906435514107,-1.42614046446e-21,0.45958026019,-0.252441952778,0.165228125807,0.131351762155,-0.000890910482262,-0.102131953827,0
0.47072362736,-0.597598304969,0.828915502286,-0.0212982921,0.0280977485,0.590952653,0.805935395,-0.154230779196,0.0819974468055,0.100175080557,0.177176365493,-0.0613393089335,0.0110122704708,-0.362635512553,-0.0803621517447,-0.198201545575,0.562005155128,-0.250258174897,0.00763223593957,-0.0496000014,0,0,0.667611566243,0.154059799158,0.11659839784,0.121949455265,0.00105443938094,-0.0908032123353,4.66521660947e-22,0.465672884958,-0.254669273101,0.165229151129,0.131144404351,-0.000868476511661,-0.102234358648,0
0.478998069412,-0.597598304969,0.829834872375,-0.0242917508,0.027190767,0.589799691,0.806726036,-0.143474430571,0.100372628603,0.0992339169937,0.159689282132,-0.0549379395282,0.00656043479059,-0.365474240968,-0.126575011239,-0.191672101207,0.541565830299,-0.254458826653,-0.0404579225073,-0.0493000001,0,0,0.668791340054,0.148035417303,0.126555177902,0.121645221506,0.00107054720249,-0.0903064304742,-2.44745951676e-21,0.471987193924,-0.250781471929,0.155055834602,0.130897492366,-0.000891637931365,-0.102639185626,0
0.488191880634,-0.596678934879,0.828915502286,-0.0245028753,0.0260030526,0.5920695,0.805094502,-0.132738421737,0.111975583818,0.0859454263926,0.145857134326,-0.0498414595195,0.00277327721418,-0.351406716445,-0.172710781768,-0.167578690194,0.494183935706,-0.242991242847,-0.0509909750493,-0.0544000007,0,0,0.675727594563,0.153952821035,0.119703518075,0.121769959121,0.00103555106107,-0.0893502821527,3.72194043381e-23,0.483358893824,-0.245777250275,0.139705035257,0.130572808282,-0.000930809964906,-0.10268813882,0
0.498305062865,-0.5948401947,0.827996131277,-0.0235990877,0.0261989864,0.594977006,0.802968903,-0.127946195247,0.121815931577,0.0691122315688,0.139105720388,-0.0453135423786,-0.00224352153585,-0.325065439882,-0.208501115401,-0.127470167174,0.420399704597,-0.21362148562,-0.0494773408431,-0.0614,0,0,0.680432052257,0.167140719975,0.10724732664,0.122015501376,0.00097555730798,-0.0886664064572,4.08346401184e-21,0.49339007507,-0.237922491876,0.122093414177,0.130319130241,-0.000995678870908,-0.103332259743,0
0.510257039519,-0.593001399358,0.826157336854,-0.0207004857,0.0269006318,0.599014027,0.800018776,-0.120287662774,0.13062727898,0.0542055228759,0.134510982308,-0.0441822607169,-0.00834962069408,-0.2884939236,-0.239823464094,-0.0836881000094,0.334688673622,-0.1811904442,-0.0430766998718,-0.0675000027,0,0,0.679737254777,0.179621015497,0.094821923353,0.12229354819,0.000922251118808,-0.0886004128168,1.8265619657e-20,0.505774420758,-0.234814194352,0.110014884055,0.12996732575,-0.00102244501884,-0.103376633494,0
0.523128387181,-0.591162659179,0.824318595755,-0.0172939781,0.0281901838,0.600790797,0.798721885,-0.11251010632,0.140899189966,0.0438529810375,0.131128771505,-0.0456127743481,-0.0164562677226,-0.251565907081,-0.26282470256,-0.041166710012,0.249222677272,-0.147409888959,-0.0416198820244,-0.0707999989,0,0,0.676741547791,0.190029431496,0.0839886639617,0.122465056473,0.000877325534589,-0.0885447291138,-2.6794153176e-22,0.517827693291,-0.232988533957,0.0992138549931,0.129544341284,-0.00103512280042,-0.10347526761,0
0.536919104015,-0.590243289089,0.821560430323,-0.0130982476,0.029796013,0.601919463,0.797893222,-0.104394981378,0.153205295226,0.0381367834012,0.129226072809,-0.0455005166997,-0.0240423033186,-0.21391708376,-0.282576240339,-0.0215766740668,0.170736818218,-0.120912877678,-0.0404035997687,-0.0732000023,0,0,0.673522864896,0.186498157134,0.0866633278613,0.122530264176,0.000890877122352,-0.0891983601707,-2.60664967591e-22,0.527313910738,-0.229843485489,0.0904771799525,0.129223730065,-0.00105166694591,-0.103557137427,0
0.55162924702,-0.589323863836,0.817882894802,-0.00899859161,0.0319949953,0.601905818,0.797875135,-0.0975828660324,0.16831184992,0.0332939166749,0.12595433603,-0.0404339525327,-0.0308763742899,-0.183634042266,-0.295285803412,-0.0332106454735,0.118897188866,-0.118513806434,-0.0362874507217,-0.0764999986,0,0,0.673387624154,0.17150406416,0.0982405587864,0.122630783438,0.000952223213178,-0.0902118734458,-2.35818534679e-21,0.529519910118,-0.227578946593,0.0846364395462,0.129146982293,-0.00107854020819,-0.104179229426,0
0.568178075041,-0.589323863836,0.81420535928,-0.00367943436,0.0329949268,0.59790806,0.800876862,-0.0969360552166,0.189685550037,0.0354183550945,0.149612741784,-0.0456173771345,-0.0403290557534,-0.180613500635,-0.294845902261,-0.0470363577018,0.127174895914,-0.123061405877,-0.0123725313128,-0.0715999976,0,0,0.67303112459,0.163676526854,0.103501940932,0.122734713654,0.0010016178974,-0.0914121850678,2.44559223308e-20,0.540671529413,-0.232514455047,0.0771567785193,0.128563389489,-0.00104323968495,-0.104411772825,0
0.587485123657,-0.590243289089,0.811447249012,-0.00198990232,0.0354982582,0.594970816,0.802960548,-0.0860648906156,0.217323309188,0.0378181717609,0.136032730552,-0.0239061147907,-0.0492427739967,-0.193115878551,-0.283587375539,-0.0600928054337,0.15742007813,-0.147876425078,0.00896309231338,-0.0698999986,0,0,0.676307477417,0.163959132542,0.109265713064,0.122696774455,0.00101379734412,-0.092054649778,-5.25875992615e-21,0.539899892636,-0.229516260754,0.0804320556591,0.128731478308,-0.00104986015783,-0.104390996776,0
0.606792171354,-0.592082029268,0.809608453669,-0.00287868077,0.0406813558,0.593727881,0.803631722,-0.0511511188814,0.239423847326,0.0449373169585,0.0508127962865,0.0407916858231,-0.0519933073902,-0.213707458868,-0.272298679531,-0.0856755212952,0.180495815841,-0.11248780658,0.0276199346445,-0.074500002,0,0,0.681429184835,0.158389631701,0.122490949793,0.122463966265,0.00102582251545,-0.0916073031155,3.76591794352e-22,0.522036486513,-0.227048394571,0.0933958496086,0.129562755008,-0.00108001130197,-0.104392445876,0
0.626099164807,-0.59392082461,0.809608453669,-0.00375937035,0.0427928346,0.591900873,0.804865204,-0.0312956183476,0.267369750258,0.0556930400536,1.00000041247e-05,0.124715521578,-0.0509277255923,-0.25427340329,-0.252875497404,-0.095469456348,0.250060248208,-0.107647204555,0.0392406543263,-0.0733999982,0,0,0.687467050433,0.155188001539,0.133627195356,0.122278538891,0.00104526252506,-0.091695376355,-6.8871124317e-21,0.518938265093,-0.225584438782,0.0999383015025,0.129811471144,-0.00107720627493,-0.104017563667,0
0.647244953602,-0.59575956479,0.811447249012,-0.0047390822,0.0440914645,0.595884642,0.801844734,-0.0469741862364,0.296533381059,0.0525293702313,1.03715235679e-05,0.203409658549,-0.0494231206298,-0.267584871978,-0.23168789928,-0.120463526504,0.291887391678,-0.11539072578,0.0382049852232,-0.0800999999,0,0,0.694370890499,0.159316942049,0.134417918404,0.122468774758,0.0010293400324,-0.091721726998,-7.85324563258e-21,0.512894999116,-0.225636172379,0.107560252595,0.130222218764,-0.0010860172459,-0.103488906931,0
0.672068277919,-0.596678934879,0.812366619101,-0.00290999903,0.0394999882,0.603999764,0.795999729,-0.057003616557,0.328965556949,0.0618333285449,1.00185248127e-05,0.278379205055,-0.0447543106638,-0.25300666069,-0.203998889104,-0.161574700205,0.317147576204,-0.140427746946,0.0210434952733,-0.0869999975,0,0,0.701599980397,0.18776272679,0.115188454537,0.12313591845,0.000939256960542,-0.0927782594766,-1.83359317841e-20,0.530257931639,-0.21768566435,0.09428908939,0.129739619936,-0.00112210815196,-0.103271470502,0
0.692294696625,-0.597598304969,0.815124784533,0.000788740115,0.0406865932,0.610798737,0.790739452,-0.0625439526818,0.329682978371,0.0835453729675,1.00000045664e-05,0.286844026474,0.00103673288428,-0.229999192403,-0.185326480086,-0.192414071988,0.304276376453,-0.140842414934,0.00969441131893,-0.0926000029,0,0,0.697257392504,0.198546687536,0.0955140002743,0.123626753808,0.000891112680471,-0.0929442144042,1.80970795124e-21,0.532020042095,-0.219037111693,0.0818397371666,0.129301652634,-0.00113415557161,-0.103011038941,0
0.707004784467,-0.597598304969,0.819721690144,0.00735006186,0.0446003736,0.614005183,0.788006611,-0.156788237706,0.301567563259,0.061027843869,0.203787905688,0.104724019972,0.0433181680617,-0.209765517284,-0.177164983164,-0.202356316904,0.282554470878,-0.132434849153,0.00289374213545,-0.0926999971,0,0,0.6890794205,0.189673497635,0.0823048660513,0.123968772877,0.000918489321513,-0.0931099296488,2.92351949419e-21,0.52953302703,-0.240450237296,0.0808602550716,0.128792466553,-0.00104700127506,-0.103084872864,0
0.718037391031,-0.596678934879,0.822479800413,0.0133969044,0.0483888201,0.613858198,0.787817972,-0.195275227597,0.259043433755,0.0675754226831,0.305240357329,0.0116520581195,0.0611897171466,-0.191899973726,-0.167941367515,-0.2028223918,0.25653260846,-0.123429655138,-0.00211117184613,-0.0872000009,0,0,0.682628253108,0.170628889349,0.076963356921,0.124055352061,0.00098191465536,-0.0923728652222,6.66991519904e-22,0.528546670887,-0.263808342529,0.0817045757415,0.128257293835,-0.000934999072234,-0.102941024829,0
0.727231203173,-0.596678934879,0.824318595755,0.0184911714,0.0516753268,0.613707002,0.787623929,-0.215220546123,0.209970012791,0.0892545836273,0.362650602234,-0.0331933419554,0.0669637880334,-0.176224730001,-0.159796794303,-0.199408726739,0.233198175073,-0.118130484021,-0.00577310384105,-0.0800999999,0,0,0.677197838616,0.148138197054,0.0749295581819,0.124121251057,0.00105558357486,-0.0913450721558,-5.84948240788e-21,0.526013370468,-0.285544090306,0.0839926994548,0.127942450821,-0.000834531902703,-0.103411913373,0
0.734586274216,-0.59575956479,0.824318595755,0.0216028437,0.0539070944,0.614080841,0.787103591,-0.225333564782,0.159129806458,0.118337133625,0.395589115389,-0.071395266681,0.0601312741686,-0.166776286404,-0.150451814898,-0.193886573733,0.217571706508,-0.114624016436,-0.00774155557233,-0.0709000006,0,0,0.667875886789,0.134725296291,0.07054010292,0.124158627844,0.00110039423465,-0.0909283943633,4.97620482668e-21,0.525482223406,-0.305085947531,0.0880956058376,0.12769930001,-0.000731797565364,-0.103603842774,0
0.742860715348,-0.5948401947,0.824318595755,0.0230061431,0.0540144243,0.61516427,0.786209947,-0.224630349818,0.115985637692,0.153249661304,0.397774921165,-0.0893210090733,0.0491204698132,-0.158006558145,-0.138399135985,-0.194974368235,0.211740279241,-0.116700010028,-0.0100878695498,-0.0649000034,0,0,0.662317456635,0.132793731964,0.063089059967,0.124209019553,0.00110425331704,-0.0905118611602,-1.02205177451e-21,0.52773636761,-0.319552879294,0.094618578587,0.127560777132,-0.000646012707606,-0.103104928722,0
0.750215732147,-0.59392082461,0.823399225665,0.0233963365,0.0533916398,0.616903402,0.784877147,-0.217395521468,0.0732777608874,0.185085821082,0.379909403256,-0.117884300731,0.0476655016752,-0.150090519666,-0.126892832907,-0.200886544865,0.206460605599,-0.121821030251,-0.0132924440464,-0.0627999976,0,0,0.658420542674,0.126130633696,0.0619735114685,0.12430076872,0.00112711938777,-0.0904778475225,2.97398357163e-23,0.52313516495,-0.323952211217,0.0982606856777,0.12768620994,-0.000627767094153,-0.103413153673,0
0.75849017328,-0.593001399358,0.821560430323,0.0224073659,0.0509167407,0.61920359,0.783257499,-0.20849350223,0.0362400057814,0.199818023073,0.35464939611,-0.126278631146,0.0409134372949,-0.143306568331,-0.110228571224,-0.206597269586,0.208057654857,-0.129002872136,-0.0187736131781,-0.0595999993,0,0,0.653425763253,0.126898083768,0.0610981776268,0.124308192929,0.00113169555341,-0.0910667957854,-2.33385018923e-22,0.525984033801,-0.318244902572,0.0978832577522,0.127714776954,-0.000645208727661,-0.103768539592,0
0.765845244323,-0.592082029268,0.818802264892,0.0208043523,0.0480100442,0.622130129,0.781163438,-0.200219900393,0.00515821329829,0.204527812473,0.327407796139,-0.134310115892,0.0333800732725,-0.139012457253,-0.0933477185211,-0.213212530514,0.213781475987,-0.137749684212,-0.0230339230493,-0.0562000014,0,0,0.647980298213,0.131399614723,0.0578592774395,0.124254257292,0.00111869265507,-0.091337447177,-2.54533900779e-22,0.529622019627,-0.308699512208,0.0970253441024,0.12774681653,-0.000675497243997,-0.10380923212,0
0.772280891032,-0.590243289089,0.816963524712,0.0196982266,0.044895958,0.623943838,0.779929753,-0.190774559805,-0.0215986239111,0.202142607027,0.303629174214,-0.153832034498,0.0347507524765,-0.13488568193,-0.0782008039778,-0.218872034729,0.220013765372,-0.144729436123,-0.0278981802881,-0.0531000011,0,0,0.645368665268,0.129298833326,0.0593680613006,0.124246008634,0.00113260771769,-0.0916322686756,-1.0894638597e-21,0.52956161922,-0.302292350318,0.102554059648,0.127964994757,-0.000690662536824,-0.103786713324,0
0.776877851806,-0.588404493747,0.816044154623,0.0185989119,0.0409976024,0.622963577,0.780954326,-0.181070431292,-0.0446069307395,0.183878690227,0.282571998029,-0.166461472642,0.0354150144002,-0.132252489001,-0.0626874743941,-0.218621983276,0.227936782475,-0.151136478371,-0.0318860560465,-0.0500999987,0,0,0.647159442393,0.125439470276,0.0634215949878,0.124208185434,0.00115261172323,-0.0916346951666,6.70584457977e-21,0.528520107324,-0.295952879158,0.108315953548,0.128201555226,-0.000706548259743,-0.103756557353,0
0.781474757417,-0.587485123657,0.815124784533,0.0160979786,0.0397950009,0.621921861,0.781901792,-0.165352179151,-0.066127900138,0.160251698797,0.237716476955,-0.129758600747,0.0372570254675,-0.129005156621,-0.047096032136,-0.21620353247,0.223503528249,-0.148819770342,-0.034704484252,-0.0469000004,0,0,0.646312794432,0.118185881851,0.0669931775601,0.124175760514,0.00117886256106,-0.0913297620303,-1.08543201023e-21,0.519984986164,-0.28422309423,0.113653353371,0.128563287429,-0.000747896145245,-0.103372906707,0
0.785152237776,-0.585646382559,0.81420535928,0.0150097014,0.036323478,0.621401644,0.782505789,-0.156720208444,-0.071464958886,0.137746984149,0.21874063317,-0.0971203210768,0.0510335656912,-0.123131254768,-0.0341948344877,-0.218502360149,0.225089952935,-0.152808781602,-0.0376734648241,-0.0458000004,0,0,0.647922554452,0.116989029481,0.0666633359038,0.124226249137,0.00118548337791,-0.0913062982482,5.17882183101e-22,0.519498088471,-0.271049549332,0.116283377853,0.128847433596,-0.000798319806368,-0.103309684821,0
0.787910403208,-0.583807587216,0.813285989191,0.0129046852,0.0319115846,0.623226273,0.781283644,-0.154122484737,-0.058735787206,0.123714310547,0.223305691374,-0.0898993526425,0.0495575090449,-0.115734960171,-0.0215548607344,-0.229668850271,0.227179148727,-0.158514458358,-0.0408237883549,-0.0485000014,0,0,0.650959955531,0.120789603332,0.0644001009657,0.12426914882,0.00116996648261,-0.09130254646,-8.89422735142e-21,0.523480241448,-0.261448253605,0.121659992372,0.129109616913,-0.00082962759946,-0.102572732169,0
0.790668568639,-0.583807587216,0.812366619101,0.00775152528,0.0288056681,0.626123201,0.779153313,-0.163570465977,-0.0418990117939,0.115824497222,0.234162662571,-0.0789758907765,0.0428385301061,-0.120896431983,-0.00803121274095,-0.2409759398,0.238135350999,-0.164711937413,-0.0432937930916,-0.0524000004,0,0,0.647091535686,0.128695856689,0.0601680725681,0.124253668011,0.00113675493595,-0.0916264437206,6.6282424339e-21,0.519896469176,-0.255154265565,0.129744786733,0.129526441783,-0.000855590055099,-0.10208564384,0
0.792507309738,-0.584726958225,0.812366619101,0.00123958579,0.0263911809,0.626790523,0.778739757,-0.179386301775,-0.0239097014199,0.110944317266,0.25076002368,-0.0785470821575,0.0394934917724,-0.140088429401,0.00266371163821,-0.250329312721,0.266707959472,-0.174655681991,-0.042003470885,-0.0582999997,0,0,0.648247475923,0.133251080043,0.0593099035537,0.124239100769,0.00111352639205,-0.0916799483895,-8.53492781469e-22,0.513825315862,-0.24712649948,0.130929166152,0.129866387675,-0.000902256803632,-0.101602580805,0
0.79526547517,-0.585646382559,0.813285989191,-0.00607821432,0.0240929211,0.626815805,0.778771168,-0.191904588868,-0.00743960979032,0.101737670688,0.258795966576,-0.0801621801433,0.0407763655785,-0.16956361659,0.0105732484837,-0.259171387449,0.311600425393,-0.180738948141,-0.0384366313966,-0.0658000037,0,0,0.650034039856,0.139547499829,0.0598534175936,0.124172780819,0.00108227506264,-0.0917684827005,-2.81289949348e-21,0.50566006174,-0.239692839686,0.13422537116,0.130370938237,-0.000953389856305,-0.101367947627,0
0.798943010691,-0.586565752648,0.81420535928,-0.0138997772,0.0223996406,0.623990025,0.780987517,-0.197575275469,0.0127704223044,0.0948656141613,0.256831155372,-0.0800100430656,0.0400769410905,-0.214481378168,0.0155675839306,-0.25840214384,0.372788343138,-0.165692593455,-0.0192270658397,-0.0680999979,0,0,0.645661368832,0.147798136217,0.0636727627127,0.123883532585,0.00104863529682,-0.0921899772584,2.57958819017e-21,0.496089949485,-0.235392797662,0.144312573092,0.130983736474,-0.000979835760003,-0.101476548989,0
0.803539916302,-0.588404493747,0.816963524712,-0.0201009097,0.0212009596,0.620028085,0.784035488,-0.195928342542,0.0339387386629,0.0962004783578,0.243804688382,-0.0779122870863,0.0356898248619,-0.260041504074,0.00821065774287,-0.255382077805,0.437363197183,-0.169197335278,0.0189520640484,-0.0658999979,0,0,0.638966925249,0.151386539493,0.075446802238,0.123430586365,0.00104088207233,-0.092962356182,6.7423572528e-23,0.492058894018,-0.235871198531,0.151904239992,0.131232349556,-0.000973046172451,-0.10174186549,0
0.809056192003,-0.589323863836,0.818802264892,-0.024510329,0.0202085159,0.618260531,0.785330997,-0.187033222479,0.0532637923309,0.0999309897036,0.221948451391,-0.0700109782288,0.0281828443151,-0.297704443747,-0.0104860670421,-0.243798199485,0.487737951759,-0.174000896648,0.0406400288245,-0.0636000037,0,0,0.633816192702,0.149896244041,0.0912670715812,0.122878050615,0.00104699751426,-0.0931547640525,-2.30872730064e-21,0.494788751842,-0.238146066525,0.155009488303,0.13117519484,-0.00095258580454,-0.101784023568,0
0.814572468623,-0.589323863836,0.820641060234,-0.0275054705,0.0190037791,0.617122726,0.786156375,-0.173101896789,0.0701716657132,0.101622133681,0.196779330956,-0.0617594234962,0.0212766674603,-0.320696066009,-0.048477998657,-0.239241672865,0.516868298109,-0.173894193833,0.0343699760028,-0.0606999993,0,0,0.634119792858,0.14636403717,0.107449901034,0.122333435173,0.00105947733989,-0.0927106251308,3.81151437774e-23,0.499334837065,-0.241333665631,0.154952074623,0.130999709928,-0.000931654437383,-0.102184047252,0
0.821008169576,-0.589323863836,0.822479800413,-0.0299860629,0.0175918238,0.61771288,0.785634878,-0.159661066871,0.0853464902861,0.100814933027,0.171703413361,-0.0526077815257,0.0156391913807,-0.331108761471,-0.0999385796121,-0.242828957203,0.525506275232,-0.159218815874,0.00747932621073,-0.059700001,0,0,0.638064455658,0.14144761071,0.119419636703,0.122004749808,0.00107584877607,-0.0922159171205,4.25573687486e-21,0.50209815504,-0.243877582717,0.152395560258,0.130863093466,-0.000924855742066,-0.102865791437,0
0.827443815367,-0.589323863836,0.823399225665,-0.0318092365,0.016104676,0.618179437,0.785227989,-0.147619468004,0.10132913859,0.100762204905,0.153845290685,-0.0457504867587,0.0099252427191,-0.331865155727,-0.150499643014,-0.233485692734,0.513507670795,-0.149810798417,-0.017219446563,-0.0568999983,0,0,0.64151834436,0.144952438621,0.120661266103,0.121770733973,0.00105968804473,-0.0912991632668,4.7768551882e-21,0.507787401453,-0.243470222608,0.143347363328,0.130539904403,-0.000930965253252,-0.103634608821,0
0.834798886409,-0.587485123657,0.822479800413,-0.0280996849,0.0132998503,0.619993038,0.78399117,-0.141899467484,0.111689023565,0.0971176829187,0.166036201424,-0.058824889854,0.00364256756152,-0.334196970433,-0.202079177911,-0.199440275938,0.515805071188,-0.133884052694,-0.0305046132895,-0.0544000007,0,0,0.649692315841,0.152598486699,0.11041917846,0.121991428079,0.00103788267637,-0.0908347023688,1.07572781202e-20,0.530696733329,-0.249747184474,0.124404594414,0.129561260108,-0.000899937411342,-0.104280312322,0
0.843073328461,-0.586565752648,0.822479800413,-0.0277874345,0.0125943051,0.621718851,0.782646096,-0.131096414243,0.124890941892,0.0934584950781,0.154008880839,-0.0548391158401,-0.00114335106184,-0.313850417468,-0.238840926943,-0.170471871329,0.453784742827,-0.0377012162868,-0.0313589994062,-0.0527000017,0,0,0.653925908328,0.159825583534,0.105390901746,0.121893025865,0.00100614614785,-0.0898645471347,-2.6017963777e-21,0.537861233096,-0.246976654604,0.11351472445,0.129248676612,-0.00091919768896,-0.105040883724,0
0.852267139683,-0.584726958225,0.821560430323,-0.0260978201,0.0121989806,0.623947886,0.780934776,-0.120511123368,0.13541348076,0.0883941028247,0.143445196865,-0.0503960181972,-0.00489864697544,-0.28097543667,-0.268749428602,-0.142848663291,0.370629136572,0.0619058240756,-0.0272891617697,-0.0529000014,0,0,0.657547968161,0.16248544227,0.106736905273,0.1218014142,0.000995708084976,-0.0895776886953,6.97089392549e-22,0.542376063851,-0.24600374629,0.109124242349,0.129135730783,-0.000930344738936,-0.105711769848,0
0.862380376158,-0.583807587216,0.820641060234,-0.0237031068,0.0123016116,0.625081911,0.780102197,-0.109464373013,0.147461199903,0.0852630982343,0.133335752835,-0.0469877781658,-0.00892609212022,-0.240590082811,-0.295210849867,-0.124772597653,0.276094325543,0.148966977413,-0.0287021696395,-0.0520000011,0,0,0.659708768565,0.163117200004,0.107681176569,0.121834452264,0.00100015434307,-0.0898734699998,-1.25712748198e-22,0.545985659585,-0.245327682781,0.107318934336,0.12906828104,-0.000933493083923,-0.106064673372,0
0.874332298568,-0.581968847037,0.818802264892,-0.0201041186,0.0127026025,0.625128085,0.780159821,-0.097926068458,0.161146463715,0.0846616584348,0.128841729368,-0.046119385213,-0.0135500507905,-0.188130506835,-0.314899087101,-0.11932796499,0.167321576026,0.230254205991,-0.0190781431033,-0.0502999984,0,0,0.660981890398,0.162822495005,0.110426812606,0.121857368615,0.00101232358428,-0.0904853334076,3.74164670768e-22,0.549078073682,-0.244430679076,0.104935137276,0.128989663965,-0.000937359072547,-0.106431761401,0
0.888123071484,-0.581049476948,0.816044154623,-0.0163939736,0.0137949288,0.625769953,0.779713347,-0.0912136401626,0.174660488406,0.0766101775005,0.12654287958,-0.0447049482295,-0.0201102926847,-0.103028525932,-0.31831019537,-0.109622375156,1.0009101132e-05,0.350705181373,-0.00359835972763,-0.052099999,0,0,0.663199287536,0.157127949565,0.118478302335,0.121872016004,0.00104044996509,-0.0911728108924,-8.27852482794e-23,0.549607749147,-0.242464429412,0.099311404224,0.128874825415,-0.000953982844991,-0.106448871594,0
0.904671953749,-0.581049476948,0.813285989191,-0.0125957888,0.0152948864,0.625790761,0.779739274,-0.0860259896787,0.19289030318,0.0680380943897,0.125167484843,-0.0412639604296,-0.0290617613987,-0.0969641678648,-0.317719967711,-0.0649857609298,1.00000000613e-05,0.348982654152,0.0250997095537,-0.0538999997,0,0,0.664189476628,0.155415119319,0.12424240432,0.121925315554,0.00105703380557,-0.0921498758235,-1.23304534699e-20,0.549278477485,-0.237351375596,0.0901226500683,0.128730226635,-0.000988833277175,-0.106482833652,0
0.919382041591,-0.581968847037,0.809608453669,-0.0110042591,0.0197076279,0.626242374,0.779301613,-0.0727599859029,0.211981943107,0.0597489082803,0.0898632126836,-0.0188530581387,-0.0396505028066,-0.0845363884455,-0.315033745929,-0.0715107141929,1.00143497661e-05,0.28746529808,0.0629261241582,-0.0599000007,0,0,0.665707999602,0.15293687487,0.131234943979,0.121922409117,0.00106272419367,-0.0925729932905,8.92258677094e-22,0.53488391575,-0.231568897377,0.0916846692826,0.129171272489,-0.00104018352259,-0.106595354205,0
0.937769664035,-0.582888217127,0.805930918148,-0.00721055162,0.0214016383,0.624047758,0.781059776,-0.0629740579412,0.233369338086,0.0585480504122,0.0812446578522,-0.00876068934444,-0.0455538100203,-0.11918346369,-0.303691675023,-0.0568902791031,0.103061333442,0.141535120232,0.066852201112,-0.0610000007,0,0,0.669729686875,0.150560831045,0.139767161138,0.121887206309,0.00108116223113,-0.0932661734723,-4.484807049e-22,0.532299351404,-0.236248682262,0.0964623955369,0.129235864067,-0.00101624399202,-0.106229594945,0
0.956157286479,-0.583807587216,0.80225343687,-0.00366837449,0.0239893702,0.620724939,0.783652731,-0.0500941345723,0.255655045494,0.065921795174,0.0643443119942,0.0163964916855,-0.0482158544484,-0.154898804876,-0.288053825987,-0.062579661232,0.192265124046,0.0340021262013,0.0575325746377,-0.0599999987,0,0,0.67845633988,0.145493434776,0.15153924529,0.121626664108,0.00110158474875,-0.0927519008554,1.51821248227e-21,0.526500990324,-0.241348759601,0.0994939415193,0.129284947421,-0.000994799782144,-0.106211607025,0
0.974544908923,-0.585646382559,0.798575901349,-0.00108006886,0.0265016904,0.615039248,0.788050263,-0.0130352033499,0.279440640302,0.0852650402692,0.000245367576965,0.0780426395498,-0.0518231438054,-0.186664388857,-0.268815576853,-0.0810972162896,0.262677850879,-0.0476885504648,0.0405023144681,-0.0577000007,0,0,0.696257639725,0.129653220596,0.174221589082,0.121210569199,0.00115971049454,-0.0917062609556,4.61958577001e-22,0.517030391049,-0.246284675563,0.104499455902,0.129425828326,-0.000972726678415,-0.10618228495,0
0.992932641693,-0.587485123657,0.795817735917,-0.000199028986,0.0287041798,0.607088401,0.794115674,-0.00893894319546,0.310414542879,0.100968987572,1.01546678837e-05,0.120896401831,-0.0546570307048,-0.218556578828,-0.239591993248,-0.0624367606233,0.322995890346,-0.113376749541,0.0331857530084,-0.0573999994,0,0,0.719718208448,0.112758793339,0.200691429486,0.120870857525,0.00122575127574,-0.0910092729904,1.50203199689e-20,0.502411397298,-0.252066118347,0.116928863845,0.129852316317,-0.000947593428815,-0.106035368996,0
1.02051407536,-0.590243289089,0.795817735917,-0.000754907375,0.0321960514,0.601926154,0.797902092,-0.0145739925528,0.337274327546,0.111276909146,1.00000000181e-05,0.187317547227,-0.0510320059273,-0.261157098227,-0.207778819261,-0.045260162598,0.39164690649,-0.1476703865,0.0252816581758,-0.0573999994,0,0,0.732784242382,0.116287801458,0.207962089718,0.120708654205,0.00121674015859,-0.0907588138671,2.01740587826e-21,0.487814989538,-0.255097953528,0.126534707581,0.130253918751,-0.000939089075634,-0.10589841448,0
1.038901707,-0.593001399358,0.796737106007,-0.000684078017,0.0366041743,0.60406884,0.796090763,-0.0365481002382,0.357274267674,0.116149963673,1.00000000642e-05,0.280129954769,-0.0404006984375,-0.276308747699,-0.18669161507,-0.0662654387391,0.426424723079,-0.163660543877,0.0110003319365,-0.0648000017,0,0,0.738651865409,0.13357456473,0.198713653393,0.121168326567,0.00116581611006,-0.0912667829951,8.03781692633e-23,0.481485986595,-0.256144694827,0.127208665687,0.130453320005,-0.000952361582829,-0.105097927572,0
1.05728932944,-0.59575956479,0.797656476096,0.00184917784,0.0369835574,0.613727155,0.788649336,-0.0564007856738,0.372417200727,0.11563654704,1.00000001938e-05,0.335225299675,-0.03046899304,-0.272886674165,-0.168678524942,-0.105367046304,0.45666805884,-0.198185532577,-0.0120945682403,-0.075000003,0,0,0.7440161643,0.164078589778,0.175656220291,0.122133702736,0.00107686974452,-0.0925470340631,-7.4146780142e-21,0.502169951524,-0.254253189297,0.114972447126,0.129881963992,-0.000958006119937,-0.10356913918,0
1.07567695189,-0.597598304969,0.801334012537,0.00515176285,0.0427146155,0.625213926,0.779266622,-0.0792115972415,0.351025747296,0.117599157443,1.0022406029e-05,0.302666421657,0.017932094717,-0.252621700768,-0.164057573664,-0.144273402457,0.437811774161,-0.201616803021,-0.0273579113047,-0.0864999965,0,0,0.733562651396,0.184516548952,0.145936737967,0.123006461359,0.000989861386926,-0.0929358565727,-1.89270849844e-21,0.506879742814,-0.254625460348,0.100107178051,0.12946162058,-0.000984831332592,-0.102909936637,0
1.08487076311,-0.599437100311,0.805011548058,0.0100978124,0.0488894113,0.633862709,0.771832836,-0.16210177634,0.309570010935,0.0975289180929,0.158478561764,0.108701145066,0.043507258409,-0.233880029939,-0.167312923929,-0.165465013067,0.410948036461,-0.194329140868,-0.031042559802,-0.0891000032,0,0,0.713540677602,0.195815033285,0.118968699338,0.123301269055,0.000925892271032,-0.0930862647273,-2.09458342242e-24,0.516324523713,-0.268248485732,0.0902520985985,0.128686197338,-0.000927168539479,-0.102766694114,0
1.10325849588,-0.600356470401,0.80776971349,0.014792825,0.0534740637,0.639689715,0.766628179,-0.202067397347,0.264850238288,0.118127719972,0.248156939956,0.0279770244249,0.0482494053715,-0.214680584553,-0.162521575489,-0.173495481271,0.37854280852,-0.182684822448,-0.0348907586325,-0.0837000012,0,0,0.693883095481,0.195157532409,0.10770054122,0.123008702195,0.000906031489648,-0.0927408656003,-6.25928963997e-22,0.529161602867,-0.283707126884,0.0856492295862,0.127958251077,-0.000839672907232,-0.103045117284,0
1.10325849588,-0.60127584049,0.809608453669,0.0190077696,0.0566231477,0.643262966,0.763312046,-0.218733421883,0.216402550433,0.155003160986,0.303313263398,-0.0213228453654,0.0438284104921,-0.195514720548,-0.154289473981,-0.175874047573,0.347760542982,-0.172310542316,-0.0373501400592,-0.0751999989,0,0,0.680683195779,0.184658686552,0.105076413827,0.122574575333,0.000927130679991,-0.0914879306902,1.42401816216e-21,0.540908101493,-0.299220608829,0.0853676926681,0.127444509806,-0.000745384300336,-0.103316369352,0
1.1124523071,-0.60219521058,0.811447249012,0.0215096715,0.0591265817,0.645290104,0.761342277,-0.226842651671,0.164667415266,0.18181516312,0.334893944198,-0.0565143580506,0.040007859747,-0.180420825359,-0.144216615163,-0.175424950234,0.319328857261,-0.166215053736,-0.0389147128373,-0.0678000003,0,0,0.676795141691,0.172656918108,0.109762629346,0.122078290249,0.000955890009894,-0.0896746367645,2.25831477258e-22,0.547968674986,-0.30842475581,0.0860298479798,0.127228842926,-0.000688981345736,-0.103808019019,0
1.12164611832,-0.60219521058,0.811447249012,0.0235137554,0.0599350644,0.64737875,0.7594443,-0.229117640207,0.105996207128,0.184462354584,0.351139077344,-0.0944509238725,0.0424610008786,-0.166440435606,-0.132473874219,-0.1735531151,0.297379425338,-0.161577550098,-0.0394913984339,-0.059799999,0,0,0.671330071073,0.16793702334,0.108693400993,0.121727590422,0.000963557317031,-0.0884211024053,3.58099463517e-22,0.556669717926,-0.310548750831,0.082458779796,0.1270009374,-0.000665086671008,-0.104318242069,0
1.13083992954,-0.603114635832,0.810527878922,0.0229018143,0.0596047208,0.649051402,0.758060064,-0.227858623133,0.0547317003982,0.183804592093,0.350440858761,-0.12317184143,0.0370491198554,-0.158722663834,-0.115726858461,-0.174619822371,0.283765689899,-0.160960809606,-0.042331432021,-0.0520000011,0,0,0.66662883314,0.174482732435,0.105509883269,0.121403703444,0.000939084075631,-0.0877697807456,-4.03592463555e-22,0.562005668366,-0.30506992516,0.078986108369,0.12691315756,-0.000674630283068,-0.104463180285,0
1.14003374077,-0.603114635832,0.80868908358,0.0214036727,0.0586100556,0.649111344,0.758130073,-0.222899678049,0.0109193545779,0.18539391107,0.337838023497,-0.14716769314,0.0347774973689,-0.154994027727,-0.0968034300671,-0.171538120085,0.274370015635,-0.163620684203,-0.0450497949627,-0.0436999984,0,0,0.665848128204,0.177642538,0.107542878556,0.120960391588,0.000927842505432,-0.0868557973917,9.87514852076e-23,0.563461028496,-0.298413746372,0.0782323251619,0.126965414003,-0.00068922906485,-0.10456862063,0
1.14003374077,-0.603114635832,0.80776971349,0.0188084713,0.0600270355,0.645290627,0.761342895,-0.201841356025,-0.0335240011835,0.184727247241,0.282410720864,-0.149735130456,0.0376906208336,-0.148903709637,-0.0766550256219,-0.160924572548,0.247584850434,-0.154451152202,-0.0467557562967,-0.0315999985,0,0,0.657999531509,0.165765994598,0.120786241069,0.120332815544,0.000976491490821,-0.0863266818592,-1.4317379581e-21,0.556575855781,-0.292643946839,0.0831941468784,0.12716260055,-0.000688102249406,-0.104042873239,0
1.14922755199,-0.603114635832,0.805930918148,0.0169011165,0.0568037555,0.640042297,0.766050614,-0.1881583482,-0.0599757401351,0.179348123087,0.25469611087,-0.169323614666,0.0358712761127,-0.146461784695,-0.052575640063,-0.146899894645,0.241980808449,-0.150641397929,-0.0493566192209,-0.0194000006,0,0,0.663250247189,0.152176479847,0.145333038377,0.11957895204,0.00104716689777,-0.0865051136743,1.21069371488e-21,0.558192163027,-0.283086262636,0.0918667218097,0.127435083128,-0.000696369899788,-0.103806304979,0
1.15842136321,-0.60219521058,0.804092177969,0.0146043194,0.0529156504,0.634187555,0.771228107,-0.174978976911,-0.0715036383059,0.188362118754,0.226618740905,-0.150980482016,0.0324509282576,-0.14231576413,-0.0285951721601,-0.134032100409,0.236288423222,-0.147935353214,-0.0495707761242,-0.00927999988,0,0,0.672828071316,0.132384429156,0.175087051018,0.118815548144,0.0011394999826,-0.0870707602336,1.25157856709e-20,0.552663029394,-0.276292158902,0.1087066795,0.127929713165,-0.000695484429504,-0.103777059065,0
1.15842136321,-0.60219521058,0.80317280696,0.0124974773,0.0492900498,0.628873056,0.775843401,-0.162918830193,-0.0747390074002,0.188424073897,0.203417477516,-0.129222364967,0.0382446675423,-0.136806345308,-0.0113046535482,-0.126536737395,0.229856282512,-0.145368503405,-0.0482317316474,-0.00569000002,0,0,0.687055652126,0.110065967431,0.199189389762,0.118424317885,0.00122619876018,-0.087617976755,3.51782413266e-21,0.536907874963,-0.268891014808,0.123974747983,0.128455666736,-0.000713040887178,-0.103966128306,0
1.15842136321,-0.60127584049,0.80317280696,0.0103966407,0.046085111,0.626797447,0.777748695,-0.157296133919,-0.0698089818188,0.171803319361,0.19361818864,-0.10819381445,0.0475695392868,-0.131032826711,-0.00081271158898,-0.130992084936,0.226026134187,-0.145387829912,-0.0454963730338,-0.0102000004,0,0,0.701703074962,0.0967554422545,0.20829787232,0.118812944298,0.00128408362054,-0.088904922727,3.25035367994e-21,0.521602439431,-0.257529739305,0.127379281622,0.128820958609,-0.000769002829424,-0.103793386774,0
1.16761517443,-0.60127584049,0.80225343687,0.00702348786,0.0424210656,0.626311022,0.778386554,-0.158123617935,-0.0544800930777,0.163208985789,0.195694940421,-0.09009449785,0.0411159026946,-0.128558544967,0.0113963843754,-0.14513275614,0.228061891636,-0.149992378118,-0.0464088524893,-0.0179999992,0,0,0.711149379853,0.10399863665,0.198702783156,0.119647975703,0.00127956046141,-0.0905821291978,-2.99029186383e-21,0.512038444112,-0.244194805021,0.125851666493,0.129136703749,-0.000839902397572,-0.102972739448,0
1.16761517443,-0.60127584049,0.801334012537,0.00273963151,0.0392947145,0.625915821,0.778895247,-0.163790625121,-0.0400477094579,0.160643444515,0.200707999311,-0.0758110092778,0.0385148953934,-0.135958946362,0.0229861335359,-0.153201888324,0.244159411142,-0.161233616753,-0.0474966825204,-0.0271000005,0,0,0.716936302506,0.117010518052,0.180914983346,0.120667359978,0.00125543431262,-0.0921760352858,1.40238124001e-22,0.50177799991,-0.237634096739,0.130776327102,0.129561700266,-0.000879174214943,-0.101782284397,0
1.16761517443,-0.60127584049,0.801334012537,-0.00274121216,0.0365161481,0.624276089,0.780345066,-0.171330126864,-0.0236528258506,0.158692053902,0.210430357013,-0.0783229579292,0.0394245812164,-0.159007256066,0.0357066208746,-0.153229740116,0.285198698567,-0.182251370753,-0.0475402312673,-0.0353999995,0,0,0.72051907778,0.129967255387,0.165153584847,0.121508578461,0.00122570564525,-0.0935125381327,-1.3352989635e-21,0.492075125652,-0.235366554722,0.13903774113,0.130014280005,-0.000897306769593,-0.100590635488,0
1.16761517443,-0.60219521058,0.801334012537,-0.00888876718,0.0337953106,0.619914014,0.783891243,-0.177405439778,-0.00481194388012,0.158779740113,0.215662501271,-0.0838791304427,0.0355079779411,-0.194280257128,0.0450269282083,-0.153811410724,0.342975106097,-0.205626257595,-0.0337407262573,-0.0412000008,0,0,0.720609662203,0.135512091597,0.158209551033,0.122025630539,0.00121809518229,-0.0946577594009,-3.52536202033e-24,0.478720480311,-0.237348918716,0.150336486925,0.130522089902,-0.000898710843595,-0.100037662424,0
1.17680898565,-0.604034005922,0.80225343687,-0.0150968229,0.0319932676,0.614870592,0.787834165,-0.184644022865,0.0162687764151,0.159707850104,0.22048882347,-0.0842126853603,0.0313060390582,-0.240571720757,0.0421748290801,-0.156626984394,0.414497859279,-0.225897238848,0.0073001739751,-0.0447000004,0,0,0.7163352377,0.134930329697,0.162358438967,0.122116582283,0.00122799538319,-0.0956432306157,4.54550916299e-21,0.466254117848,-0.23955000099,0.16136935433,0.130999768127,-0.000897368546528,-0.09983871232,0
1.17680898565,-0.604953376012,0.804092177969,-0.0192006657,0.0303010499,0.61202118,0.790027377,-0.18381614297,0.0334937490601,0.159618086454,0.216597105206,-0.0779399804278,0.0270812325567,-0.280375056104,0.0267616197478,-0.152943135227,0.478198598384,-0.238180573144,0.0311509677098,-0.0467999987,0,0,0.710819976537,0.133285451018,0.168369261024,0.122050645738,0.00123725025041,-0.0963514498082,-3.84484839083e-22,0.464275325003,-0.243055774707,0.168794178892,0.131177006481,-0.000880269718655,-0.0994354882699,0
1.18600279688,-0.605872746101,0.806850343401,-0.0220017827,0.0290023492,0.60804925,0.793064244,-0.175793241049,0.050909740199,0.166292090031,0.203601272077,-0.0702452203958,0.0252386542657,-0.307977056798,-0.0107135358584,-0.165573320772,0.517367235682,-0.241388378584,0.0212090846413,-0.0430000015,0,0,0.702211643428,0.129908762308,0.174913085148,0.12164044066,0.00124440455821,-0.0961391869403,-1.99622718785e-20,0.466711859612,-0.247586387647,0.173281162078,0.131092416031,-0.000849105113472,-0.0998168519228,0
1.18600279688,-0.605872746101,0.80776971349,-0.0241078472,0.0268087255,0.605197013,0.795258876,-0.161944204531,0.0685481611427,0.175221934915,0.187014758274,-0.0634431392771,0.0194202910077,-0.319594774723,-0.0648679326971,-0.195851782342,0.530103649616,-0.220415567592,-0.00885955718987,-0.0379000008,0,0,0.695976125695,0.121499274892,0.185529453829,0.121147899373,0.00126846151076,-0.0956504968053,1.48204470559e-22,0.470351884345,-0.251967404855,0.17475649777,0.130917586844,-0.000820543123714,-0.100559963266,0
1.1951966081,-0.604953376012,0.809608453669,-0.025388996,0.0240895595,0.604737922,0.795655162,-0.148404632234,0.0830393214918,0.177500173896,0.170469311806,-0.0592400058396,0.0140508799583,-0.317499457914,-0.119832462166,-0.216467389212,0.517641824487,-0.207749655669,-0.0352603866013,-0.0359999985,0,0,0.695153860454,0.115910146505,0.187633240055,0.12087668882,0.00126781632513,-0.0941506158074,-3.79826621488e-21,0.47598248913,-0.253231439533,0.169364159788,0.13070420649,-0.000817571046726,-0.101281944158,0
1.20439041932,-0.604034005922,0.80868908358,-0.0223111462,0.0213106462,0.605302434,0.795397405,-0.142022934244,0.0931746276697,0.172842341804,0.182185452344,-0.0688866179947,0.0115662180836,-0.324221544645,-0.16874369587,-0.191316463127,0.518952087576,-0.206525616048,-0.0451596725369,-0.0357000008,0,0,0.696313763032,0.120488742352,0.172298554152,0.121192869931,0.00124228267653,-0.093351056419,-1.37526591684e-20,0.496904868799,-0.262075339319,0.154729814616,0.129987735652,-0.000783626525797,-0.101820276865,0
1.21358434087,-0.603114635832,0.80868908358,-0.0229020903,0.0202018428,0.607055393,0.794072496,-0.136969039094,0.106157588195,0.16647731444,0.177019626399,-0.0666657736154,0.00800762301138,-0.317726645833,-0.20174389926,-0.162339047541,0.474286529393,-0.136886729207,-0.0356816783027,-0.0366999991,0,0,0.697109419976,0.128265827709,0.161615036047,0.12115536628,0.00119233339604,-0.0917315715488,-7.88263666101e-21,0.503690288726,-0.257777631741,0.139941440417,0.129687625306,-0.000817978864965,-0.102541888658,0
1.22277815209,-0.60219521058,0.80868908358,-0.0225888104,0.019490345,0.60769893,0.793606882,-0.12993650145,0.118188998335,0.159668083276,0.171659476146,-0.0644143504724,0.00446965081734,-0.297814874015,-0.231746722365,-0.138444219828,0.404239908547,-0.0424781810184,-0.0243222195016,-0.0373000018,0,0,0.696077581041,0.13523331543,0.152848682263,0.12108931961,0.0011493957782,-0.090444769275,-2.79768098932e-21,0.508040204374,-0.254059110904,0.130891412146,0.129563814717,-0.00084880210508,-0.103530866916,0
1.23197196331,-0.60219521058,0.80776971349,-0.0219029211,0.0192025619,0.607080956,0.794105935,-0.121943398261,0.134462839407,0.160361240999,0.169307603866,-0.0637066094995,-0.000820180312842,-0.268131661603,-0.256393455822,-0.1236266727,0.314349910131,0.0342013001636,-0.0149506751281,-0.0337999985,0,0,0.691852342992,0.143737602821,0.146204130827,0.12083982971,0.00110844613315,-0.0894819170916,3.99141465282e-22,0.512183956796,-0.255789629932,0.128238627782,0.129411660781,-0.000839516310798,-0.10425719986,0
1.24116577454,-0.600356470401,0.806850343401,-0.0187039909,0.0184039274,0.607129542,0.794169488,-0.111717006352,0.147381615804,0.15840746723,0.168716233023,-0.0660178265936,-0.0041787139864,-0.222760301743,-0.280813634967,-0.120510737543,0.210401032307,0.127433870537,-0.0117482289096,-0.0344000012,0,0,0.696455005936,0.143880674733,0.147179603595,0.120687159461,0.00109782063475,-0.0885930180857,-1.87712803752e-22,0.51623475903,-0.260032059744,0.129442989566,0.129393398941,-0.000825439866131,-0.104885908904,0
1.25035958576,-0.599437100311,0.805011548058,-0.0154043485,0.0177049978,0.607171395,0.794224235,-0.10206023522,0.161627885541,0.153836318452,0.169577736708,-0.065615687841,-0.00847428552064,-0.139886213918,-0.289407585776,-0.122562951115,0.0339955298327,0.265087300464,-0.00105964603721,-0.0353999995,0,0,0.701559155596,0.14193100047,0.149804755786,0.120593649066,0.00109836311564,-0.0880182534892,1.11896039432e-23,0.517255941619,-0.264022995732,0.132720086334,0.129441783496,-0.000810133241606,-0.105170899321,0
1.2687472174,-0.598517730221,0.80317280696,-0.0119968438,0.0167955805,0.60784006,0.793791186,-0.0964161983723,0.18045539389,0.140003276248,0.173700659917,-0.0654628791333,-0.0168988345727,-0.119342303196,-0.292978361122,-0.0873973686849,1.00000009187e-05,0.299309121401,0.0194984350857,-0.0397999994,0,0,0.70708821601,0.142966649,0.154034644175,0.120617655972,0.00109478754751,-0.0880767123,-5.10609750028e-22,0.517317244817,-0.261444720114,0.131629502388,0.129527277628,-0.000831193321968,-0.105089624139,0
1.28713483984,-0.598517730221,0.800414641528,-0.0112009834,0.0183016081,0.610053597,0.792069566,-0.0896250382538,0.20031853673,0.117990135695,0.15444772288,-0.0496081068868,-0.0281925924058,-0.108627415451,-0.281131134945,-0.0334496169047,1.00000000418e-05,0.25364459202,0.0400174254283,-0.0516000018,0,0,0.714755957417,0.143084150263,0.163444169685,0.120701981362,0.00108548511084,-0.0879176076908,1.34431297695e-22,0.501451559445,-0.248204177051,0.130723144754,0.130182542376,-0.000932242054539,-0.105382635408,0
1.30552246228,-0.598517730221,0.796737106007,-0.00703832093,0.0180956838,0.607854965,0.793810651,-0.0806094040861,0.222008010146,0.11193105777,0.155525269951,-0.0444498385011,-0.035661862293,-0.0921577432379,-0.272014413584,-0.0171810042113,1.04771672358e-05,0.175863245257,0.0634408889047,-0.0540999994,0,0,0.718959602157,0.142342641704,0.169262315432,0.120847850389,0.00110146368721,-0.0888737695081,-2.25858331966e-22,0.499958464246,-0.248973995494,0.130895299976,0.130237324725,-0.000935755871461,-0.105331112922,0
1.32391019505,-0.599437100311,0.793059570485,-0.00391998077,0.0187999073,0.604997044,0.795996089,-0.0700633199717,0.244894062698,0.106141647648,0.143804678694,-0.0269863121003,-0.0421482215321,-0.136633090012,-0.255279703097,-0.0114491724431,0.123598736055,0.0341799925167,0.0598376289756,-0.059799999,0,0,0.726988909716,0.136922849171,0.178366561711,0.12114523421,0.00113313893,-0.0898544146732,-9.10955473686e-24,0.493045765224,-0.252465860463,0.137870409979,0.130538345939,-0.000930171098205,-0.104837211894,0
1.3422978175,-0.600356470401,0.789382090127,-0.00120023448,0.0200039067,0.602117602,0.798155872,-0.0521528979216,0.268403336639,0.105481786257,0.115685807871,0.00575517122248,-0.0494484661195,-0.160149348032,-0.23652041523,-0.0398523712236,0.19504959382,-0.0524581516001,0.0463914880613,-0.0628999993,0,0,0.731670835069,0.132945452448,0.185660195236,0.121402500427,0.00116464704803,-0.0911212234469,-2.38573840146e-22,0.486011436178,-0.255785995767,0.143668735637,0.130768714294,-0.000921049251918,-0.104399393775,0
1.36068543994,-0.603114635832,0.787543294784,-0.00112997731,0.0208995804,0.600987949,0.798983989,-0.0197998213711,0.296125830038,0.112631342865,0.0476454900058,0.0698374998171,-0.0549199648268,-0.183680806731,-0.209948849268,-0.0444220288529,0.250803611012,-0.109626945212,0.0372256391152,-0.0644999966,0,0,0.735959138583,0.132074443048,0.191441617992,0.121479823442,0.00117805625659,-0.0917777881834,-2.39185184733e-22,0.483076412774,-0.2471003895,0.139684111835,0.130903872829,-0.000966092330116,-0.104036669176,0
1.37907306239,-0.605872746101,0.787543294784,-0.00313978592,0.0228984395,0.60095905,0.79894557,-0.00918746819532,0.321716533665,0.119090812583,1.00000015465e-05,0.151128814105,-0.0503580198008,-0.21686499364,-0.180920748769,-0.0462491330168,0.312061855926,-0.138495393047,0.0322484466456,-0.0675000027,0,0,0.738425074488,0.127579080652,0.198820090878,0.121485970392,0.00119272925222,-0.0918576309763,9.94466783556e-22,0.479036197975,-0.237710680914,0.135082305941,0.131098275619,-0.00101957652277,-0.103642714854,0
1.39746068483,-0.607711541444,0.788462664874,-0.00248875596,0.0227886083,0.606696703,0.794602791,-0.0260436677219,0.348872728219,0.117033830937,1.05108146159e-05,0.226223352421,-0.0480089884798,-0.23138209625,-0.156058718283,-0.0644307053077,0.364808399027,-0.172772114495,0.02221868242,-0.0754000023,0,0,0.745271611116,0.129707976485,0.192074720105,0.122198878277,0.00119440495711,-0.0923529610845,-7.90601238312e-23,0.488720431247,-0.240555489719,0.134934475981,0.1309662545,-0.00100534289201,-0.102632795438,0
1.41584830727,-0.610469652632,0.789382090127,-0.00251949331,0.0259947718,0.617875687,0.785841943,-0.0560177613384,0.360964740054,0.12887947556,1.00049644752e-05,0.29046551491,-0.0339867074285,-0.221094531797,-0.141473776658,-0.113069518328,0.367897939051,-0.192045729048,0.00454323712937,-0.0878000036,0,0,0.745443195013,0.151583969158,0.159727995783,0.123255307529,0.00111256794347,-0.0920219566121,-2.05026520949e-21,0.494944082581,-0.239566843109,0.127056475831,0.130801516214,-0.00102719305781,-0.10158235938,0
1.43423592972,-0.613227818064,0.793059570485,0.00124037966,0.0312095517,0.627191943,0.778238198,-0.125092163321,0.348790640607,0.129493280254,0.109172105832,0.197511740225,0.0251456220179,-0.205344254805,-0.13343289497,-0.143806863881,0.352461844802,-0.192658348641,-0.0106747454944,-0.0945999995,0,0,0.736121577431,0.171764904499,0.117448993965,0.124111949587,0.00102512376279,-0.0913352825268,1.03599280539e-24,0.498175620566,-0.25012861082,0.118559382344,0.130305201275,-0.000997832254531,-0.101296692777,0
1.44342985127,-0.614147188153,0.795817735917,0.00616599101,0.0386748542,0.632588726,0.773497085,-0.198630753036,0.307185930036,0.117021450183,0.250788248452,0.0491206768132,0.0581493910301,-0.196204431506,-0.134937718101,-0.148992447911,0.332735626846,-0.183916710889,-0.0154357269254,-0.0930000022,0,0,0.719899159866,0.168396513825,0.0916005129789,0.124406806073,0.00101534685303,-0.0908104409056,-1.77623640005e-22,0.499401484738,-0.271645179755,0.11431249423,0.129640045733,-0.000906858905831,-0.101463960137,0
1.45262366249,-0.615985983495,0.798575901349,0.00980254351,0.0446115738,0.636165039,0.770199819,-0.234315695296,0.258223732947,0.126710047275,0.321085604224,-0.000967147192631,0.0582022990659,-0.185714848147,-0.132915118483,-0.152398649102,0.307443493068,-0.172668465514,-0.0184641883424,-0.0864000022,0,0,0.707588593769,0.155563333605,0.0828404479196,0.124209817118,0.00103641482093,-0.0895091229594,-6.42357012486e-22,0.504841696511,-0.290717246276,0.110118825968,0.128948960804,-0.000811251556122,-0.101735882342,0
1.46181747371,-0.615985983495,0.800414641528,0.0128968674,0.0492880267,0.639844551,0.76681374,-0.251677030193,0.204369591829,0.146240501511,0.362161330922,-0.0329205398408,0.0498822759974,-0.174352561226,-0.131239482364,-0.157944036492,0.282242735911,-0.162319981237,-0.020169086641,-0.0794999972,0,0,0.700533795735,0.146168243564,0.0733177253255,0.124024004499,0.00104397329716,-0.0875752489865,3.56360594801e-22,0.510452222991,-0.304428711683,0.102876959284,0.128362311316,-0.00074474923441,-0.102318264717,0
1.47101128493,-0.616905353585,0.801334012537,0.0152989648,0.0524964459,0.642956497,0.763948302,-0.257013229873,0.150097870697,0.162372642034,0.379271609523,-0.0617042132858,0.0412613329914,-0.166150902321,-0.127080221821,-0.158657084339,0.265508999083,-0.153756437942,-0.0211904026584,-0.0702999979,0,0,0.691959710296,0.139374012876,0.0702105552727,0.123670150965,0.0010503480362,-0.086323754339,-2.79059375189e-22,0.517714509943,-0.311016904231,0.0930682419241,0.127846331546,-0.000707099840152,-0.103244854895,0
1.47101128493,-0.616905353585,0.800414641528,0.0162893241,0.0533650229,0.644577521,0.762500264,-0.252954488696,0.101554972293,0.173746753366,0.376464475053,-0.087367709497,0.0338179628015,-0.163169070021,-0.116681973405,-0.154905282209,0.259115112026,-0.150654559024,-0.0238106735229,-0.0617999993,0,0,0.688392690273,0.138702395696,0.0709070552236,0.123264458378,0.00104453994008,-0.0854116786255,8.01738148741e-21,0.529436158225,-0.311141191778,0.0846542285253,0.127355802421,-0.000683528983902,-0.103214255753,0
1.48020509616,-0.616905353585,0.799495271438,0.0166052457,0.0537169705,0.647204481,0.760240168,-0.242913814877,0.0540725290056,0.171863953877,0.357039120212,-0.106417960473,0.0320987449584,-0.158004158417,-0.105495967944,-0.154343722488,0.251399262779,-0.1480809951,-0.0264550658691,-0.0553000011,0,0,0.683627074248,0.141429365796,0.0723138938437,0.122789473547,0.00102527080281,-0.0845368503597,2.46856788097e-21,0.535919202451,-0.306800001096,0.0786273705975,0.127154528286,-0.000691577642379,-0.103694036322,0
1.48020509616,-0.616905353585,0.798575901349,0.01659903,0.0526969232,0.649962005,0.757955736,-0.233887826206,0.0065723418696,0.147965678707,0.33724325994,-0.136933542688,0.0336712768589,-0.152317497431,-0.0946666129155,-0.158783082918,0.248067390201,-0.149969772091,-0.0312305099956,-0.0518000014,0,0,0.679437737288,0.145562483575,0.0760287008777,0.122468676223,0.00101171614301,-0.0845935042316,2.10095849917e-21,0.541858824545,-0.296473891102,0.0738969158053,0.127098751146,-0.000729882661812,-0.10408442113,0
1.48939890738,-0.615985983495,0.797656476096,0.0148915787,0.0524703265,0.651631513,0.756572189,-0.211076681324,-0.0384834729691,0.116088842198,0.285029802671,-0.14165211105,0.029987939589,-0.145685756441,-0.0829637046734,-0.164926876822,0.234906890633,-0.14386436205,-0.0350735610242,-0.0487999991,0,0,0.669236490336,0.14563085293,0.0832284452813,0.122181044136,0.00101614631784,-0.0852941851015,9.2745065653e-21,0.543735457259,-0.276113912865,0.066966628072,0.12713654353,-0.000811265425571,-0.103813287876,0
1.49859272779,-0.615985983495,0.796737106007,0.0126054133,0.0484207935,0.652280125,0.756324778,-0.19238213833,-0.0577423904018,0.0978184909579,0.251598802422,-0.138881598597,0.0187638560779,-0.143688695876,-0.0649156122272,-0.168320569571,0.238490501235,-0.145207570108,-0.0382431875204,-0.0450000018,0,0,0.666745894699,0.149500831734,0.0916976493261,0.121869429004,0.00101490642129,-0.0859849636872,8.34751444013e-21,0.548555891503,-0.254869180604,0.0671985867749,0.127420817872,-0.00088902604847,-0.103805540662,0
1.49859272779,-0.615066613406,0.794898365827,0.011798963,0.0433961852,0.651942688,0.756933476,-0.171650376103,-0.0660802929259,0.0825660857686,0.219087661961,-0.113071601677,0.0355423402867,-0.13617421257,-0.0504423646526,-0.171339872271,0.239610092441,-0.151320700949,-0.0383456927123,-0.0463999994,0,0,0.674272609579,0.146438721429,0.102973804956,0.121743353242,0.00103456919018,-0.08639436989,-1.02836998072e-22,0.549298353856,-0.237006690596,0.0732164262753,0.127935005741,-0.000959980615676,-0.10365942887,0
1.49859272779,-0.614147188153,0.793978995738,0.0107022457,0.0390081844,0.65313702,0.756158619,-0.154804116907,-0.0566616748051,0.0708550893093,0.194199449951,-0.0901651893163,0.0380306278399,-0.125346292218,-0.0421915301881,-0.187938424728,0.235943422566,-0.152273168238,-0.0378914443831,-0.0533000007,0,0,0.682030008438,0.142775308599,0.109475344078,0.122018025553,0.00105710405956,-0.0873669075328,-1.92005360869e-21,0.54349887969,-0.217489443961,0.0759230326174,0.128588679091,-0.00106109954619,-0.103735346076,0
1.50778653902,-0.614147188153,0.793059570485,0.0100985473,0.0336951545,0.654905785,0.754891429,-0.14602457094,-0.0460578923145,0.0572893149659,0.183278135892,-0.06933571864,0.0273953937622,-0.110726414772,-0.0304976680256,-0.196759158681,0.227307106953,-0.157634910742,-0.0427836443945,-0.059799999,0,0,0.690518200794,0.144383236773,0.110774949877,0.122322488851,0.00105908963272,-0.0879835386232,-5.67736579755e-21,0.543146333844,-0.193454529491,0.0672695862184,0.129003493882,-0.00118894727513,-0.103934066438,0
