0,0,0.826785354034,-0.02816389,0.0520284408,0.707304778,0.704428696,-0.284773032352,-0.0569118692283,0.18122137289,0.270023641829,-0.25579017579,0.128041850294,-0.234040815756,-0.0106470446681,-0.0298784052713,0.0716823201088,-0.112413318686,0.0534179606007,0.0690011605,0,0,0.393953540702,0.390301795704,-0.395644566428,0.128309458313,0.00028505344996,-0.100426805754,-3.83801599317e-21,0.339486070641,-0.43083556897,0.402551664192,0.125564944278,0.000226552283665,-0.109550832185,0
-0.00230031529886,0.00104278947945,0.8258619736,-0.0314100493,0.0546226703,0.709203968,0.702181959,-0.318649013874,-0.0602344339675,0.173269633231,0.323492164209,-0.279943913341,0.136278726509,-0.256609293891,-0.0159841189296,-0.032780177438,0.103950872059,-0.132015904674,0.053941499083,0.0614806042,0,0,0.386633551262,0.389491927915,-0.392893294129,0.128707960539,0.00031084582574,-0.107351252724,-9.67253328896e-21,0.334076876808,-0.428254913195,0.390590696363,0.126163063842,0.000198568676816,-0.115363693444,0
-0.00431033175554,0.00159412065913,0.825720072498,-0.0268318078,0.0550828839,0.710965171,0.700552964,-0.319568046371,-0.0820877329189,0.159116006483,0.340259471068,-0.282127007508,0.129645182335,-0.279451156608,-0.0337601993837,-0.0323619790094,0.172588688803,-0.164304017501,0.0240745880172,0.0451194962,0,0,0.386187834449,0.341181006246,-0.380265854983,0.124070509111,0.000399129987451,-0.0908722447689,2.3569599989e-21,0.328595563319,-0.435696290793,0.405188745156,0.117580629419,0.000116212704635,-0.11116684312,0
-0.00644168065998,0.00464321369848,0.824742625045,-0.0282694219,0.0545844782,0.712348039,0.699129205,-0.328429298333,-0.0854279977119,0.151973239022,0.364243793826,-0.290716112805,0.133394034997,-0.297679292663,-0.0346037340798,-0.0284101946854,0.217769265232,-0.184810945375,0.0128343574572,0.0434718619,0,0,0.387711412357,0.339812492198,-0.379011691311,0.124023231368,0.000406444440616,-0.0921684136836,-1.58487903204e-20,0.330647183752,-0.434566887256,0.40159081237,0.117263973059,0.000103482116227,-0.112551633327,0
-0.00846980783963,0.00809286328958,0.823844321675,-0.0293264202,0.0552567822,0.712282252,0.69909988,-0.335736622586,-0.0899188012898,0.148931436511,0.383630497443,-0.309189621711,0.137144738857,-0.32864316435,-0.0367615536138,-0.0221640133395,0.287724922229,-0.215104653671,0.00263879780367,0.048578129,0,0,0.38768627022,0.336591445834,-0.381437152874,0.124355360285,0.000432678120049,-0.0931755848894,1.38581249678e-21,0.332290826955,-0.44032832182,0.400352521051,0.116730362648,0.000138119081033,-0.114157966482,0
-0.0109080349865,0.0112835402164,0.82195037904,-0.029486389,0.057341512,0.711771313,0.699445567,-0.344615452233,-0.0996177832231,0.144225739323,0.407235375384,-0.328133197513,0.144047236133,-0.384584614804,-0.0457089927045,-0.0195103103785,0.405903911309,-0.256059413775,-0.00383761092344,0.0530752346,0,0,0.385618271492,0.332829059138,-0.382575131235,0.125074618909,0.000466365145476,-0.095050169428,-4.8066917649e-20,0.335588539815,-0.440642211821,0.388723075948,0.116032293555,0.000156675108371,-0.117630273404,0
-0.0128427757514,0.0150419387901,0.818965591451,-0.0307084649,0.0602974975,0.710107954,0.700833715,-0.354954432233,-0.105176658044,0.150302989849,0.428454189186,-0.345748935524,0.146650952301,-0.459993202103,-0.0495703654029,-0.0078025919069,0.552037356508,-0.284739737519,-0.00616500093596,0.0666928897,0,0,0.376363663726,0.331791017401,-0.385797745053,0.125929641466,0.000529016380576,-0.0981290529571,-3.54504617853e-20,0.342762142591,-0.441792367301,0.376130048344,0.115548217709,0.000218421479081,-0.119546769109,0
-0.0148242044832,0.0194437098839,0.81649495264,-0.031071248,0.064415662,0.707655557,0.70292874,-0.364676192267,-0.114846113872,0.150199945333,0.450475792324,-0.362975652546,0.156356802793,-0.530808895441,-0.0682763175326,-0.016834088813,0.684782187924,-0.295520624797,0.00766608183982,0.0768181233,0,0,0.364569519584,0.329427081761,-0.388063379975,0.127185482584,0.000595528171602,-0.101395674148,1.00296087213e-20,0.348660493606,-0.438596934651,0.361422512204,0.114569611643,0.000258653161608,-0.123364415226,0
-0.0168354729543,0.0242364150012,0.814857705148,-0.0326944189,0.069068643,0.704959096,0.705119331,-0.374769244166,-0.111856146171,0.173205737265,0.46821014737,-0.383416632562,0.158113680003,-0.602847701787,-0.0683967556708,-0.00297816051124,0.775627563792,-0.314581686893,0.00144081295077,0.099688312,0,0,0.341996411747,0.327672434891,-0.398397994713,0.129268805978,0.000705193779984,-0.103732283485,2.31172615211e-20,0.359247544186,-0.441188304589,0.34324583286,0.113179059538,0.000372937365829,-0.128218191315,0
-0.0186545777994,0.0308781945196,0.814388529782,-0.0322543485,0.0725847969,0.703408012,0.706334392,-0.368729509618,-0.123411482245,0.174146700006,0.469711892145,-0.391606311908,0.159662543786,-0.660652855672,-0.0640411074033,0.00704965853636,0.817918895584,-0.318555596235,0.0052262003617,0.111417257,0,0,0.322785748668,0.322984662288,-0.407776941831,0.130750094737,0.000797691191327,-0.105711275891,1.93964567828e-21,0.372536773737,-0.44571909317,0.327908999879,0.112659019269,0.000437049037743,-0.131698576384,0
-0.0199157128093,0.0399637769152,0.815059418487,-0.0324296955,0.0760687428,0.700530956,0.708814673,-0.328204572562,-0.1324040181,0.180997902951,0.403255384737,-0.370914483019,0.154834887933,-0.700222502276,-0.0496708942667,0.0207620405841,0.788165014185,-0.292430319139,0.0141286398605,0.136730302,0,0,0.294291695683,0.312181674485,-0.408955786341,0.132786148807,0.000955730607102,-0.102948906858,-3.81860055912e-21,0.388680959791,-0.453822436799,0.312952036487,0.111737975924,0.000563067369286,-0.133091164911,0
-0.0214863922603,0.0491531253649,0.814858623611,-0.0320981593,0.0796994267,0.698666143,0.7102699,-0.298300042906,-0.144102367271,0.187658633249,0.36062216732,-0.364245970151,0.152057026838,-0.739788264586,-0.0415800541376,0.0332578275663,0.741397334097,-0.262073526702,0.0201338565764,0.14176272,0,0,0.271022198328,0.309683652337,-0.413092385981,0.133744603176,0.0010856794845,-0.108638677003,7.22769824745e-21,0.399452200602,-0.466490023455,0.31172027546,0.112459521772,0.000596938387448,-0.134693904989,0
-0.0225570372872,0.0588884976592,0.81341169096,-0.0345004677,0.0827580665,0.696474376,0.711958049,-0.275523872573,-0.15260010217,0.184837075636,0.327224930572,-0.354453683734,0.150068425,-0.780569874107,-0.0235341334277,0.0434574113789,0.681887226679,-0.226888174266,0.0342594343834,0.148203108,0,0,0.241678450009,0.309670589957,-0.41427206143,0.133655472113,0.00124164028383,-0.114246844965,-9.87097913833e-22,0.410167051448,-0.473597094574,0.308300878451,0.113101512306,0.0005993642276,-0.127821346447,0
-0.0245411681747,0.0690603514505,0.811728814538,-0.0349801877,0.0884368242,0.693941121,0.71372336,-0.254300460817,-0.161261921266,0.199296980883,0.299733320703,-0.375223586086,0.148761104195,-0.821059068947,-0.00928529729149,0.0625032752612,0.617107219849,-0.184478008346,0.0502356591499,0.156472864,0,0,0.211484484776,0.304794928,-0.418074710671,0.133608322653,0.00144344792872,-0.119726186571,1.10438297777e-20,0.418438016713,-0.488155335589,0.310698076348,0.112081646796,0.000631958348466,-0.125338755918,0
-0.0249126226993,0.0828654222277,0.808886724236,-0.0341868184,0.0918811269,0.691538207,0.715656362,-0.231206285633,-0.168639821783,0.207609299693,0.291057051342,-0.394892783815,0.143931849178,-0.864207766629,0.00183741901817,0.0690355063343,0.590826933737,-0.167678307301,0.0579614714858,0.159659463,0,0,0.191999004125,0.308046552582,-0.422813777267,0.133317147951,0.00158520639716,-0.1273202487,-2.61046718341e-20,0.437134809081,-0.496455580949,0.321421524492,0.114088268617,0.00058401600604,-0.122146957188,0
-0.0258209957845,0.0981306035263,0.805738654396,-0.033593799,0.0959673479,0.689693088,0.71692759,-0.20194455113,-0.180141571526,0.213061958372,0.271885353054,-0.407928601871,0.136196811922,-0.898066985934,0.00986544219556,0.0771389525459,0.553935415243,-0.149950477299,0.0660174710825,0.162253816,0,0,0.174403411358,0.307262852113,-0.422494185749,0.133559712644,0.00170989012801,-0.131501013988,-1.55101891921e-20,0.452789757798,-0.508495850618,0.327037633171,0.116094438104,0.000550473512002,-0.117326214629,0
-0.0269337086077,0.113677386028,0.802237296378,-0.0329032939,0.100152423,0.687408053,0.718579873,-0.169475076038,-0.191468214797,0.220639225307,0.24757433849,-0.416183565791,0.131916509232,-0.928525355036,0.010341811637,0.0755512639099,0.527399605573,-0.146733202023,0.0712938205536,0.159151924,0,0,0.163191500209,0.304415987645,-0.415094598257,0.133370834277,0.00176541038154,-0.132558119459,4.7376689515e-22,0.463257043396,-0.516857011586,0.331118975977,0.117293284601,0.000509135476147,-0.112451691328,0
-0.0276281325738,0.131032062522,0.798159546499,-0.0322279429,0.104080518,0.684944729,0.720402195,-0.136072740214,-0.202888996349,0.225673638398,0.227139181879,-0.422872559563,0.132072208639,-0.950386098393,0.0133836346529,0.0742352728834,0.516043273528,-0.141165801209,0.0748821477508,0.157029508,0,0,0.155524995773,0.303877738876,-0.415190558755,0.133977526858,0.00175552353605,-0.131340780697,-1.20818037505e-21,0.474838575428,-0.521256314355,0.329272068995,0.118168964942,0.000474372619117,-0.108489270726,0
-0.0289083628729,0.149479989992,0.794229008991,-0.0307952978,0.107767251,0.682237904,0.722488278,-0.100298672872,-0.217470298039,0.229455408983,0.208753413879,-0.422763957595,0.128772269312,-0.963858606055,0.0148235251861,0.0780517866691,0.52551576974,-0.136918518475,0.0713748466428,0.152424961,0,0,0.156809942316,0.305499702404,-0.415326933981,0.134539746591,0.00165842481926,-0.127646956807,3.573764058e-21,0.483318961845,-0.527852111078,0.333551422907,0.118531762414,0.00044351897814,-0.104900925953,0
-0.0284387382969,0.171360302521,0.790764201926,-0.0287654652,0.108676045,0.680286303,0.724273851,-0.0526823486318,-0.228069875029,0.216617382703,0.188113909802,-0.405468247986,0.12797196552,-0.953092289844,0.0311048805563,0.0953957886334,0.546586337755,-0.123544837188,0.0618677979582,0.160828361,0,0,0.160156872365,0.305538224794,-0.419998371533,0.136547194747,0.00151211584571,-0.114327481271,4.44843091495e-21,0.497398750723,-0.539844893265,0.335126182751,0.118340593033,0.000415111296397,-0.0963014871943,0
-0.028253525291,0.194635566759,0.787569277619,-0.0259909675,0.107976993,0.677572018,0.72702242,-0.0144142021951,-0.235386400397,0.209259989377,0.19795939996,-0.396983719253,0.103303723074,-0.940709474101,0.0461494383639,0.114360250257,0.607423357278,-0.120236675809,0.048680329995,0.168704772,0,0,0.180539822416,0.305114297909,-0.422649383793,0.137317215185,0.00138741778149,-0.105593920657,3.23632606292e-21,0.509031717903,-0.545275348689,0.337181422461,0.118854686878,0.000395312845345,-0.0937090149101,0
-0.0274199846635,0.218324182405,0.785023757899,-0.0249990964,0.10653763,0.675960279,0.728767782,-0.00580019306741,-0.230133695544,0.207730977675,0.264533318597,-0.38630866347,0.076515796685,-0.935635994869,0.049911788443,0.116211868701,0.67463632125,-0.131621619158,0.0312995682856,0.179961954,0,0,0.205548597567,0.307717189638,-0.431160803886,0.13854008177,0.00124541888805,-0.0976959098193,1.16173319692e-20,0.528103666339,-0.531458490454,0.32014106061,0.119146705476,0.000369306402385,-0.093623538597,0
-0.0262756412366,0.244125694278,0.782737445073,-0.0192074236,0.0956413951,0.674345222,0.731944206,-0.00400263321666,-0.2062484027,0.227718331557,0.400780686695,-0.383655107543,0.0379241962289,-0.905328695552,0.0690795933759,0.118312602318,0.750560886453,-0.162199215632,-0.00191469118284,0.178647328,0,0,0.276599497566,0.322337395131,-0.430237951101,0.135953940835,0.000974374217161,-0.0945635133839,-4.43070945239e-22,0.559740604751,-0.51752557158,0.327837498997,0.120948886773,0.00024746480614,-0.0892755911336,0
-0.0254095106303,0.269393503956,0.781896438512,-0.0240057729,0.087861403,0.676207466,0.731059204,-0.0320400340419,-0.161019156657,0.237287475889,0.548669510586,-0.331734912173,-0.00227406418312,-0.878920588257,0.0894379705034,0.109468412212,0.792849644919,-0.194733405605,-0.0451302171628,0.18881747,0,0,0.30960851988,0.338655308452,-0.432264154923,0.135312537593,0.000776391579654,-0.0878525137848,-3.74063198314e-20,0.566324590017,-0.494355408414,0.322084173223,0.121340538786,0.000202833553791,-0.0901507724397,0
-0.0237557195024,0.295688632046,0.782588943728,-0.030026818,0.0778902616,0.680935101,0.727570537,-0.0494831243635,-0.121425258838,0.221102893437,0.654484011115,-0.167894475399,-0.0587691865216,-0.843248679618,0.104288528718,0.0838125976276,0.826275381758,-0.245386941494,-0.0890173438114,0.179961356,0,0,0.341653088396,0.36569817696,-0.423831909038,0.132331012116,0.000519061841197,-0.0794448298079,3.57918782393e-20,0.562998357263,-0.462755490841,0.315935480767,0.120678729452,0.000143351415887,-0.0897550002427,0
-0.0219160279467,0.320530324697,0.78416886683,-0.0356492707,0.0729039512,0.68550267,0.72353316,-0.109175104777,-0.0655977084943,0.217911885076,0.798313456477,-0.0522019262458,-0.0639168312361,-0.809521652082,0.110017827772,0.0647292091018,0.847830557186,-0.302910828068,-0.127024256481,0.176083324,0,0,0.367744546299,0.380024268218,-0.409111319953,0.130616944889,0.000393562734486,-0.0756072172407,-7.5289181035e-21,0.55151729097,-0.444914791087,0.318445335267,0.119252616345,0.000125164016944,-0.0926399233581,0
-0.0212753824975,0.344978801326,0.786919725932,-0.0413415362,0.0733796486,0.692580395,0.716406798,-0.234513534185,0.00794665442673,0.234179094041,0.980077938304,-0.107729782626,-0.0458271833797,-0.77966874773,0.0959942913753,0.0435071516744,0.858445463776,-0.356805014149,-0.141443362938,0.149601806,0,0,0.39290395556,0.388463855566,-0.39374356043,0.127821678258,0.000298243377249,-0.0743393395435,1.24086880635e-22,0.518250429504,-0.437891557208,0.323091837122,0.116785935641,0.000137725164839,-0.100258762319,0
-0.0208563619043,0.369948187868,0.792188290691,-0.0455476917,0.0717095139,0.69961308,0.709453798,-0.359035116992,0.0691815320918,0.229201628067,1.08295246575,-0.160727674755,-0.0152449090508,-0.726520375376,0.0835421877379,0.0236032192026,0.837266726827,-0.397568339405,-0.146265315784,0.107890766,0,0,0.427657505063,0.392319760469,-0.378139430264,0.126216405085,0.000205546512061,-0.0759478784018,-1.93305683811e-21,0.475948098331,-0.426143126556,0.320657294568,0.117024832943,0.000122977432775,-0.106403236131,0
-0.02023013779,0.39599214814,0.798203845084,-0.0497308429,0.0685193502,0.70721298,0.701912917,-0.48263326089,0.107768574939,0.210146685455,1.10908604532,-0.219256111896,-0.00167625325944,-0.655850472889,0.0671326122513,-0.0111204448819,0.788673628271,-0.425319235715,-0.140958845811,0.0667459115,0,0,0.459066538452,0.400540923212,-0.363277697344,0.124239137403,0.00011599842423,-0.0752706052404,1.60928660513e-21,0.437986856597,-0.409773929113,0.326215511817,0.117953290408,2.35865212791e-05,-0.111448627647,0
-0.0205893951488,0.420776239667,0.804239068736,-0.0535116695,0.0665821447,0.713335514,0.695597415,-0.599313667765,0.106891264409,0.182491659232,1.06084553321,-0.246171747347,-0.00322788163773,-0.582971849214,0.0575212612255,-0.0357410521064,0.723219205418,-0.434988764489,-0.121691280056,0.02227053,0,0,0.49027979941,0.409262259811,-0.356592515927,0.122926445049,5.56290230532e-05,-0.0787355896762,-1.07859408232e-21,0.388510515061,-0.402010412601,0.34403610345,0.118280504731,-0.000111765772441,-0.119035070478,0
-0.0212621474414,0.44699236342,0.808296053452,-0.0576835028,0.063376636,0.717798672,0.690956642,-0.696047596126,0.100492107431,0.154522728258,0.967086252339,-0.260502923875,0.00323644484649,-0.501250609211,0.0623152584164,-0.0518817577323,0.649218146595,-0.435739907334,-0.106781015838,0.00479928422,0,0,0.513158351837,0.421593643781,-0.355604126397,0.122234469415,2.28504951371e-05,-0.0837991039982,4.61527822295e-21,0.348103054447,-0.398938355068,0.359055411066,0.118364963266,-0.000188992980456,-0.126276353521,0
-0.0231298606586,0.47334982929,0.811057083678,-0.0653911604,0.0712782146,0.722002512,0.685095457,-0.789429569232,0.0812845860546,0.145555242514,0.82922132898,-0.2673644707,0.0107790405457,-0.423386536081,0.0486385176589,-0.0717863095686,0.529740449242,-0.41425907098,-0.0810875588022,-0.00287151323,0,0,0.497574894551,0.413315120485,-0.353958136782,0.121533226438,4.82009775291e-05,-0.0861545446737,-1.12886733941e-21,0.279494565313,-0.418473084871,0.36232170428,0.116515410458,-0.000185657947612,-0.137609106032,0
-0.024792187789,0.49979758951,0.809643585275,-0.0724217194,0.0717229788,0.724360108,0.681845542,-0.859068073104,0.0754387516793,0.13330334489,0.68166363743,-0.247315832582,0.00809461030682,-0.358961532558,0.0522148681376,-0.0921862489231,0.466160579501,-0.412976552374,-0.0686154594514,-0.00890421871,0,0,0.508753761888,0.411214442043,-0.348301228908,0.119661415128,6.3635468197e-05,-0.0915014710629,7.72253553664e-22,0.231693532804,-0.427141827601,0.380626247346,0.113912421901,-0.000225168548411,-0.153623686587,0
-0.0271896835993,0.527236107996,0.805836783719,-0.0786687873,0.072235851,0.724937107,0.680484677,-0.925885622519,0.0523256631386,0.0996338401295,0.551598881436,-0.238535072317,-0.00617022122309,-0.290627604821,0.0543519059486,-0.112394910741,0.40040110748,-0.414347792176,-0.0488644589284,-0.0147573355,0,0,0.522039790898,0.404754609846,-0.338315246946,0.119759323887,8.06229428784e-05,-0.0928794082859,-1.58089302932e-22,0.180121131554,-0.443065294028,0.400797203159,0.110730732258,-0.000259420875904,-0.166342683777,0
-0.0297361108419,0.556548224112,0.800137579493,-0.0831962674,0.0710321581,0.72529517,0.679690908,-1.00333641532,0.0390121967115,0.0695499687353,0.503269544714,-0.285516702963,-0.00328513974741,-0.225814463961,0.0573352638369,-0.130854331765,0.360426787002,-0.424456495687,-0.0265102681529,-0.0125879434,0,0,0.531786017684,0.399457352266,-0.338105116968,0.119771405608,8.75853948855e-05,-0.0877644599519,-1.24513482243e-20,0.136059535005,-0.456890209379,0.416127376039,0.109086711457,-0.000215610171783,-0.175598493484,0
-0.0322362139171,0.587759514147,0.792985097041,-0.0862170527,0.0695089023,0.723519144,0.681362737,-1.0699471013,0.0327631964452,0.0395735578409,0.516834244283,-0.349419476738,0.0017154808646,-0.172215576566,0.0623645247792,-0.138380567691,0.356004173724,-0.438217403333,-0.00832147778239,-0.00800002208,0,0,0.546101757102,0.387015502731,-0.330090901306,0.119916982464,0.000124186830781,-0.0864318301728,-6.51267940791e-21,0.100278440162,-0.466995326774,0.427479078316,0.107459041752,-0.000150539039317,-0.1804429467,0
-0.0355293376032,0.619088170655,0.786055416714,-0.0873946375,0.066548246,0.723835551,0.681172227,-1.07654630658,0.0313456563613,0.0355142356935,0.520686956416,-0.333798965249,0.0127544166183,-0.137126976294,0.063502879208,-0.143758503349,0.398946237751,-0.44673371575,0.000835807515396,-0.00899041364,0,0,0.555320248933,0.382631097316,-0.323916808088,0.120010602643,0.000135020817263,-0.0852588521661,8.73226256349e-21,0.0826185471134,-0.463572308453,0.420454536703,0.107825156528,-0.000181858575147,-0.181736202349,0
-0.0393317695201,0.653098195693,0.780362004595,-0.0849999309,0.0631385595,0.722007499,0.683735113,-1.03618277588,0.0208533618416,0.0200031571806,0.530331093809,-0.293087259337,0.0244502062048,-0.0914405932553,0.0619207913669,-0.13305134159,0.435886899767,-0.413915391896,0.0322562123789,-0.0176114854,0,0,0.571113454383,0.375898573016,-0.316417352366,0.119107571257,0.000150637102443,-0.0819397033654,1.41804123269e-21,0.0709778980785,-0.46065203126,0.418408990213,0.11049279288,-0.000275848393331,-0.174679970963,0
-0.0440578403093,0.688430364738,0.77692482312,-0.0784402985,0.0574528273,0.722350247,0.68465788,-0.987665469115,0.0104957845854,0.0143772295745,0.552381777313,-0.192502167232,0.0393186659364,-0.0458416323,0.0538224592214,-0.121522951443,0.49151052468,-0.329547774688,0.0546266857467,-0.0286521976,0,0,0.592088644014,0.371189517195,-0.316680691985,0.116843582143,0.000152030044514,-0.0755775674085,-4.80332515068e-21,0.0945066217163,-0.443121444602,0.40372728226,0.111911417395,-0.000460417534122,-0.170327942089,0
-0.0488274179117,0.724716384377,0.776938616609,-0.0718832035,0.0561353633,0.723313152,0.684470387,-0.950941835234,0.00117898518243,0.0176222709338,0.608804342474,-0.155392833368,0.0475090685604,-0.0100645083102,0.0419699090657,-0.113467851993,0.539158879903,-0.150228836163,0.0787690429585,-0.0326132768,0,0,0.594179067982,0.362912898506,-0.323351854522,0.116186148419,0.000152813003223,-0.0686893337047,3.74155105864e-21,0.132858633486,-0.427362595689,0.381317708192,0.113643454831,-0.000532361011977,-0.162789088488,0
-0.0531558433724,0.761408974981,0.778894806925,-0.0554824971,0.0535667654,0.724457319,0.684991888,-0.895216709233,-0.0137134458621,0.0443902430173,0.679343494737,-0.159469550956,0.0690101617995,0.0330744145908,0.00976281720833,-0.118276305035,0.597532981446,0.0827768024257,0.0936514455996,-0.0195168578,0,0,0.60751652713,0.353123403768,-0.347164486377,0.11704761637,0.00016587556455,-0.065899592755,5.21074623715e-22,0.207442191328,-0.435114464323,0.363293392857,0.114495424747,-0.000319432048361,-0.157624886191,0
-0.0585936796958,0.795787606022,0.783464857386,-0.0499580644,0.0571156854,0.723332905,0.686317346,-0.846652391528,-0.0315423738529,0.0603396412094,0.706950123074,-0.191051811228,0.115681839383,0.000443859230952,-0.0541952836728,-0.148456617159,0.719501550951,0.242626780572,0.0801481298276,-0.0136534321,0,0,0.581582469915,0.351679104212,-0.355895322752,0.116695436999,0.000167869170731,-0.0673924555446,-4.95501886007e-22,0.237164721408,-0.446323672953,0.356327780363,0.114023145059,-0.000204848051106,-0.155952979555,0
-0.0633761586186,0.829778733162,0.790217337858,-0.0462056593,0.0588672292,0.718559842,0.691427103,-0.78870200253,-0.0318237276603,0.0812727890328,0.721688941876,-0.240255819324,0.136272438526,-0.106711557048,-0.125597959004,-0.163922766314,0.890500184125,0.190994314806,0.0402527642134,0.018818502,0,0,0.546178741113,0.336793048683,-0.34799070743,0.119840286753,0.000230724864907,-0.073521492964,9.50458369012e-22,0.266481058957,-0.464364342842,0.348465004767,0.112732768207,8.96301874813e-05,-0.154673122625,0
-0.0667463210034,0.863209321346,0.798092562162,-0.0411158091,0.0600308855,0.71453274,0.695807981,-0.711422280467,-0.0347818418005,0.100409930945,0.700629689883,-0.274628238833,0.146252614028,-0.241927189369,-0.151892926358,-0.14074940975,1.00383616902,0.076413839384,0.00646357240809,0.0492342738,0,0,0.507085040269,0.33322661318,-0.346166812772,0.122192211424,0.000308219979941,-0.0807051454694,-2.72224987626e-21,0.302836372853,-0.483645737876,0.346044977917,0.110528870593,0.000322949159053,-0.156045194063,0
-0.0698369453705,0.896014310504,0.804942475064,-0.035575166,0.0617183407,0.709932115,0.70065801,-0.630010969148,-0.0415774994377,0.121082062623,0.666229358801,-0.303557222526,0.15116400682,-0.375646428257,-0.156429447548,-0.11104485863,1.0485634385,-0.0110765962909,-0.0057863849846,0.0807549177,0,0,0.465212992412,0.326301457819,-0.344197762098,0.125040340371,0.000448189129773,-0.0892104134389,-1.76958084191e-21,0.343802300579,-0.499817613349,0.338762359496,0.110180765469,0.000500530331959,-0.154489091274,0
-0.0726396741692,0.928996185089,0.810814547018,-0.0294867844,0.0627601209,0.705939736,0.704869339,-0.540232089256,-0.0467546410868,0.147455869497,0.618103783826,-0.32163878759,0.151541369354,-0.498148070469,-0.155497816547,-0.0938093629601,1.03382038097,-0.111124050592,-0.00938846975327,0.113018329,0,0,0.423293908135,0.312563588174,-0.335646897709,0.127569186373,0.000699866198433,-0.100288221564,6.14841246083e-21,0.386862567024,-0.508114175512,0.32532826238,0.107279724187,0.000615509525756,-0.157397841678,0
-0.0746126075351,0.962292782534,0.815827901435,-0.0317022035,0.0665179998,0.701637498,0.708713727,-0.441562829956,-0.0494947555036,0.168205181396,0.51509704248,-0.322777925269,0.138667289299,-0.602936834054,-0.14467517544,-0.0962086898425,0.946069598766,-0.164217902296,-0.0022772171954,0.129886921,0,0,0.352957130902,0.328429020596,-0.334973221295,0.128707397398,0.000872036543378,-0.108192216759,-1.68441877215e-20,0.403011602812,-0.506184105038,0.310153697733,0.109069936332,0.000672200880382,-0.152642243658,0
-0.0757503657962,0.995815529574,0.817485427737,-0.0273379955,0.0691943211,0.698922378,0.711317292,-0.346217887314,-0.058669267968,0.194719439197,0.442973749895,-0.333792138491,0.123840405692,-0.675438715079,-0.134407423489,-0.0968040154361,0.820157010896,-0.189117042056,0.0141585099227,0.146272134,0,0,0.30712861325,0.330695486827,-0.333810256878,0.128687051057,0.00117268042713,-0.122627885879,9.27757898011e-22,0.440396422231,-0.51127418079,0.299441117253,0.109711670209,0.000666190716666,-0.152388651914,0
-0.0761193029607,1.0289743944,0.816396335125,-0.0252277891,0.0726261804,0.69705799,0.712880884,-0.255637868863,-0.0724306252729,0.208582499743,0.364979273362,-0.340605950546,0.109818702998,-0.733224669437,-0.106249813707,-0.086807418831,0.653248712766,-0.182335777669,0.0368496507479,0.152453166,0,0,0.260028948009,0.336984722624,-0.333474947464,0.127106588549,0.00145617458201,-0.136343674544,-7.35544232085e-22,0.470287594669,-0.509725723457,0.284704115638,0.110662447614,0.000610174937119,-0.149196935338,0
-0.0765832977928,1.06229112631,0.812724943834,-0.0232260637,0.0772080382,0.697629709,0.711907478,-0.168268742271,-0.085692413096,0.22673783608,0.292332499586,-0.3494136812,0.096739087474,-0.772124735212,-0.0817091493361,-0.070818739798,0.456226625453,-0.128366706663,0.0723519010451,0.141884829,0,0,0.215694973074,0.349108009386,-0.335013949529,0.123694493127,0.0016157754181,-0.149761558531,2.68937456239e-21,0.49646785075,-0.49853572887,0.266981293709,0.112046127529,0.000468557593477,-0.149767879404,0
-0.0766032950877,1.09665713975,0.806623128421,-0.0224497701,0.0814147248,0.699119851,0.709999355,-0.0898184902817,-0.100952127814,0.230910331402,0.237468450495,-0.363544397871,0.0889453632622,-0.83988891686,-0.0690965253188,-0.0558506882268,0.340618159107,-0.142615742179,0.102942464085,0.122027709,0,0,0.177194312415,0.36535776356,-0.333599892222,0.118736920956,0.00164334585132,-0.162876004633,3.4533317403e-22,0.513054209033,-0.493548708015,0.266235498414,0.113700609511,0.000331041250027,-0.141743042009,0
-0.0758802675833,1.13235070408,0.798929786385,-0.0219385724,0.0834047048,0.700364636,0.708556088,-0.0245620808732,-0.10254072671,0.239347236563,0.2254706146,-0.384108402239,0.0710223710392,-0.934296506463,-0.0676699567642,-0.0569392076254,0.352093587185,-0.223464008609,0.127139720877,0.112694312,0,0,0.147847461366,0.375100825338,-0.326398531709,0.114707573087,0.00171510847086,-0.172910448535,-3.44693170121e-21,0.53061394884,-0.486800282136,0.260418363911,0.116223633238,0.000255369112388,-0.135769793459,0
-0.0750537423924,1.16927815267,0.790381846564,-0.0181350401,0.0827071741,0.701080966,0.708036809,0.0264451105374,-0.103587945576,0.237083944216,0.262291359881,-0.396960940744,0.0541613184513,-0.981560117853,-0.0854062762442,-0.0758934821357,0.396317896319,-0.273556571943,0.132975800885,0.0927843828,0,0,0.147692702348,0.377871647167,-0.314322213484,0.109367371695,0.00165739812949,-0.184019234443,5.19930443565e-23,0.547818433984,-0.487028203811,0.264096757372,0.117439427129,0.000179163945064,-0.13356002931,0
-0.0732863361464,1.20799404756,0.78312775217,-0.015358208,0.0787995367,0.701944161,0.707692838,0.0681791283873,-0.0914326951311,0.224251280571,0.331202876377,-0.40018761427,0.0182957056999,-0.948357378234,-0.0967096964497,-0.0934920149979,0.388933676272,-0.248976277926,0.0982055427826,0.0999252062,0,0,0.14215646447,0.368380422866,-0.303354450336,0.111128602444,0.00179866698088,-0.182719021706,-1.90671303419e-21,0.565770379033,-0.487119327238,0.264630806432,0.118822454514,0.000157875309886,-0.12620614905,0
-0.0700400095578,1.24931802704,0.776296813474,-0.00905370246,0.0689862282,0.701239027,0.709522908,0.113975612619,-0.0717651982883,0.212763029687,0.424106911833,-0.362586427405,-0.0236321186442,-0.885785990192,-0.0837381366423,-0.102205864988,0.408912304622,-0.153327348701,0.0653412733423,0.122490613,0,0,0.167282699822,0.347445774467,-0.29876187304,0.115561468798,0.00199393452799,-0.174578876511,-1.53955531954e-21,0.60060776214,-0.481168454278,0.27056327588,0.120508492331,9.31238195027e-05,-0.116507655777,0
-0.0655721716705,1.29030245114,0.772197047153,-0.00456327608,0.058653897,0.701862425,0.709878886,0.146267798508,-0.0461865413754,0.196912476675,0.519805109694,-0.250367382635,-0.051480495653,-0.857541536216,-0.0382482869667,-0.0533066146111,0.492232373587,-0.0463935192066,0.0399071636485,0.162479416,0,0,0.199064428647,0.314028253548,-0.300685040325,0.12346984513,0.00219521493841,-0.156761875872,-3.22236816523e-20,0.639839283159,-0.460988733061,0.263421156376,0.121955803379,-3.50491140151e-05,-0.106531426278,0
-0.0615769872633,1.33192139596,0.771069376352,-0.00089915521,0.0432357709,0.697727482,0.715056796,0.189094761988,-0.00194974086327,0.231418845848,0.596920976934,-0.0472419401605,-0.117727547058,-0.823426776434,0.0137821536023,-0.033856465073,0.603308496047,-0.0525794902475,0.0252477810701,0.195775711,0,0,0.267248941343,0.322744873626,-0.294062811257,0.129472398736,0.00192626823261,-0.145487721296,9.73683566001e-22,0.666469220446,-0.460925372756,0.291226654681,0.127441344253,-0.000139999141913,-0.101582578555,0
-0.0560034044574,1.36970303321,0.773566039191,-0.00148090696,0.0346015492,0.694768934,0.718398684,0.180464718406,0.0690656425067,0.274459076946,0.709019208813,0.132318994536,-0.105913492468,-0.788293478874,0.0485473194448,-0.0382604642593,0.680583835108,-0.116685263158,-0.0471378485403,0.210486084,0,0,0.311965119762,0.352101739139,-0.31481712015,0.133873776832,0.00140287564708,-0.13308295663,2.35811460523e-22,0.65928756607,-0.460984807245,0.311632892421,0.130579502477,-0.000164321899957,-0.106982804172,0
-0.0504455220305,1.40572572712,0.779228196918,-0.0059334328,0.0351364822,0.695063086,0.718065128,0.0688562934523,0.137342172009,0.282728669691,0.894116608588,0.0963057432907,-0.0787467894289,-0.745628574575,0.0602639722571,-0.0491107700585,0.703053466445,-0.157166994584,-0.0990729718106,0.205429461,0,0,0.328952545533,0.355655159067,-0.33106650986,0.135996463273,0.00101895028513,-0.111007766066,-1.87065055909e-20,0.620678342126,-0.464864302604,0.313208881468,0.128162942966,-3.46300194786e-05,-0.11882376654,0
-0.0464038853859,1.43986753086,0.78678633555,-0.00742487872,0.0307520172,0.694919716,0.7183911,-0.0665761933216,0.158219492724,0.243636300384,1.02613455133,-0.00324867843368,-0.0505782290844,-0.68116004633,0.0705242050942,-0.0622444579603,0.7022093926,-0.20940259993,-0.127073297586,0.177273326,0,0,0.360094598139,0.387341982709,-0.34580157548,0.132791781732,0.00056979760717,-0.0955533637317,-5.34628701296e-22,0.580476938913,-0.473465413291,0.327143644411,0.126066827022,9.24108833931e-05,-0.127738976311,0
-0.0424797746349,1.47353374747,0.794716744842,-0.00735884431,0.0264263731,0.693781995,0.719662447,-0.197678649937,0.155048817526,0.205097336658,1.08429826113,-0.0858197752207,-0.0334802450169,-0.60979582592,0.0820397972496,-0.0697850219086,0.690007761881,-0.25497528959,-0.12797447524,0.132096325,0,0,0.410521426613,0.398916632214,-0.347932272278,0.129231596792,0.000290142366578,-0.0861813721532,2.25094697193e-21,0.536760543623,-0.479246683618,0.341190371404,0.123071896617,0.0001739266181,-0.140609878055,0
-0.0383525625535,1.5067192284,0.801929520368,-0.00715962209,0.022173584,0.690998149,0.722480885,-0.32214942958,0.151895652549,0.17545037556,1.08386466009,-0.171140418846,-0.0193530121286,-0.527565191172,0.0903417584517,-0.0828337447743,0.651171109817,-0.282430390884,-0.119932575815,0.0864233227,0,0,0.47178359178,0.386452755238,-0.320246102224,0.125274673731,0.000177361413546,-0.0774709986607,-1.29384282839e-21,0.494502896819,-0.487905530615,0.351966841261,0.120350207567,0.000197559299317,-0.152188121039,0
-0.0342868417771,1.53930807636,0.807511916186,-0.00769107065,0.0186063185,0.685906116,0.727411474,-0.431007331796,0.146674378052,0.150166738486,1.02694443224,-0.230877177362,-0.00404589602035,-0.448058419879,0.107657256963,-0.0812434647925,0.607764074254,-0.304329683717,-0.112456978389,0.0555245072,0,0,0.517685055895,0.383407526833,-0.302099118734,0.123354059967,0.000132279173822,-0.0767883157544,-1.39370579334e-23,0.461617707256,-0.481377775395,0.34444984914,0.117751159128,0.000147112292428,-0.162970482244,0
-0.0302182025142,1.56962637246,0.810224879281,-0.00877612879,0.0180738991,0.678975087,0.73388633,-0.53357577336,0.124488255461,0.115974684477,0.930433764536,-0.267918594819,-4.98095844697e-05,-0.380308066988,0.12532894068,-0.0716398673409,0.564414561383,-0.30575147349,-0.101086963739,0.0323653625,0,0,0.548554170257,0.381813877192,-0.294461604188,0.122781067207,0.00012359885326,-0.0791094705029,8.03461790869e-25,0.429603122233,-0.48222793836,0.339751110013,0.11451230686,9.25527710116e-05,-0.173765149203,0
-0.0265028888492,1.60036368611,0.810693674942,-0.0108548953,0.0186656588,0.670021649,0.742027462,-0.619125592913,0.11757036277,0.0986447850052,0.813821082944,-0.289049964474,-0.00910566818641,-0.32332230161,0.137234204964,-0.0628824192803,0.544433305454,-0.338011370467,-0.0990625533919,0.0354306507,0,0,0.562808735,0.385767879377,-0.301555722029,0.121807074582,0.000117162039215,-0.0825071768917,1.01828032849e-22,0.405951333168,-0.487681301162,0.330655838455,0.10990854275,0.000118074448844,-0.185373015928,0
-0.0234976060282,1.63010913365,0.808616917785,-0.0141199523,0.0211116794,0.658178727,0.752433178,-0.693851145063,0.114323242495,0.0784314687353,0.685459043778,-0.273213399829,-0.0169191830003,-0.281693789029,0.14757591921,-0.0462908834196,0.540737999813,-0.375064058123,-0.0944123014576,0.0490176427,0,0,0.571438662235,0.381356819338,-0.308043869394,0.12149284203,0.000134188606202,-0.0850278248934,-1.30737516188e-22,0.382056448335,-0.504889776116,0.329323029505,0.103686864128,0.000258941822141,-0.200779066655,0
-0.0198945509331,1.66043503303,0.803986203738,-0.0162843838,0.0229275943,0.646843808,0.76210382,-0.759440537383,0.085329640012,0.0213349497312,0.572463191572,-0.265580610034,-0.0481293889605,-0.244881810527,0.151150415866,-0.0363264098582,0.559420567112,-0.41564357599,-0.0931220044555,0.0545111185,0,0,0.58101079113,0.38347195735,-0.315644461821,0.122237609764,0.000127890702569,-0.0896398195602,3.54316966674e-22,0.368758001642,-0.520798029212,0.325195854333,0.0983739046663,0.000329003179954,-0.212835170163,0
-0.0152587268689,1.69186597447,0.798001758475,-0.0193969695,0.0261254726,0.633502661,0.773056011,-0.832380155708,0.0584908828561,-0.0529168659127,0.521733398549,-0.308057864159,-0.0628536451622,-0.213858839553,0.146737412138,-0.0391979637874,0.587527061731,-0.460900142554,-0.0740126076996,0.0664188034,0,0,0.585205114762,0.375857838412,-0.31022357071,0.122048847192,0.000150109473038,-0.0907488801939,1.31664608539e-20,0.355099982708,-0.527643069906,0.309593430716,0.0934805153409,0.000481245808132,-0.223049254133,0
-0.0102438016878,1.72477708422,0.791603684151,-0.0255230269,0.0350207971,0.616837921,0.785896366,-0.879596692182,0.0368977558446,-0.130286308988,0.489935689924,-0.333804572366,-0.0809339523958,-0.183769288297,0.128736602004,-0.0460567198315,0.597356789796,-0.485058821967,-0.0529337463426,0.0367782871,0,0,0.575127326597,0.358674208251,-0.290344478471,0.122480330001,0.000231672847427,-0.0920163046127,-2.70811032611e-21,0.302346047372,-0.534317661037,0.306254334637,0.095307900378,0.000337927955944,-0.221329131811,0
-0.00533809639027,1.75735780484,0.782968497732,-0.0270835585,0.0349922295,0.598085862,0.800209551,-0.880196136646,0.0299117880686,-0.212313283451,0.504388509195,-0.340837647337,-0.0907995132277,-0.162237114007,0.118508115895,-0.0451007386987,0.662859480849,-0.496458467995,-0.0248763771067,0.0345670813,0,0,0.588808544189,0.351941049838,-0.273804065809,0.122396677773,0.000283884785847,-0.0980371796576,-1.46412530967e-21,0.303254518515,-0.530467775127,0.303303884499,0.0939272547276,0.000273970774592,-0.22523822054,0
-0.00189414055974,1.79064966746,0.771402305735,-0.0191713625,0.024407253,0.576086794,0.816799088,-0.845146382226,0.0626047844069,-0.217896737876,0.57432547158,-0.274666514618,-0.133292381143,-0.133464938871,0.0899777443228,-0.0452201131239,0.784647144088,-0.509823366024,0.00601640125471,0.037696888,0,0,0.636136396666,0.348550167705,-0.27522584865,0.122304322268,0.000276401066961,-0.101194054083,-1.1426630494e-22,0.350513187675,-0.530198403988,0.309105768068,0.0949210743753,0.000228508070608,-0.225943356874,0
0.00213484544306,1.82276274441,0.76336143453,-0.01426273,0.0223975114,0.551382636,0.833829787,-0.836755047241,0.0802551966961,-0.205280089401,0.69013279421,-0.241319168387,-0.159340304907,-0.115892361247,0.0512184165482,-0.0354062590179,0.872999764291,-0.426177866944,0.0203561543793,0.0375176715,0,0,0.64651226109,0.347439120479,-0.282426458082,0.122830359134,0.000272371459854,-0.102676873191,-1.155220953e-21,0.371710508344,-0.544449635622,0.318305541729,0.0976583208812,0.000269360040383,-0.222555784209,0
0.00720908804104,1.8512960235,0.758765937412,-0.0158778052,0.0240103639,0.525232335,0.850471864,-0.837431083632,0.11823527466,-0.180479736275,0.793271146076,-0.260264463716,-0.156280136702,-0.133836460368,0.0109021670533,-0.0421103013383,0.967688015056,-0.311535804054,0.0128121159927,0.0443406021,0,0,0.635860125807,0.357945923081,-0.287591000681,0.122715566721,0.000208273732674,-0.0981394738868,-1.06730695301e-21,0.393599197344,-0.540085082275,0.325501263767,0.10379249752,0.000302168464772,-0.20856340586,0
0.0132900937286,1.87517124428,0.758955365968,-0.0215115716,0.0291510568,0.496805806,0.867105218,-0.828986745838,0.17266204877,-0.146176702549,0.85259201121,-0.303004343241,-0.13380313031,-0.205665952518,-0.0984894810532,-0.102982912932,1.09978830338,-0.304072558303,-0.0592907311472,0.0374242062,0,0,0.608040169088,0.394358088554,-0.298271824081,0.123329717069,8.81144912221e-05,-0.0971106212445,-1.61190406238e-21,0.407137857588,-0.52669279994,0.341624439598,0.110969374686,0.000245270190231,-0.187989540134,0
0.0211052387149,1.89611734145,0.763634837603,-0.0251048118,0.0367409207,0.460113996,0.886744024,-0.792716617705,0.244639743406,-0.0873719322358,0.863433628606,-0.326655313947,-0.12729690458,-0.300561216998,-0.130400520968,-0.111546341978,1.1774723511,-0.297483745876,-0.0833795139862,0.0687136355,0,0,0.574717393432,0.403074478543,-0.288181611081,0.122681720578,6.53325322857e-05,-0.0929893323568,2.45166069932e-21,0.424010207842,-0.53934482115,0.359427239026,0.113119376839,0.000401736251995,-0.176072807755,0
0.0324539208264,1.91375724887,0.770929888628,-0.0291112247,0.0427715381,0.423158648,0.904577189,-0.732863911414,0.316610445466,-0.0299422428807,0.836758176315,-0.334085132493,-0.130517470317,-0.396381881802,-0.0920103658686,-0.110207095225,1.19551827788,-0.292209901965,-0.0637277310391,0.116391487,0,0,0.532798766595,0.420338484214,-0.293260302899,0.123648995066,5.53514249967e-05,-0.0925071292597,-2.22149124484e-21,0.455962861096,-0.542589293475,0.370206887758,0.114441696808,0.000482525662817,-0.168627506354,0
0.0442489555641,1.92962063437,0.779537408083,-0.0323010382,0.0475849546,0.387431506,0.92010279,-0.650021466397,0.376086137063,0.0361414569361,0.776956745293,-0.333142593669,-0.133603078634,-0.481627800408,-0.081538093832,-0.13806477452,1.17200979561,-0.305986520279,-0.0468115094373,0.158040285,0,0,0.491868435638,0.431011170993,-0.288067624563,0.124856152875,0.000115070112847,-0.0940260925792,-6.03502319549e-21,0.49002126323,-0.551497116517,0.382182453828,0.115409239228,0.00044993617832,-0.161413783382,0
0.0571640701333,1.94454183715,0.788672476309,-0.032271969,0.0545070986,0.351394025,0.934082296,-0.550702843735,0.419605722998,0.123500920202,0.696261385067,-0.322307774312,-0.144585504726,-0.558546817998,-0.102729171026,-0.174941671697,1.11612164802,-0.311263653457,-0.0368625128304,0.189885727,0,0,0.456546075625,0.433359208474,-0.283056488247,0.125844096913,0.000238024817518,-0.0985533407504,1.48913887054e-20,0.525361189949,-0.555672223229,0.380356732324,0.116890934146,0.000361835626398,-0.159882654893,0
0.0715722981891,1.95883710625,0.797319826153,-0.0329697694,0.0682949705,0.312821879,0.946779416,-0.421302639729,0.436191190423,0.232650665941,0.538538986514,-0.276536544406,-0.160358616694,-0.638219902344,-0.108625882456,-0.194016186717,1.01783027027,-0.284088804258,-0.0088816766515,0.195937524,0,0,0.409520002037,0.427346062488,-0.266403381177,0.126840751212,0.000460388333506,-0.10320519898,3.74595302318e-21,0.529200126829,-0.557061301072,0.363397355089,0.117523082299,0.000399763822755,-0.155248816924,0
0.0856482954083,1.97247463105,0.801618638686,-0.0259400847,0.0763532376,0.274269903,0.958265785,-0.300473620639,0.429702415388,0.339551994695,0.433892854638,-0.252245679053,-0.16712564374,-0.708236415681,-0.120977986391,-0.195513874464,0.920895292702,-0.266455674651,0.00902370385201,0.207843353,0,0,0.388784678852,0.409924699806,-0.262595806069,0.127514853469,0.000677654526555,-0.109258536271,5.37122231086e-21,0.559785663947,-0.567716886273,0.345861760483,0.118877489048,0.000337132843589,-0.152374204972,0
0.101106745246,1.98562100358,0.80290582411,-0.0186410988,0.0857416107,0.237855844,0.967329046,-0.19107860852,0.404325776353,0.441557541432,0.33228884882,-0.220132938268,-0.173415952672,-0.774512562519,-0.111126917108,-0.177292372082,0.798158049546,-0.243423443867,0.0450617164411,0.218999101,0,0,0.361442258398,0.392008784595,-0.261307841055,0.12826460217,0.000958687610216,-0.116344305467,2.62248245362e-21,0.588192717792,-0.574853238117,0.323523643005,0.120782040429,0.000287896877729,-0.147079731359,0
0.117948146376,1.99778408782,0.801245610455,-0.0105773253,0.0945457965,0.202765697,0.974594934,-0.0981614799022,0.366963037739,0.522472617891,0.251798768339,-0.203574762322,-0.171779693758,-0.828753387745,-0.0877889451063,-0.146144332238,0.654350204341,-0.200174998818,0.0748698220433,0.220443076,0,0,0.339470954246,0.373767702291,-0.262669815199,0.128742328554,0.00119592230325,-0.121894177881,5.68941462967e-21,0.611776584783,-0.575451377845,0.300321040022,0.122246630133,0.000249520198656,-0.141180888908,0
0.135768297723,2.00868488809,0.796984871371,-0.00209095702,0.102408716,0.174173302,0.979373138,-0.0260043225157,0.326690779672,0.587693983508,0.200985153016,-0.208545685385,-0.162426091991,-0.877644799834,-0.0729628779233,-0.111974356937,0.522088782009,-0.155683401637,0.0807870454067,0.217043661,0,0,0.312863902932,0.356825416374,-0.263785943416,0.129150947683,0.00140307918137,-0.124366257156,2.55783181272e-21,0.63459899903,-0.571855823642,0.279152149513,0.124087657236,0.000204007547003,-0.129232598754,0
0.154968169378,2.01901692187,0.789564435943,0.00745531932,0.111498866,0.148193878,0.982624545,0.0174223739123,0.295038945923,0.648761988796,0.20521873034,-0.252833825908,-0.143478394746,-0.931146722671,-0.0595574074842,-0.0701497048444,0.422341137747,-0.11054414827,0.102173961022,0.234054579,0,0,0.274993349303,0.339488074238,-0.272179959674,0.131000244508,0.00171620629071,-0.125680394759,-6.88345339128e-21,0.662193850576,-0.573504174343,0.257452572421,0.125478968497,0.000165026588793,-0.119966716219,0
0.175853263718,2.02844853125,0.779750743331,0.0154505071,0.118593764,0.125664274,0.984837698,0.0623391174034,0.278480229226,0.721913451394,0.2257822943,-0.286678335651,-0.13041125198,-0.988238181517,-0.0392135531218,-0.0267157202557,0.40630167092,-0.0960724262597,0.105896405963,0.259682845,0,0,0.246653931181,0.321201481286,-0.281219085046,0.132953361164,0.00215627625882,-0.132180151569,6.76897243658e-21,0.695951921967,-0.567255334415,0.230949153404,0.127482053974,7.18635624969e-05,-0.118787975738,0
0.199726628266,2.03717334731,0.769234961865,0.0331893896,0.118965013,0.106110783,0.986654089,0.115783945672,0.238080875265,0.763547235172,0.26687760666,-0.326670704179,-0.123955599347,-1.02837884095,-0.0244687450252,0.0420970012079,0.497093171217,-0.034426831946,0.113552327066,0.263311456,0,0,0.245779739218,0.297978780897,-0.287942732458,0.134546616087,0.00238254098761,-0.136047229268,6.38304688298e-20,0.734730414239,-0.575007610206,0.213329719701,0.130402824735,-3.72125563087e-05,-0.114472121721,0
0.2283530619,2.04352900778,0.761700344703,0.0381572722,0.119789851,0.0867507171,0.988265515,0.162168513618,0.226512456757,0.763514035156,0.297622740881,-0.317130475242,-0.150417951311,-1.06143100735,0.0136477230976,0.0734340807682,0.645275051517,-0.0694972430391,0.0992795193158,0.27046843,0,0,0.24287416178,0.294759918137,-0.294339769745,0.136584566505,0.00242923882193,-0.135634242323,-2.03184893361e-21,0.743757593597,-0.576022488362,0.216085609103,0.131743531806,-8.32041484967e-05,-0.110854696422,0
0.25992703344,2.04686197914,0.757485745727,0.0371112654,0.116486175,0.0688113688,0.990110459,0.20285947906,0.240134832199,0.7432738511,0.347756081149,-0.257776925606,-0.182796156271,-1.04990334258,0.073695639001,0.0970881316704,0.720316763647,-0.0659950268963,0.0753789381123,0.287724187,0,0,0.250642947771,0.299440507992,-0.300000624446,0.138210656457,0.00232301287173,-0.13018409925,4.57227781376e-20,0.749491559132,-0.56830235369,0.23024525551,0.132892858563,-0.000181138869113,-0.107395711309,0
0.29566355774,2.04861660138,0.756373694307,0.0304523085,0.110974007,0.051718474,0.992009388,0.244619860253,0.275944546787,0.729199815929,0.407523910571,-0.133301058307,-0.190239087404,-1.01943155901,0.116600653695,0.0847445227237,0.793002012113,-0.105971876172,-0.0111178952892,0.308821211,0,0,0.270567738224,0.316403628108,-0.297947310809,0.139754825787,0.00200114841652,-0.119015904882,-9.44290063909e-20,0.74896129308,-0.553872012304,0.254201782109,0.133713252284,-0.000295947708464,-0.103973607618,0
0.331762660574,2.04911643262,0.757838208301,0.0202593252,0.107233847,0.0385010852,0.993281495,0.253521434855,0.320640269167,0.688435870104,0.483205039595,0.0331200273297,-0.17073755912,-0.983714348608,0.159626757705,0.063591103838,0.848370546652,-0.184476674539,-0.0805865999171,0.312193779,0,0,0.293279016969,0.339455783878,-0.293384484244,0.138539020696,0.00158947670072,-0.108462231453,2.91316204912e-20,0.728642291276,-0.536079789153,0.280466076818,0.132675325532,-0.000313380194291,-0.104924976757,0
0.365651109289,2.04962759065,0.762208102856,0.0141999661,0.106503705,0.0311897608,0.993721551,0.166354691708,0.36571129952,0.597288977306,0.653760046042,0.0584710099341,-0.113252739581,-0.940115343523,0.1835137507,0.0507435541199,0.877453556741,-0.254782967709,-0.120546958697,0.286972347,0,0,0.316885095148,0.363600914031,-0.289391817469,0.136758969085,0.00115234666074,-0.0983188093379,-3.47282332259e-20,0.690507284781,-0.523882295344,0.298715378972,0.130856425143,-0.000188184918304,-0.110312182184,0
0.398320660601,2.05111540822,0.76890651355,0.0111477576,0.109054643,0.0285531151,0.993563049,-0.0224323228233,0.345778273673,0.445138653216,0.856597075542,-0.0578815998235,-0.0962496479798,-0.889365421898,0.18903773977,0.0412856212283,0.879715040443,-0.322328121324,-0.13165446949,0.229009049,0,0,0.345904092736,0.379030919892,-0.281534927719,0.132858308707,0.000810019834753,-0.0934691766293,2.75763012885e-21,0.630345550982,-0.527349031363,0.321996021173,0.127757028596,4.65347973981e-05,-0.119456952799,0
0.430389826019,2.05305971736,0.77823320122,0.00820319997,0.110541621,0.0267995927,0.99347624,-0.194723952428,0.301471623566,0.346213472863,0.978126127034,-0.106901114958,-0.0993032800223,-0.81814418345,0.187114935016,0.0336238957883,0.846518525246,-0.367021445676,-0.126653584826,0.167713264,0,0,0.384980548045,0.384001327118,-0.267057795664,0.129065094994,0.000567919942642,-0.0926847268853,-9.02533337655e-21,0.564763497394,-0.527098367058,0.342718840598,0.124648531706,0.000235211906914,-0.128439119608,0
0.462562243556,2.05537891372,0.788818956853,0.00641055303,0.110646776,0.0275825342,0.99345629,-0.365036703064,0.243933740194,0.26650894009,1.03910033783,-0.159328713202,-0.0915580244857,-0.729041134159,0.171205972219,0.0217008687618,0.781152286311,-0.388729755242,-0.100426210027,0.113577624,0,0,0.425577347698,0.384567419591,-0.264203134457,0.125693485091,0.000382551785113,-0.092656832248,5.01077572718e-21,0.510692329952,-0.51805832059,0.348882344476,0.121703441166,0.000300392401136,-0.139675913448,0
0.496179951728,2.05723693886,0.79824094123,0.00471486541,0.109638268,0.0301218928,0.993503846,-0.513521689772,0.189916505149,0.204320561498,1.0343520392,-0.203617720233,-0.0789407710206,-0.626685143597,0.149385245785,-0.00123100983755,0.696395591982,-0.393470481884,-0.0743223151016,0.0624866506,0,0,0.463857141985,0.384715861499,-0.263593001569,0.123455525922,0.000252717697744,-0.0944051226532,1.74823989704e-22,0.466577159789,-0.502322814458,0.341604169515,0.118567457176,0.000235663637493,-0.153675331066,0
0.528934328904,2.05911449167,0.804445886484,0.00295568673,0.109877183,0.0323648736,0.993413702,-0.646599433319,0.144048971313,0.15895517255,0.980327716707,-0.239868385611,-0.051979747347,-0.532494919944,0.133688932106,-0.0251073585733,0.613492010422,-0.382587560158,-0.0438034718775,0.0217189109,0,0,0.497051438333,0.383933337428,-0.2656736556,0.121629093183,0.000190428729305,-0.0978062779337,-2.60198111595e-22,0.425247423316,-0.487302725462,0.334676359383,0.115004914918,8.78349260249e-05,-0.16643490005,0
0.562565262387,2.06152069835,0.807030365938,0.00108920643,0.111466426,0.0311389561,0.993279626,-0.756556727808,0.114688598073,0.138192549776,0.881304943133,-0.248226223589,-0.0277232266706,-0.439479440032,0.127597699734,-0.0390070939744,0.527481031439,-0.364044888395,-0.0141538235264,-0.000853467842,0,0,0.524044636128,0.371510824151,-0.261139230205,0.119632476268,0.000205104364913,-0.0991605240329,-5.86190347883e-22,0.385064071928,-0.479285399126,0.331786986862,0.111348130158,-5.6911711331e-05,-0.179097760605,0
0.595971880443,2.06407812499,0.805244634569,-0.00159761418,0.114535505,0.0262399903,0.993071261,-0.849264773446,0.0842468632017,0.122792730326,0.746831373094,-0.245438761741,-0.0234394363817,-0.352508618635,0.128909955637,-0.0507549517457,0.446158113687,-0.355059653585,-0.003602010368,-0.0100521077,0,0,0.545997744012,0.362923227798,-0.259040254652,0.119347767885,0.0002313640662,-0.100295614374,-5.70589256396e-22,0.342122171603,-0.480511708104,0.332701603176,0.107359671219,-0.000151320488619,-0.191759757773,0
0.630619133771,2.06694665212,0.800066777882,-0.0053147857,0.115456915,0.022512174,0.993043129,-0.922049875208,0.0456732967146,0.0928043776734,0.600710072087,-0.232713100752,-0.0445490711892,-0.258195910826,0.131142688092,-0.0722615755747,0.369514341704,-0.360725174241,0.00684321603573,-0.0094678334,0,0,0.562976021423,0.365793393466,-0.269069515905,0.118600481318,0.000226731734288,-0.100088713152,-2.20158709117e-22,0.310029232755,-0.48562610702,0.330115049001,0.103136516094,-0.000189310522617,-0.204196016273,0
0.667472713687,2.06988042779,0.792321618555,-0.00244821586,0.124971462,0.0179647475,0.991994661,-1.0194108942,-0.00505811839319,0.0584337218223,0.520667179816,-0.294361831812,-0.0454120844156,-0.170121967878,0.114225575838,-0.0848579104282,0.278326619132,-0.347949809054,0.0257848823189,-0.0175211695,0,0,0.549511491946,0.35068225157,-0.265945384748,0.117543927275,0.000263231869965,-0.0972781434202,-1.03677304362e-21,0.246788877974,-0.508464461013,0.322145355056,0.100974796558,-0.000208058132697,-0.208570391615,0
0.705221700918,2.07240826872,0.781931603036,-0.00462076131,0.122774858,0.013762598,0.99232836,-1.0910528137,-0.0168751088556,0.0496391310334,0.530271306875,-0.353845881894,-0.0446176686791,-0.1098222578,0.11727269729,-0.0821729428337,0.296935253542,-0.35938461127,0.0593290264078,-0.0219095592,0,0,0.563820141146,0.357835550853,-0.270671746345,0.117607303505,0.000248898221537,-0.0982490612239,1.11883995891e-21,0.229484859181,-0.509129102952,0.317632601503,0.0990027506204,-0.000288506426283,-0.212663833627,0
0.744429011025,2.07527872655,0.772596674945,-0.00472792819,0.119598,0.00990862654,0.992761696,-1.09684957799,-0.0270253316492,0.0599924532051,0.528490474684,-0.351397971472,-0.0322722218859,-0.0617515507382,0.116314181344,-0.0645194446194,0.345634334011,-0.352092761425,0.0881089245391,-0.0291873056,0,0,0.572513045722,0.358521007278,-0.272637809125,0.118119968531,0.000243107688005,-0.0960536588864,-2.79190161009e-21,0.219553494426,-0.510860639441,0.311114704921,0.101665400972,-0.000336877514681,-0.207375624372,0
0.786053283662,2.07793529016,0.76406998572,-0.00283070998,0.11171904,0.00732272619,0.993708821,-1.0450864329,-0.0712310177291,0.0367965350137,0.520561194851,-0.229554494958,-0.0192542181483,-0.00557141880984,0.115245840602,-0.0416567360034,0.401851663754,-0.268567987225,0.131087787904,-0.0517562411,0,0,0.586262664614,0.364321112918,-0.285939916554,0.118395374659,0.00019845479867,-0.0896705676491,-1.47890454839e-21,0.225463812811,-0.509730598878,0.312775520968,0.10801250324,-0.000469335626415,-0.192846142692,0
0.828315747182,2.08114662727,0.758965392749,-0.000563385686,0.103798763,0.00601274984,0.994579985,-1.01635657543,-0.0908552583828,0.0219536585412,0.599640039479,-0.121552178227,0.0149717469533,0.0376961467605,0.111711517764,-0.0267463945021,0.467472033825,-0.0985017441328,0.168376317053,-0.0623448665,0,0,0.589300966614,0.379706670581,-0.310808564324,0.118805965222,0.000135781915272,-0.0841113881437,3.69214165145e-22,0.256113363258,-0.499890026202,0.301928481382,0.114276299467,-0.000463199688318,-0.176882683016,0
0.871479095696,2.08326865296,0.758780782674,0.0037199554,0.0984980454,0.00835931938,0.995095181,-0.982533185214,-0.114912067755,0.0224482314522,0.685237353639,-0.104635039653,0.0395913927631,0.0688463929514,0.095884320456,-0.038425298197,0.523523351732,0.167024599191,0.207912800213,-0.0811395625,0,0,0.57715459404,0.398952631503,-0.337300739428,0.117965930209,5.87032662905e-05,-0.0767535672848,2.77219694295e-22,0.291733249296,-0.490595588062,0.293983868857,0.120134240184,-0.000450812550981,-0.156710585764,0
0.910949999069,2.08644315044,0.763424211774,0.00959651591,0.0874187825,0.00356902189,0.996119032,-0.922912060377,-0.129834279806,0.0354626587432,0.749782447014,-0.155021945901,0.134853656754,0.0638858312506,0.0232006021227,-0.0752581562187,0.643017597089,0.387058078561,0.189411829715,-0.081326277,0,0,0.575019645502,0.402198370698,-0.357147263461,0.119305493634,5.78543977994e-05,-0.0800858681374,-1.70454624604e-23,0.342902805109,-0.505654434091,0.311940176991,0.122740404633,-0.000191730583329,-0.142957630789,0
0.948966100802,2.0900080635,0.772003937391,0.0113374917,0.0864081827,-0.00558475401,0.996179651,-0.860958954848,-0.124381287959,0.0536251657017,0.769687240238,-0.203983959738,0.162984876889,-0.0837882080604,-0.0517583279149,-0.0922661700188,0.865441453246,0.28539608942,0.137766687691,-0.0468197759,0,0,0.531607182619,0.397341529016,-0.343178379733,0.12007291301,5.58440222249e-05,-0.086413207036,9.16720958011e-22,0.367610913781,-0.524397648917,0.322127305835,0.123241295409,7.24837588476e-05,-0.132813199253,0
0.986341803295,2.092783494,0.784155309622,0.0173317563,0.0834674816,-0.0129489884,0.996275621,-0.764068160685,-0.121787760658,0.0853905167991,0.723507878423,-0.239709135343,0.174536387372,-0.246407631015,-0.116023035845,-0.0820248863432,1.01298346609,0.146516853521,0.0818824781851,0.0106542584,0,0,0.477696544171,0.379695325693,-0.346323463398,0.121316409034,0.00015193701399,-0.0908092654317,-4.22006135944e-21,0.41470635298,-0.548309796305,0.322599852809,0.121435485656,0.000324283733924,-0.130245955566,0
1.02373591182,2.09480259487,0.795138212554,0.0236861235,0.0804367448,-0.0201514264,0.996274469,-0.662986060338,-0.133057714639,0.102746552572,0.66618752891,-0.265414019108,0.170226625122,-0.40027675915,-0.164725494097,-0.0689748619582,1.08211376196,0.0349507980123,0.0441251383663,0.0551359858,0,0,0.423767275931,0.359765189893,-0.346001776912,0.123176339734,0.000350448161025,-0.0980933328765,9.76131254889e-21,0.463924589892,-0.560621933531,0.317461676755,0.11929408291,0.000428396406483,-0.127959887474,0
1.0605135471,2.09707574858,0.805151824791,0.0303802971,0.0770302187,-0.0291265567,0.996140064,-0.548670054838,-0.136978065793,0.141225482971,0.574847224013,-0.263835512968,0.170049379241,-0.536040046014,-0.170255094871,-0.0373960885099,1.06152560404,-0.0304937867369,0.0177852240711,0.104964592,0,0,0.371574279637,0.309079815573,-0.333216849257,0.125886589571,0.000798590369818,-0.102967483019,-5.72523144933e-20,0.514092477364,-0.564141475024,0.312835159355,0.115351173345,0.000434233848492,-0.123137463051,0
1.0971612737,2.09736694446,0.811256006693,0.0351848013,0.0736858472,-0.0333269091,0.996103279,-0.436869807225,-0.144612985614,0.174463733595,0.487597513175,-0.267729915617,0.153763964033,-0.644548779378,-0.146527800115,-0.00966688793133,0.978494756088,-0.0868782734328,0.0224047392766,0.14037435,0,0,0.316595517294,0.301125982157,-0.341624471965,0.128015981227,0.00121764270552,-0.118426473867,2.2213496518e-20,0.557575676371,-0.576146440829,0.307104201806,0.116708838001,0.000402789019507,-0.122712164304,0
1.13497411477,2.09759136561,0.814190134493,0.0406161164,0.0715429826,-0.0372541113,0.995913683,-0.317155831672,-0.164252399056,0.193257068707,0.377418634856,-0.258448469883,0.131716200826,-0.716713429697,-0.131926590181,0.00044581266712,0.827485855836,-0.106757250118,0.0441629359396,0.154094544,0,0,0.26879531853,0.301166515979,-0.344922548467,0.126491994754,0.00162260781095,-0.136401551592,6.95937014342e-22,0.591083372228,-0.583362884819,0.298236700411,0.117877913155,0.000346790755116,-0.12253303349,0
1.17212115776,2.09732617906,0.813071367907,0.043271473,0.0711501809,-0.0387177351,0.995774155,-0.205062046769,-0.181848418433,0.195839034028,0.272263540698,-0.253247745308,0.11543087699,-0.771999762661,-0.110041400411,0.00264779079206,0.641256541455,-0.122361320912,0.0715268831058,0.151397101,0,0,0.217585536199,0.3183896026,-0.351325330332,0.12185268945,0.0019029086689,-0.155262311359,2.6092170897e-21,0.614167938723,-0.580921128194,0.28706067003,0.118957169473,0.000294436359709,-0.121540658563,0
1.20960526459,2.09705658866,0.808506852125,0.0414568679,0.0809739054,-0.0388758065,0.995094582,-0.123546840934,-0.184735081869,0.198908851337,0.192438735145,-0.260572133998,0.0934231324913,-0.814620600333,-0.0651826216227,0.0157875196571,0.40360281041,-0.110326950848,0.102468734528,0.15206508,0,0,0.131930465036,0.339575815331,-0.350705698844,0.119386195934,0.00220924525524,-0.165990658093,6.84548577e-21,0.612920350474,-0.560526200467,0.255634204361,0.118582295761,0.000304522585382,-0.119316133824,0
1.24731188026,2.09712729834,0.799981382,0.0421104593,0.0850158431,-0.0389752393,0.994726066,-0.0418154320691,-0.196703379062,0.19655540949,0.136182315153,-0.272674579842,0.0794666837339,-0.901018746592,-0.0342816305625,0.0293628258808,0.325066824377,-0.181323734405,0.125590345837,0.139588807,0,0,0.0896756531603,0.356105313629,-0.343834897759,0.113310710226,0.00234298053204,-0.180348332371,-8.69721651055e-22,0.62272956925,-0.54756081465,0.237791227061,0.118680627134,0.000266669368324,-0.118352000461,0
1.2863602145,2.0960311651,0.789376765245,0.0433359233,0.0857928766,-0.0375949789,0.99465984,0.0249136380636,-0.203436764744,0.19317980986,0.132943106131,-0.291475762794,0.0638795068983,-0.987018535154,-0.0201804267189,0.0248763858741,0.364135191067,-0.246236152898,0.143100569566,0.130627189,0,0,0.0654061347667,0.363188889813,-0.331530728912,0.108763088633,0.00247004835319,-0.191356336522,-3.51587036618e-21,0.637178049668,-0.542663375855,0.225320253542,0.119327302885,0.000227171105628,-0.118747532528,0
1.32591483404,2.09512294435,0.779695630055,0.0425397056,0.0816615086,-0.0361997943,0.995093637,0.0693141002208,-0.203019681344,0.175635311043,0.196362481759,-0.305112874121,0.0381478834147,-0.981296940515,0.00418001139898,0.0466898634349,0.364712761209,-0.235855161215,0.123379103022,0.132616121,0,0,0.0577487430569,0.362789638306,-0.325201221134,0.108803486725,0.0025598859456,-0.193310157162,-7.65030478186e-21,0.656201149532,-0.541030219586,0.22132639527,0.120534680193,0.000185068652805,-0.115541481864,0
1.36822277296,2.09388306573,0.770666134469,0.0396358298,0.073915832,-0.034179106,0.995890174,0.0938876738834,-0.193128532907,0.160072957224,0.322586349981,-0.300688016135,0.00358987453584,-0.92783027525,0.0205892662895,0.0558506911405,0.382514627487,-0.15605272465,0.0917869941488,0.148053594,0,0,0.070315358485,0.343885136445,-0.318586375863,0.114096888194,0.00268264241757,-0.183767393083,8.00480741211e-21,0.680972232509,-0.536589451744,0.222062817466,0.122084057166,0.000113008143715,-0.10651765616,0
1.41024106975,2.09202812972,0.762936393179,0.0344683179,0.0546801466,-0.0295056494,0.997472523,0.114645984877,-0.172674426633,0.152908491958,0.494541921049,-0.243405526872,-0.0268527773807,-0.888529718131,0.0361512772105,0.0704794201003,0.495104221635,-0.025926987897,0.0522275820428,0.163561451,0,0,0.135517376822,0.323846661815,-0.324663698753,0.119535999038,0.00253233136957,-0.170944932401,-5.60441282447e-21,0.734568412047,-0.522005146836,0.232678353276,0.124795246766,-8.75601246378e-05,-0.0988041067274,0
1.45383549076,2.09052385521,0.761550595756,0.0239992183,0.0438644767,-0.0270769464,0.998382083,0.158034198558,-0.136394568808,0.160908542453,0.562358761343,-0.0136197218673,-0.0843421630497,-0.853243145304,0.0682936391491,0.0704343611951,0.612299547599,-0.034159571851,0.0161694634814,0.185357443,0,0,0.191705225676,0.328822744051,-0.327404409462,0.124752199565,0.00223038877288,-0.155753588984,-4.05852787682e-21,0.756384961027,-0.503636101594,0.249134169062,0.127447742868,-0.000226940468622,-0.0918251591164,0
1.49400002835,2.0880785656,0.763739683931,0.015604974,0.0432084153,-0.0273817599,0.998568854,0.136596240561,-0.0712067063303,0.20658558681,0.672838888587,0.204423045392,-0.135198704352,-0.823642711562,0.0910967091413,0.0563458836052,0.690377011587,-0.112435964188,-0.0208810421733,0.211845895,0,0,0.2342324803,0.348390968908,-0.314207177349,0.129660428915,0.0018751415405,-0.140688707786,-3.95820206214e-21,0.746742175619,-0.491168003822,0.244001491717,0.132099176385,-0.000264363231305,-0.0947997251727,0
1.53125942902,2.08669979593,0.769283126452,0.0112067924,0.0462354006,-0.0163005749,0.998734693,0.0033296933833,0.0138860060251,0.22226250134,0.891775677662,0.130742624711,-0.102469275935,-0.790584246473,0.0773189393074,0.0328264177636,0.743991436957,-0.195839335136,-0.0541650946107,0.188550822,0,0,0.271127305819,0.364504917107,-0.32089785994,0.13011758205,0.00127404577965,-0.121952010659,-2.7945787236e-22,0.711264188739,-0.477126615322,0.236208025635,0.130488444823,-0.000173666035622,-0.102923268512,0
1.56666856413,2.0864168653,0.777702395079,0.00842519241,0.0487756267,-0.00469942651,0.99876317,-0.147415576124,0.0783776186242,0.216981914873,1.03163608468,0.0196597906383,-0.0646170268162,-0.729568198981,0.0514978887047,0.000179782398823,0.736617023978,-0.230021778894,-0.0693342566654,0.143300208,0,0,0.31916454852,0.38681053434,-0.3225332838,0.127397699418,0.000727303911625,-0.107765380578,-5.45239312817e-21,0.653427853925,-0.483381510584,0.247023722422,0.127359245592,-3.57832283599e-06,-0.11650702917,0
1.60239093271,2.08658451462,0.786586629222,0.00686717695,0.0523557694,0.00395850922,0.998597039,-0.29707557679,0.113210586641,0.203705823672,1.08551373955,-0.088608405049,-0.0356784652801,-0.661946319036,0.038293414155,-0.0169714065422,0.711416706616,-0.262873110665,-0.0781882569488,0.099296572,0,0,0.373880809239,0.390369262458,-0.305827127631,0.123848564283,0.000427224829135,-0.0962994260425,-2.33491399488e-21,0.579658733679,-0.500027463167,0.265332861681,0.123127024214,0.000169766167607,-0.134900564815,0
1.63834082995,2.08708798661,0.795685502296,0.00266044437,0.0514642879,0.0114780801,0.998605329,-0.418017189441,0.139477385926,0.193864321281,1.05805142574,-0.17437975521,-0.0261715661058,-0.566391665958,0.0275921143926,-0.0484762933539,0.65258835069,-0.278562255231,-0.0626773533763,0.0579159445,0,0,0.445682123582,0.390112307988,-0.279787183237,0.120331471487,0.000246236446692,-0.0902883485367,-2.3278763673e-21,0.51850514399,-0.496971670256,0.27461500104,0.118106520397,0.000164377963922,-0.157073317241,0
1.67345281159,2.08837991145,0.802668711804,-0.00100897294,0.0557072755,0.0188566139,0.998268556,-0.529257361767,0.154895998196,0.188249812664,0.967565825877,-0.228812536604,-0.00611390300146,-0.483530806333,0.0236575424596,-0.0716288214362,0.586366009091,-0.281740105386,-0.047591468855,0.033733889,0,0,0.488392488442,0.405986881942,-0.288961695588,0.119837017391,9.73078976125e-05,-0.0870374772992,8.10946294134e-21,0.445241972117,-0.504164989658,0.294523012058,0.113018673306,0.000172395304359,-0.17503185255,0
1.70728152898,2.08996191971,0.807159626456,-0.0041445892,0.0588835979,0.0239205751,0.997969614,-0.613207735033,0.176901119781,0.210356288054,0.82903790671,-0.264721139421,-0.0107065668821,-0.397073317241,0.0209676365408,-0.0961364992845,0.508169198301,-0.280196500759,-0.0297785915281,0.0301545122,0,0,0.528559957918,0.403713649104,-0.280082880648,0.118433570762,7.85434973491e-05,-0.0836115587546,3.91983743658e-22,0.392388880041,-0.509974009781,0.292078089969,0.105411769004,0.000155424643292,-0.198962099286,0
1.74038252789,2.09232426267,0.808008028527,-0.00588021414,0.0643844886,0.0266698897,0.997551391,-0.684289119815,0.176364059587,0.227118272153,0.656908899099,-0.270163752582,-0.0233518227838,-0.322412093939,0.01775775003,-0.113672277548,0.44508651307,-0.279761059171,-0.0146662124465,0.0347968596,0,0,0.559018865343,0.401387011352,-0.272864827633,0.117362686188,7.1455261426e-05,-0.0806273446612,-7.21975547316e-23,0.341073414897,-0.519772375044,0.289841872292,0.0961989567925,0.000242454329931,-0.220234729122,0
1.77380941097,2.09553808212,0.8057112136,-0.00765101896,0.0706824731,0.0294356002,0.997035102,-0.760114346826,0.142156974264,0.204043428316,0.502715384707,-0.286539352353,-0.0456983290831,-0.257142448738,0.015186996551,-0.129602721568,0.396505881232,-0.298943045063,-0.00215636228057,0.0418251813,0,0,0.582809448439,0.398746547649,-0.273565160574,0.115894610029,6.38746989805e-05,-0.0781804105505,-2.84318382752e-22,0.29207089797,-0.538130738087,0.296391756941,0.0855563237162,0.000422709896362,-0.239873346828,0
1.80879348818,2.09959423939,0.799906181146,-0.00765487432,0.0833403307,0.0306181475,0.996021245,-0.877195881257,0.100548978799,0.160100078315,0.462267168842,-0.343679915499,-0.0592790470272,-0.207203763887,0.00593992844558,-0.140591548251,0.360823460575,-0.33017186041,0.0107697745513,0.0242444588,0,0,0.586470545482,0.385785110186,-0.263512429847,0.115514002216,9.1382934388e-05,-0.0740877619469,2.20723107246e-21,0.204700608987,-0.578924261811,0.315008751711,0.0784771101849,0.000459623943509,-0.257510132694,0
1.84392704772,2.10296948394,0.790301077013,-0.0114300228,0.0869034384,0.0322212228,0.995629921,-0.965042236817,0.0794253572873,0.128751318975,0.488982755553,-0.380144527523,-0.0793423996677,-0.173660164211,0.00490631337081,-0.152982386831,0.400977376596,-0.372591138317,0.0225449242118,0.0131849947,0,0,0.60985484982,0.388989519636,-0.260197935413,0.115239071692,7.5967471678e-05,-0.0726545684169,-2.86004505503e-21,0.160612974743,-0.588219055094,0.318613761486,0.0725620183935,0.000316971920249,-0.269396615142,0
1.88040473461,2.10680096263,0.781143513347,-0.013028249,0.0862908189,0.0342583906,0.995595561,-0.972757253332,0.0513065607913,0.105570557023,0.482007370304,-0.355265616139,-0.0651569774907,-0.13831362144,0.00373583723569,-0.149467744367,0.459561203184,-0.401926367914,0.0334039328521,0.000419230618,0,0,0.630055815979,0.385614079495,-0.255553090091,0.114871712997,7.83853116594e-05,-0.0689284251264,1.36086347965e-20,0.136554750591,-0.58854060592,0.316074875785,0.0711906866755,9.15031674314e-05,-0.272652527164,0
1.91826320461,2.1122309249,0.771977355298,-0.0127081892,0.082476196,0.0381943823,0.995779779,-0.932627769814,-0.000328867336905,0.0755949220499,0.468819893072,-0.290640888635,-0.0610913687076,-0.0942178914107,-0.00872156126955,-0.157575798347,0.52219379391,-0.393385040249,0.0838895379118,-0.0231226088,0,0,0.647675211609,0.387892046588,-0.259458516467,0.11388367323,6.74845500434e-05,-0.0627590703073,-3.24791445368e-21,0.131626434937,-0.569065993327,0.307576109177,0.078920301202,-0.000322086196165,-0.261056585103,0
1.95706914378,2.11866716002,0.763186827331,-0.0101699425,0.0618739783,0.0385201138,0.997288516,-0.871806451429,-0.0551737996493,0.0214992912357,0.509382521364,-0.144729212686,-0.0187385863946,-0.0373495822658,-0.0157817044172,-0.137557061914,0.626530616649,-0.336510844828,0.0996673159898,-0.0245995105,0,0,0.699683242927,0.378534131623,-0.263574930085,0.114598627453,9.4104731675e-05,-0.0605122681395,1.19835891446e-20,0.198022437552,-0.544489401213,0.292816399949,0.0859585227785,-0.000359882426049,-0.247357803538,0
1.99678650314,2.12556299421,0.760140952322,-0.00206445961,0.050350428,0.0384729869,0.997988177,-0.834494109799,-0.0804339688197,0.0331152043775,0.606149772865,-0.0975652610638,0.0272066772594,0.0258236268438,-0.0521645685905,-0.142386332115,0.664884409662,-0.118523619346,0.128660676107,-0.0373858228,0,0,0.719041563489,0.368773548072,-0.283180135242,0.116735612085,0.000139718754306,-0.0610325713726,-9.69947339296e-23,0.247877586016,-0.522269197777,0.275746890708,0.0945933428743,-0.000523827899692,-0.231212724011,0
2.03444383993,2.13134245038,0.760848221894,0.00465557682,0.047151022,0.039671072,0.99808883,-0.802678594228,-0.114555012052,0.0347338530519,0.676495416245,-0.124341119412,0.087944766885,0.0459652183121,-0.0762672949832,-0.137191891044,0.711722029194,0.145543572949,0.126688628292,-0.0467603709,0,0,0.702146070466,0.367627388655,-0.302670679343,0.117343975948,0.000145580124487,-0.0611031702962,5.26507650162e-23,0.287542285376,-0.511311361167,0.279132845824,0.106032682462,-0.000410848059884,-0.201987342802,0
2.0688785588,2.13781072596,0.765452017354,0.00861067448,0.0529997142,0.0334993353,0.997995331,-0.769119837377,-0.126452818597,0.0456265928102,0.699964011059,-0.166482364035,0.139973768698,-0.0307564315411,-0.137978289256,-0.141516527228,0.85250679937,0.26236472708,0.10195791605,-0.0515686263,0,0,0.654331602191,0.369316298342,-0.313697121807,0.118109884216,0.000128616455646,-0.0647452208746,1.56694446459e-20,0.295534694999,-0.50638668478,0.294584535249,0.116641617523,-0.000260915830598,-0.172323178051,0
2.10192818264,2.1431725896,0.773695250982,0.0152527443,0.0510924743,0.0254495546,0.998253091,-0.697097313836,-0.129239396474,0.0748344528992,0.682651245377,-0.205540224827,0.156598839077,-0.154598315717,-0.206824473581,-0.13408082147,0.999995129758,0.166104013082,0.0704144286935,-0.0311856607,0,0,0.607606329583,0.362906754579,-0.319834254122,0.119086815346,0.000133945846125,-0.0728345909944,2.39818931981e-21,0.332382348252,-0.518427075872,0.303920136809,0.120384406138,3.27603694787e-05,-0.151280037435,0
2.13463659623,2.14709574907,0.782426676475,0.0202127469,0.0480500983,0.016258026,0.998508042,-0.615208161143,-0.131541190724,0.0957412637365,0.649013423616,-0.233644797811,0.15691128932,-0.285897874634,-0.239013394355,-0.110255763756,1.07808537294,0.0628216840898,0.0465395389857,0.0151336515,0,0,0.552300275317,0.35901903997,-0.326810764084,0.120500365614,0.000184146330117,-0.084347213866,-8.7022552265e-21,0.385192903151,-0.535700783159,0.307824935559,0.121548631128,0.000315338795283,-0.140046313624,0
2.16781348094,2.15050049659,0.79107963271,0.0249176714,0.0454820625,0.00885887787,0.998615047,-0.526333641516,-0.13123729676,0.122847022734,0.596575108469,-0.249551802897,0.153392865355,-0.402759748416,-0.239211329199,-0.0834893115577,1.08182267958,-0.0071442133969,0.0298741836184,0.0664882529,0,0,0.487817428462,0.351150353035,-0.329552649992,0.12226375168,0.000331591498232,-0.0955017091345,-2.22542095071e-21,0.446178512318,-0.54389349595,0.305632241897,0.120359273575,0.000447342503662,-0.133646563489,0
2.19956068061,2.15307389289,0.798148283149,0.0287253163,0.0447593314,0.00201893563,0.998582687,-0.430667134695,-0.135698656373,0.144739227226,0.514319878816,-0.238628615104,0.143865779576,-0.512587517863,-0.213772790808,-0.0585747143902,1.02664432387,-0.0763302974663,0.0154937066038,0.111865304,0,0,0.423133630497,0.31251308349,-0.315053645213,0.124409505526,0.000748247316782,-0.104553776475,-2.78336279591e-21,0.508565549063,-0.522706291135,0.292028818757,0.115976685715,0.000378012699272,-0.128100874129,0
2.23057281594,2.15491367749,0.802436156875,0.0320623377,0.0446292367,-0.000714770234,0.998488721,-0.340833814392,-0.144235906028,0.158341305764,0.437506422629,-0.234280198441,0.121947698364,-0.595873089815,-0.189644652693,-0.0528566025329,0.915050630918,-0.124429797602,0.0307432170508,0.132011699,0,0,0.360526313925,0.321293910053,-0.325404371594,0.124938436932,0.00103954404539,-0.121758141873,4.8394898553e-21,0.55491890717,-0.515129594738,0.283243257901,0.116999064745,0.000292225314395,-0.127534336248,0
2.26219331557,2.15684945476,0.804494355386,0.0349684368,0.0446343915,-0.00296374308,0.998386797,-0.24390150916,-0.157589911164,0.164990040386,0.342689575353,-0.227350050741,0.103729082943,-0.650864650266,-0.16514650807,-0.0517102265593,0.754616388563,-0.14547714328,0.0486821662648,0.140743825,0,0,0.303307733517,0.329173081482,-0.332188602531,0.123292440043,0.00135633724331,-0.139202753997,-4.04270799867e-22,0.592031117558,-0.511886704227,0.283296500722,0.118221220165,0.000193223411677,-0.124554168774,0
2.29347042601,2.15815557486,0.804077066265,0.0322092977,0.0562071393,-0.00504853065,0.997886682,-0.171557982816,-0.156067196831,0.166454401737,0.247112321829,-0.22081161445,0.0875838762197,-0.693408212551,-0.11743999544,-0.0524479122476,0.527237776832,-0.128166769947,0.0782135205599,0.13968788,0,0,0.212124573855,0.352511228366,-0.331499326717,0.121176914933,0.00160213566847,-0.149509058324,-8.84068449822e-22,0.588806865309,-0.495477736137,0.274619760317,0.117756512116,0.000168942711443,-0.118849329966,0
2.32426415294,2.15953975049,0.800048963016,0.0334723315,0.059763962,-0.00425361285,0.99764211,-0.104734294172,-0.165335960255,0.167126254364,0.198568668048,-0.23604458973,0.0809988459326,-0.730863913097,-0.0937771480174,-0.0562382094923,0.338097828539,-0.131179368323,0.0979277697064,0.122782547,0,0,0.162057388428,0.373801876362,-0.332614093663,0.116689347106,0.00164268603416,-0.162075507194,-2.98337274623e-22,0.606114256202,-0.485381060707,0.268555205934,0.118504723841,9.21088346674e-05,-0.115334712667,0
2.35622848307,2.16009123262,0.793129924536,0.0350372332,0.0643951183,-0.00531436962,0.997295051,-0.052663157457,-0.171601254133,0.170264573604,0.18229950071,-0.265977275344,0.0694921981092,-0.821730645105,-0.063041692911,-0.0444342826431,0.301600384432,-0.201745368309,0.138227916481,0.111147428,0,0,0.12474449432,0.381700284117,-0.320102047887,0.11273459173,0.00175214431403,-0.173349328917,6.96901216124e-21,0.618382450088,-0.477758494484,0.259572183683,0.119173801545,4.98051900404e-05,-0.111693093434,0
2.38906937961,2.16015777749,0.785084241285,0.0358835223,0.0655153543,-0.00407246814,0.997197837,-0.0121667884108,-0.173411915566,0.166170033698,0.208707313854,-0.296115704873,0.0521756930231,-0.897404539413,-0.0380011388384,-0.0349545073726,0.347425955451,-0.271818457097,0.155262173167,0.103160009,0,0,0.103533163967,0.385787534026,-0.310483561072,0.108999077771,0.00183280703422,-0.18273422415,-1.02798399377e-21,0.636999642033,-0.469935001459,0.250253727681,0.119782332101,2.17572865062e-06,-0.108771720536,0
2.42323583198,2.16008687475,0.777399528569,0.0352001974,0.0629083395,-0.004810263,0.99738676,0.0210155518755,-0.171314897571,0.150767717847,0.269838902425,-0.320821067013,0.0386070128636,-0.881554363396,-0.00533851313176,-0.00959545554859,0.337335345444,-0.246854741467,0.129033124875,0.106435837,0,0,0.0988906126648,0.381748682107,-0.298587243167,0.109027995622,0.00195952354248,-0.184985125658,-1.67118037914e-21,0.654008678034,-0.472337291444,0.253665307818,0.120732715206,-9.93889754944e-06,-0.102429196556,0
2.4595023736,2.15991154859,0.769431988195,0.0338501229,0.0557527886,-0.00667865424,0.997848281,0.0429121234743,-0.162707453933,0.148897856213,0.382015862433,-0.336812048761,0.0130233668217,-0.828982067265,0.0228974044822,0.0128122025467,0.340733368154,-0.166446061191,0.0978802961022,0.127099244,0,0,0.111882902872,0.362021920517,-0.292572157421,0.113519201173,0.00220481276067,-0.178812175825,8.08733343138e-22,0.676620779433,-0.476727758143,0.258901917288,0.12158291271,-3.50260373412e-05,-0.0924161362107,0
2.49577593009,2.15901094952,0.762626680951,0.0307923377,0.0458638601,-0.00379669077,0.998465785,0.0573744515391,-0.146797006838,0.144591536391,0.513782242173,-0.300942150355,-0.0209415183383,-0.793880348257,0.0422620516738,0.0353707313625,0.399658107821,-0.0450316746975,0.0578900600069,0.151530191,0,0,0.142801683959,0.33731551074,-0.297457229119,0.119118055951,0.00231745431095,-0.166614584069,7.58058811001e-21,0.707796892453,-0.468975197125,0.256506504494,0.122566136804,-0.000125990425222,-0.086786939489,0
2.53139230311,2.15875948934,0.759042231942,0.0242450284,0.0306478651,0.0004883282,0.999236032,0.0789274407135,-0.115647744472,0.150989839593,0.632666578586,-0.168669216548,-0.0736579782108,-0.768081174741,0.0536824965783,0.0268629318459,0.523128306615,-0.0267090491115,0.0275150598868,0.158017219,0,0,0.216475248217,0.330920933865,-0.297785329585,0.122704163991,0.00194496696773,-0.151972674373,-1.33737490447e-20,0.743374037911,-0.453751395969,0.258346720512,0.124245199282,-0.000226504191727,-0.0809805479395,0
2.56446327501,2.15753619637,0.758936317292,0.0172378264,0.0253098196,0.00596085335,0.999513251,0.0716949022629,-0.0790530720376,0.147206353117,0.724499767324,0.0153016615676,-0.108602740796,-0.740986953791,0.0637315400206,0.00408502893842,0.602559197533,-0.0692865915103,-0.0302318373812,0.161783639,0,0,0.268552501727,0.339117893527,-0.305783864893,0.125339578232,0.00151913447753,-0.136445164745,-2.43453363724e-22,0.741463584654,-0.439833467952,0.260763376814,0.124585785165,-0.00024587262185,-0.0782130940776,0
2.59436858469,2.15551523835,0.761810724792,0.012260998,0.0292833461,0.0147759596,0.999386724,-0.0152331399941,0.00238955497342,0.175572959385,0.885160432691,0.0731414379844,-0.0874399592226,-0.718639570471,0.0610344661699,-0.0215152041412,0.64336535557,-0.111498757109,-0.0753007502523,0.158442874,0,0,0.298417709013,0.347517347592,-0.321127779817,0.127896837394,0.0011320519395,-0.118962318207,-1.49134383742e-22,0.70993731135,-0.428254593151,0.255484563506,0.124117259093,-0.000216081739795,-0.0830615280038,0
2.62316667339,2.15492539961,0.76834590656,0.00819870529,0.0336902649,0.0267565075,0.999040458,-0.138367881612,0.0938242673192,0.197149929739,1.02754214479,0.0182895152545,-0.048652896418,-0.676128111227,0.0526472560006,-0.0429254179598,0.640106898699,-0.147218461104,-0.111698126979,0.138382597,0,0,0.322890946241,0.36233724509,-0.340067086828,0.127087003379,0.000731959562448,-0.100246844312,-1.42700564214e-21,0.658621779399,-0.425624239741,0.254849945646,0.12078808967,-0.000103202751372,-0.0844492889129,0
2.65146179575,2.15513408094,0.775374506878,0.00395236468,0.0338633732,0.0385110313,0.9986764,-0.258959833201,0.144650352553,0.189478336493,1.09874786026,-0.0368608232856,-0.0182896229561,-0.62034124451,0.0475038419738,-0.0651223550802,0.630069566244,-0.187966640911,-0.120727466987,0.100433452,0,0,0.367528364049,0.38631951221,-0.352839357057,0.124448745863,0.000381398337633,-0.0885060529127,1.0688853035e-21,0.600150774447,-0.426986295056,0.266129551299,0.11913342448,-3.0535902764e-05,-0.0940768497554,0
2.67935764888,2.15563750697,0.782891896659,0.000276793404,0.0332641825,0.0511311394,0.998137778,-0.375471967399,0.144545288012,0.157240421308,1.09304039049,-0.0836194872277,-0.0102154622264,-0.550086794672,0.0380719903153,-0.0977121030973,0.593144822202,-0.215969330221,-0.113739864173,0.054250352,0,0,0.421452291939,0.406072543447,-0.353126206281,0.121813062687,0.000155210544413,-0.0823531561629,4.71991618386e-21,0.538220888862,-0.426675390573,0.277579907123,0.118229417011,-2.31937007409e-05,-0.107830938246,0
2.70597375899,2.15645884611,0.788439606032,-0.00266283668,0.0341565122,0.064064787,0.997357481,-0.484937747951,0.123528016826,0.128078945749,1.0333466188,-0.133861305558,-0.000961191752298,-0.484794984469,0.0246357936303,-0.137039599715,0.555760468168,-0.237786247787,-0.100192486184,0.00546031851,0,0,0.475472320895,0.419069290811,-0.34695248898,0.119719214162,2.77641831781e-05,-0.0789994333907,2.94428751754e-21,0.470439141357,-0.420898188259,0.284016480392,0.117235689471,-0.000128834764597,-0.123510026256,0
2.73190866216,2.15731493789,0.792772171838,-0.00468415495,0.0352891982,0.0736231925,0.996650569,-0.566327775464,0.10066576192,0.116311097935,0.907128479026,-0.17202122166,-0.00147694479278,-0.416087476412,0.0170702959209,-0.171553242507,0.505167141648,-0.248223549976,-0.0839397358792,-0.0251784044,0,0,0.524947415469,0.428040445487,-0.339076632688,0.119582770828,-1.026286642e-05,-0.0816836476668,5.26376319293e-22,0.408142467449,-0.41836305577,0.289490444054,0.116415644775,-0.000296953736549,-0.140505459098,0
2.75758904361,2.15829550481,0.795244775369,-0.00730062453,0.0365964146,0.0819342945,0.995938841,-0.627627870896,0.0838119844682,0.112811916823,0.746269049919,-0.190017970132,0.00319074966824,-0.344133997296,0.0165163418725,-0.207259583242,0.444875896701,-0.272242022689,-0.0718114860271,-0.0377693199,0,0,0.565212702012,0.420631841596,-0.322740721019,0.120297119041,2.19691208727e-05,-0.0827704667424,3.18803144405e-21,0.347459019348,-0.430079804499,0.304524960521,0.113937832669,-0.000369900876831,-0.149350852275,0
2.78201837595,2.15990092053,0.794501596573,-0.00966944248,0.0400657611,0.087303979,0.995328716,-0.650352066547,0.0695770289862,0.128277660969,0.526459870639,-0.120658773828,-0.0119146288006,-0.276098578981,0.0237483822982,-0.231210486733,0.376538750607,-0.276518314138,-0.064965247764,-0.0382885515,0,0,0.595329737912,0.414017390025,-0.311279124709,0.119609029463,6.10677124e-05,-0.0842484818518,-6.41118056638e-22,0.287055445556,-0.442490360117,0.312562218454,0.11130748011,-0.000424036091201,-0.161763469781,0
2.80816523346,2.16200216819,0.790221054919,-0.0188477246,0.0388505731,0.0946507578,0.994573592,-0.648246913925,0.0686085789241,0.152414594705,0.323750762004,0.0403202481303,-0.0451763281497,-0.202908855345,0.0499978702592,-0.256802302182,0.32327502512,-0.304129135241,-0.0731587721639,-0.0497839287,0,0,0.628200018616,0.430269891686,-0.30857173521,0.12012107725,4.38271266702e-05,-0.0848713075398,-5.31038910654e-22,0.234523271642,-0.439585720797,0.321181317384,0.110771064355,-0.000600860673243,-0.168646578813,0
2.83500717137,2.16404362843,0.78361675401,-0.0262380789,0.0357513119,0.101383006,0.993858588,-0.680559518822,0.0400326646952,0.119615277744,0.256844329755,0.0994735270633,-0.0774660304379,-0.145403054208,0.0765130990487,-0.269941106224,0.311560900521,-0.344086050864,-0.0729759366679,-0.0543954564,0,0,0.659320081738,0.435419348642,-0.299152247663,0.120257087502,4.80730770168e-05,-0.0816172571756,-2.7329892152e-21,0.191190838885,-0.444520875534,0.329280935679,0.111022579993,-0.000693167343267,-0.170969199673,0
2.8619444584,2.16621695564,0.776302325169,-0.0312937782,0.0290089155,0.113391739,0.992633616,-0.691524960313,0.0417708281741,0.139058769365,0.252893703774,0.132228217231,-0.0753412931496,-0.102744472039,0.0858849447998,-0.298691467321,0.356645249182,-0.397423526444,-0.0637058331907,-0.0542067719,0,0,0.68518397927,0.4436315792,-0.293151383916,0.12061187776,4.83572912405e-05,-0.0824261376151,5.34153639516e-22,0.180412548773,-0.441414268041,0.323236700185,0.109965283978,-0.000766406640925,-0.174244684034,0
2.89004214347,2.16781495195,0.768914512174,-0.0324030663,0.0213986354,0.121632943,0.991815289,-0.654026173725,0.055127406625,0.184653241976,0.235184620137,0.181724067035,-0.0566838311392,-0.0662215963729,0.0938384802756,-0.308231341627,0.422464014361,-0.458124899475,-0.0659235038469,-0.0489935824,0,0,0.708433162719,0.438244044191,-0.273977688508,0.12028265039,5.82654974633e-05,-0.0790500346203,-1.44136547874e-21,0.17652482403,-0.440287536904,0.316395166662,0.110973607776,-0.000716410084213,-0.170161798847,0
2.92016106238,2.17064248384,0.762193113251,-0.0279966125,0.0251544973,0.134994818,0.990131224,-0.582785677034,0.0197958549206,0.224885928093,0.164273996502,0.283608116845,-0.0964464390057,-0.0286664486137,0.0935029263175,-0.313302750983,0.438113281016,-0.467113271707,-0.0570363658607,-0.0799418697,0,0,0.697550538167,0.411598592356,-0.261019533311,0.11836564315,0.000100349546546,-0.0628768741241,3.84729030384e-22,0.138270919955,-0.449575216874,0.308778742921,0.11838943582,-0.000835833586307,-0.147235297402,0
2.94982855551,2.17322379602,0.756153105135,-0.022668615,0.0169162027,0.146742131,0.988770308,-0.544078465638,-0.0338664971216,0.160368058073,0.189927604272,0.231091733987,-0.0285877061791,0.00606647564429,0.0777986643254,-0.331101967197,0.520721905541,-0.467026309642,-0.0352320640234,-0.0825947078,0,0,0.71669168154,0.401495100214,-0.243678413426,0.117557220038,0.000129794199542,-0.0604516623541,2.08437319456e-21,0.166074533078,-0.445678765937,0.295588647423,0.118306489443,-0.000768759194289,-0.136740023937,0
2.97803848793,2.17674392599,0.751433735078,-0.0145873408,0.010048242,0.159151875,0.987095195,-0.55491293927,-0.0514092008037,0.142200454759,0.314124428544,0.125156368593,0.0832122610253,0.0168732818654,0.0489878170714,-0.346325486487,0.640133980129,-0.407203822093,0.00487724398547,-0.0719540709,0,0,0.71936599065,0.388595027968,-0.232199416632,0.116595082276,0.000136323841769,-0.0576214477503,1.11091989234e-20,0.205881227135,-0.438988727886,0.27928396166,0.117860785715,-0.00062237516453,-0.128030695003,0
3.0054327538,2.18043848111,0.749048595119,-0.00908091992,0.00653172497,0.173340897,0.984798359,-0.579122928103,-0.084959044958,0.107433277691,0.467400182912,0.041116265613,0.0780384418811,0.0205762353259,0.0299921644854,-0.352321997245,0.726260408579,-0.208093217683,0.0629753224764,-0.0859492078,0,0,0.709569336152,0.390584969491,-0.234061374684,0.114433343253,0.000116612589834,-0.0520905346967,1.031988703e-22,0.229975469275,-0.4144481379,0.274197313944,0.12041306881,-0.000696378296792,-0.117922195951,0
