2.749348402023315,-2.805854320526123,0.7418531179428101,-0.07636478704241245,-0.006990951633285314,0.9809871522726008,0.1782799847748514,-0.0743774026632309,-0.6435314416885376,-0.3728246688842773,0.1389183402061462,-0.009195581078529358,0.4205427467823029,-0.01686985790729523,0.03307249024510384,0.07988583296537399,0.4211272299289703,0.8501032590866089,-0.08312113583087921,0.540782630443573,-0.7267338037490845,0.1027130931615829,0.190582275390625,-0.2687749564647675,0.123070627450943,0.1689423322677612,-0.2644078731536865,0.2865126430988312,0.1062057390809059,0.5574225187301636,-0.05598072335124016,0.3809202313423157,-0.5414066314697266,-0.3666853010654449,0.2294941246509552,0.04968851432204247
2.67454195022583,-2.73917293548584,0.7467401623725891,-0.07383395777674269,0.02550701626713148,0.9879908623561574,0.133311645031133,0.02528841979801655,-0.6540082693099976,-0.4746552109718323,0.1719847768545151,-0.1408872455358505,0.3773675858974457,0.03172273188829422,0.06696420162916183,0.0641334056854248,0.3709314167499542,0.5427767634391785,-0.1401239335536957,0.594257116317749,-0.7499433159828186,0.1736752241849899,0.1825266182422638,-0.2680623531341553,0.07384438067674637,0.2016462534666061,-0.2654988169670105,0.253686934709549,0.04805983230471611,0.585445761680603,-0.01564083620905876,0.3687194883823395,-0.5812917947769165,-0.3735605478286743,0.2476316839456558,0.05893044918775558
2.593490839004517,-2.665926933288574,0.7489488124847412,-0.05674410941509527,0.07276590859148895,0.9919730350740876,0.08645649934762489,0.1216467618942261,-0.7463797926902771,-0.5916741490364075,0.2160331606864929,-0.3548116385936737,0.3322000801563263,0.1904684454202652,-0.1616876274347305,0.00421625655144453,0.3399175703525543,0.5380914211273193,-0.1624293625354767,0.6439694762229919,-0.6970309019088745,0.2899971306324005,0.1521042585372925,-0.255789577960968,0.03847577795386314,0.2547563910484314,-0.2628545761108398,0.2124486416578293,-0.02848169393837452,0.595243513584137,0.02820084244012833,0.3479264080524445,-0.6133514046669006,-0.3673990070819855,0.2395964860916138,0.1061092764139175
2.5241858959198,-2.599045991897583,0.7557139992713928,-0.03122210252075291,0.09327556745883366,0.9917326961410969,0.08240818062623687,0.2661031484603882,-0.6924961805343628,-0.6624158620834351,0.1571260988712311,-0.386672168970108,0.3184460699558258,-0.1092498898506165,-0.1072966381907463,-0.04491297155618668,0.2611463069915771,0.2509946525096893,-0.1191246211528778,0.6705037355422974,-0.6952987313270569,0.2899999916553497,0.1466594785451889,-0.2570521831512451,-0.001812680508010089,0.22490194439888,-0.2516116797924042,0.1910098940134048,-0.09818616509437561,0.5751631259918213,0.07980889081954956,0.3372571766376495,-0.6474567055702209,-0.380666196346283,0.2099715024232864,0.173120379447937
2.456641435623169,-2.544924974441528,0.7619073987007141,-0.002926447691534945,0.1200541940693645,0.9887253743241756,0.08944585265836938,0.3498577177524567,-0.64354407787323,-0.699783980846405,0.04609031975269318,-0.4715804755687714,0.3122642636299133,-0.2539354264736176,-0.1785383969545364,-0.1070198938250542,0.3418752551078796,0.1455554068088531,-0.06190144643187523,0.6559456586837769,-0.678585946559906,0.2637364566326141,0.159227728843689,-0.271749883890152,0.006081458646804094,0.1864193826913834,-0.2565387189388275,0.1619332283735275,-0.1246551275253296,0.5537060499191284,0.08424149453639984,0.3383232355117798,-0.674350380897522,-0.4094188213348389,0.2086826860904694,0.1724031865596771
2.400109767913818,-2.487656354904175,0.7583425641059875,0.01522117494338022,0.1386188579163445,0.982975968626761,0.1196301515738921,0.3501102030277252,-0.5875961780548096,-0.652998149394989,-0.04021934792399406,-0.4834245443344116,0.3062382638454437,-0.225847139954567,-0.2486712038516998,-0.1575633734464645,0.4803533554077148,0.1677463948726654,-0.006111969705671072,0.5992439985275269,-0.5498404502868652,0.228910505771637,0.1895067691802979,-0.266203761100769,-0.004721119068562984,0.1389302313327789,-0.2727017104625702,0.1490113586187363,-0.06474287062883377,0.5644900798797607,0.07484394311904907,0.3129927515983582,-0.668894350528717,-0.4548743963241577,0.2742266654968262,0.05238503217697144
2.358835220336914,-2.437322616577148,0.7399814128875732,-0.01329674312424507,0.1082271279338034,0.9854729324304735,0.1302043964248951,0.3705912828445435,-0.5566163063049316,-0.5816399455070496,0.06852941960096359,-0.3601521253585815,0.3000640869140625,-0.1192261576652527,-0.2782198190689087,-0.07205533236265182,0.509026825428009,0.2318524569272995,0.0583631657063961,0.5114094018936157,0.2455756664276123,0.1516390144824982,0.2008915543556213,-0.2483121603727341,-0.02115806005895138,0.001099505927413702,-0.3130569159984589,0.1763065457344055,0.04085329547524452,0.578584611415863,-0.006205207668244839,0.2719805836677551,-0.6452512145042419,-0.4589734971523285,0.230755940079689,0.02447220124304295
2.298300981521606,-2.373782873153687,0.7404175996780396,-0.0007282138176346561,0.1213384506303624,0.9742587306047925,0.1899904627701013,0.2449256479740143,-0.4674457311630249,-0.4453191459178925,-0.03914006799459457,-0.3123181462287903,0.3348671793937683,-0.07501354068517685,-0.2006766945123672,-0.08178162574768066,0.7590653896331787,0.299545556306839,0.09493499994277954,0.3814785480499268,0.2411660104990005,-0.002137400209903717,0.1944662034511566,-0.2483020275831223,0.0191158838570118,-0.05899807810783386,-0.3210318982601166,0.1569402366876602,0.1845680624246597,0.6013918519020081,-0.009807570837438107,0.2635100781917572,-0.6037076115608215,-0.4550929665565491,0.1490984410047531,-0.01692701131105423
2.243037223815918,-2.315593481063843,0.7369296550750732,0.01165893182312383,0.1186746556002093,0.961199500646587,0.2487486992602518,0.008942610584199429,-0.3803480565547943,-0.2973809540271759,-0.1119635179638863,-0.2567684352397919,0.4107617735862732,-0.02472305856645107,-0.1147240623831749,-0.08137211203575134,1.061447620391846,0.3735770285129547,0.1287410110235214,0.231058806180954,0.2096958458423615,-0.1648394763469696,0.207548588514328,-0.2687948942184448,0.04448122158646584,-0.1133415549993515,-0.3569176197052002,0.1939787119626999,0.3437143564224243,0.593940258026123,0.0685344934463501,0.2228771150112152,-0.5854948759078979,-0.5313084721565247,0.2560426890850067,-0.2071288824081421
2.191694021224976,-2.258864879608154,0.7300367951393127,0.001598488645098932,0.1264562002242008,0.9426542456988777,0.3088838735265866,-0.2974368035793304,-0.3232875466346741,-0.1148974820971489,-0.1442783921957016,-0.2221294790506363,0.4176507890224457,0.05246946588158607,-0.0564207136631012,-0.09483941644430161,1.229929327964783,0.4092118442058563,0.2221029102802277,0.1180592477321625,0.2023943215608597,-0.27994504570961,0.2581179141998291,-0.2893919944763184,0.05859884992241859,-0.1323789209127426,-0.3831401467323303,0.2441832274198532,0.4215295910835266,0.5133427381515503,0.07578627020120621,0.1805707663297653,-0.6422497630119324,-0.6393936276435852,0.2398550063371658,-0.2842195332050323
2.134063959121704,-2.199754238128662,0.729861855506897,-0.002614118199936505,0.1427297465602391,0.9149381662280697,0.3775043546929013,-0.5347692370414734,-0.2182295918464661,0.06873005628585815,-0.1450316905975342,-0.2189268171787262,0.4178546965122223,0.1539881676435471,0.04254589229822159,-0.1511222124099731,1.184260606765747,0.380521684885025,0.3662986755371094,0.05136654525995255,0.193508192896843,-0.3227435648441315,0.3363781273365021,-0.2502290606498718,0.07720454037189484,-0.08209171146154404,-0.3594009876251221,0.2856220602989197,0.3578183650970459,0.3318903744220734,0.02735118009150028,0.3225749135017395,-0.6357439756393433,-0.6334403157234192,0.2443312257528305,-0.3479119539260864
2.067729949951172,-2.136116743087769,0.7356676459312439,-0.0005162944960303822,0.1562298668089956,0.8897160193592109,0.4289491427342372,-0.6624588370323181,-0.03823512047529221,0.2144921869039536,-0.1526902765035629,-0.2572797536849976,0.4217516481876373,0.2044667899608612,0.09251200407743454,-0.1887997090816498,0.9497877955436707,0.2807875871658325,0.4634154736995697,-0.0007569544832222164,0.215362548828125,-0.263047844171524,0.3564635515213013,-0.2570406198501587,0.05914833396673203,0.01274523045867682,-0.3225297927856445,0.2911845445632935,0.3425898849964142,0.1903620064258575,0.02265085279941559,0.3174101114273071,-0.6520999670028687,-0.6959512233734131,0.2157156467437744,-0.3462701439857483
1.996611475944519,-2.070480108261108,0.7356495261192322,-0.004178296694574693,0.1553683102166533,0.865475101578797,0.4762311188533619,-0.7260096073150635,0.1196557879447937,0.3483676016330719,-0.1099153608083725,-0.2778628468513489,0.4227302372455597,0.2417486757040024,0.1701218038797379,-0.213557556271553,0.6731278896331787,0.2283859550952911,0.5506901741027832,-0.04860652238130569,0.2887172102928162,-0.07660039514303207,0.3652765452861786,-0.2982386946678162,0.01585246250033379,0.1292586773633957,-0.2683791816234589,0.2525945901870728,0.3193801641464233,0.07823920249938965,-0.007912928238511086,0.2469679713249207,-0.6616368293762207,-0.7115967273712158,0.2076790630817413,-0.3600545227527618
1.918084144592285,-1.9987952709198,0.7324602007865906,-0.004198479540770194,0.1457137491378285,0.8385269194881827,0.5249976013044273,-0.7711779475212097,0.2765028774738312,0.4724836051464081,-0.05444935336709023,-0.3117130100727081,0.4254076778888702,0.2231379747390747,0.2645589709281921,-0.210107684135437,0.4789291322231293,0.2079775631427765,0.6174041032791138,-0.07978791743516922,0.2899999916553497,0.1725738942623138,0.3636468052864075,-0.3169834613800049,-0.02804749272763729,0.2225552946329117,-0.237710639834404,0.2521477043628693,0.2945249974727631,-0.03312327712774277,-0.02380398474633694,0.195814847946167,-0.6771861910820007,-0.737337589263916,0.1936194449663162,-0.3477066457271576
1.848272323608398,-1.929874181747437,0.7397242188453674,-0.01128210409634372,0.1207517910110087,0.8149701973766531,0.5666703596295224,-0.7887959480285645,0.3838009536266327,0.5950503945350647,0.04416078329086304,-0.3489785492420197,0.4237094521522522,0.1941869407892227,0.2987689673900604,-0.181000143289566,0.2623929083347321,0.1929980367422104,0.6759857535362244,-0.09521064907312393,0.2832989990711212,0.2874985933303833,0.3481723964214325,-0.3245437145233154,-0.05990173295140266,0.2427931576967239,-0.2101736962795258,0.2677024900913239,0.2621459066867828,-0.1366931349039078,-0.03343586996197701,0.1466383188962936,-0.6933919191360474,-0.7557953596115112,0.1586591154336929,-0.2741093039512634
1.780000925064087,-1.862794876098633,0.7538194060325623,-0.02403059813359276,0.06439311870211382,0.8042678917719942,0.5902789297288098,-0.7514466047286987,0.4743653535842896,0.7175348401069641,0.18524070084095,-0.3073772788047791,0.3819978833198547,0.2825337052345276,0.2541721761226654,-0.05348575860261917,0.1713593006134033,0.2027230560779572,0.7698051333427429,0.005162432324141264,0.2277219742536545,0.2899999916553497,0.3379770219326019,-0.3309302031993866,-0.07217133045196533,0.2023276537656784,-0.1856112331151962,0.2381924390792847,0.1609949469566345,-0.2746132910251617,-0.07762721180915833,0.1595382839441299,-0.6943141222000122,-0.7346373200416565,0.06887232512235641,-0.222966343164444
1.711630344390869,-1.796074151992798,0.7583626508712769,-0.03117033425148521,0.0280043553553447,0.8152245174462207,0.5776271743074061,-0.6876526474952698,0.515647828578949,0.7229484915733337,0.2132996469736099,-0.2498667538166046,0.3341382145881653,0.367554098367691,0.1857620179653168,0.02051603607833385,0.1870907247066498,0.3798776865005493,0.7862786054611206,0.09501037001609802,0.1663577556610107,0.2899999916553497,0.3351209461688995,-0.3336820602416992,-0.03894390538334846,0.1625827550888062,-0.1997030377388,0.2232023328542709,0.1272409707307816,-0.2855758666992188,-0.1033457219600677,0.2043826580047607,-0.6675372123718262,-0.7071055173873901,0.03978114575147629,-0.1772538125514984
1.647426247596741,-1.729634165763855,0.7562111616134644,-0.02638335349673828,-0.004393272118445563,0.8277516396264679,0.5604568144951522,-0.554448127746582,0.4784427881240845,0.6883741617202759,0.1773958057165146,-0.2019277513027191,0.3170424401760101,0.3425149619579315,0.1166145280003548,0.08297532796859741,0.2104041576385498,0.7189779281616211,0.7505543231964111,0.1819990575313568,0.14252869784832,0.2899999916553497,0.3138863742351532,-0.3072021901607513,-0.01542522106319666,0.07833410054445267,-0.2284242063760757,0.2041777968406677,0.1343923807144165,-0.2187706232070923,-0.1074032187461853,0.2299426198005676,-0.650237500667572,-0.6683396697044373,0.04271060228347778,-0.1228274330496788
1.580695271492004,-1.660433650016785,0.7528946399688721,-0.02778676118427446,-0.04156380096180597,0.8540507451114909,0.5177814897492981,-0.4274806678295135,0.4086126387119293,0.5886771082878113,0.1288376152515411,-0.1139854714274406,0.3256799876689911,0.177993431687355,0.02946418523788452,0.1437879502773285,0.2323301732540131,0.9805194735527039,0.6700811982154846,0.2467385232448578,0.03898165002465248,0.2899999916553497,0.2904980778694153,-0.2908467948436737,0.01220692042261362,-0.008357604965567589,-0.2452189177274704,0.1897367835044861,0.1505001336336136,-0.123125284910202,-0.08181484043598175,0.2279223501682281,-0.6385521292686462,-0.6155949234962463,0.06024413928389549,-0.03660909831523895
1.509417295455933,-1.596820116043091,0.7484330534934998,-0.03266888934756033,-0.06554302729429695,0.8943503116158267,0.4413324997715097,-0.3574578166007996,0.2653460800647736,0.4000687003135681,0.08459358662366867,-0.0009275483316741884,0.3723341822624207,0.05825943499803543,-0.04661361128091812,0.1749110072851181,0.3363724946975708,1.229869484901428,0.5366448760032654,0.2693389654159546,-0.1483091861009598,0.2899999916553497,0.2961322367191315,-0.2919165790081024,0.120879739522934,-0.02621802873909473,-0.2687996327877045,0.2260194420814514,0.1602981984615326,0.004871026612818241,-0.05116457119584084,0.294078141450882,-0.6600558161735535,-0.6471259593963623,0.138244092464447,-0.1072420701384544
1.44710898399353,-1.535524368286133,0.7412452697753906,-0.03878923585489735,-0.06901292645116552,0.9225481938719203,0.3776737231369121,-0.2733763456344604,-0.003884414676576853,0.2042782753705978,0.06045471876859665,0.06078317388892174,0.4163775742053986,-0.02922258898615837,-0.0879221186041832,0.1744065284729004,0.384758323431015,1.458560228347778,0.3750384449958801,0.3072997629642487,-0.2689758539199829,0.2899999916553497,0.2871016561985016,-0.2873102128505707,0.1526060998439789,-0.0005939347320236266,-0.3075720369815826,0.2595976889133453,0.175428569316864,0.1712307929992676,-0.002623173408210278,0.2618640065193176,-0.6637162566184998,-0.6377608776092529,0.2425662279129028,-0.1740867793560028
1.381261706352234,-1.472812175750732,0.7409144639968872,-0.05280479873251339,-0.08112730215628017,0.9455629142387443,0.3107101370924281,-0.1452914029359818,-0.2719986736774445,0.03225628659129143,0.08780109882354736,0.07614252716302872,0.4222783446311951,-0.13206647336483,-0.1628735512495041,0.2137112319469452,0.3600048124790192,1.488973379135132,0.2218320369720459,0.4082878530025482,-0.3183814883232117,0.2899999916553497,0.2979474067687988,-0.2870793342590332,0.08963466435670853,0.01498367916792631,-0.3395224213600159,0.2713624238967896,0.1562849581241608,0.2719287574291229,0.05292481929063797,0.2419558316469193,-0.6923806667327881,-0.664384663105011,0.349778801202774,-0.1639796942472458
1.31519889831543,-1.40634822845459,0.7489475011825562,-0.06166326965086712,-0.09076416441566276,0.9616491740661834,0.2513769552916858,0.02760246768593788,-0.4931480288505554,-0.1171959415078163,0.1527885496616364,0.08438690751791,0.4248833656311035,-0.191160649061203,-0.210659995675087,0.2420948445796967,0.2802676260471344,1.340362787246704,0.1267582327127457,0.5036624670028687,-0.2717745006084442,0.2899999916553497,0.2606582641601562,-0.2857591211795807,0.006403330713510513,0.03045355714857578,-0.346317321062088,0.2694975435733795,0.09208669513463974,0.3371931612491608,0.03333636745810509,0.2501034140586853,-0.7183676958084106,-0.6371291279792786,0.382813960313797,-0.1225774884223938
1.239074110984802,-1.333882093429565,0.7553101181983948,-0.06288962791912403,-0.091328113990611,0.9742840498558902,0.1961495870286691,0.1941305994987488,-0.6115196347236633,-0.2607554197311401,0.2105659246444702,0.05396432802081108,0.4254416227340698,-0.2794494032859802,-0.2368837147951126,0.2635455727577209,0.2337988018989563,1.115060210227966,0.06545619666576385,0.5779399275779724,-0.1161926165223122,0.2899999916553497,0.2510161101818085,-0.2974220514297485,-0.07759613543748856,0.06693721562623978,-0.3386725783348083,0.2461304217576981,0.03439232707023621,0.3848520219326019,0.04749604687094688,0.2413040697574615,-0.7312758564949036,-0.5994454622268677,0.3836646974086761,-0.06764648854732513
1.156207323074341,-1.260783910751343,0.7571871876716614,-0.06190069460674454,-0.07862139580041021,0.9824085344073591,0.1576719748502647,0.3193924725055695,-0.6780665516853333,-0.37094447016716,0.2446469962596893,-0.04784170165657997,0.4165598154067993,-0.3068472146987915,-0.2796852290630341,0.2654925882816315,0.2557291686534882,0.9134883880615234,0.02867218293249607,0.633205771446228,0.0674433559179306,0.2899999916553497,0.2305856943130493,-0.2800749540328979,-0.1620150506496429,0.07956773042678833,-0.3405956923961639,0.2292680591344833,-0.02004626579582691,0.4094950556755066,0.07541178911924362,0.2589772939682007,-0.749896764755249,-0.5857068300247192,0.356889396905899,-0.04554959759116173
1.079731106758118,-1.18957257270813,0.7649453282356262,-0.05432048359396184,-0.05133040173200045,0.9923035355227499,0.09873281272809005,0.4073306620121002,-0.7243223786354065,-0.5020492672920227,0.317113071680069,-0.153538778424263,0.3984688520431519,-0.3090952038764954,-0.265013188123703,0.2322229743003845,0.2377400100231171,0.6543947458267212,0.0007809360977262259,0.6781732439994812,0.1980298459529877,0.2899999916553497,0.215529128909111,-0.2819449007511139,-0.165256604552269,0.1001808866858482,-0.3578559160232544,0.1798539906740189,-0.0738103985786438,0.4283168315887451,0.09107422083616257,0.2544126510620117,-0.7705170512199402,-0.5779154896736145,0.3360423743724823,-0.0390421599149704
1.004351854324341,-1.124293208122253,0.7797458171844482,-0.04961267099502872,-0.006135349144383856,0.997563836107012,0.04865524903931918,0.4620046615600586,-0.7234177589416504,-0.6626915335655212,0.3527445793151855,-0.2858646810054779,0.3522173166275024,-0.28579381108284,-0.2395868897438049,0.1772696673870087,0.1955715864896774,0.312397301197052,0.003098345827311277,0.7000490427017212,0.2384136617183685,0.2899999916553497,0.1968093514442444,-0.2691517472267151,-0.1488444209098816,0.1193096861243248,-0.3666745126247406,0.1218334287405014,-0.1255790442228317,0.424174040555954,0.1057905629277229,0.269149512052536,-0.7858226895332336,-0.5758181214332581,0.3064517378807068,-0.01269569806754589
0.9261040687561035,-1.053094267845154,0.7862460017204285,-0.01642274089130151,0.05308616461535263,0.9976410133789292,0.04030584489018869,0.5371541976928711,-0.6709182858467102,-0.7777010798454285,0.2939334213733673,-0.4003123342990875,0.2828715741634369,-0.2373907566070557,-0.2307829111814499,0.04028576239943504,0.2612748146057129,0.1754173785448074,0.09197798371315002,0.6917973756790161,0.2886496484279633,0.2899999916553497,0.1923612207174301,-0.3175622522830963,-0.1075828373432159,0.138245478272438,-0.3365448415279388,0.09836146980524063,-0.1451694518327713,0.429876983165741,0.08991693705320358,0.2626938223838806,-0.7639580965042114,-0.5554782748222351,0.2543839812278748,0.04987612366676331
0.8491597175598145,-0.9809118509292603,0.783078670501709,0.01221138445428321,0.1004957573395362,0.9910847113030481,0.08661743397155441,0.56373530626297,-0.5910494327545166,-0.7361680865287781,0.1512461006641388,-0.4196962714195251,0.2380073964595795,-0.2249591797590256,-0.2603495121002197,-0.06692659109830856,0.4626648426055908,0.1427276432514191,0.1563614755868912,0.6464985013008118,0.2899999916553497,0.277678906917572,0.1875500380992889,-0.3454855382442474,-0.05758166685700417,0.121270626783371,-0.3326489925384521,0.1182052716612816,-0.093622125685215,0.4362799525260925,0.03908942639827728,0.238408163189888,-0.7225857973098755,-0.5365777611732483,0.1964392215013504,0.09450579434633255
0.7746076583862305,-0.9115474820137024,0.7758971452713013,0.04309723149490243,0.148302703950621,0.9760374417284283,0.1532966046024311,0.5118933320045471,-0.469314843416214,-0.6313402652740479,-0.03827808052301407,-0.4092560410499573,0.2212301045656204,-0.179923802614212,-0.2425242960453033,-0.17027647793293,0.6953642964363098,0.1551109999418259,0.1989929527044296,0.5687724351882935,0.2882147431373596,0.2483763545751572,0.1890771687030792,-0.3652330636978149,-0.01208552438765764,0.09651896357536316,-0.3275056183338165,0.1359676420688629,-0.004484020173549652,0.4409839510917664,0.02400010265409946,0.2501240968704224,-0.7001655697822571,-0.5349912047386169,0.1525795161724091,0.09842605888843536
0.7080485820770264,-0.8476764559745789,0.7693287134170532,0.05617439010940577,0.158282697458368,0.9602167025934095,0.2231029126698683,0.3266992270946503,-0.3779555261135101,-0.4911690950393677,-0.1440122872591019,-0.3537094593048096,0.2659711539745331,-0.06457337737083435,-0.1671910285949707,-0.2074213474988937,1.027942180633545,0.2153883427381516,0.2228606343269348,0.4565300941467285,0.2306917607784271,0.0318673811852932,0.2095178514719009,-0.3791409134864807,0.0416625402867794,-0.03088324703276157,-0.3383614420890808,0.1634932607412338,0.104638047516346,0.4557534158229828,0.007276043761521578,0.2143838405609131,-0.6664642691612244,-0.5487207770347595,0.1429563462734222,0.03692670911550522
0.6472974419593811,-0.7836326360702515,0.7577519416809082,0.05636064505584257,0.1477162435471487,0.9462369965616313,0.2822037126248204,0.03306490182876587,-0.3159977793693542,-0.337186723947525,-0.1725455671548843,-0.2835408449172974,0.3551031053066254,0.01679438911378384,-0.07434369623661041,-0.1992893517017365,1.326683044433594,0.3216144442558289,0.2188342660665512,0.3163920938968658,0.1562637537717819,-0.1212822124361992,0.2404986470937729,-0.3616575002670288,0.07478107511997223,-0.09226089715957642,-0.3532682955265045,0.200652688741684,0.2269699424505234,0.4529722630977631,0.02114139497280121,0.203721895813942,-0.6519941687583923,-0.5835174918174744,0.1623031049966812,-0.06109673529863358
0.5857292413711548,-0.7198266386985779,0.7501121163368225,0.0463900795714707,0.1427859533715499,0.9264153363853335,0.3452748999669391,-0.2772912979125977,-0.2386366724967957,-0.1427765637636185,-0.1629464328289032,-0.2323846369981766,0.4085012674331665,0.1020314991474152,-0.008945104666054249,-0.193549782037735,1.409647226333618,0.3741747140884399,0.2709400355815887,0.1997918039560318,0.1188235580921173,-0.2417878359556198,0.276567131280899,-0.3351231217384338,0.07444906979799271,-0.09339103102684021,-0.3576540946960449,0.2551267147064209,0.2944183647632599,0.3976171910762787,0.00669169845059514,0.250915914773941,-0.6641774773597717,-0.6299353241920471,0.1889085024595261,-0.1393827199935913
0.5138999223709106,-0.6540685892105103,0.7506309151649475,0.0371843901729356,0.157032887894149,0.8994366285249212,0.4061671386446885,-0.5066236257553101,-0.1006984189152718,0.05174720659852028,-0.1391866058111191,-0.2486040890216827,0.4116191864013672,0.2029411047697067,0.06901240348815918,-0.2276558578014374,1.264261364936829,0.3374283611774445,0.398028165102005,0.144820362329483,0.1176441684365273,-0.2832517921924591,0.3242457807064056,-0.3302144706249237,0.09601300954818726,-0.02368567138910294,-0.3118835687637329,0.2711381912231445,0.2609183192253113,0.2578569054603577,0.0008693799609318376,0.233841136097908,-0.6776495575904846,-0.6682953834533691,0.1523799896240234,-0.1505643576383591
0.4379490613937378,-0.5831540822982788,0.7534292936325073,0.02754207321272662,0.1641571070737245,0.8772489407214088,0.4502534557374289,-0.6256750822067261,0.07851476967334747,0.2025524973869324,-0.1072251424193382,-0.2706675827503204,0.4116287529468536,0.2599004209041595,0.1321225762367249,-0.2422253638505936,0.959467351436615,0.2606791257858276,0.4903999865055084,0.09172838926315308,0.1769580692052841,-0.188393235206604,0.3318203389644623,-0.3235152363777161,0.08215766400098801,0.06456089019775391,-0.2583059668540955,0.2908056080341339,0.2531605958938599,0.1453878581523895,-0.006824537180364132,0.2361084520816803,-0.6878565549850464,-0.7046289443969727,0.1563093066215515,-0.1458596736192703
0.3537021279335022,-0.511006772518158,0.7476074695587158,0.01578068904583361,0.1579096749419907,0.8535427370561913,0.4962663603666674,-0.6922118663787842,0.2323614209890366,0.3441046476364136,-0.06165650859475136,-0.2844635844230652,0.4095571637153625,0.2812090218067169,0.2399899214506149,-0.2431796044111252,0.6444960832595825,0.2311008274555206,0.5792617797851562,0.05460807681083679,0.2882246673107147,0.0393533743917942,0.3239243626594543,-0.3257392942905426,0.04511800035834312,0.1752522736787796,-0.2150315642356873,0.3050070703029633,0.2405198216438293,0.04337988793849945,-0.02910748869180679,0.2248781621456146,-0.7003310918807983,-0.7256691455841064,0.1546964943408966,-0.1343232244253159
0.2653985619544983,-0.4316707849502563,0.7459617853164673,0.009064059787882,0.1383386714065045,0.8101084306816048,0.5696530394479015,-0.7299772500991821,0.3931010663509369,0.5158998370170593,0.04766065627336502,-0.3599051535129547,0.4046295881271362,0.2732911109924316,0.3911652266979218,-0.2247012555599213,0.4278009235858917,0.1756917685270309,0.6839332580566406,0.05203614756464958,0.2899999916553497,0.2889018058776855,0.2985247075557709,-0.3097434639930725,-0.009336304850876331,0.2698488831520081,-0.1835582256317139,0.3288478255271912,0.2252753227949142,-0.04898485168814659,-0.05524232238531113,0.2209349721670151,-0.7078647017478943,-0.7397722601890564,0.1421525627374649,-0.1165606081485748
0.1875635087490082,-0.3572603762149811,0.7542412877082825,-0.009487441925613125,0.104927065030797,0.784880474587149,0.6106250404966888,-0.7764667868614197,0.4627036452293396,0.6462250351905823,0.1791379004716873,-0.4048864841461182,0.3888075947761536,0.2533349692821503,0.3426261246204376,-0.1772883385419846,0.1971150189638138,0.215202271938324,0.7488254308700562,0.05704186484217644,0.2630328834056854,0.2899999916553497,0.2832162082195282,-0.3137864470481873,-0.04345380887389183,0.262484073638916,-0.1449113637208939,0.3359725773334503,0.1966835856437683,-0.1238602995872498,-0.07411159574985504,0.226379781961441,-0.713689923286438,-0.7435747981071472,0.1164110377430916,-0.1074030324816704
0.1132710054516792,-0.2823019325733185,0.7589056491851807,-0.01718277495897139,0.05836627299656107,0.776031439828489,0.6277526063816243,-0.7498162984848022,0.5227251648902893,0.7685983777046204,0.3005288243293762,-0.3801284730434418,0.3250568509101868,0.3862428069114685,0.2948386967182159,-0.05345094203948975,0.1404168158769608,0.3901274502277374,0.8558787107467651,0.1728776693344116,0.2047500312328339,0.2899999916553497,0.2886690199375153,-0.337535172700882,-0.06889883428812027,0.2367511838674545,-0.1528059244155884,0.2952795326709747,0.1244498863816261,-0.2170195281505585,-0.1162080988287926,0.2484006583690643,-0.6942234039306641,-0.7069423794746399,0.02279064431786537,-0.09943793714046478
0.03994287922978401,-0.2098424732685089,0.7546459436416626,-0.01857187811448667,0.02190176614771825,0.7862229458315442,0.6172753659679608,-0.6623655557632446,0.5468024611473083,0.771734356880188,0.3148963451385498,-0.3033395707607269,0.2881199419498444,0.4924494326114655,0.2883175909519196,0.02878833375871181,0.1663778275251389,0.6881348490715027,0.8579269647598267,0.2516207993030548,0.1896614134311676,0.2899999916553497,0.2890878319740295,-0.3326555490493774,-0.03482956811785698,0.1912057399749756,-0.183213472366333,0.2642697393894196,0.1273651421070099,-0.1807866841554642,-0.1320576667785645,0.2655389010906219,-0.6603231430053711,-0.6658094525337219,0.01467480510473251,-0.1082531958818436
-0.03360029682517052,-0.1335576176643372,0.7467653751373291,-0.01974491722225859,-0.01876656660908241,0.8095688007310536,0.5863926253837755,-0.5376304984092712,0.5482659339904785,0.7079929113388062,0.2441441416740417,-0.1642691642045975,0.2786230444908142,0.3309913575649261,0.2600222527980804,0.1025149375200272,0.1886434555053711,0.9722948670387268,0.7843069434165955,0.2983902394771576,0.1918051987886429,0.2899999916553497,0.2767900228500366,-0.2920253276824951,-0.05606824159622192,0.1389728188514709,-0.2142325192689896,0.2599195837974548,0.1594597995281219,-0.0829298198223114,-0.09437651187181473,0.3340967297554016,-0.6450701355934143,-0.6535360813140869,0.05033769831061363,-0.07070081681013107
-0.1084637716412544,-0.0591781809926033,0.7441446781158447,-0.02015928332940636,-0.05009781488850697,0.8520031434667611,0.5207441365601723,-0.4337614476680756,0.4612384140491486,0.5519372224807739,0.1485266089439392,-0.06136671826243401,0.30797478556633,0.1057390794157982,0.08767992258071899,0.1477974951267242,0.2411936670541763,1.257386445999146,0.6628075242042542,0.3005583584308624,0.01580676063895226,0.2899999916553497,0.2782809734344482,-0.2940575182437897,0.0276573933660984,0.02459683455526829,-0.237849235534668,0.2508977651596069,0.1818910539150238,0.04830820113420486,-0.06214845553040504,0.3265710473060608,-0.6542475819587708,-0.6395142078399658,0.1005606278777122,-0.05699385330080986
-0.1861591637134552,0.00937164667993784,0.7402865290641785,-0.01879419414115843,-0.0639040405045893,0.8954585326703741,0.440133011874357,-0.3661017119884491,0.2665068805217743,0.3322487771511078,0.07896043360233307,0.03181786835193634,0.3905298113822937,0.01323127280920744,-0.02085604332387447,0.1501666009426117,0.3743540942668915,1.531644940376282,0.5011990070343018,0.2888005673885345,-0.1486168652772903,0.2899999916553497,0.2753690183162689,-0.2847124338150024,0.1426258236169815,0.009857569821178913,-0.2583037912845612,0.2709713280200958,0.191345289349556,0.184953585267067,-0.003187768161296844,0.3057930171489716,-0.6463366150856018,-0.6318963170051575,0.2064111679792404,-0.1046867594122887
-0.2532788515090942,0.07754188030958176,0.7362685799598694,-0.0292395659391604,-0.06802182086845775,0.924027229956655,0.3750890000627315,-0.2616453766822815,-0.06338420510292053,0.1362133324146271,0.05752701312303543,0.1222595199942589,0.4253757297992706,-0.08751475065946579,-0.06814293563365936,0.1539245843887329,0.40009406208992,1.694307565689087,0.322172075510025,0.3478142023086548,-0.2555777132511139,0.2899999916553497,0.2836318016052246,-0.2855130732059479,0.124063603579998,0.04235711321234703,-0.3163888454437256,0.2904680371284485,0.1872971653938293,0.2870616912841797,-0.003147623734548688,0.2857984304428101,-0.6540513038635254,-0.6343271732330322,0.3159375786781311,-0.1416094154119492
-0.3266528844833374,0.1481384038925171,0.7441137433052063,-0.03677039655196735,-0.08105624603230258,0.9467706839263388,0.3093591682401131,-0.0841059610247612,-0.3548060059547424,-0.02825422212481499,0.09013480693101883,0.1256397515535355,0.4300000071525574,-0.1626125425100327,-0.1416316330432892,0.1897653043270111,0.3562949895858765,1.59781813621521,0.1687581539154053,0.4496235549449921,-0.2900131940841675,0.2899999916553497,0.2899531126022339,-0.2983894348144531,0.05109724402427673,0.04072366282343864,-0.3194762170314789,0.2809968590736389,0.1321707516908646,0.3431793749332428,0.03061728738248348,0.2687380611896515,-0.7087975740432739,-0.6337476372718811,0.3640932440757751,-0.1151229068636894
-0.4037953913211823,0.2221123576164246,0.7555058002471924,-0.04446823210402942,-0.0937415970201123,0.9628608953786023,0.2492668960619869,0.1096035689115524,-0.5704502463340759,-0.1755009442567825,0.1618517488241196,0.0780271589756012,0.4300000071525574,-0.2454984188079834,-0.2043621093034744,0.2279834002256393,0.2815127968788147,1.348596930503845,0.05738915503025055,0.5371938347816467,-0.2111303061246872,0.2899999916553497,0.289099782705307,-0.3047197461128235,-0.03854106739163399,0.02191555127501488,-0.2955269813537598,0.2803386449813843,0.07201853394508362,0.390811026096344,0.06369464099407196,0.2702977359294891,-0.7376260757446289,-0.6152756214141846,0.3891270458698273,-0.07164419442415237
-0.4887591600418091,0.3010154068470001,0.7626336216926575,-0.05164992797735189,-0.09521627404835827,0.9755148269753521,0.1914078588969933,0.2661384046077728,-0.689278244972229,-0.3224453032016754,0.2292202115058899,-0.005667232908308506,0.4282173216342926,-0.3356103301048279,-0.2831253409385681,0.2440785467624664,0.2554660439491272,1.086464166641235,-0.01261292956769466,0.6074938774108887,-0.007600480690598488,0.2899999916553497,0.2474133372306824,-0.287695437669754,-0.1431343257427216,0.03081728518009186,-0.2926407754421234,0.2631810307502747,-0.0009565149084664881,0.4261868894100189,0.06442872434854507,0.2762871384620667,-0.7487658262252808,-0.5896182060241699,0.4086178243160248,-0.0222664475440979
-0.5716981887817383,0.3801550567150116,0.7742157578468323,-0.04580824390956904,-0.07605960867689114,0.9912460319333389,0.09771307432605755,0.4020697772502899,-0.7414664626121521,-0.526728630065918,0.3351732790470123,-0.1444131582975388,0.4125124514102936,-0.4553287923336029,-0.3461472690105438,0.2437334805727005,0.1685224175453186,0.821416974067688,-0.05939121171832085,0.6853109002113342,0.216965064406395,0.2899999916553497,0.2095847874879837,-0.271022230386734,-0.1956147402524948,0.08441634476184845,-0.2828320562839508,0.2278362661600113,-0.0800192654132843,0.446188747882843,0.1185524761676788,0.2808966338634491,-0.7656200528144836,-0.5729296207427979,0.3794183433055878,0.02220553159713745
-0.6572774648666382,0.4581797122955322,0.7881237268447876,-0.03931512996012553,-0.03949703215732629,0.9978898014947452,0.03332040035413191,0.470918208360672,-0.7770452499389648,-0.6892240643501282,0.4157847762107849,-0.2790825366973877,0.3855927884578705,-0.4109784960746765,-0.3059914112091064,0.1971207857131958,0.1580491662025452,0.51331627368927,-0.0872180312871933,0.7215078473091125,0.2313477993011475,0.2899999916553497,0.1824401617050171,-0.2737956643104553,-0.1848616451025009,0.127753734588623,-0.2814621925354004,0.1810808032751083,-0.1542028486728668,0.4364374577999115,0.1493954509496689,0.2785496711730957,-0.784212052822113,-0.5699635744094849,0.3608572483062744,0.05879968404769897
-0.7380219101905823,0.5305548906326294,0.7982953190803528,-0.03399813962740706,0.005520383896366384,0.9994009262030402,0.003382390872929353,0.5218568444252014,-0.8052416443824768,-0.8129843473434448,0.4404686391353607,-0.4316121935844421,0.3309423625469208,-0.3049487173557281,-0.3523134589195251,0.1326922476291656,0.1935335546731949,0.2956925928592682,-0.0790008008480072,0.7335330247879028,0.256382167339325,0.2899999916553497,0.1664052605628967,-0.2910232841968536,-0.1813341379165649,0.1191655397415161,-0.2713192999362946,0.1430276185274124,-0.209062397480011,0.4152761697769165,0.1655944734811783,0.269006073474884,-0.793372631072998,-0.5691299438476562,0.3493209183216095,0.09372267127037048
-0.8190024495124817,0.6089342832565308,0.8002954721450806,-0.000885240270026082,0.06006257995065031,0.9980680965804535,0.01586749594632699,0.5985537171363831,-0.7375509142875671,-0.8916580080986023,0.3738169074058533,-0.5171505212783813,0.2392197847366333,-0.2046415954828262,-0.3720776736736298,-0.002414948074147105,0.3595148324966431,0.2031236439943314,0.02999443747103214,0.7306625843048096,0.2899999916553497,0.2899999916553497,0.1661354303359985,-0.352895587682724,-0.1356480121612549,0.09736160188913345,-0.2168950289487839,0.1387631297111511,-0.2312775850296021,0.3969239592552185,0.1615414619445801,0.2571724653244019,-0.7631354331970215,-0.5326023697853088,0.3146626651287079,0.1619444638490677
-0.9017888903617859,0.6874325275421143,0.7955917716026306,0.03122128098418373,0.1094804975811154,0.9912239074090621,0.06718941615916377,0.6198884248733521,-0.6251268982887268,-0.8168750405311584,0.2130905538797379,-0.5264503955841064,0.186309814453125,-0.1974820047616959,-0.3777488470077515,-0.1083853095769882,0.6037545204162598,0.1991824805736542,0.09912041574716568,0.6777487993240356,0.2899999916553497,0.2899999916553497,0.1577755212783813,-0.3482563495635986,-0.08296839147806168,0.05918477848172188,-0.2214804142713547,0.1440872848033905,-0.1626937240362167,0.4079084992408752,0.09739750623703003,0.2828894853591919,-0.7248729467391968,-0.5121749043464661,0.2736459374427795,0.1548077315092087
-0.9794114828109741,0.7596873044967651,0.7911785244941711,0.05982343869779394,0.1436398033471483,0.9788481621372349,0.1328346286076084,0.5486924052238464,-0.4775239527225494,-0.6745293736457825,0.03772101923823357,-0.4820707738399506,0.1915544271469116,-0.1505235284566879,-0.2869561910629272,-0.1821675896644592,0.8969366550445557,0.1810685843229294,0.1523741483688354,0.5900658965110779,0.2899999916553497,0.2129318416118622,0.1591498702764511,-0.3451402485370636,-0.02787118032574654,-0.01052748132497072,-0.2373711466789246,0.1592040807008743,-0.05065194889903069,0.4225340485572815,0.06541074812412262,0.2856612801551819,-0.6867902278900146,-0.532464325428009,0.2394980937242508,0.1110347211360931
-1.050487756729126,0.8299704194068909,0.7878583073616028,0.07804133216478219,0.1579887762193623,0.9624476702252139,0.2065032182333061,0.3636433780193329,-0.3684138357639313,-0.4923554062843323,-0.1164563298225403,-0.4400243759155273,0.2612549960613251,-0.06619516760110855,-0.1976885944604874,-0.217592641711235,1.21009886264801,0.2499616146087646,0.1712824255228043,0.4528119266033173,0.2793427407741547,0.04928914457559586,0.1702949404716492,-0.3185232877731323,0.02147509530186653,-0.08497944474220276,-0.2710821330547333,0.1742040514945984,0.09556429088115692,0.4381558895111084,0.02875671721994877,0.2743065059185028,-0.6636013984680176,-0.5468494892120361,0.204593613743782,0.05565401539206505
-1.115274786949158,0.8948936462402344,0.7786505818367004,0.08526109209821167,0.1488701859050754,0.9465861972972789,0.273025246102051,0.08223100751638412,-0.2830239832401276,-0.2969049215316772,-0.2024860829114914,-0.3760554194450378,0.3787130415439606,0.02899176068603992,-0.1126871481537819,-0.2049322426319122,1.472482323646545,0.3266567289829254,0.1798508018255234,0.2769240140914917,0.2287115454673767,-0.06317780911922455,0.2004642635583878,-0.2992971837520599,0.02465382777154446,-0.1121215522289276,-0.3190538287162781,0.2020894140005112,0.2515621483325958,0.4223910272121429,0.01540878415107727,0.2457691580057144,-0.6651493906974792,-0.5949294567108154,0.2321267426013947,-0.07804811000823975
-1.180758357048035,0.9585527181625366,0.7750954627990723,0.07083570349064726,0.1533027618957489,0.9284938753332885,0.3307260040799516,-0.25762739777565,-0.2091167420148849,-0.1043028682470322,-0.2093618214130402,-0.3470076024532318,0.4077140092849731,0.1306007653474808,-0.05596373975276947,-0.2045294642448425,1.529484272003174,0.3655771315097809,0.2666128873825073,0.132312074303627,0.1723174005746841,-0.1435913592576981,0.2568594217300415,-0.2987503111362457,0.05771015956997871,-0.09052693843841553,-0.3432439565658569,0.2440575212240219,0.3209123313426971,0.3509692549705505,0.000181078226887621,0.2402588278055191,-0.6824797391891479,-0.6477703452110291,0.2054202109575272,-0.1577571928501129
-1.254833221435547,1.027078628540039,0.7785524725914001,0.0630943538575298,0.1637385304589323,0.9025654009568347,0.3931723453526179,-0.4777544438838959,-0.06280805170536041,0.09137118607759476,-0.1656420677900314,-0.3488549292087555,0.4114618897438049,0.2460296154022217,0.02533832937479019,-0.2213704437017441,1.346219182014465,0.3268875479698181,0.3935402035713196,0.03161147981882095,0.1623512953519821,-0.1314773410558701,0.315666139125824,-0.3070692121982574,0.09151900559663773,-0.005899560172110796,-0.3216219246387482,0.230893075466156,0.3164769411087036,0.2285080999135971,-0.04448188096284866,0.2027608752250671,-0.6903805136680603,-0.6460147500038147,0.1454914659261703,-0.163275271654129
-1.332569003105164,1.095914244651794,0.7845968008041382,0.05476582725562609,0.1652467527780498,0.8832042104658184,0.4354819599900404,-0.6104158163070679,0.1042719483375549,0.2204508930444717,-0.1277743577957153,-0.3557958006858826,0.4045575559139252,0.298522561788559,0.06056864932179451,-0.2263015657663345,1.030878305435181,0.2812571227550507,0.4953822493553162,-0.05526214838027954,0.1955620646476746,-0.009421950206160545,0.3243491053581238,-0.314421683549881,0.1028044372797012,0.1102719232439995,-0.2849385738372803,0.2277925312519073,0.3345425426959991,0.1322076469659805,-0.07579556107521057,0.2015294134616852,-0.6819459795951843,-0.684083104133606,0.1366508454084396,-0.2128334790468216
-1.417372822761536,1.166940689086914,0.7836372256278992,0.03840698031069009,0.1531301926433701,0.8637175192897864,0.4786105878857218,-0.6834619045257568,0.2529440224170685,0.3589054346084595,-0.06917625665664673,-0.3472476303577423,0.3921427130699158,0.3330466449260712,0.1497584730386734,-0.1951770931482315,0.6873995661735535,0.2517211735248566,0.5751630067825317,-0.1094304174184799,0.2866727709770203,0.1855514645576477,0.3242051899433136,-0.2945874929428101,0.0736820176243782,0.2002504467964172,-0.2492630630731583,0.2580063343048096,0.3351896107196808,0.03260866552591324,-0.1006518006324768,0.2150244861841202,-0.6761510372161865,-0.7041719555854797,0.1200578734278679,-0.2050810158252716
-1.510786771774292,1.246675848960876,0.7777997851371765,0.03083915201001451,0.1341780694986023,0.8413721152734628,0.5226262106029418,-0.7475148439407349,0.4123964309692383,0.4621312320232391,0.01058660726994276,-0.3597851395606995,0.377308189868927,0.3396780788898468,0.2540877759456635,-0.1720284223556519,0.4767883718013763,0.2700754702091217,0.6357948780059814,-0.1394802182912827,0.2899995744228363,0.2863488495349884,0.3235115110874176,-0.2925454080104828,0.03169240429997444,0.2306589037179947,-0.2174296528100967,0.2726357579231262,0.3367948830127716,-0.02880878746509552,-0.1138250902295113,0.2161408513784409,-0.6762151122093201,-0.7157626152038574,0.1082619726657867,-0.1916546374559402
-1.594857454299927,1.323178648948669,0.7798392772674561,0.01672813871926717,0.09840480337115703,0.813070245809545,0.5735446272328586,-0.7721233367919922,0.5029106140136719,0.6028105616569519,0.1450556963682175,-0.3894612789154053,0.3506649434566498,0.3539224863052368,0.3001460134983063,-0.1192841902375221,0.2383644729852676,0.2976596653461456,0.7069965600967407,-0.1546581387519836,0.2899999916553497,0.2899999916553497,0.323735773563385,-0.3118214011192322,-0.05294111743569374,0.2175823897123337,-0.1553420871496201,0.2729540467262268,0.3205831944942474,-0.09845136106014252,-0.121955081820488,0.1931228935718536,-0.6794624328613281,-0.7150775194168091,0.06628928333520889,-0.1445208638906479
-1.67590057849884,1.396092891693115,0.7866160869598389,-0.002095079006597906,0.0592628332766917,0.7981651262038694,0.599513101231271,-0.770665168762207,0.5399279594421387,0.6759661436080933,0.2652245759963989,-0.3873366415500641,0.3112497329711914,0.4457108974456787,0.2466754168272018,-0.05901522934436798,0.1460351347923279,0.3275885581970215,0.742527961730957,-0.1357856392860413,0.2712253928184509,0.2899999916553497,0.3127703964710236,-0.3036666810512543,-0.09452562034130096,0.1909808069467545,-0.1278043985366821,0.2633288204669952,0.304633617401123,-0.126594215631485,-0.1387126892805099,0.1971807777881622,-0.6816474795341492,-0.7147594094276428,0.04699286818504333,-0.1404687762260437
-1.752903699874878,1.470695734024048,0.783332884311676,-0.004203423785187715,-0.004307502340734845,0.7887638075203319,0.6146669281798848,-0.6673687696456909,0.5678942799568176,0.7692736387252808,0.3646123111248016,-0.3368820548057556,0.2209158837795258,0.4160312414169312,0.1760667413473129,0.1030154451727867,0.1375353932380676,0.5317508578300476,0.7892221808433533,0.02192937023937702,0.2678636908531189,0.2899999916553497,0.3390690684318542,-0.3126602470874786,-0.07017967849969864,0.1183025985956192,-0.1620465368032455,0.2303152531385422,0.2775448858737946,-0.1371894180774689,-0.1884733587503433,0.2323018312454224,-0.6553094387054443,-0.6813533306121826,-0.02295520342886448,-0.11875269562006
-1.830650568008423,1.54669451713562,0.76955246925354,-0.006716090062553136,-0.05660867901792745,0.8020514020591327,0.594528300461043,-0.5422086119651794,0.5741257667541504,0.7239842414855957,0.3539696633815765,-0.2458599954843521,0.1927310675382614,0.2702884078025818,0.09237481653690338,0.1992660611867905,0.1832296550273895,0.779794454574585,0.7188450694084167,0.1201834231615067,0.2899999916553497,0.2899999916553497,0.3584543764591217,-0.3078507781028748,-0.1034805476665497,0.02300083450973034,-0.188760906457901,0.2158223539590836,0.2999584078788757,-0.04771988838911057,-0.1616470515727997,0.2705378830432892,-0.6365593075752258,-0.6300082206726074,-0.03682402521371841,-0.08410666882991791
-1.908184289932251,1.614775776863098,0.7657206058502197,-0.003971432193078388,-0.07574970003180344,0.8422512705702899,0.5337218450599149,-0.4483743906021118,0.5348710417747498,0.5592025518417358,0.2465546727180481,-0.1457658559083939,0.2362528592348099,0.1073461621999741,-0.02224217914044857,0.21030592918396,0.2334630340337753,0.996482253074646,0.590747594833374,0.1727825999259949,0.03907589241862297,0.2899999916553497,0.3623397052288055,-0.3043219447135925,0.006978437770158052,-0.0009172015707008541,-0.222001314163208,0.2209754884243011,0.3227688074111938,0.09903639554977417,-0.1373308151960373,0.2906091511249542,-0.6289949417114258,-0.6062819361686707,0.02045436576008797,-0.06407309323549271
-1.982214570045471,1.678293466567993,0.7598048448562622,0.004815856072739022,-0.05863333960866332,0.8809738301717367,0.4694933967258347,-0.3699243068695068,0.3376290202140808,0.3478307127952576,0.110731340944767,-0.04856341332197189,0.3105405271053314,0.02873245440423489,-0.04360915720462799,0.1547769457101822,0.3125695884227753,1.2820965051651,0.4331781566143036,0.2112036794424057,-0.1292268186807632,0.2899999916553497,0.3210829794406891,-0.2784608900547028,0.1358842104673386,-0.02010474726557732,-0.2690224349498749,0.2616263031959534,0.3535753190517426,0.277656227350235,-0.107562430202961,0.3030821084976196,-0.6182570457458496,-0.5986449122428894,0.1368786841630936,-0.08706015348434448
-2.051225900650024,1.742668032646179,0.7631465792655945,0.00563483836451671,-0.06318778673602947,0.9131542630563868,0.4026472948697843,-0.2445721328258514,0.08807094395160675,0.1542747169733047,0.06968296319246292,0.04578470438718796,0.3568577766418457,-0.04712329432368279,-0.09484608471393585,0.147657573223114,0.3228957653045654,1.391305804252625,0.2122495621442795,0.2823585271835327,-0.1953761130571365,0.2899999916553497,0.3489369451999664,-0.2624970078468323,0.1112499162554741,-0.005350008606910706,-0.3135213553905487,0.3004564642906189,0.3699237406253815,0.4452548027038574,-0.03873701021075249,0.317501962184906,-0.6516391038894653,-0.5673186182975769,0.2153100967407227,-0.00672831479460001
-2.121832370758057,1.805248022079468,0.7730085253715515,-0.002112416838505677,-0.06320206985993636,0.9397171385089467,0.3360546617041302,-0.09225472062826157,-0.1532356441020966,-0.01053485088050365,0.0554087907075882,0.06366774439811707,0.3712691962718964,-0.1158053129911423,-0.1530987769365311,0.1574824005365372,0.2850596606731415,1.365839004516602,0.02491387911140919,0.3625569641590118,-0.2309985160827637,0.2899999916553497,0.3316267132759094,-0.2723235189914703,0.05093056336045265,0.00883012730628252,-0.2947937846183777,0.278118222951889,0.3293980062007904,0.5645475387573242,0.01568993553519249,0.2934837937355042,-0.6719351410865784,-0.5583062767982483,0.3033115565776825,-0.008599400520324707
-2.192931890487671,1.871559619903564,0.7899777293205261,-0.008231292723575142,-0.06585334437267101,0.9577105926230395,0.2799750053713003,0.08013293892145157,-0.3588429093360901,-0.1487074345350266,0.08777468651533127,0.04208356887102127,0.3695982992649078,-0.136234924197197,-0.2350637912750244,0.1724065840244293,0.2263301312923431,1.154821753501892,-0.07895375788211823,0.4488082230091095,-0.1890129894018173,0.2899999916553497,0.2982279658317566,-0.276349276304245,-0.01129405852407217,-0.01832598447799683,-0.2754238247871399,0.2699439823627472,0.2491571307182312,0.6193659901618958,0.05055757611989975,0.2935561835765839,-0.6892595887184143,-0.5347231030464172,0.3485617637634277,0.0226079598069191
-2.268017768859863,1.941317558288574,0.8062797784805298,-0.01544372952948244,-0.05040716475435702,0.975394744289719,0.2140693854142649,0.2021022439002991,-0.4840934574604034,-0.3093720376491547,0.1146612539887428,-0.02608058787882328,0.3570449948310852,-0.1682517528533936,-0.3183664679527283,0.1692599058151245,0.1990756690502167,0.8858765363693237,-0.1554574519395828,0.5286514759063721,-0.08760818094015121,0.2899999916553497,0.227827176451683,-0.2873262465000153,-0.02708947286009789,0.01212054584175348,-0.2927409708499908,0.2487705796957016,0.1358171105384827,0.6450930833816528,0.008840003982186317,0.2940998077392578,-0.7011099457740784,-0.509579598903656,0.3869642019271851,0.04814595356583595
-2.34389066696167,2.010842800140381,0.8192348480224609,-0.01416214545032218,-0.01988427140019885,0.9915403054368193,0.1274828305356702,0.306724339723587,-0.5608347654342651,-0.4851207137107849,0.1736237555742264,-0.1456627994775772,0.3299529254436493,-0.1398507952690125,-0.343805342912674,0.1566266268491745,0.2050530612468719,0.6431291699409485,-0.2246609926223755,0.6113452911376953,0.03895288705825806,0.2899999916553497,0.2128036022186279,-0.2946102023124695,-0.0836845189332962,0.07102980464696884,-0.3196141719818115,0.1889774054288864,0.02551991306245327,0.6513063907623291,0.008186154998838902,0.296796441078186,-0.7241265177726746,-0.5004290342330933,0.3943856656551361,0.06298300623893738
-2.421113014221191,2.079451084136963,0.8337270021438599,-0.01072993802753114,0.02017657312636962,0.9984846909698354,0.05006092513801508,0.4005514979362488,-0.6233384013175964,-0.656152606010437,0.2596831619739532,-0.3198173344135284,0.2859131097793579,-0.05855178833007812,-0.3372581601142883,0.1158893182873726,0.2288908511400223,0.4158889055252075,-0.2667911648750305,0.6764729022979736,0.08501136302947998,0.2899999916553497,0.2125095427036285,-0.3067871630191803,-0.1349253058433533,0.09150052070617676,-0.3481813073158264,0.1196039766073227,-0.07246638834476471,0.6454734802246094,0.007610121741890907,0.2963876724243164,-0.7820538282394409,-0.5016676783561707,0.3661173284053802,0.08829155564308167
-2.501721858978271,2.15598201751709,0.8435350060462952,-0.002147281055880738,0.04725287436197712,0.9988753698501506,0.003248161837541173,0.517931342124939,-0.6624501943588257,-0.7394518256187439,0.3450527191162109,-0.4400889575481415,0.2379821836948395,-0.05022649839520454,-0.3272448778152466,0.08223957568407059,0.2677643597126007,0.3359813094139099,-0.2687547504901886,0.7307407855987549,0.1102602481842041,0.2899999916553497,0.2371117323637009,-0.2958629727363586,-0.1421041041612625,0.1009423285722733,-0.3125512003898621,0.06230990216135979,-0.1027309447526932,0.6476757526397705,0.0463702380657196,0.2919284403324127,-0.7519606351852417,-0.4875576794147491,0.3546540439128876,0.1043173670768738
-2.571909189224243,2.232257843017578,0.8453579545021057,0.01102069827526996,0.1010562153106736,0.9946653563727765,-0.01752182605853442,0.5613288879394531,-0.6604240536689758,-0.8303450345993042,0.3632305264472961,-0.5892752408981323,0.142000824213028,-0.07755184173583984,-0.3840238153934479,-0.03143514320254326,0.3324762880802155,0.1878863871097565,-0.1949322819709778,0.801274836063385,0.2807659804821014,0.2899999916553497,0.28567174077034,-0.3183198869228363,-0.1654766649007797,0.1236495152115822,-0.2642442882061005,-0.0003294717171229422,-0.2046648561954498,0.5799090266227722,0.1057517230510712,0.2554327845573425,-0.7219879627227783,-0.4730747044086456,0.3359863460063934,0.1873751133680344
-2.641313552856445,2.304393529891968,0.8421587944030762,0.02864300386154908,0.1450399570217662,0.9889866456037117,0.006957299363229404,0.601448655128479,-0.6360398530960083,-0.7919803857803345,0.2933449447154999,-0.6353495121002197,0.08396521210670471,-0.1386677175760269,-0.3811764419078827,-0.1277763694524765,0.4874010980129242,0.1372586041688919,-0.08891209959983826,0.8147544860839844,0.2212087363004684,0.2899999916553497,0.2974668145179749,-0.3120653927326202,-0.09313687682151794,0.07957387715578079,-0.2528839409351349,-0.03341110795736313,-0.229288250207901,0.5315970182418823,0.008996301330626011,0.3114430010318756,-0.5779163241386414,-0.3668489754199982,0.3059763014316559,0.2273671329021454
-2.717642784118652,2.37369441986084,0.8210433721542358,0.02378806534903051,0.1813630807807771,0.9826890490756804,0.02939036752731469,0.5343191623687744,-0.6085466742515564,-0.7259160280227661,0.214466392993927,-0.6526109576225281,-0.01710234396159649,-0.1792248040437698,-0.3643675148487091,-0.1760709285736084,0.7253928184509277,0.1703626215457916,0.1055035293102264,0.7947040796279907,0.1673620939254761,0.2899999916553497,0.2554976046085358,-0.2977095544338226,-0.1320689171552658,0.07100588083267212,-0.358191043138504,-0.1001601815223694,-0.199325367808342,0.4912873208522797,-0.4135696887969971,0.5622740387916565,-0.5226698517799377,-0.2332198023796082,-0.06018617749214172,0.3964195847511292
-2.792238235473633,2.438438415527344,0.7920958995819092,0.02084707801514916,0.214177723614209,0.9738827162004098,0.07242759924074556,0.4205806851387024,-0.5253556370735168,-0.5937157869338989,0.07504885643720627,-0.6379171013832092,-0.0715385302901268,-0.1870181858539581,-0.3370629549026489,-0.2183668613433838,0.9994017481803894,0.164372980594635,0.2348518818616867,0.7570025324821472,0.1022636666893959,0.2899999916553497,0.2427101284265518,-0.3220320343971252,-0.09749993681907654,0.05605355650186539,-0.3398177027702332,-0.1200325712561607,-0.07055327296257019,0.4572611153125763,-0.5247779488563538,0.6426109671592712,-0.4546535015106201,-0.2268038243055344,-0.202485665678978,0.4283399879932404
-2.86475682258606,2.507073163986206,0.7893766760826111,0.09789358751402402,0.2567691485784449,0.9473180700145567,0.1645445960395853,0.03480767086148262,-0.2800558805465698,-0.4209551811218262,-0.2367597967386246,-0.612509548664093,0.1142693012952805,-0.0885186493396759,-0.1077871844172478,-0.3808808922767639,1.515392065048218,0.1577650010585785,0.2313866317272186,0.6265163421630859,-0.7799999713897705,0.05310576409101486,0.3023847937583923,-0.4089279174804688,-0.0136753935366869,0.1430998295545578,-0.2428867965936661,-0.005105459596961737,0.09865472465753555,0.4206243753433228,-0.1117676123976707,0.4955689311027527,-0.6123214364051819,-0.4596830010414124,0.02171172387897968,0.2207872122526169
-2.906826257705688,2.558325052261353,0.7712180018424988,0.1108454764716161,0.2483767868941076,0.9361249215433308,0.2229178847545264,-0.2417233735322952,-0.193861722946167,-0.2983796000480652,-0.3845787346363068,-0.5103945732116699,0.2618047595024109,-0.01127311959862709,-0.01859195344150066,-0.415617048740387,1.6708904504776,0.2006062120199203,0.2606860101222992,0.4130363762378693,-0.7799999713897705,-0.0006224699318408966,0.3234136998653412,-0.3982411921024323,0.1331557184457779,0.09262692183256149,-0.2581041753292084,0.09938717633485794,0.2733364701271057,0.4201541244983673,-0.003367443569004536,0.4213365316390991,-0.5718915462493896,-0.5090699195861816,0.0804293155670166,0.05530887842178345
-2.966601371765137,2.616737842559814,0.7685796618461609,0.1024881552904793,0.2419620217852715,0.9271863338825239,0.2669757672528039,-0.4146949648857117,-0.06724498420953751,-0.1614920347929001,-0.3512361943721771,-0.4495137929916382,0.3385321795940399,0.09941696375608444,0.01382891461253166,-0.4263104498386383,1.563791036605835,0.1817044317722321,0.2893175780773163,0.2444515377283096,-0.7799999713897705,-0.01338998600840569,0.3121489882469177,-0.3777739703655243,0.1792794615030289,0.1148440465331078,-0.2630365490913391,0.1574575901031494,0.443662017583847,0.3873566389083862,0.03437602147459984,0.343607485294342,-0.5139761567115784,-0.514251708984375,0.09726132452487946,-0.05719958990812302
