step,max_d_obs,max_d_action,d_root_z,d_root_x,z_isaac,z_mujoco
0,1.9372e-06,1.1325e-06,0.0001995,5.7098e-06,0.7972,0.7970
1,7.6484,0.25334,0.001065,0.00033163,0.7913,0.7902
2,7.6484,0.56451,0.0015513,0.00031487,0.7881,0.7865
3,8.8033,0.88472,0.00055957,0.00065299,0.7870,0.7864
4,8.8033,0.79466,0.00050485,0.00040175,0.7870,0.7875
5,8.8033,0.8589,0.0014546,0.0011746,0.7869,0.7884
6,8.8033,1.599,0.0020195,0.0011351,0.7867,0.7887
7,7.8053,1.5162,0.0018388,0.00045182,0.7867,0.7886
8,6.1539,1.0252,0.001182,0.0006818,0.7868,0.7880
9,5.2056,1.0317,0.0012551,0.0011856,0.7866,0.7879
10,5.815,0.95436,0.0022706,0.00047041,0.7860,0.7883
11,5.7366,0.87461,0.0031236,0.00078341,0.7853,0.7884
12,3.7457,0.7745,0.0036618,0.0020412,0.7845,0.7882
13,3.4744,0.7057,0.0040007,0.0034279,0.7837,0.7877
14,3.4744,0.69925,0.0043672,0.005224,0.7826,0.7870
15,3.3712,0.73123,0.0051453,0.0074965,0.7811,0.7862
16,4.1021,0.87244,0.0061947,0.0098544,0.7790,0.7852
17,4.4655,1.0438,0.0074587,0.011814,0.7763,0.7838
18,4.6954,1.232,0.0088623,0.013189,0.7730,0.7819
19,4.906,1.3927,0.010183,0.013959,0.7693,0.7794
20,5.1359,1.4417,0.010542,0.014398,0.7657,0.7763
21,5.1653,1.4639,0.0097427,0.014887,0.7625,0.7722
22,5.3953,1.4521,0.0079336,0.015902,0.7601,0.7680
23,5.4206,1.1717,0.0050163,0.017174,0.7596,0.7646
24,5.5823,1.4978,0.0013719,0.017743,0.7612,0.7625
25,5.6331,0.81396,0.002108,0.017675,0.7644,0.7623
26,4.9675,0.8505,0.0048693,0.017452,0.7688,0.7640
27,4.4313,0.84473,0.0072054,0.017835,0.7739,0.7667
28,4.4313,0.76215,0.0089654,0.018855,0.7787,0.7698
29,5.1285,0.66679,0.0098614,0.020422,0.7827,0.7729
30,5.1285,0.64599,0.010017,0.022617,0.7855,0.7755
31,5.6207,0.72296,0.0097638,0.025631,0.7871,0.7774
32,5.6207,0.7909,0.0094075,0.029456,0.7877,0.7783
33,5.8608,0.89115,0.0091472,0.033822,0.7873,0.7782
34,4.8076,0.89043,0.0090684,0.038458,0.7862,0.7771
35,4.0856,0.87167,0.0091309,0.043185,0.7843,0.7752
36,4.1692,0.83858,0.0092655,0.04783,0.7818,0.7725
37,4.7086,0.8948,0.0094026,0.052336,0.7786,0.7692
38,5.144,1.1034,0.0095857,0.056532,0.7747,0.7651
39,5.6834,1.2757,0.0099201,0.060142,0.7701,0.7601
40,5.9925,1.4123,0.010408,0.063061,0.7644,0.7540
41,6.4297,1.4483,0.010945,0.065398,0.7577,0.7468
42,6.7388,1.3753,0.012294,0.06832,0.7520,0.7397
43,6.9174,1.1592,0.01185,0.070796,0.7471,0.7353
44,6.6083,1.7342,0.010422,0.073694,0.7442,0.7338
45,5.798,2.1672,0.0088151,0.076844,0.7437,0.7349
46,5.4672,1.3218,0.0071533,0.080243,0.7452,0.7381
47,6.2416,0.76471,0.0061064,0.082928,0.7485,0.7424
48,6.2416,0.82357,0.0053229,0.084971,0.7533,0.7480
49,5.2544,0.99805,0.0048012,0.086735,0.7592,0.7544
50,5.707,1.071,0.0045614,0.08834,0.7656,0.7610
51,6.0694,1.151,0.0046476,0.090293,0.7718,0.7672
52,5.9904,1.2551,0.0050437,0.09265,0.7770,0.7720
53,6.2185,1.2152,0.0054748,0.095752,0.7806,0.7751
54,6.0329,1.282,0.0057931,0.10039,0.7824,0.7766
55,5.6809,1.6928,0.0063651,0.10642,0.7828,0.7764
56,6.2995,1.7058,0.0075107,0.11312,0.7821,0.7746
57,6.2995,1.4334,0.0090861,0.11996,0.7805,0.7714
58,7.4694,1.2331,0.010659,0.12665,0.7779,0.7672
59,6.2619,1.3787,0.011993,0.1328,0.7743,0.7623
60,6.2619,1.1335,0.013198,0.13811,0.7697,0.7565
61,6.7293,1.1518,0.01441,0.1425,0.7639,0.7495
62,7.6867,1.3743,0.015299,0.14623,0.7567,0.7414
63,8.0783,1.4327,0.015639,0.14971,0.7481,0.7324
64,8.6444,1.2847,0.015245,0.15348,0.7391,0.7238
65,9.036,1.3555,0.013381,0.15722,0.7324,0.7190
66,9.0514,2.1847,0.010469,0.16087,0.7281,0.7177
67,8.1362,2.3284,0.0064729,0.16516,0.7261,0.7196
68,6.8115,1.314,0.0024821,0.17038,0.7264,0.7239
69,6.7392,1.1927,0.00034171,0.17593,0.7290,0.7293
70,7.1606,1.7268,0.0026149,0.1813,0.7331,0.7357
71,7.2921,2.2521,0.0047692,0.18661,0.7379,0.7427
72,7.7135,2.6734,0.0070702,0.19222,0.7430,0.7501
73,7.8678,2.9019,0.0086244,0.1981,0.7481,0.7567
74,8.1765,2.8926,0.0083134,0.20407,0.7535,0.7618
75,7.3074,2.5892,0.0053869,0.20956,0.7597,0.7651
76,6.8621,2.1727,0.00012696,0.21456,0.7665,0.7667
77,5.7806,2.4339,0.0062887,0.22022,0.7732,0.7669
78,10.736,2.7214,0.0132,0.22649,0.7787,0.7655
79,11.887,2.6168,0.0194,0.23353,0.7821,0.7627
80,13.1,2.6317,0.024583,0.24121,0.7833,0.7587
81,13.656,2.3768,0.029568,0.24877,0.7828,0.7532
82,13.656,2.1684,0.034556,0.25617,0.7811,0.7466
83,13.505,2.2011,0.03941,0.26329,0.7782,0.7388
84,12.589,2.0389,0.044095,0.27025,0.7743,0.7302
85,9.7148,1.9862,0.04832,0.277,0.7691,0.7208
86,7.2227,2.2566,0.048919,0.28197,0.7624,0.7135
87,7.9811,2.1585,0.043586,0.28498,0.7540,0.7104
88,7.9811,1.8398,0.034302,0.28949,0.7455,0.7111
89,11.449,1.6474,0.025115,0.29558,0.7401,0.7150
90,8.1687,0.88846,0.016849,0.30117,0.7373,0.7204
91,8.1687,1.3704,0.0092388,0.30644,0.7360,0.7268
92,8.6644,1.3698,0.0021215,0.31128,0.7361,0.7339
93,9.2456,1.2841,0.0039361,0.31618,0.7373,0.7413
94,9.36,1.7614,0.0087053,0.32161,0.7393,0.7480
95,9.1733,2.21,0.011296,0.32785,0.7420,0.7533
96,8.7803,2.4473,0.011241,0.3346,0.7453,0.7566
97,8.5176,2.2978,0.0084264,0.34118,0.7498,0.7582
98,7.6447,1.7864,0.0031943,0.34764,0.7556,0.7588
99,5.8446,1.808,0.0040517,0.35484,0.7626,0.7585
100,10.147,1.9626,0.013181,0.36282,0.7699,0.7567
101,12.422,3.0584,0.023179,0.37106,0.7765,0.7533
102,14.288,3.4977,0.03346,0.37939,0.7818,0.7483
103,16.019,2.1097,0.042848,0.38774,0.7853,0.7425
104,16.799,2.2337,0.051313,0.39616,0.7874,0.7360
105,17.193,2.1849,0.059235,0.40444,0.7879,0.7287
106,16.877,2.433,0.066839,0.41265,0.7870,0.7202
107,12.974,3.2917,0.073278,0.42016,0.7843,0.7111
108,9.265,3.7684,0.073841,0.42468,0.7792,0.7054
109,7.899,2.8068,0.067063,0.42763,0.7713,0.7042
110,9.0689,1.5944,0.055474,0.4309,0.7614,0.7059
111,14.407,1.5189,0.045137,0.43785,0.7549,0.7098
112,10.794,1.1995,0.035582,0.44498,0.7504,0.7148
113,10.518,1.375,0.026492,0.45136,0.7474,0.7209
114,11.84,1.15,0.017866,0.45788,0.7456,0.7278
115,13.026,1.5074,0.010493,0.46543,0.7450,0.7345
116,13.026,1.9236,0.0050642,0.47444,0.7455,0.7404
117,10.967,2.1744,0.0022287,0.48458,0.7470,0.7448
118,10.967,2.0248,0.0022889,0.49478,0.7499,0.7476
119,9.0899,1.3495,0.0055369,0.5045,0.7545,0.7489
120,7.8131,1.8131,0.011356,0.51415,0.7608,0.7495
121,11.768,2.1033,0.019028,0.52445,0.7682,0.7492
122,13.489,3.108,0.027873,0.53493,0.7751,0.7473
123,15.226,3.202,0.036721,0.54481,0.7809,0.7442
124,16.526,1.9129,0.044252,0.55341,0.7850,0.7407
125,17.524,1.9954,0.050684,0.56177,0.7875,0.7368
126,18.142,2.0203,0.056857,0.57051,0.7886,0.7317
127,17.187,2.565,0.063127,0.5796,0.7884,0.7252
128,12.994,3.434,0.069128,0.58874,0.7864,0.7172
129,10.389,3.9395,0.072393,0.59609,0.7818,0.7094
130,9.3959,3.5067,0.068219,0.60022,0.7740,0.7058
131,9.4704,1.8166,0.05804,0.60447,0.7644,0.7063
132,10.06,1.6568,0.049509,0.61342,0.7582,0.7087
133,10.705,1.192,0.041475,0.62216,0.7541,0.7126
134,9.7531,1.3322,0.033719,0.62979,0.7512,0.7175
135,10.873,1.5273,0.025966,0.63749,0.7496,0.7236
136,12.149,2.0062,0.019242,0.64636,0.7493,0.7301
137,12.149,2.477,0.014227,0.65624,0.7500,0.7358
138,10.458,2.4865,0.011449,0.66651,0.7518,0.7403
139,10.138,2.2043,0.011755,0.67607,0.7547,0.7430
140,8.903,1.2056,0.014796,0.68459,0.7592,0.7444
141,9.3394,2.4407,0.020287,0.69342,0.7651,0.7448
142,14.298,3.377,0.027396,0.70428,0.7719,0.7445
143,15.75,4.3818,0.03568,0.71665,0.7787,0.7431
144,16.984,3.7423,0.043759,0.72816,0.7842,0.7405
145,18.233,1.883,0.050184,0.73786,0.7880,0.7378
146,19.466,1.9364,0.055313,0.74687,0.7903,0.7350
147,20.022,1.8336,0.060653,0.75578,0.7913,0.7306
148,18.119,2.9482,0.066243,0.76515,0.7908,0.7245
149,12.891,4.0626,0.07095,0.77464,0.7879,0.7170
150,11.112,4.6205,0.073603,0.78361,0.7819,0.7083
151,10.578,4.174,0.069143,0.7893,0.7722,0.7030
152,10.363,2.0238,0.060424,0.79565,0.7632,0.7027
153,12.85,1.4947,0.052312,0.8044,0.7574,0.7051
154,12.85,1.5767,0.045136,0.81369,0.7538,0.7086
155,13.866,1.7764,0.037564,0.82219,0.7512,0.7137
156,13.866,1.8251,0.029587,0.83112,0.7494,0.7198
157,13.509,2.198,0.022342,0.84134,0.7487,0.7264
158,13.509,2.5473,0.016712,0.8523,0.7490,0.7323
159,11.384,2.3747,0.013688,0.86322,0.7506,0.7370
160,11.384,1.7958,0.01408,0.87332,0.7539,0.7398
161,11.171,1.8657,0.01774,0.88299,0.7591,0.7414
162,12.084,2.8127,0.024105,0.89324,0.7658,0.7417
163,15.208,3.7358,0.031555,0.90497,0.7727,0.7411
164,16.549,4.1154,0.039598,0.91718,0.7789,0.7393
165,18.034,2.9682,0.046774,0.92746,0.7835,0.7367
166,18.894,1.6633,0.052155,0.93591,0.7866,0.7344
167,19.681,1.6649,0.056065,0.94405,0.7884,0.7324
168,19.289,2.2673,0.060128,0.95257,0.7890,0.7289
169,15.628,3.4703,0.064334,0.96181,0.7878,0.7234
170,11.572,4.4176,0.067442,0.97127,0.7838,0.7163
171,11.056,4.6083,0.068374,0.98031,0.7762,0.7079
172,10.931,4.1741,0.063288,0.98657,0.7661,0.7028
173,12.352,2.3347,0.056868,0.99486,0.7598,0.7030
174,13.136,1.5851,0.050011,1.0036,0.7557,0.7057
175,13.136,1.7085,0.043152,1.0125,0.7529,0.7097
176,14.489,1.9935,0.035583,1.0213,0.7508,0.7152
177,14.489,2.4485,0.028049,1.0311,0.7494,0.7214
178,12.101,2.7411,0.02149,1.0423,0.7492,0.7277
179,12.101,2.7531,0.016915,1.0537,0.7503,0.7334
180,11.981,2.3391,0.015799,1.0636,0.7530,0.7372
181,11.518,1.4176,0.018149,1.0723,0.7575,0.7394
182,11.135,2.7297,0.023382,1.0807,0.7637,0.7404
183,15.85,3.2313,0.030669,1.0905,0.7707,0.7401
184,17.268,4.5302,0.038732,1.1023,0.7776,0.7389
185,18.022,3.8489,0.046379,1.114,0.7830,0.7367
186,19.076,2.2593,0.0528,1.1234,0.7870,0.7342
187,19.83,2.2095,0.057764,1.1312,0.7899,0.7322
188,20.659,1.8119,0.061125,1.1392,0.7919,0.7308
189,17.707,3.0043,0.063843,1.1478,0.7923,0.7284
190,12.646,4.6133,0.065806,1.1566,0.7900,0.7242
191,11.493,5.4316,0.066676,1.1656,0.7843,0.7176
192,11.557,5.4291,0.065768,1.1748,0.7749,0.7091
193,11.884,3.948,0.061114,1.1824,0.7646,0.7035
194,12.713,1.5769,0.055627,1.191,0.7581,0.7025
195,12.3,1.786,0.049802,1.2001,0.7537,0.7039
196,12.3,1.9882,0.04342,1.2089,0.7503,0.7069
197,12.485,2.38,0.036672,1.218,0.7482,0.7115
198,12.485,2.7464,0.029891,1.2288,0.7472,0.7173
199,11.995,3.1411,0.023814,1.241,0.7471,0.7233
200,13.118,2.9382,0.01977,1.2526,0.7482,0.7284
201,13.306,2.203,0.019488,1.2619,0.7510,0.7315
202,11.834,1.99,0.023106,1.2704,0.7562,0.7330
203,15.19,3.0028,0.029683,1.2794,0.7632,0.7335
204,17.683,4.1165,0.037992,1.2901,0.7709,0.7329
205,19.399,4.5854,0.045736,1.3017,0.7776,0.7319
206,20.268,3.409,0.052393,1.312,0.7827,0.7303
207,21.38,2.7524,0.057708,1.3194,0.7864,0.7286
208,22.456,2.1013,0.061314,1.3252,0.7891,0.7278
209,21.085,2.252,0.062613,1.3313,0.7906,0.7280
210,16.228,3.9851,0.062301,1.3384,0.7899,0.7276
211,12.285,5.408,0.060849,1.3465,0.7858,0.7250
212,11.94,5.2842,0.058375,1.3553,0.7780,0.7196
213,12.738,4.814,0.055565,1.3653,0.7674,0.7118
214,12.738,3.0118,0.05495,1.3751,0.7606,0.7057
215,13.662,1.6972,0.050914,1.3823,0.7557,0.7048
216,13.662,1.9403,0.04539,1.3902,0.7518,0.7064
217,13.32,2.4277,0.039811,1.3996,0.7494,0.7096
218,13.32,2.5321,0.033602,1.4098,0.7482,0.7146
219,14.362,2.7945,0.02726,1.4209,0.7479,0.7207
220,14.362,2.8621,0.021732,1.4323,0.7487,0.7270
221,13.181,2.3189,0.018705,1.4416,0.7509,0.7322
222,12.181,1.7013,0.019349,1.4489,0.7549,0.7355
223,12.625,3.0249,0.06285,5.714,0.8000,0.7371
224,11.82,7.3067,0.059725,5.746,0.7971,0.7374
225,11.82,7.3097,0.054962,5.7785,0.7911,0.7362
226,11.402,6.8948,0.053979,5.8105,0.7876,0.7336
227,11.032,6.1198,0.055308,5.8405,0.7864,0.7311
228,11.171,5.126,0.056156,5.869,0.7864,0.7302
229,11.171,5.7943,0.05593,5.8968,0.7863,0.7304
230,12.407,7.5444,0.056281,5.9266,0.7865,0.7302
231,13.797,8.0664,0.058711,5.9591,0.7867,0.7280
232,13.797,7.8323,0.063551,5.9932,0.7868,0.7233
233,14.222,6.5929,0.071019,6.0283,0.7867,0.7156
234,14.222,5.6241,0.07866,6.0617,0.7860,0.7073
235,14.445,4.6511,0.080904,6.0912,0.7851,0.7041
236,14.445,4.5426,0.079916,6.1198,0.7841,0.7042
237,14.275,4.726,0.077185,6.1485,0.7832,0.7060
238,14.275,5.4363,0.072257,6.1763,0.7820,0.7097
239,13.571,6.2316,0.065579,6.2033,0.7803,0.7148
240,12.634,6.8314,0.057395,6.2297,0.7782,0.7208
241,12.634,7.351,0.04898,6.2546,0.7754,0.7265
242,12.583,7.7909,0.04147,6.2778,0.7721,0.7306
243,12.583,7.9724,0.035224,6.2999,0.7684,0.7331
244,12.615,7.8724,0.03068,6.3222,0.7649,0.7343
245,12.615,7.6865,0.02759,6.3457,0.7618,0.7342
246,12.374,7.1354,0.026547,6.3706,0.7598,0.7332
247,10.852,6.1223,0.028118,6.3961,0.7596,0.7315
248,9.894,4.9996,0.031143,6.4197,0.7615,0.7304
249,11.455,4.6935,0.034415,6.4418,0.7650,0.7306
250,13.63,5.933,0.038209,6.4646,0.7695,0.7313
251,12.999,6.5863,0.043905,6.4889,0.7746,0.7307
252,12.999,6.6708,0.051798,6.5151,0.7793,0.7275
253,12.917,6.0285,0.061742,6.5428,0.7831,0.7214
254,12.917,4.7524,0.072746,6.5721,0.7857,0.7130
255,13.149,3.5159,0.080079,6.5986,0.7871,0.7071
256,13.149,3.5429,0.08192,6.6236,0.7875,0.7056
257,13.432,4.4196,0.080557,6.6489,0.7870,0.7064
258,13.432,5.1026,0.076614,6.6735,0.7857,0.7091
259,13.473,5.8149,0.070113,6.6966,0.7837,0.7136
260,12.772,6.4752,0.06169,6.7186,0.7810,0.7193
261,12.372,6.985,0.05247,6.7392,0.7777,0.7252
262,12.011,7.3966,0.043523,6.7577,0.7737,0.7302
263,12.011,7.6963,0.035639,6.7743,0.7688,0.7332
264,11.664,7.843,0.028504,6.7901,0.7630,0.7345
265,11.664,7.9398,0.021442,6.8058,0.7563,0.7348
266,11.359,7.6984,0.016243,6.8232,0.7503,0.7341
267,10.559,7.2573,0.013212,6.8418,0.7458,0.7326
268,10.559,6.5969,0.012846,6.8597,0.7431,0.7303
269,10.552,5.214,0.014572,6.8767,0.7426,0.7281
270,12.765,5.4654,0.016436,6.8939,0.7441,0.7277
271,17.225,6.7531,0.019242,6.9116,0.7475,0.7282
272,16.429,7.3125,0.02457,6.9304,0.7523,0.7277
273,16.429,7.0829,0.033825,6.9509,0.7581,0.7243
274,15.412,6.1238,0.046421,6.9732,0.7646,0.7181
275,15.412,4.4246,0.061344,6.9965,0.7709,0.7096
276,14.739,3.203,0.072565,7.0168,0.7763,0.7037
277,14.739,3.598,0.077697,7.0362,0.7801,0.7024
278,15.882,4.6089,0.0787,7.0568,0.7821,0.7034
279,14.993,5.4126,0.076516,7.0782,0.7827,0.7062
280,14.993,6.1655,0.071234,7.0988,0.7822,0.7110
281,14.08,6.8084,0.063686,7.1187,0.7807,0.7170
282,14.08,7.3012,0.055162,7.1374,0.7783,0.7231
283,13.373,7.6898,0.046802,7.1539,0.7749,0.7281
284,13.373,7.9047,0.039441,7.1685,0.7705,0.7311
285,12.692,7.9893,0.032725,7.1824,0.7650,0.7323
286,12.692,7.9706,0.025659,7.1965,0.7581,0.7325
287,12.079,7.7349,0.018367,7.2113,0.7497,0.7313
288,11.017,7.1864,0.011463,7.2278,0.7410,0.7295
289,10.762,6.2365,0.007291,7.2449,0.7345,0.7272
290,10.762,5.0833,0.0046022,7.2601,0.7304,0.7258
291,13.599,6.4043,0.0027156,7.2749,0.7284,0.7256
292,17.201,7.6388,0.00264,7.2914,0.7285,0.7259
293,17.763,8.0886,0.0063995,7.3103,0.7310,0.7246
294,17.763,7.7395,0.014556,7.331,0.7352,0.7206
295,18.084,6.6293,0.02643,7.3534,0.7403,0.7139
296,18.084,4.8179,0.040338,7.3763,0.7456,0.7053
297,18.429,2.7798,0.049893,7.3957,0.7508,0.7009
298,18.429,3.241,0.055586,7.4144,0.7561,0.7005
299,19.063,4.08,0.059671,7.4337,0.7619,0.7022
300,19.063,4.9535,0.062118,7.4526,0.7679,0.7058
301,19.393,5.8877,0.06233,7.4706,0.7734,0.7111
302,17.762,6.7364,0.060081,7.4878,0.7778,0.7177
303,16.939,7.2658,0.056222,7.5035,0.7805,0.7242
304,16.693,7.6163,0.051663,7.5176,0.7811,0.7294
305,16.693,7.855,0.047369,7.5307,0.7802,0.7329
306,16.065,7.9481,0.043639,7.5437,0.7783,0.7346
307,16.065,7.8697,0.03972,7.5571,0.7752,0.7354
308,14.769,7.5241,0.035982,7.5712,0.7710,0.7350
309,13.149,6.9528,0.032126,7.5855,0.7658,0.7337
310,12.188,6.1481,0.027684,7.5982,0.7592,0.7315
311,10.489,5.0714,0.021071,7.609,0.7510,0.7299
312,11.23,4.8314,0.013631,7.6213,0.7435,0.7298
313,13.4,6.8256,0.0089749,7.636,0.7388,0.7298
314,16.529,8.3054,0.0083652,7.6524,0.7365,0.7281
315,18.757,8.6007,0.012009,7.6701,0.7357,0.7237
316,20.265,7.4568,0.019456,7.689,0.7360,0.7165
317,20.265,5.6109,0.029478,7.7084,0.7375,0.7080
318,20.737,3.6109,0.035656,7.7251,0.7394,0.7038
319,20.737,4.6165,0.038539,7.7421,0.7419,0.7034
320,21.11,5.2078,0.040062,7.7603,0.7452,0.7051
321,21.11,5.2881,0.04089,7.7784,0.7494,0.7085
322,22.07,5.2558,0.041458,7.7951,0.7550,0.7135
323,21.343,6.2241,0.042213,7.8104,0.7618,0.7196
324,18.531,7.1355,0.043693,7.8243,0.7692,0.7255
325,16.405,7.5473,0.045762,7.8367,0.7759,0.7301
326,16.405,7.7134,0.048334,7.8486,0.7812,0.7329
327,16.909,7.9033,0.050743,7.8603,0.7849,0.7342
328,16.909,7.9447,0.052713,7.8726,0.7870,0.7343
329,17.418,7.592,0.054369,7.8856,0.7876,0.7333
330,15.344,6.9089,0.055629,7.8989,0.7869,0.7313
331,13.627,6.0035,0.05536,7.9106,0.7844,0.7290
332,12.225,5.6196,0.051959,7.9196,0.7794,0.7274
333,12.498,5.6886,0.044408,7.9278,0.7715,0.7271
334,13.821,6.7258,0.034726,7.9377,0.7614,0.7267
335,14.65,7.4683,0.030181,7.9536,0.7547,0.7245
336,18.545,8.2393,0.030093,7.9712,0.7498,0.7197
337,20.289,7.3223,0.034344,7.9895,0.7468,0.7124
338,20.289,5.4763,0.040774,8.007,0.7451,0.7043
339,21.86,3.8406,0.04373,8.0229,0.7445,0.7008
340,21.86,4.7883,0.043841,8.0402,0.7448,0.7010
341,21.706,5.2891,0.043106,8.0591,0.7461,0.7030
342,21.706,5.3583,0.041604,8.0774,0.7487,0.7071
343,21.81,5.2666,0.040337,8.094,0.7530,0.7126
344,20.906,6.2386,0.04,8.109,0.7591,0.7191
345,17.756,7.1488,0.041081,8.1219,0.7664,0.7254
346,15.828,7.584,0.043187,8.1332,0.7734,0.7302
347,17.677,7.7534,0.04608,8.1435,0.7792,0.7331
348,17.149,7.8777,0.048975,8.1533,0.7832,0.7342
349,17.128,7.9153,0.051029,8.1633,0.7856,0.7346
350,17.063,7.6215,0.053088,8.174,0.7867,0.7336
351,15.97,6.9885,0.054414,8.185,0.7865,0.7321
352,15.421,6.1415,0.054531,8.1948,0.7847,0.7302
353,13.591,5.7508,0.051516,8.2023,0.7804,0.7289
354,12.095,5.7292,0.044278,8.2087,0.7730,0.7288
355,14.047,6.5403,0.034659,8.2173,0.7637,0.7291
356,15.326,7.671,0.029798,8.2321,0.7579,0.7281
357,21.401,8.51,0.029314,8.2487,0.7541,0.7248
358,22.327,6.8443,0.032858,8.2661,0.7516,0.7188
359,22.327,5.3627,0.040076,8.2846,0.7501,0.7100
360,23.015,4.5912,0.044794,8.2999,0.7498,0.7050
361,23.015,5.4111,0.046475,8.315,0.7505,0.7040
362,22.589,5.8798,0.04714,8.3313,0.7524,0.7053
363,22.589,5.7013,0.047307,8.3478,0.7556,0.7083
364,22.6,5.6218,0.047103,8.3626,0.7602,0.7131
365,21.543,6.5481,0.047034,8.3763,0.7662,0.7192
366,17.69,7.2119,0.047656,8.3893,0.7728,0.7251
367,17.488,7.5174,0.049376,8.4013,0.7793,0.7300
368,18.481,7.7184,0.051803,8.4116,0.7846,0.7328
369,17.649,7.8309,0.054313,8.4209,0.7882,0.7339
370,17.124,7.7983,0.056356,8.4302,0.7904,0.7340
371,18.691,7.4554,0.058606,8.4398,0.7913,0.7327
372,15.868,6.8668,0.060096,8.4494,0.7908,0.7307
373,15.019,6.0705,0.059757,8.4578,0.7879,0.7282
374,12.78,5.5641,0.05526,8.4639,0.7820,0.7267
375,12.397,5.4342,0.045814,8.4693,0.7724,0.7266
376,14.701,6.5754,0.032293,8.4762,0.7590,0.7267
377,16.264,6.9961,0.020921,8.4873,0.7461,0.7252
378,18.197,7.8865,0.018348,8.5032,0.7397,0.7213
379,19.388,6.4337,0.021537,8.522,0.7362,0.7147
380,21.95,4.7069,0.027742,8.542,0.7338,0.7061
381,22.89,5.4596,0.030765,8.5589,0.7325,0.7017
382,24.399,6.5024,0.030661,8.5755,0.7319,0.7012
383,25.339,6.747,0.029042,8.5923,0.7320,0.7030
384,25.339,6.1687,0.026875,8.6072,0.7335,0.7066
385,26.176,5.7201,0.025032,8.6197,0.7371,0.7121
386,24.111,6.7405,0.024002,8.6312,0.7429,0.7189
387,19.729,7.0514,0.025106,8.6429,0.7505,0.7254
388,18.94,7.6957,0.027483,8.6527,0.7581,0.7306
389,17.534,7.5264,0.030027,8.6593,0.7639,0.7339
390,19.009,7.572,0.032666,8.6642,0.7681,0.7354
391,19.9,7.4533,0.034515,8.6691,0.7705,0.7360
392,20.076,6.9889,0.036287,8.6749,0.7716,0.7353
393,15.604,6.3784,0.036905,8.6809,0.7706,0.7337
394,13.513,5.5794,0.034805,8.6858,0.7663,0.7315
395,10.66,4.5846,0.028539,8.6887,0.7580,0.7295
396,13.111,5.7618,0.02413,8.6968,0.7529,0.7288
397,16.697,8.1217,0.0212,8.7066,0.7496,0.7284
398,19.874,8.8454,0.021862,8.7189,0.7486,0.7267
399,20.51,8.1131,0.026166,8.7332,0.7488,0.7227
